product_id,seller_id,category,brand,price,seller_rating,seller_reviews,product_images,description_length,shipping_time_days,spelling_errors,domain_age_days,contact_info_complete,return_policy_clear,payment_methods_count,listing_date,seller_country,shipping_origin,views,purchases,wishlist_adds,certification_badges,warranty_months,bulk_orders,unusual_payment_patterns,ip_location_mismatch,is_counterfeit
pid_04853,seller_7303,Fashion,HealthCare Plus,277.2,3.5,890,4,128.0,21.0,0,1440,False,True,2,2024-01-28,CA,IN,1495,68,105,1.0,4.0,False,False,False,False
pid_01929,seller_2679,Electronics,PureSkin,89.18,,1859,3,224.0,31.0,4,206,False,False,3,2024-01-11,GB,GB,3007,359,104,1.0,14.0,False,False,True,True
pid_04636,seller_4857,Fashion,AutoPart5 Pro,168.4,2.7,1096,2,98.0,10.0,0,1069,True,True,3,2025-02-07,JP,CA,4872,283,141,1.0,1.0,True,False,False,True
pid_00033,seller_8367,Automotive,ClassicWear,130.98,3.1,1296,3,255.0,22.0,0,514,True,True,2,2025-05-05,JP,IN,2212,208,60,0.0,0.0,False,True,False,False
pid_01004,seller_6794,Pharmaceuticals,ExclusiveItems,5.0,2.6,0,2,20.0,32.0,5,5,False,False,1,2025-04-02,KR,US,1376,129,20,0.0,1.0,False,True,False,True
pid_02119,seller_6740,Automotive,PremiumCraft,216.41,4.0,0,2,443.0,10.0,0,5,False,True,5,2025-06-07,GB,FR,3415,351,89,1.0,17.0,False,False,False,False
pid_00503,seller_3456,Pharmaceuticals,ClassicWear,78.06,2.6,0,3,147.0,23.0,4,1973,True,True,1,2024-05-14,DE,IN,1630,181,42,1.0,0.0,False,False,False,True
pid_02555,seller_5363,Automotive,We1lnessLab,106.12,3.3,0,3,20.0,39.0,0,5,False,False,1,2025-09-01,DE,IN,1764,183,83,0.0,0.0,False,False,False,True
pid_01524,seller_2817,Luxury Goods,BeautyLux,99.48,3.6,1569,4,548.0,1.0,1,3342,True,True,3,2024-03-03,GB,KR,2421,74,138,2.0,16.0,True,False,False,False
pid_00610,seller_3354,Electronics,FashionForward,6.22,4.1,0,3,432.0,19.0,2,1688,False,False,2,2024-05-09,KR,GB,4245,325,195,0.0,13.0,True,True,False,False
pid_00453,seller_2634,Automotive,ExclusiveItems,121.67,4.0,1236,1,87.0,5.0,1,5,True,True,4,2024-03-07,FR,JP,4822,431,188,0.0,18.0,True,True,True,True
pid_04948,seller_5074,Pharmaceuticals,C@rTech,97.89,3.6,3386,6,187.0,21.0,0,1585,True,True,1,2025-02-02,US,AU,1324,103,20,2.0,2.0,False,False,True,True
pid_02883,seller_7649,Electronics,CircuitM@ster,23.93,4.3,703,2,201.0,14.0,1,574,False,True,4,2025-12-21,CN,US,4108,200,229,0.0,3.0,True,False,False,True
pid_02366,seller_5701,Electronics,BioMed So1utions,248.68,3.0,0,5,470.0,9.0,0,1640,True,True,4,2024-09-01,KR,CN,750,104,48,2.0,11.0,False,False,False,True
pid_01277,seller_5924,Automotive,WellnessLab,106.63,3.6,2640,1,597.0,17.0,0,1529,False,True,1,2024-03-14,KR,JP,634,28,44,1.0,18.0,False,True,False,False
pid_04193,seller_2977,Pharmaceuticals,GlamourCo,136.6,4.6,3093,6,315.0,10.0,0,3491,True,True,3,2024-10-04,FR,KR,1227,111,53,2.0,17.0,True,False,False,True
pid_01854,seller_5421,Automotive,E1ectroMax,101.55,,5423,1,,36.0,0,5,True,False,4,2024-11-22,US,FR,3771,226,20,0.0,4.0,False,False,True,True
pid_01563,seller_4597,Fashion,FashionForward,222.77,3.7,0,4,348.0,20.0,1,683,True,True,1,2025-09-05,AU,CN,3995,234,188,2.0,18.0,True,False,False,False
pid_04445,seller_8853,Automotive,DigitalPro,46.28,3.7,0,2,218.0,27.0,1,1462,True,False,2,2024-04-21,DE,DE,903,105,28,3.0,0.0,False,True,False,True
pid_01291,seller_8314,Electronics,PureSk1n,5.0,3.0,1079,1,43.0,30.0,1,2887,True,True,1,2024-05-16,JP,FR,2440,175,104,0.0,3.0,False,True,False,True
pid_03033,seller_7303,Electronics,MediPharm,372.22,4.2,5013,4,387.0,12.0,0,2974,False,True,1,2024-05-13,DE,KR,4356,506,45,2.0,23.0,False,True,False,False
pid_03318,seller_1676,Pharmaceuticals,Bi0Med Solutions,287.0,3.2,807,5,386.0,4.0,1,497,False,True,4,2025-11-29,DE,CA,2641,223,103,2.0,10.0,True,False,False,True
pid_00792,seller_4235,Luxury Goods,LuxuryBrand,152.92,4.0,0,1,203.0,22.0,0,1560,True,True,3,2025-10-13,JP,IN,1470,49,95,1.0,11.0,True,False,False,False
pid_04506,seller_7977,Pharmaceuticals,EliteDesign,151.15,3.6,2827,5,692.0,3.0,0,2016,True,True,1,2025-10-06,KR,US,4946,187,364,0.0,6.0,False,True,True,False
pid_00447,seller_5553,Pharmaceuticals,Digita1Pro,220.73,5.0,0,1,683.0,7.0,0,1903,True,False,3,2024-07-05,KR,AU,3763,174,26,0.0,15.0,True,False,False,True
pid_01438,seller_1746,Electronics,MotorMax,263.82,3.9,3035,7,610.0,15.0,1,5,True,True,4,2025-07-22,CA,GB,2719,298,193,2.0,16.0,False,False,False,False
pid_04141,seller_2566,Electronics,CarTech,124.98,5.0,4236,4,654.0,14.0,0,945,False,True,2,2025-04-15,CA,CA,4005,453,38,3.0,28.0,False,False,False,False
pid_04471,seller_7619,Automotive,PureSkin,114.05,3.9,0,6,360.0,8.0,2,825,True,False,1,2025-11-03,AU,JP,126,14,2,,0.0,True,False,False,True
pid_04002,seller_9375,Pharmaceuticals,NaturalGlow,213.74,3.9,646,6,98.0,31.0,0,1097,False,True,1,2025-07-26,JP,FR,4251,308,72,1.0,14.0,False,False,False,False
pid_01034,seller_3940,Electronics,LuxuryBr@nd,5.0,3.1,2131,3,237.0,12.0,2,5,False,True,1,2024-10-07,DE,IN,1877,208,43,3.0,12.0,False,False,True,True
pid_02692,seller_9956,Electronics,NaturalGlow,35.36,,43,2,105.0,13.0,2,1164,True,False,1,2024-04-10,CA,JP,3493,300,175,2.0,0.0,True,True,False,True
pid_02938,seller_6788,Automotive,Med1Pharm,248.88,4.5,1645,1,710.0,27.0,2,611,True,True,4,2024-02-21,US,AU,1719,114,46,3.0,21.0,False,False,False,False
pid_00555,seller_9595,Fashion,ElectroMax,10.58,3.4,1992,4,497.0,28.0,3,778,True,False,2,2024-11-28,GB,KR,3595,115,64,3.0,5.0,False,False,True,False
pid_04263,seller_5435,Fashion,CircuitMaster,73.24,3.8,1628,3,562.0,8.0,1,1846,False,True,1,2025-02-01,CN,IN,2603,46,168,1.0,16.0,True,False,False,False
pid_01702,seller_7356,Fashion,PureSkin,198.71,4.9,3256,4,448.0,15.0,0,973,True,True,1,2025-05-18,KR,GB,3208,423,127,1.0,12.0,False,False,False,True
pid_03339,seller_6570,Cosmetics,E1ectroMax,85.16,4.1,0,8,510.0,8.0,1,3674,True,True,3,2025-06-08,CN,DE,2276,279,70,3.0,4.0,False,False,False,True
pid_03578,seller_1961,Pharmaceuticals,VehicleC@re,5.0,4.0,0,5,591.0,16.0,0,1095,False,True,1,2025-01-23,IN,JP,834,68,21,1.0,14.0,False,False,False,True
pid_04187,seller_9991,Cosmetics,MediPh@rm,208.4,,0,3,706.0,13.0,3,2165,False,True,1,2024-03-19,AU,IN,359,13,3,3.0,9.0,True,True,True,True
pid_02256,seller_1435,Luxury Goods,PremiumCraft,140.99,3.9,1302,6,89.0,21.0,0,2320,False,False,2,2025-04-06,FR,GB,358,52,24,1.0,12.0,False,False,False,False
pid_03616,seller_2606,Luxury Goods,CarT3ch,122.27,3.2,393,4,352.0,9.0,0,659,True,True,3,2025-09-27,KR,KR,3452,467,34,0.0,0.0,False,False,False,True
pid_03162,seller_2514,Fashion,StyleHouse,179.81,4.3,0,5,346.0,27.0,3,2068,False,True,1,2024-09-23,GB,DE,871,71,29,0.0,19.0,True,True,False,True
pid_03552,seller_2674,Cosmetics,BeautyLux,107.75,4.3,0,5,378.0,29.0,0,2356,True,True,5,2024-04-20,AU,JP,3201,66,137,1.0,1.0,False,True,False,False
pid_02150,seller_1797,Fashion,MediPharm,183.36,3.8,2872,6,757.0,8.0,1,301,True,True,5,2024-05-26,DE,IN,4515,602,262,2.0,3.0,False,False,False,True
pid_02343,seller_3754,Fashion,HealthCare Plus,150.33,3.6,1854,5,239.0,28.0,2,1688,False,False,4,2024-08-01,AU,DE,3291,428,56,3.0,0.0,True,False,True,False
pid_04976,seller_5601,Electronics,Be@utyLux,174.86,3.6,1850,3,350.0,18.0,0,1897,True,False,4,2024-05-31,US,JP,4013,334,216,3.0,23.0,False,False,False,True
pid_03087,seller_1088,Electronics,CircuitMaster,40.85,2.7,0,4,203.0,32.0,1,502,True,False,1,2024-01-19,US,GB,423,38,32,0.0,13.0,False,False,False,True
pid_04769,seller_9252,Fashion,ExclusiveItems,24.91,4.5,2621,5,445.0,19.0,1,3790,True,False,2,2024-04-05,GB,JP,1657,90,100,4.0,16.0,False,False,True,False
pid_01373,seller_5593,Luxury Goods,TechCorp,38.42,3.6,0,3,313.0,19.0,2,813,True,True,1,2024-06-29,FR,US,1553,156,122,1.0,23.0,True,False,False,False
pid_03603,seller_1629,Fashion,MediPharm,88.97,3.1,0,1,20.0,27.0,2,474,True,False,1,2025-04-17,FR,US,360,9,13,0.0,8.0,False,True,False,False
pid_01235,seller_1734,Fashion,DigitalPro,226.06,3.4,1771,4,436.0,18.0,1,877,False,True,3,2024-01-07,AU,GB,1611,24,41,4.0,27.0,False,True,False,True
pid_01823,seller_2508,Pharmaceuticals,PremiumCraft,166.07,4.7,5531,6,768.0,1.0,0,1115,False,False,4,2025-09-06,CA,JP,4104,591,174,3.0,4.0,False,True,True,False
pid_03434,seller_5125,Cosmetics,Bi0Med Solutions,363.21,5.0,6760,5,809.0,1.0,0,2752,True,True,6,2025-03-24,IN,GB,3226,295,251,4.0,10.0,True,False,False,True
pid_01216,seller_9590,Electronics,AutoParts Pro,48.98,3.7,3388,1,503.0,8.0,0,4000,False,True,1,2024-12-20,GB,CN,3955,324,72,3.0,4.0,False,False,False,False
pid_00694,seller_9671,Electronics,CarT3ch,5.0,3.4,82,4,336.0,20.0,1,2371,False,True,1,2025-04-09,DE,AU,4935,311,242,0.0,0.0,False,False,False,True
pid_02778,seller_2598,Luxury Goods,ExclusiveItems,248.51,4.5,2184,6,594.0,4.0,0,2360,True,False,3,2024-08-20,CN,CA,201,21,5,3.0,29.0,True,False,False,False
pid_01642,seller_5144,Luxury Goods,Med1Pharm,199.7,3.2,1618,1,271.0,44.0,1,782,True,True,3,2024-07-25,CN,JP,2112,112,75,0.0,14.0,False,False,True,True
pid_00987,seller_9756,Luxury Goods,TechCorp,190.75,3.7,2320,6,901.0,9.0,2,2829,False,False,5,2025-09-08,DE,GB,2125,151,168,4.0,10.0,True,False,False,True
pid_01064,seller_7649,Luxury Goods,HealthCare Plus,5.0,3.5,530,1,360.0,39.0,1,2026,True,False,1,2025-09-09,AU,GB,4739,334,313,3.0,20.0,False,False,False,False
pid_00645,seller_1513,Automotive,Welln3ssLab,141.9,3.4,463,1,264.0,22.0,0,1478,True,True,1,2025-03-11,JP,US,1967,37,120,2.0,10.0,False,False,False,False
pid_01406,seller_8236,Pharmaceuticals,Med1Pharm,250.65,3.6,1958,1,442.0,19.0,0,710,True,True,3,2025-05-25,DE,DE,3311,199,249,3.0,19.0,False,False,False,True
pid_03043,seller_8572,Fashion,CarTech,363.49,3.9,3231,3,531.0,1.0,1,1361,True,True,2,2025-08-11,AU,DE,2917,288,35,2.0,,False,False,False,False
pid_02030,seller_7031,Electronics,Pur3Skin,126.45,3.3,0,2,59.0,26.0,2,1008,True,False,1,2024-12-21,IN,CN,748,15,28,3.0,3.0,True,False,False,True
pid_03335,seller_8321,Pharmaceuticals,CarTech,151.38,4.0,2007,1,471.0,11.0,1,1177,True,False,2,2025-01-13,FR,DE,242,27,11,2.0,2.0,False,False,False,False
pid_00457,seller_6918,Luxury Goods,StyleHouse,209.29,4.5,3278,1,353.0,17.0,0,1796,False,False,3,2025-01-13,GB,IN,3327,460,95,5.0,10.0,False,False,False,False
pid_00280,seller_8333,Automotive,LuxuryBrand,143.99,3.8,2205,3,20.0,29.0,1,5,True,False,1,2025-11-18,IN,IN,640,28,4,1.0,13.0,True,True,False,True
pid_03577,seller_3366,Luxury Goods,BioMed Solutions,31.58,4.5,1492,3,977.0,28.0,1,5,True,True,3,2024-10-27,DE,IN,3327,104,138,1.0,10.0,True,False,False,False
pid_03279,seller_3471,Pharmaceuticals,BeautyLux,156.67,3.3,1639,2,309.0,9.0,1,1455,True,True,4,2025-05-22,CA,JP,3176,59,56,1.0,14.0,False,False,False,False
pid_02196,seller_2305,Luxury Goods,PremiumCraft,142.42,3.6,491,3,472.0,11.0,0,1340,False,True,1,2024-09-06,GB,GB,4354,85,337,1.0,17.0,False,False,False,True
pid_02275,seller_4893,Cosmetics,WellnessLab,80.23,4.1,1908,4,769.0,9.0,2,999,True,True,4,2024-04-26,DE,JP,4525,112,144,0.0,17.0,False,False,False,True
pid_01683,seller_2641,Pharmaceuticals,EliteDesign,140.01,4.6,2525,6,545.0,8.0,0,2289,True,True,4,2024-06-10,JP,CN,319,24,18,0.0,13.0,False,False,False,True
pid_00783,seller_4342,Fashion,BioMed Solutions,154.8,4.9,935,3,616.0,1.0,0,2084,False,True,4,2025-08-22,GB,US,2984,113,96,4.0,13.0,True,False,False,False
pid_00687,seller_1723,Fashion,VehicleCare,119.72,2.8,1629,2,100.0,14.0,2,545,True,False,4,2024-06-17,CN,US,274,11,4,1.0,18.0,False,True,False,True
pid_03919,seller_5385,Pharmaceuticals,VehicleCare,187.24,4.9,6591,7,716.0,3.0,0,2991,True,False,6,2025-06-26,AU,JP,3831,358,185,3.0,23.0,False,False,False,False
pid_02779,seller_6079,Electronics,AutoParts Pro,146.22,4.1,1807,2,521.0,4.0,0,411,False,True,2,2024-06-08,JP,KR,3163,52,30,2.0,4.0,True,False,False,True
pid_04124,seller_3317,Pharmaceuticals,Vehicl3Care,5.0,3.1,598,3,20.0,27.0,3,5,True,False,1,2024-02-20,AU,CN,1169,155,44,0.0,2.0,True,False,False,True
pid_01796,seller_2795,Cosmetics,MediPharm,158.41,4.0,2311,2,151.0,29.0,0,1758,False,False,3,2025-03-15,CN,JP,4648,105,302,0.0,5.0,True,True,False,False
pid_02458,seller_3668,Luxury Goods,CarTech,185.9,3.9,800,4,662.0,1.0,0,3134,True,True,2,2024-11-18,GB,CN,4739,693,332,1.0,13.0,False,False,False,False
pid_02985,seller_2812,Automotive,CircuitMaster,246.83,4.0,2855,5,374.0,1.0,0,865,False,True,5,2025-09-05,AU,CN,390,18,4,4.0,23.0,True,False,False,True
pid_01546,seller_3545,Pharmaceuticals,NaturalG1ow,220.39,4.5,2178,3,528.0,11.0,0,2602,True,True,2,2025-09-04,US,CA,2761,160,45,3.0,24.0,True,False,False,True
pid_03672,seller_9899,Pharmaceuticals,GlamourCo,98.99,4.1,2540,1,459.0,14.0,1,688,True,False,3,2025-02-14,FR,CA,2409,360,87,0.0,18.0,True,False,False,False
pid_03118,seller_1502,Fashion,ExclusiveItems,84.56,3.3,801,3,464.0,36.0,1,949,True,True,1,2024-03-18,JP,GB,1643,112,87,2.0,5.0,True,True,True,True
pid_00988,seller_4833,Fashion,WellnessLab,161.34,4.4,1139,1,109.0,16.0,1,1364,True,False,3,2024-12-25,US,KR,1925,69,36,2.0,8.0,False,False,False,False
pid_01637,seller_9046,Electronics,ClassicWear,213.97,4.5,741,3,745.0,12.0,0,5,True,False,2,2024-07-18,CN,IN,4230,319,336,1.0,13.0,True,False,False,False
pid_03379,seller_8572,Cosmetics,ClassicWear,285.24,4.3,1138,3,468.0,4.0,0,1190,True,False,2,2024-04-07,KR,KR,3577,138,148,3.0,11.0,False,False,False,False
pid_03630,seller_4028,Pharmaceuticals,AutoP@rts Pro,284.74,2.7,130,1,539.0,7.0,1,1836,True,True,3,2024-09-12,CA,DE,4465,212,291,0.0,5.0,False,False,False,True
pid_03414,seller_2787,Pharmaceuticals,CircuitMa5ter,5.0,3.0,0,1,180.0,36.0,0,769,False,False,1,2024-04-24,IN,CN,62,4,4,0.0,8.0,False,True,True,True
pid_01847,seller_8136,Electronics,TrendSetter,230.04,4.4,1888,1,500.0,1.0,0,347,True,False,3,2025-02-12,IN,DE,704,16,22,1.0,17.0,False,False,True,False
pid_00248,seller_7295,Automotive,VehicleCare,51.41,4.5,234,1,20.0,13.0,3,301,False,False,3,2024-09-01,JP,DE,2890,252,38,1.0,15.0,True,False,False,True
pid_01766,seller_2619,Pharmaceuticals,BioMed Solutions,209.06,4.2,2168,2,,21.0,0,2497,True,True,5,2024-02-22,CA,CA,2279,90,172,3.0,18.0,False,False,False,False
pid_04677,seller_8108,Automotive,TrendSetter,226.25,3.6,0,3,392.0,23.0,0,1835,True,False,2,2024-07-31,DE,AU,4847,357,91,1.0,7.0,True,False,False,False
pid_02282,seller_3343,Luxury Goods,AutoParts Pro,286.41,4.2,4591,3,417.0,22.0,0,2811,True,True,4,2024-02-09,IN,IN,491,65,35,5.0,16.0,False,False,True,True
pid_02164,seller_2125,Luxury Goods,D1gitalPro,233.99,3.7,0,1,461.0,15.0,2,1468,False,True,3,2024-05-06,US,JP,3906,562,245,0.0,,False,False,True,True
pid_02627,seller_2334,Cosmetics,Natura1Glow,195.04,3.6,0,1,334.0,21.0,3,1514,True,True,2,2024-01-17,CN,IN,3391,51,63,2.0,12.0,False,False,False,True
pid_02868,seller_4314,Fashion,TechCorp,212.17,4.2,2980,6,1088.0,16.0,0,2962,True,False,3,2025-12-23,JP,CN,2120,115,68,3.0,,True,False,False,False
pid_04521,seller_1435,Cosmetics,VehicleCare,36.09,3.8,548,5,207.0,33.0,2,2122,True,True,3,2025-08-19,CA,IN,1666,127,81,3.0,5.0,False,False,True,True
pid_03417,seller_2652,Cosmetics,PremiumCr@ft,218.98,3.9,0,3,550.0,35.0,1,5,False,False,1,2025-03-13,KR,DE,1422,204,44,0.0,2.0,False,True,False,True
pid_00516,seller_4917,Fashion,CircuitMaster,147.22,4.7,3039,5,855.0,7.0,1,2140,True,False,1,2025-01-04,CN,JP,469,20,21,0.0,10.0,False,False,False,False
pid_01825,seller_2394,Luxury Goods,NaturalGlow,79.25,,3565,1,381.0,30.0,1,3299,True,False,3,2024-04-21,KR,CN,645,13,42,1.0,31.0,False,False,True,True
pid_02963,seller_1723,Automotive,WellnessLab,135.05,4.1,0,2,546.0,18.0,1,107,True,True,1,2025-09-09,FR,GB,4221,487,160,1.0,2.0,False,False,False,True
pid_01351,seller_6633,Cosmetics,TrendSetter,207.17,4.1,2864,4,631.0,1.0,0,4000,False,False,4,2025-01-02,FR,FR,1243,170,60,2.0,9.0,False,False,False,False
pid_03211,seller_4917,Cosmetics,ClassicWear,269.37,3.5,0,4,237.0,11.0,0,5,True,True,3,2025-10-03,JP,FR,1889,127,103,3.0,21.0,False,False,False,True
pid_01513,seller_3549,Electronics,ClassicWear,259.18,5.0,2000,7,634.0,1.0,0,1971,True,True,2,2025-08-19,AU,FR,1047,82,15,1.0,25.0,True,False,False,False
pid_04466,seller_2508,Electronics,MediPharm,194.76,3.9,0,5,724.0,22.0,0,2308,True,True,1,2024-01-14,GB,CA,4557,669,309,1.0,,False,False,False,False
pid_01156,seller_9255,Electronics,Vehicl3Care,332.04,4.2,337,3,545.0,35.0,0,5,False,False,3,2025-05-03,KR,CN,2656,327,63,2.0,8.0,False,False,False,True
pid_01773,seller_3128,Automotive,ElectroMax,166.57,4.0,0,3,522.0,6.0,2,74,True,False,2,2024-01-16,DE,KR,3144,117,20,4.0,0.0,True,False,False,False
pid_04312,seller_7561,Electronics,MediPharm,82.81,3.6,0,5,244.0,36.0,3,323,False,False,1,2025-10-05,GB,FR,2860,205,63,0.0,0.0,False,True,False,False
pid_03749,seller_1851,Automotive,FashionForward,189.54,4.4,5862,9,415.0,28.0,0,1837,True,True,2,2024-05-21,IN,CN,3929,514,174,2.0,31.0,True,False,False,False
pid_04271,seller_3535,Automotive,LuxuryBrand,250.69,4.2,2589,3,278.0,24.0,1,1432,False,True,4,2024-11-20,CN,JP,3030,365,147,1.0,7.0,False,False,False,False
pid_04136,seller_4053,Pharmaceuticals,CarTech,155.99,4.6,2347,2,538.0,1.0,0,1487,True,True,2,2025-11-23,AU,CA,3728,106,95,5.0,22.0,False,False,False,False
pid_00901,seller_2907,Electronics,Glam0urCo,130.22,3.1,0,1,350.0,37.0,2,1203,True,True,3,2024-02-14,IN,CN,2857,60,95,0.0,,True,False,False,True
pid_00867,seller_1229,Electronics,VehicleCare,54.22,4.1,3471,3,524.0,20.0,0,1989,False,False,4,2024-09-14,DE,US,4698,201,289,0.0,7.0,False,False,False,True
pid_03588,seller_7625,Electronics,MediPharm,192.87,4.0,3514,3,314.0,4.0,3,2215,True,True,5,2024-02-24,DE,KR,873,128,67,0.0,30.0,True,False,False,False
pid_01941,seller_9021,Fashion,BioMed Solutions,165.44,4.8,2074,4,399.0,1.0,3,5,True,True,6,2024-09-12,FR,GB,3279,270,199,1.0,9.0,False,False,False,False
pid_01233,seller_4890,Electronics,ExclusiveItems,346.07,4.0,4444,5,302.0,1.0,0,1191,True,True,4,2025-02-12,AU,FR,3233,401,214,0.0,28.0,True,False,False,False
pid_03016,seller_1304,Pharmaceuticals,ExclusiveItems,165.4,3.7,1270,4,513.0,28.0,2,1870,True,True,1,2024-04-24,CN,CN,2308,103,92,0.0,16.0,False,False,False,False
pid_00827,seller_9708,Fashion,MotorMax,158.23,5.0,8045,6,,1.0,1,2279,True,False,4,2024-04-16,US,FR,2126,42,164,3.0,20.0,False,True,False,False
pid_03724,seller_6723,Fashion,PremiumCraft,203.33,4.2,915,7,390.0,1.0,0,1266,True,True,2,2024-05-14,CA,GB,426,38,2,3.0,18.0,True,False,False,False
pid_02740,seller_2300,Fashion,EliteDe5ign,211.12,4.0,4249,6,123.0,41.0,0,1981,True,False,5,2025-07-02,CN,GB,4037,50,314,3.0,10.0,False,False,True,True
pid_02858,seller_1761,Electronics,HealthCare Plus,57.63,4.2,830,5,464.0,6.0,3,372,True,True,2,2025-05-26,AU,CN,4834,65,218,1.0,4.0,True,False,False,False
pid_02027,seller_4916,Automotive,TrendSetter,54.75,3.7,1871,4,415.0,26.0,0,2403,True,False,1,2024-09-01,CA,CN,742,31,5,1.0,0.0,False,False,False,True
pid_00836,seller_6016,Automotive,FashionForward,61.93,4.2,0,4,246.0,41.0,1,5,False,True,3,2024-08-07,FR,IN,633,94,24,1.0,17.0,False,False,False,False
pid_03305,seller_5286,Fashion,PureSkin,227.16,5.0,2457,7,556.0,1.0,1,3462,True,True,4,2024-11-04,US,GB,2769,132,218,1.0,18.0,False,False,False,False
pid_01206,seller_9199,Cosmetics,CircuitMaster,123.09,3.6,3113,1,422.0,1.0,1,1842,True,False,2,2024-04-24,GB,GB,3178,433,235,4.0,11.0,False,False,False,False
pid_00079,seller_4052,Electronics,PremiumCraft,214.51,5.0,4279,8,473.0,7.0,0,4000,True,False,4,2024-02-28,JP,CN,1489,76,22,2.0,26.0,True,False,False,False
pid_03466,seller_1093,Luxury Goods,StyleHouse,163.1,3.3,457,4,338.0,16.0,0,2258,True,True,3,2024-02-22,DE,FR,1051,13,74,2.0,8.0,True,False,False,True
pid_02389,seller_3638,Cosmetics,GlamourCo,15.36,2.9,0,1,330.0,35.0,2,1600,True,True,2,2025-03-26,CA,GB,3380,184,150,3.0,0.0,False,False,False,False
pid_03528,seller_6678,Automotive,ClassicWear,176.59,3.6,1682,5,301.0,,0,3290,False,False,2,2025-07-24,CA,GB,931,20,41,3.0,26.0,False,False,False,False
pid_04033,seller_4150,Automotive,M3diPharm,69.99,3.8,0,1,313.0,24.0,0,2238,True,True,2,2025-04-26,AU,DE,2240,328,42,3.0,,True,False,False,True
pid_04993,seller_1058,Cosmetics,Dig1talPro,52.34,3.5,0,1,256.0,28.0,3,5,True,False,2,2024-12-19,DE,CA,4513,239,172,0.0,0.0,True,False,True,True
pid_00200,seller_7350,Cosmetics,CircuitMaster,183.76,4.6,1813,5,568.0,10.0,0,1530,True,True,5,2024-03-20,KR,AU,4742,69,55,2.0,20.0,False,False,True,False
pid_01078,seller_1337,Electronics,NaturalGlow,196.67,4.8,3464,7,218.0,10.0,0,1462,False,True,3,2025-07-31,CA,AU,169,5,1,4.0,17.0,False,False,False,False
pid_04723,seller_5387,Fashion,StyleHouse,118.64,3.4,7650,5,190.0,1.0,1,2805,True,True,3,2024-12-16,JP,JP,289,32,17,2.0,17.0,False,False,False,False
pid_01571,seller_1447,Electronics,V3hicleCare,170.12,3.5,2489,3,292.0,5.0,0,1745,False,False,2,2024-08-12,US,JP,2117,282,40,4.0,26.0,True,False,False,True
pid_03241,seller_7271,Luxury Goods,MediPharm,171.41,4.7,1994,7,453.0,18.0,0,1675,True,True,1,2024-10-22,GB,IN,2866,347,125,2.0,1.0,True,False,False,False
pid_02017,seller_9595,Automotive,NaturalGlow,251.02,4.3,863,3,309.0,16.0,0,2940,False,True,3,2024-09-01,FR,KR,4930,384,82,3.0,16.0,False,False,False,False
pid_02635,seller_4980,Cosmetics,VehicleCare,245.58,3.6,2278,2,139.0,9.0,2,625,True,False,5,2024-01-30,GB,IN,2259,50,23,0.0,20.0,False,True,False,False
pid_00169,seller_3196,Cosmetics,HealthCare Plus,274.09,3.7,2841,6,506.0,34.0,1,1961,True,True,2,2025-07-11,FR,GB,4000,182,98,3.0,18.0,False,False,False,False
pid_01432,seller_8126,Luxury Goods,BeautyLux,135.89,3.6,399,5,415.0,1.0,1,1312,True,True,4,2025-11-13,JP,FR,3694,398,226,0.0,7.0,False,False,False,False
pid_04843,seller_2382,Electronics,AutoParts Pr0,190.67,4.1,2950,3,384.0,1.0,1,5,True,False,1,2025-09-14,KR,CN,3907,516,239,0.0,6.0,True,True,True,True
pid_02372,seller_3404,Cosmetics,Welln3ssLab,6.38,3.6,637,7,458.0,9.0,0,5,True,False,2,2025-04-05,IN,DE,4563,429,297,2.0,1.0,False,True,False,True
pid_01044,seller_7537,Automotive,NaturalGlow,205.6,4.5,4330,6,194.0,25.0,0,2010,False,True,1,2025-03-24,KR,IN,2042,223,84,4.0,21.0,True,False,False,True
pid_03023,seller_6702,Fashion,WellnessLab,176.41,4.4,1112,4,216.0,19.0,1,1966,True,True,3,2024-08-07,US,FR,3413,367,48,0.0,9.0,True,False,False,False
pid_03582,seller_6986,Fashion,ElectroMax,69.13,4.0,1327,5,395.0,15.0,0,3207,True,True,4,2024-10-24,KR,GB,3407,202,223,5.0,11.0,False,False,False,False
pid_00724,seller_8186,Cosmetics,ExclusiveItems,90.56,4.4,1304,2,713.0,1.0,0,2789,True,True,3,2025-07-31,IN,CN,1103,92,84,3.0,22.0,True,False,False,False
pid_01010,seller_3549,Fashion,PureSkin,273.69,4.4,4377,6,325.0,1.0,0,3028,True,False,4,2024-08-21,CN,KR,806,55,6,2.0,21.0,False,False,False,False
pid_04971,seller_5416,Automotive,ElectroMax,73.19,3.7,1707,4,435.0,22.0,0,1818,False,False,1,2024-11-26,KR,CA,160,15,12,4.0,4.0,True,False,False,False
pid_04510,seller_4267,Electronics,EliteDe5ign,168.39,3.3,1865,4,107.0,30.0,2,2613,True,True,3,2024-07-07,FR,KR,580,74,34,1.0,13.0,False,False,False,True
pid_03096,seller_4033,Automotive,ExclusiveItems,116.69,3.8,0,3,538.0,1.0,1,1451,True,True,3,2024-02-13,GB,KR,4067,120,170,2.0,19.0,False,True,False,False
pid_03901,seller_4011,Fashion,MediPharm,104.92,2.8,0,5,20.0,25.0,0,1221,False,False,1,2025-07-12,IN,US,3841,479,113,1.0,12.0,False,False,False,False
pid_04694,seller_1625,Luxury Goods,C@rTech,174.75,4.1,0,3,280.0,20.0,0,5,False,True,4,2025-10-26,CA,DE,4578,317,86,1.0,23.0,False,True,False,True
pid_03180,seller_3451,Electronics,PureSkin,111.07,3.6,2605,4,148.0,35.0,0,999,False,False,3,2024-03-29,GB,CA,3591,309,82,4.0,4.0,True,False,False,False
pid_04759,seller_2507,Automotive,AutoParts Pro,143.99,4.4,2694,6,31.0,1.0,0,2913,False,True,2,2024-07-20,AU,GB,2425,358,178,5.0,33.0,False,False,False,False
pid_01783,seller_4453,Cosmetics,C@rTech,72.16,3.3,2758,2,288.0,16.0,1,5,True,False,1,2024-04-03,FR,KR,4041,210,81,0.0,0.0,False,False,True,True
pid_01899,seller_5145,Pharmaceuticals,TechCorp,5.0,2.2,0,2,242.0,24.0,2,5,True,False,3,2024-04-11,JP,US,4163,98,166,0.0,4.0,True,False,True,True
pid_00717,seller_2487,Automotive,CarTech,149.57,2.2,0,1,246.0,16.0,2,532,True,False,1,2024-04-29,DE,IN,1729,254,26,1.0,5.0,False,True,False,True
pid_02083,seller_1019,Automotive,LuxuryBrand,118.85,3.7,54,6,424.0,7.0,1,1204,False,True,2,2024-02-06,AU,CN,2915,209,116,2.0,9.0,False,False,False,False
pid_01535,seller_1832,Electronics,BioMed Solutions,167.72,4.2,0,4,129.0,22.0,1,5,False,True,6,2024-07-04,CN,CN,2780,344,128,2.0,7.0,True,False,False,False
pid_02773,seller_4231,Luxury Goods,ElectroMax,227.56,4.1,665,1,222.0,5.0,1,1295,False,False,4,2024-08-28,JP,US,4200,545,213,3.0,4.0,True,False,False,True
pid_02611,seller_6099,Electronics,MediPharm,57.63,4.5,2158,4,695.0,2.0,0,1464,False,True,1,2024-03-23,IN,FR,597,38,46,3.0,14.0,False,False,False,True
pid_04001,seller_6797,Pharmaceuticals,PremiumCraft,70.86,3.8,3451,5,141.0,12.0,2,2393,False,True,3,2024-01-22,FR,FR,517,72,36,0.0,0.0,True,False,False,False
pid_03957,seller_8503,Fashion,TrendS3tter,272.65,3.8,834,2,409.0,13.0,0,1089,True,False,3,2024-09-28,IN,DE,3982,347,280,3.0,7.0,False,False,False,True
pid_01850,seller_6622,Fashion,WellnessLab,91.32,4.3,2874,1,232.0,3.0,0,1303,True,False,2,2025-08-24,CN,FR,2683,313,81,1.0,20.0,False,True,False,False
pid_04457,seller_3405,Electronics,PremiumCraft,273.72,4.0,2734,1,324.0,6.0,0,1243,False,True,2,2025-11-02,CA,FR,1448,205,103,1.0,5.0,True,True,False,True
pid_02226,seller_3316,Fashion,ClassicWear,39.64,3.8,4657,4,563.0,13.0,1,2028,True,False,4,2025-01-03,AU,DE,1600,86,113,3.0,22.0,False,False,False,False
pid_01217,seller_5603,Cosmetics,TechCorp,23.2,4.0,623,6,119.0,26.0,0,2541,True,False,1,2025-08-29,FR,FR,4894,360,338,2.0,5.0,True,True,False,True
pid_03809,seller_5064,Electronics,PureSkin,248.25,3.9,926,9,617.0,11.0,0,1500,False,True,6,2024-04-22,CN,US,3057,294,79,5.0,15.0,False,False,False,False
pid_03626,seller_5619,Electronics,FashionForward,128.21,4.3,0,3,213.0,21.0,0,5,True,True,1,2025-01-30,GB,US,651,96,27,3.0,4.0,True,False,True,True
pid_02330,seller_2103,Fashion,MediPharm,125.85,4.0,3169,2,606.0,23.0,0,478,True,True,3,2024-11-07,DE,AU,4807,463,80,2.0,9.0,True,True,False,True
pid_01123,seller_2805,Pharmaceuticals,WellnessLab,223.83,3.9,2455,3,1001.0,1.0,1,464,True,False,4,2024-09-08,FR,AU,3738,97,188,2.0,16.0,True,False,False,False
pid_01573,seller_6100,Automotive,ClassicWear,128.43,3.3,2310,6,557.0,21.0,0,1231,True,True,2,2025-05-20,CA,KR,2850,250,132,0.0,1.0,False,False,True,True
pid_02139,seller_6502,Automotive,PremiumCr@ft,136.6,3.7,264,3,247.0,16.0,1,1042,True,True,3,2024-02-08,FR,CN,3928,105,241,1.0,0.0,False,False,False,True
pid_02722,seller_1447,Pharmaceuticals,BioMed Solutions,292.6,4.9,3692,9,585.0,1.0,0,4000,False,True,5,2025-09-17,KR,GB,2100,89,14,3.0,17.0,True,False,False,False
pid_04684,seller_8938,Pharmaceuticals,TrendSetter,316.79,4.9,4183,8,720.0,1.0,0,1005,True,True,5,2024-02-02,US,FR,4989,569,388,1.0,25.0,False,False,False,False
pid_02459,seller_5417,Fashion,MotorMax,144.26,3.6,104,2,20.0,19.0,3,478,True,True,3,2025-07-25,CA,US,2562,347,137,0.0,0.0,True,False,False,True
pid_02445,seller_5648,Fashion,HealthCare Plus,224.14,,1637,6,530.0,1.0,0,1375,True,True,6,2024-09-03,JP,IN,959,135,56,0.0,24.0,False,False,False,False
pid_04020,seller_5645,Fashion,EliteD3sign,49.83,2.3,2270,2,272.0,28.0,3,1982,True,True,1,2025-10-20,DE,KR,4019,71,228,2.0,,False,True,False,True
pid_03709,seller_8178,Automotive,MediPharm,106.03,4.0,0,1,202.0,27.0,1,2063,True,True,1,2024-04-22,CA,DE,2925,411,101,5.0,7.0,True,False,False,True
pid_01356,seller_4500,Automotive,BeautyLux,247.97,3.9,2305,5,453.0,31.0,0,1495,True,True,2,2024-04-18,IN,US,3333,481,177,0.0,12.0,False,False,False,False
pid_00325,seller_3235,Pharmaceuticals,BeautyLux,305.14,4.6,5127,5,436.0,1.0,0,3213,True,False,5,2024-11-09,KR,JP,2851,94,147,4.0,30.0,True,False,False,False
pid_04111,seller_5062,Luxury Goods,BeautyLux,74.47,4.7,4353,4,302.0,26.0,0,3307,True,True,5,2024-06-17,AU,FR,1928,161,13,2.0,18.0,True,False,False,True
pid_03447,seller_1834,Cosmetics,ElectroMax,304.81,4.4,4254,6,846.0,4.0,0,2462,True,True,4,2024-01-03,IN,US,647,54,8,3.0,22.0,False,False,False,False
pid_04589,seller_9753,Pharmaceuticals,StyleHouse,82.13,2.7,0,3,366.0,27.0,2,1088,True,True,2,2025-09-25,IN,IN,3193,194,252,2.0,0.0,True,False,False,True
pid_02209,seller_8981,Automotive,BeautyLux,179.95,5.0,3113,6,109.0,19.0,2,2929,True,True,2,2025-01-30,DE,KR,256,18,9,2.0,20.0,False,False,False,True
pid_04241,seller_8290,Fashion,EliteDesign,245.79,4.2,345,5,209.0,13.0,0,1644,True,True,2,2024-09-21,JP,FR,3182,422,201,4.0,16.0,False,False,False,False
pid_04462,seller_5311,Automotive,Electr0Max,264.48,4.3,2764,5,640.0,10.0,0,946,True,True,3,2024-06-09,CA,AU,3720,353,272,3.0,,True,False,False,True
pid_04301,seller_3293,Automotive,ExclusiveItems,169.03,4.6,5093,8,489.0,8.0,2,1850,False,True,1,2024-11-06,DE,IN,3333,355,237,2.0,23.0,True,False,False,False
pid_00285,seller_9589,Electronics,HealthCare Plus,232.34,3.2,1265,5,756.0,14.0,0,1604,False,False,2,2024-06-10,GB,JP,3852,512,279,2.0,6.0,False,False,False,True
pid_00771,seller_7658,Pharmaceuticals,StyleHouse,39.65,4.3,2675,2,717.0,1.0,1,2038,True,True,2,2024-02-24,AU,AU,4331,138,171,2.0,25.0,True,True,False,False
pid_03691,seller_1831,Luxury Goods,CircuitM@ster,92.83,3.1,709,8,20.0,20.0,3,5,True,True,1,2025-12-15,US,FR,3450,103,210,0.0,2.0,False,True,False,True
pid_01988,seller_6819,Luxury Goods,TrendSetter,202.96,5.0,4143,6,468.0,7.0,1,2376,True,True,3,2025-07-09,US,CN,2388,345,50,1.0,21.0,False,False,False,False
pid_01426,seller_1435,Electronics,CarT3ch,197.71,3.9,3125,4,535.0,26.0,1,4000,True,True,1,2025-01-03,DE,GB,4996,687,84,1.0,17.0,True,False,False,True
pid_03549,seller_1526,Luxury Goods,Vehic1eCare,102.52,3.7,0,1,160.0,1.0,2,2149,False,False,1,2024-02-16,CA,CA,1078,39,36,2.0,5.0,True,False,False,True
pid_01987,seller_1770,Luxury Goods,N@turalGlow,193.09,5.0,2082,7,690.0,1.0,0,3112,True,True,1,2025-10-24,GB,JP,2189,32,134,5.0,9.0,True,True,True,True
pid_03128,seller_9206,Automotive,PureSkin,310.1,3.6,0,3,410.0,15.0,0,4000,True,True,5,2024-06-28,KR,CN,2425,74,45,0.0,10.0,False,False,False,False
pid_00759,seller_9765,Pharmaceuticals,StyleH0use,5.0,3.0,0,1,492.0,32.0,1,5,False,True,1,2025-11-06,CN,FR,4699,140,163,1.0,8.0,False,True,False,True
pid_00219,seller_1600,Pharmaceuticals,BioMed Solutions,137.54,4.4,1511,3,281.0,1.0,1,2633,False,True,3,2024-12-05,DE,AU,2754,83,145,5.0,7.0,True,False,False,False
pid_00881,seller_3188,Cosmetics,GlamourCo,346.73,5.0,3735,4,531.0,1.0,0,2732,True,True,6,2024-04-30,CA,IN,4234,460,275,3.0,26.0,True,False,False,False
pid_03612,seller_6068,Fashion,MotorMax,159.25,4.2,3151,4,424.0,13.0,0,1894,True,True,4,2025-03-17,CN,CN,4218,325,39,4.0,3.0,False,False,False,False
pid_04858,seller_9936,Automotive,ElectroMax,55.26,4.2,1644,1,381.0,12.0,0,453,True,False,2,2024-06-16,FR,IN,2381,36,148,2.0,,True,False,False,False
pid_00299,seller_4249,Electronics,MediPh@rm,229.98,4.2,3220,6,408.0,5.0,0,1390,True,True,4,2025-04-29,AU,AU,1888,79,114,3.0,25.0,False,False,False,True
pid_01444,seller_5286,Automotive,PremiumCr@ft,5.0,3.2,1839,4,185.0,38.0,3,1535,True,False,1,2024-01-24,GB,DE,2557,65,119,0.0,0.0,False,False,False,True
pid_00349,seller_1088,Cosmetics,MediPharm,74.3,2.3,858,1,650.0,15.0,0,1320,True,True,4,2025-08-19,US,GB,4365,605,341,3.0,20.0,True,False,False,False
pid_00643,seller_5981,Fashion,VehicleCare,261.53,5.0,2507,4,363.0,10.0,0,4000,True,True,3,2025-08-16,KR,AU,3927,443,260,2.0,23.0,True,False,False,False
pid_01564,seller_4323,Pharmaceuticals,PremiumCraft,119.75,3.2,0,6,216.0,26.0,1,1558,True,True,1,2024-07-09,JP,CA,4935,266,162,2.0,12.0,True,False,False,True
pid_02024,seller_8431,Fashion,EliteDesign,213.54,4.0,0,6,249.0,1.0,0,1379,False,False,3,2025-02-17,CA,GB,1964,284,20,3.0,3.0,True,False,False,True
pid_01023,seller_4201,Automotive,PremiumCraft,278.39,5.0,4787,8,717.0,1.0,0,2276,False,True,5,2024-04-08,AU,CN,1214,122,46,3.0,32.0,False,False,False,False
pid_00874,seller_1019,Electronics,BioMed Solutions,132.52,4.6,4825,6,377.0,1.0,1,2596,True,True,3,2025-06-14,US,DE,365,29,7,3.0,13.0,False,False,True,False
pid_04245,seller_9294,Automotive,LuxuryBrand,117.39,3.9,1916,1,338.0,14.0,1,851,True,True,2,2025-10-25,KR,JP,3321,454,20,0.0,8.0,False,False,False,True
pid_02721,seller_5817,Pharmaceuticals,CircuitMaster,20.48,2.5,6005,3,238.0,5.0,2,5,False,False,2,2024-12-16,CN,US,3077,198,107,1.0,19.0,False,False,False,False
pid_03997,seller_9219,Fashion,StyleHouse,206.43,4.2,5094,8,747.0,1.0,1,620,False,True,2,2025-02-12,KR,KR,4440,394,72,5.0,36.0,True,False,False,False
pid_00566,seller_4829,Fashion,DigitalPro,5.0,3.3,4120,1,69.0,45.0,2,5,False,False,3,2024-12-22,AU,CA,309,31,2,0.0,14.0,False,False,True,True
pid_02479,seller_2075,Pharmaceuticals,MotorMax,133.41,4.7,3586,6,599.0,5.0,0,2228,False,True,4,2024-03-28,CN,GB,4276,200,282,2.0,11.0,False,False,False,True
pid_02093,seller_1679,Luxury Goods,DigitalPro,246.35,5.0,2730,4,668.0,14.0,0,662,True,True,3,2024-12-21,GB,AU,4318,239,202,1.0,21.0,False,False,False,False
pid_03489,seller_2090,Luxury Goods,LuxuryBr@nd,45.54,,0,1,20.0,48.0,2,1560,True,False,1,2024-10-16,KR,CA,2885,62,208,0.0,0.0,False,False,False,True
pid_03373,seller_7222,Cosmetics,NaturalGlow,66.42,4.8,4148,8,488.0,1.0,0,1053,True,True,4,2025-05-22,FR,JP,4413,65,116,2.0,9.0,False,False,True,False
pid_03664,seller_6782,Luxury Goods,EliteDesign,255.06,4.7,1059,3,472.0,16.0,2,2466,True,True,5,2025-06-22,DE,DE,1312,134,15,0.0,14.0,False,False,False,False
pid_04778,seller_9689,Fashion,AutoParts Pro,42.89,2.7,0,1,337.0,13.0,3,294,False,False,4,2025-06-25,JP,CA,4968,744,103,0.0,1.0,False,True,False,True
pid_04456,seller_1680,Cosmetics,Natur@lGlow,82.61,3.2,0,3,167.0,32.0,2,3601,True,True,1,2025-12-01,US,DE,2083,177,127,4.0,6.0,True,False,False,True
pid_02146,seller_4120,Luxury Goods,FashionForward,71.1,3.1,0,6,465.0,15.0,1,1580,False,True,2,2024-10-19,US,GB,2557,64,179,0.0,16.0,False,True,True,False
pid_01620,seller_1170,Luxury Goods,MotorMax,21.09,3.3,2051,6,229.0,7.0,1,5,False,True,1,2025-12-23,AU,US,4798,221,318,1.0,14.0,False,True,False,False
pid_04117,seller_8437,Fashion,EliteDesign,7.27,3.7,0,5,240.0,27.0,2,3545,True,False,2,2025-08-19,US,IN,1053,38,58,1.0,9.0,False,False,False,False
pid_02369,seller_1931,Pharmaceuticals,WellnessLab,78.05,3.5,0,2,36.0,17.0,1,681,False,False,2,2024-09-05,CN,CN,3785,519,130,2.0,21.0,False,False,False,False
pid_00998,seller_1555,Automotive,AutoParts Pro,149.12,3.8,1806,2,612.0,1.0,0,2237,True,True,1,2025-04-09,GB,KR,990,104,45,2.0,0.0,False,True,False,False
pid_03064,seller_9962,Cosmetics,Cl@ssicWear,241.72,4.5,586,1,489.0,19.0,0,2516,True,True,2,2024-01-14,GB,GB,2909,235,47,4.0,15.0,True,False,True,True
pid_02498,seller_4621,Automotive,CarTech,171.93,3.8,4697,4,523.0,15.0,0,2092,True,True,2,2024-12-31,IN,GB,622,92,15,1.0,18.0,False,True,False,False
pid_03708,seller_5736,Fashion,MediPharm,119.74,4.7,719,1,562.0,12.0,0,3484,True,True,2,2024-11-14,FR,DE,4811,216,152,3.0,7.0,False,False,False,False
pid_00440,seller_9085,Electronics,DigitalPro,146.18,4.3,4016,4,228.0,32.0,2,2984,False,True,5,2024-01-20,FR,US,4306,43,96,,8.0,False,False,False,False
pid_03752,seller_3265,Fashion,NaturalGlow,171.7,3.8,1216,5,,1.0,0,1519,False,True,3,2024-04-02,IN,CA,4439,158,240,2.0,19.0,True,True,False,False
pid_00098,seller_3105,Electronics,LuxuryBrand,235.36,5.0,1648,4,391.0,1.0,0,2560,True,True,5,2024-11-06,US,KR,1836,150,81,2.0,7.0,False,False,False,False
pid_00745,seller_3018,Automotive,El3ctroMax,136.19,4.2,427,3,308.0,7.0,0,2374,True,False,1,2025-01-02,IN,KR,90,11,3,1.0,0.0,False,True,True,True
pid_00428,seller_2861,Fashion,M0torMax,198.82,4.1,3285,7,391.0,1.0,0,1648,True,True,1,2024-04-14,IN,CA,1808,86,37,1.0,22.0,False,False,False,True
pid_01548,seller_5495,Electronics,E1ectroMax,5.0,2.6,0,2,20.0,30.0,1,1460,True,False,1,2025-04-22,KR,JP,2160,226,112,1.0,0.0,False,False,True,True
pid_00348,seller_6858,Fashion,BioMed Solutions,42.8,3.1,1256,4,565.0,21.0,2,2845,False,False,1,2025-05-11,DE,KR,2043,202,151,2.0,0.0,False,True,True,True
pid_01963,seller_2991,Fashion,VehicleCare,74.52,2.4,713,1,311.0,22.0,1,1109,False,True,1,2025-01-25,FR,IN,516,35,19,0.0,16.0,False,True,False,False
pid_00636,seller_8905,Luxury Goods,Elit3Design,127.04,3.6,2969,1,341.0,9.0,2,1381,False,True,1,2025-05-15,FR,JP,3136,196,173,0.0,5.0,False,False,False,True
pid_02236,seller_1097,Automotive,PureSkin,108.63,3.9,1663,1,315.0,42.0,0,5,True,True,2,2025-07-10,US,KR,2617,116,201,0.0,12.0,False,True,False,False
pid_01810,seller_1513,Cosmetics,CarTech,264.63,4.1,3175,5,732.0,16.0,0,3298,False,True,1,2025-11-27,US,DE,302,22,14,2.0,20.0,False,False,False,False
pid_01579,seller_8722,Luxury Goods,MediPharm,10.97,2.8,0,1,20.0,41.0,2,420,False,False,3,2025-10-03,FR,CN,4493,311,250,0.0,3.0,True,False,True,True
pid_02166,seller_6723,Cosmetics,StyleHouse,50.83,3.3,0,1,194.0,29.0,1,1788,True,False,4,2024-08-23,JP,CN,1119,125,65,2.0,,False,False,False,True
pid_01420,seller_5133,Fashion,StyleHouse,291.74,3.7,1362,5,525.0,17.0,2,1833,True,True,2,2025-08-30,GB,CA,2870,411,170,1.0,0.0,True,False,False,False
pid_03516,seller_1712,Electronics,B3autyLux,72.7,3.6,5399,3,109.0,34.0,2,3252,True,True,1,2024-04-09,FR,GB,690,64,43,1.0,11.0,False,False,False,False
pid_01687,seller_7204,Luxury Goods,Exclus1veItems,145.23,3.8,564,7,675.0,1.0,0,3736,False,False,6,2025-03-08,US,JP,3771,267,290,3.0,8.0,False,False,False,False
pid_04099,seller_4026,Electronics,PureSkin,93.12,3.9,445,2,178.0,28.0,0,1478,True,True,3,2025-04-04,CN,IN,2704,29,174,1.0,10.0,False,False,True,False
pid_03513,seller_7025,Pharmaceuticals,PremiumCraft,161.37,4.4,4348,4,761.0,1.0,0,3095,True,True,3,2024-04-21,DE,AU,2975,397,24,1.0,28.0,False,True,True,False
pid_03973,seller_2605,Cosmetics,StyleHouse,216.95,3.4,3567,5,522.0,13.0,1,2000,True,True,5,2025-02-22,IN,KR,143,8,4,0.0,19.0,False,True,False,False
pid_03247,seller_9226,Fashion,PureSkin,82.85,4.6,804,6,129.0,17.0,0,928,True,True,3,2025-12-09,GB,IN,3212,175,48,4.0,7.0,False,False,False,False
pid_04084,seller_9662,Electronics,B3autyLux,163.68,4.3,953,6,77.0,18.0,0,1914,False,True,2,2025-04-11,CA,US,2049,161,117,3.0,17.0,True,False,True,True
pid_04568,seller_6192,Electronics,BioMed S0lutions,217.01,3.8,2062,6,681.0,20.0,0,3063,True,False,3,2024-01-31,JP,DE,3613,410,222,1.0,9.0,False,False,True,True
pid_04544,seller_6571,Fashion,GlamourCo,89.61,4.0,919,1,526.0,44.0,0,631,False,True,1,2025-02-13,DE,GB,220,23,8,1.0,11.0,False,False,True,True
pid_03840,seller_9595,Luxury Goods,LuxuryBrand,339.29,3.8,0,1,378.0,1.0,1,2334,False,True,4,2024-06-22,FR,CA,431,27,22,1.0,6.0,False,False,False,False
pid_04970,seller_5054,Luxury Goods,CarTech,101.52,3.5,1384,5,203.0,9.0,2,2411,True,False,2,2025-11-05,DE,JP,3394,172,54,0.0,17.0,True,False,False,True
pid_01125,seller_2116,Luxury Goods,AutoParts Pro,53.43,3.8,2154,4,624.0,38.0,3,29,True,True,4,2024-02-25,AU,FR,2745,334,14,0.0,13.0,True,False,False,True
pid_03534,seller_9059,Fashion,BioMed Solutions,207.86,4.3,1091,4,552.0,25.0,0,1491,False,True,2,2024-03-29,US,FR,4425,390,209,3.0,21.0,True,False,False,False
pid_01386,seller_9721,Pharmaceuticals,C1assicWear,13.07,3.8,0,4,225.0,8.0,0,531,True,True,2,2025-10-11,JP,KR,129,1,1,2.0,14.0,False,False,False,True
pid_01577,seller_8471,Cosmetics,D1gitalPro,300.64,4.6,4212,6,672.0,7.0,0,4000,True,True,5,2024-09-13,DE,KR,3735,382,250,4.0,24.0,False,False,False,False
pid_01122,seller_6434,Automotive,StyleHouse,255.37,4.9,5840,6,882.0,7.0,1,1643,True,True,2,2025-01-11,US,IN,4673,195,68,3.0,,False,False,False,False
pid_03915,seller_9916,Fashion,Pur3Skin,96.93,4.0,146,4,177.0,14.0,2,102,True,True,3,2024-03-25,AU,CA,1879,278,62,0.0,9.0,True,False,False,True
pid_03031,seller_9853,Fashion,CarTech,201.86,5.0,3686,6,166.0,6.0,0,2164,False,True,2,2025-06-12,JP,JP,3500,245,277,0.0,14.0,False,False,True,False
pid_00623,seller_1845,Luxury Goods,AutoParts Pro,194.95,2.9,2073,5,556.0,14.0,1,1987,True,False,4,2024-07-08,GB,FR,1717,110,134,1.0,,True,False,True,False
pid_04760,seller_6234,Luxury Goods,Dig1talPro,32.41,4.8,2271,3,392.0,5.0,1,1282,True,False,3,2025-05-11,IN,US,588,82,10,2.0,23.0,False,False,False,True
pid_00206,seller_8700,Electronics,DigitalPro,61.25,3.1,595,3,,19.0,0,5,True,True,2,2025-10-19,DE,AU,1146,97,47,1.0,12.0,False,False,False,False
pid_04137,seller_3282,Fashion,PureSkin,280.86,3.6,3336,4,716.0,14.0,0,2140,True,True,2,2024-08-18,KR,US,3530,350,44,2.0,15.0,False,False,False,False
pid_04036,seller_3666,Automotive,CarTech,128.72,4.4,1092,1,,1.0,2,2682,True,True,4,2025-12-05,US,CA,2043,306,118,4.0,26.0,False,False,False,False
pid_04668,seller_1695,Cosmetics,FashionForward,66.97,3.1,1535,5,409.0,13.0,0,5,True,False,2,2025-12-11,CN,GB,2597,320,170,0.0,19.0,False,False,False,False
pid_02539,seller_7328,Pharmaceuticals,ClassicWear,59.81,3.5,1108,1,402.0,29.0,0,653,False,True,2,2025-02-27,CN,AU,2129,229,132,2.0,13.0,False,False,True,False
pid_03601,seller_4500,Cosmetics,ClassicWear,48.45,2.8,987,5,85.0,34.0,4,5,True,False,3,2025-04-05,JP,GB,4935,418,330,1.0,0.0,True,False,False,True
pid_04534,seller_6916,Luxury Goods,HealthCare Plus,88.89,3.7,0,1,521.0,16.0,3,1086,True,True,1,2024-11-10,CA,KR,4249,603,255,1.0,11.0,False,False,False,True
pid_03714,seller_7271,Automotive,TechCorp,169.44,4.7,3240,5,702.0,3.0,0,2381,True,True,2,2025-11-20,JP,CA,570,13,24,2.0,14.0,False,False,False,False
pid_00517,seller_4065,Pharmaceuticals,DigitalPro,165.54,3.5,206,1,770.0,9.0,0,1655,True,True,3,2025-11-03,FR,KR,2267,64,46,1.0,16.0,True,True,False,True
pid_01060,seller_1746,Automotive,DigitalPro,104.39,4.3,0,3,394.0,10.0,1,5,True,False,1,2025-07-12,CN,KR,3993,137,210,4.0,10.0,False,False,False,True
pid_03739,seller_5023,Cosmetics,PremiumCraft,121.09,4.5,2688,7,924.0,3.0,1,2388,False,True,3,2024-10-31,AU,DE,4807,282,361,3.0,12.0,False,False,False,False
pid_03294,seller_4497,Automotive,CircuitM@ster,5.0,3.2,0,3,149.0,34.0,0,950,False,False,2,2025-07-19,IN,CA,770,31,12,1.0,6.0,True,False,False,True
pid_03214,seller_4656,Fashion,M3diPharm,5.0,2.7,0,1,141.0,28.0,0,388,True,True,1,2024-05-27,FR,FR,1309,84,25,0.0,0.0,True,True,True,True
pid_02064,seller_1604,Electronics,EliteDesign,182.56,3.6,1192,5,623.0,35.0,0,1280,True,False,3,2025-09-19,AU,KR,203,2,10,4.0,5.0,True,False,False,False
pid_03093,seller_3796,Pharmaceuticals,EliteDesign,143.04,4.3,1587,1,321.0,16.0,0,768,True,False,3,2025-03-23,DE,GB,3316,219,126,2.0,16.0,True,False,False,False
pid_04400,seller_7381,Electronics,WellnessLab,184.71,4.8,0,1,456.0,23.0,1,5,False,False,1,2024-06-27,US,JP,2999,40,125,0.0,15.0,False,True,False,False
pid_04130,seller_7027,Fashion,VehicleCare,176.77,4.4,2001,4,280.0,,0,2899,True,True,4,2025-10-01,KR,AU,736,20,44,0.0,11.0,False,True,False,True
pid_03684,seller_3572,Cosmetics,CarTech,221.77,4.4,1382,5,137.0,4.0,1,1376,True,False,3,2024-09-05,US,AU,3124,81,24,1.0,0.0,False,False,False,False
pid_00808,seller_1676,Luxury Goods,FashionForward,201.78,4.9,4662,6,316.0,2.0,1,3838,True,True,6,2025-12-21,AU,JP,4472,402,43,3.0,22.0,False,False,False,False
pid_03966,seller_3299,Fashion,GlamourCo,131.08,2.9,865,1,26.0,24.0,0,5,False,False,2,2025-07-21,DE,CA,1314,100,102,0.0,6.0,False,True,False,True
pid_04685,seller_2430,Fashion,EliteD3sign,77.85,3.7,116,3,20.0,35.0,1,518,False,False,3,2025-12-11,IN,AU,4002,153,54,0.0,6.0,False,False,True,True
pid_00544,seller_8616,Cosmetics,CarTech,119.79,2.6,0,5,521.0,6.0,1,599,False,True,2,2024-09-21,AU,JP,1637,120,103,1.0,4.0,True,False,False,False
pid_02593,seller_4917,Luxury Goods,HealthCare Plus,270.38,5.0,4759,6,519.0,2.0,0,2420,True,False,4,2025-08-22,GB,GB,3631,368,262,5.0,19.0,True,True,False,False
pid_00057,seller_2176,Electronics,VehicleCare,89.31,3.1,0,1,20.0,4.0,0,413,False,False,1,2025-02-16,US,CN,4394,401,330,0.0,7.0,False,True,True,True
pid_00644,seller_8587,Electronics,TrendSetter,170.09,3.8,1309,2,232.0,18.0,1,2501,True,False,3,2024-07-19,CA,CN,2216,197,152,0.0,12.0,False,False,False,True
pid_00885,seller_9008,Electronics,VehicleCare,325.48,4.3,354,6,469.0,9.0,0,3329,True,True,3,2024-04-21,CA,FR,1980,140,23,1.0,17.0,False,False,False,False
pid_01330,seller_1268,Luxury Goods,PureSkin,280.76,4.6,2304,6,499.0,13.0,1,2765,True,False,3,2025-12-22,GB,KR,1143,100,13,0.0,23.0,False,False,True,False
pid_02582,seller_6625,Luxury Goods,CarTech,53.6,4.4,320,1,376.0,4.0,0,1189,False,False,2,2024-10-24,US,DE,1510,99,103,4.0,19.0,False,False,False,False
pid_02837,seller_4286,Electronics,MediPharm,114.55,3.5,2771,4,300.0,30.0,0,2344,False,True,4,2024-03-09,JP,KR,86,11,2,0.0,26.0,False,False,False,False
pid_02969,seller_3016,Luxury Goods,CircuitMaster,176.13,4.6,1509,3,309.0,12.0,2,300,False,False,3,2025-03-02,DE,US,460,47,8,0.0,0.0,False,False,True,True
pid_00758,seller_8807,Automotive,DigitalPro,271.02,4.6,1309,2,430.0,19.0,0,1338,True,True,5,2024-12-02,KR,AU,4984,323,78,3.0,17.0,True,False,False,False
pid_02942,seller_7372,Fashion,BeautyLux,147.63,4.1,1699,2,248.0,17.0,0,214,True,False,4,2025-05-15,JP,GB,1768,232,132,4.0,5.0,True,False,True,False
pid_01550,seller_1064,Automotive,ElectroMax,101.13,3.7,0,3,20.0,28.0,0,5,False,False,1,2024-05-03,FR,CN,2124,204,83,2.0,19.0,False,True,False,True
pid_01913,seller_1233,Fashion,CircuitMaster,127.73,4.4,0,1,227.0,12.0,2,1371,True,False,1,2025-06-04,DE,FR,753,105,36,2.0,8.0,False,False,False,False
pid_01410,seller_9603,Electronics,ClassicWear,61.92,4.0,1260,3,586.0,31.0,0,1938,False,True,4,2025-12-07,KR,FR,2258,318,123,3.0,11.0,False,False,False,False
pid_03758,seller_2367,Luxury Goods,GlamourCo,166.61,,0,3,137.0,15.0,0,237,True,True,1,2024-12-24,KR,KR,203,22,1,0.0,11.0,False,True,True,False
pid_01921,seller_2659,Electronics,C1assicWear,90.95,5.0,2974,7,506.0,10.0,0,1921,True,True,3,2024-01-06,FR,DE,1154,85,28,2.0,13.0,False,True,False,False
pid_04728,seller_3803,Pharmaceuticals,HealthCare Plus,255.85,3.3,291,4,489.0,11.0,1,2663,True,True,1,2024-12-25,DE,AU,2240,195,52,4.0,17.0,False,True,False,False
pid_04232,seller_2382,Fashion,Digit@lPro,55.45,2.7,0,2,189.0,24.0,1,5,True,False,1,2024-04-23,DE,KR,1313,144,13,1.0,0.0,True,False,True,True
pid_04754,seller_1684,Automotive,CircuitMast3r,166.17,4.2,467,2,829.0,11.0,0,1509,True,True,1,2025-11-14,DE,DE,1684,77,133,2.0,9.0,False,False,False,True
pid_03558,seller_2628,Electronics,LuxuryBrand,266.05,3.0,0,5,360.0,10.0,1,1200,False,True,4,2025-03-06,KR,CN,1273,55,31,1.0,8.0,False,False,False,True
pid_03740,seller_2790,Automotive,TechCorp,227.36,4.2,1815,1,304.0,7.0,0,940,True,True,1,2025-03-24,FR,FR,3865,206,183,1.0,0.0,False,False,False,False
pid_00203,seller_7509,Automotive,DigitalPro,192.41,4.9,577,8,584.0,1.0,0,3993,True,True,2,2024-05-25,AU,GB,2219,156,87,2.0,13.0,False,False,False,False
pid_01375,seller_4378,Automotive,LuxuryBr@nd,133.58,4.2,2615,8,660.0,7.0,1,2334,False,True,2,2025-06-27,CN,US,3144,260,106,3.0,12.0,False,False,False,True
pid_01995,seller_4277,Cosmetics,EliteDesign,154.51,4.1,1175,3,246.0,7.0,1,1272,True,True,1,2024-07-28,GB,GB,786,89,27,0.0,10.0,False,False,False,True
pid_01126,seller_1313,Electronics,TechCorp,55.93,3.7,3125,2,642.0,9.0,0,2463,False,True,4,2025-04-23,CA,FR,131,4,8,1.0,8.0,False,True,False,False
pid_02010,seller_4815,Electronics,EliteDesign,178.76,5.0,1118,2,148.0,1.0,0,988,True,True,1,2025-07-21,DE,JP,3259,455,50,1.0,11.0,False,False,False,False
pid_03301,seller_4980,Automotive,ClassicWear,216.61,5.0,0,5,488.0,14.0,0,3308,True,False,1,2024-06-28,IN,AU,2356,39,52,2.0,21.0,False,False,False,False
pid_01586,seller_9219,Cosmetics,WellnessLab,373.83,3.6,2785,4,275.0,26.0,0,4000,True,True,6,2024-12-21,GB,KR,3085,175,100,1.0,,True,False,False,False
pid_03842,seller_6176,Luxury Goods,StyleHouse,93.68,3.4,635,5,591.0,20.0,2,1002,False,True,2,2025-06-25,US,FR,3120,282,179,2.0,1.0,True,False,False,False
pid_01132,seller_3861,Electronics,BioMed Solutions,59.9,3.0,0,4,189.0,23.0,0,1968,False,True,1,2025-10-09,AU,KR,1010,40,16,0.0,7.0,False,True,False,True
pid_04805,seller_4117,Luxury Goods,PureSkin,191.64,2.6,2773,3,826.0,23.0,1,1687,True,True,2,2024-11-16,FR,GB,1341,161,37,3.0,11.0,False,False,False,True
pid_02636,seller_8911,Automotive,BioMed Solutions,251.55,4.1,3759,4,490.0,10.0,1,3376,True,False,4,2025-03-18,DE,CN,2070,182,95,2.0,0.0,False,False,False,False
pid_01971,seller_5007,Pharmaceuticals,ClassicWear,202.85,4.4,5548,3,363.0,10.0,0,2940,True,True,3,2024-02-01,JP,CN,82,5,2,4.0,23.0,True,False,False,False
pid_01807,seller_5011,Electronics,MotorMax,28.22,4.1,1495,7,466.0,6.0,0,2538,False,True,1,2025-06-22,GB,FR,4847,663,139,0.0,18.0,False,False,True,False
pid_01736,seller_2236,Luxury Goods,VehicleCare,211.16,4.2,3399,2,436.0,11.0,0,1943,True,False,3,2025-06-12,FR,IN,2758,285,109,1.0,11.0,True,True,True,True
pid_00573,seller_8690,Cosmetics,CircuitMast3r,158.13,3.9,1313,3,449.0,1.0,1,1729,True,False,3,2025-01-09,IN,AU,2480,302,115,0.0,11.0,False,True,False,False
pid_00181,seller_1845,Electronics,DigitalPro,227.06,5.0,2029,5,198.0,8.0,0,1371,True,True,4,2025-10-25,JP,CN,3714,219,154,1.0,26.0,False,False,False,False
pid_02007,seller_2427,Pharmaceuticals,DigitalPro,81.74,,296,4,585.0,,0,4000,True,True,2,2025-11-19,GB,JP,4500,643,198,0.0,12.0,False,False,True,False
pid_00275,seller_1437,Luxury Goods,HealthCare Plus,177.09,3.4,1216,4,353.0,22.0,3,5,True,True,3,2024-11-28,DE,DE,1210,56,84,1.0,19.0,True,False,False,True
pid_04873,seller_5271,Fashion,TechCorp,5.0,3.9,5282,2,501.0,15.0,2,725,True,True,3,2025-07-25,JP,JP,3377,239,230,0.0,7.0,False,False,True,False
pid_01603,seller_5732,Fashion,CarT3ch,5.0,3.2,0,3,474.0,23.0,1,2275,True,True,1,2025-10-19,FR,AU,3909,126,195,0.0,7.0,True,True,False,True
pid_03051,seller_3979,Luxury Goods,ElectroMax,181.38,3.9,840,1,353.0,14.0,2,1825,True,False,2,2025-11-04,CN,US,1842,54,35,0.0,12.0,False,True,False,False
pid_01232,seller_4434,Electronics,AutoP@rts Pro,5.0,2.6,0,4,20.0,20.0,3,636,False,False,1,2024-06-16,CA,JP,561,74,24,2.0,0.0,False,False,False,True
pid_01011,seller_7723,Automotive,Cl@ssicWear,110.79,3.6,0,4,384.0,4.0,1,949,True,False,1,2024-11-22,KR,CA,2898,300,76,0.0,2.0,False,True,True,True
pid_01102,seller_5387,Automotive,ExclusiveItems,5.0,3.0,2709,4,387.0,14.0,3,730,True,False,1,2025-03-03,IN,AU,1754,245,86,1.0,2.0,True,True,False,False
pid_03806,seller_1658,Luxury Goods,CircuitMa5ter,152.82,4.6,3068,4,299.0,16.0,0,2599,True,True,2,2024-11-02,JP,FR,4107,285,325,2.0,15.0,False,False,False,True
pid_03354,seller_8626,Electronics,LuxuryBrand,190.0,4.0,1058,4,241.0,21.0,0,696,True,False,1,2024-07-12,JP,US,3424,151,100,1.0,7.0,True,False,False,False
pid_00799,seller_1200,Automotive,Mot0rMax,5.0,3.2,567,1,20.0,37.0,1,3048,True,True,2,2024-05-23,JP,CN,3579,256,78,2.0,1.0,False,False,False,True
pid_04492,seller_2916,Luxury Goods,Natur@lGlow,127.17,3.8,0,4,303.0,1.0,1,2456,True,True,4,2024-05-08,CN,CN,593,72,42,2.0,,True,False,False,False
pid_02040,seller_4341,Automotive,MediPharm,160.08,4.7,0,1,444.0,7.0,1,670,True,True,2,2024-04-06,AU,CA,756,34,49,1.0,3.0,True,False,False,True
pid_04809,seller_4144,Automotive,GlamourCo,279.62,4.4,507,6,470.0,16.0,0,1922,True,True,2,2024-10-31,JP,US,2161,224,150,5.0,25.0,False,True,False,False
pid_03232,seller_4886,Fashion,MotorMax,138.98,3.7,2571,4,229.0,29.0,1,1855,True,False,1,2024-07-25,JP,FR,539,25,6,3.0,0.0,False,False,False,True
pid_03264,seller_2736,Pharmaceuticals,PremiumCraft,81.86,3.7,1716,3,94.0,12.0,2,635,True,False,2,2025-09-05,GB,GB,2013,200,143,4.0,11.0,False,False,False,True
pid_02675,seller_1770,Fashion,AutoP@rts Pro,5.0,4.2,0,6,424.0,24.0,0,1472,True,True,1,2024-08-30,AU,IN,1942,94,152,0.0,7.0,True,False,False,True
pid_02535,seller_6230,Pharmaceuticals,DigitalPro,250.25,4.2,3482,4,743.0,30.0,0,2161,True,False,2,2024-12-25,IN,IN,3363,254,140,2.0,12.0,False,False,False,False
pid_01660,seller_9830,Cosmetics,Pur3Skin,12.31,3.0,0,1,480.0,20.0,2,5,False,False,1,2024-02-18,CN,CA,1941,149,76,0.0,0.0,False,False,False,True
pid_04583,seller_3915,Pharmaceuticals,LuxuryBr@nd,190.56,4.7,2172,2,367.0,5.0,0,2437,True,True,4,2024-02-26,CA,JP,3666,50,120,2.0,20.0,False,True,False,True
pid_01321,seller_3946,Electronics,PremiumCraft,128.19,4.5,290,3,306.0,11.0,0,1092,True,True,2,2024-07-22,CA,CA,1023,30,24,3.0,7.0,True,False,False,True
pid_04567,seller_3821,Fashion,ClassicWear,179.07,5.0,3458,1,390.0,1.0,1,1235,True,False,2,2024-01-30,AU,GB,2587,210,121,1.0,13.0,True,True,False,False
pid_02279,seller_9610,Electronics,PremiumCr@ft,9.81,2.3,0,1,20.0,32.0,3,5,False,False,1,2024-11-17,DE,CN,886,116,27,0.0,0.0,True,True,False,True
pid_04642,seller_1695,Automotive,TrendSett3r,116.6,3.4,2063,4,56.0,3.0,2,5,False,False,2,2024-05-11,AU,DE,3370,316,199,2.0,2.0,True,False,False,True
pid_01273,seller_3437,Electronics,E1ectroMax,104.7,4.4,1802,1,251.0,,0,2605,False,True,5,2025-06-26,FR,US,384,54,25,2.0,19.0,True,False,False,False
pid_00344,seller_7299,Fashion,StyleHouse,36.34,3.4,0,2,342.0,24.0,0,330,False,True,2,2025-02-22,DE,FR,2660,174,189,0.0,7.0,False,False,False,False
pid_01512,seller_2284,Automotive,CarT3ch,110.53,4.4,443,3,331.0,26.0,0,1332,False,False,1,2024-12-28,DE,IN,3775,401,19,4.0,6.0,True,True,False,False
pid_03517,seller_1161,Fashion,MotorMax,145.45,3.4,2331,4,274.0,1.0,0,3549,True,True,3,2025-06-11,AU,US,1535,51,99,1.0,16.0,False,False,True,False
pid_00592,seller_7019,Electronics,TrendSetter,251.31,4.0,4434,4,642.0,13.0,0,1933,True,True,2,2024-11-19,DE,FR,237,8,13,0.0,7.0,True,False,False,False
pid_00899,seller_5878,Electronics,TechCorp,185.92,3.8,1357,5,342.0,14.0,2,2240,True,False,2,2024-08-20,GB,CA,633,86,13,0.0,0.0,False,False,False,False
pid_04115,seller_5732,Fashion,MotorMax,15.2,4.5,0,4,396.0,29.0,0,1268,True,False,1,2024-09-16,AU,DE,938,80,39,2.0,5.0,True,False,False,False
pid_03789,seller_2404,Automotive,NaturalGlow,162.07,3.7,1059,7,579.0,1.0,0,1873,False,True,5,2024-02-17,AU,JP,4059,371,315,3.0,14.0,False,False,False,False
pid_00501,seller_8420,Luxury Goods,PureSkin,230.22,4.0,4373,4,770.0,22.0,0,1716,True,True,3,2024-08-07,GB,IN,3981,355,127,0.0,20.0,False,False,False,False
pid_01427,seller_1212,Automotive,VehicleCare,60.39,1.9,1047,3,596.0,24.0,2,552,False,False,1,2025-06-08,JP,KR,1199,73,76,0.0,13.0,False,False,False,True
pid_03480,seller_5045,Electronics,LuxuryBrand,134.45,4.0,1289,1,294.0,14.0,3,1114,True,True,2,2025-03-26,KR,KR,3961,252,231,0.0,0.0,False,False,False,True
pid_04469,seller_6460,Automotive,Circu1tMaster,229.3,4.3,2964,5,396.0,1.0,1,2601,False,True,5,2025-12-28,DE,FR,3773,260,153,2.0,17.0,True,False,False,True
pid_03506,seller_9863,Automotive,ClassicWear,98.93,4.6,3322,4,381.0,10.0,0,3037,False,True,4,2025-01-30,FR,US,1822,63,63,2.0,22.0,False,False,True,False
pid_00933,seller_8910,Luxury Goods,PremiumCraft,102.16,4.9,4824,2,727.0,1.0,0,1094,True,True,4,2025-08-23,KR,GB,2920,304,43,4.0,26.0,False,False,True,False
pid_01453,seller_4370,Cosmetics,CarTech,9.61,3.8,185,3,335.0,33.0,1,5,True,False,2,2025-02-08,JP,JP,2571,341,150,2.0,5.0,False,False,False,False
pid_02954,seller_6685,Automotive,Pr3miumCraft,133.88,3.8,4286,6,176.0,12.0,0,2435,False,False,3,2024-04-19,FR,IN,3040,286,98,4.0,10.0,False,False,False,True
pid_01398,seller_3490,Cosmetics,LuxuryBrand,143.91,4.5,1973,7,447.0,20.0,0,1646,True,True,2,2025-04-05,AU,IN,4202,477,66,1.0,18.0,False,False,False,True
pid_01893,seller_8523,Electronics,CircuitMaster,80.2,3.8,1199,4,203.0,10.0,1,755,True,True,2,2025-08-06,IN,IN,2792,187,77,1.0,26.0,False,False,False,True
pid_04046,seller_1337,Fashion,BioMed Solutions,193.73,4.1,2779,2,470.0,10.0,2,2221,False,True,2,2024-01-31,JP,IN,3244,325,243,2.0,20.0,False,True,False,False
pid_04071,seller_8511,Cosmetics,BeautyLux,183.48,3.7,3009,1,211.0,6.0,2,5,False,True,3,2024-11-01,AU,US,3846,476,62,1.0,1.0,False,True,False,False
pid_02415,seller_1382,Automotive,EliteDesign,225.0,5.0,7122,5,883.0,10.0,0,2553,True,True,2,2024-04-12,KR,DE,4421,219,315,5.0,19.0,False,False,False,False
pid_01991,seller_8698,Electronics,FashionForward,134.76,3.8,2164,4,297.0,13.0,0,148,False,True,5,2025-05-03,CN,DE,2954,300,174,0.0,13.0,False,False,False,False
pid_00448,seller_2658,Fashion,PremiumCr@ft,100.28,4.2,2153,6,143.0,10.0,1,3147,False,True,4,2024-01-09,US,US,3353,229,168,3.0,15.0,False,False,True,True
pid_01416,seller_7905,Electronics,HealthCare Plus,65.73,3.6,2038,4,83.0,37.0,1,1215,False,True,3,2024-11-12,KR,JP,995,59,60,0.0,0.0,False,False,False,False
pid_04777,seller_5161,Fashion,LuxuryBrand,81.82,3.9,4258,5,318.0,25.0,1,1566,True,True,1,2025-11-10,CA,DE,481,70,6,3.0,,False,False,False,False
pid_01050,seller_9275,Automotive,PremiumCraft,203.61,4.4,2815,6,167.0,10.0,0,2460,True,False,1,2025-11-06,KR,CA,4575,500,117,0.0,7.0,False,False,False,True
pid_00012,seller_6702,Pharmaceuticals,BioMed Solutions,256.34,3.9,3460,5,528.0,14.0,1,2107,True,True,2,2024-08-08,DE,US,996,15,48,3.0,5.0,False,False,False,False
pid_01297,seller_6354,Electronics,VehicleCare,195.96,4.9,3361,6,579.0,12.0,1,2318,True,True,3,2024-04-26,AU,AU,1293,158,100,4.0,16.0,False,False,False,False
pid_00757,seller_2634,Luxury Goods,DigitalPro,117.5,4.0,694,3,636.0,21.0,2,2291,True,True,5,2025-06-17,DE,GB,545,80,27,1.0,9.0,False,True,False,True
pid_04404,seller_1056,Automotive,WellnessL@b,179.67,3.5,905,2,517.0,8.0,1,2734,False,True,3,2025-11-07,IN,GB,175,18,1,0.0,17.0,True,False,False,True
pid_00927,seller_1664,Luxury Goods,NaturalGlow,154.46,3.6,0,6,449.0,12.0,1,1039,True,False,1,2025-06-01,CA,FR,172,20,10,2.0,11.0,True,False,True,True
pid_02270,seller_9218,Electronics,ExclusiveIt3ms,15.93,,0,3,328.0,31.0,1,24,True,True,1,2024-12-27,CN,DE,2848,284,143,0.0,8.0,False,True,False,True
pid_01764,seller_4360,Electronics,StyleHouse,230.06,3.9,2888,3,491.0,6.0,0,2206,True,False,3,2024-09-01,KR,KR,1584,207,23,2.0,20.0,False,False,True,False
pid_03316,seller_1855,Luxury Goods,HealthCare Plus,251.64,4.3,1545,6,609.0,7.0,0,1368,False,True,2,2025-04-06,GB,US,4126,332,206,3.0,17.0,True,True,False,False
pid_00684,seller_4855,Automotive,Be@utyLux,5.0,2.5,1654,2,20.0,28.0,1,906,True,True,2,2024-11-11,GB,CN,2004,203,109,0.0,0.0,True,False,False,True
pid_00372,seller_5760,Electronics,Sty1eHouse,74.23,3.1,1524,5,442.0,18.0,2,3536,True,False,2,2025-05-11,AU,DE,2542,327,175,2.0,18.0,False,False,False,True
pid_00556,seller_6842,Electronics,BeautyLux,259.0,5.0,4001,5,669.0,19.0,1,1646,True,True,1,2025-12-06,FR,AU,3222,229,208,1.0,14.0,False,False,False,True
pid_04883,seller_5120,Electronics,StyleHouse,5.0,4.1,2270,3,568.0,28.0,0,602,True,True,2,2025-07-11,KR,IN,1838,158,107,3.0,23.0,False,False,False,True
pid_04286,seller_8421,Automotive,Fash1onForward,263.1,4.1,2573,1,86.0,18.0,1,953,True,True,1,2025-07-13,KR,GB,672,59,13,0.0,2.0,False,False,False,True
pid_03882,seller_4372,Automotive,LuxuryBrand,26.27,3.9,2082,6,311.0,14.0,3,3098,True,True,2,2025-03-31,CN,IN,2051,67,163,2.0,26.0,False,True,False,False
pid_02645,seller_1961,Fashion,PureSk1n,176.26,4.2,2222,4,640.0,22.0,0,2564,True,False,1,2025-12-22,FR,CA,534,44,38,4.0,20.0,False,False,False,True
pid_01881,seller_3002,Automotive,NaturalGl0w,272.87,4.9,4664,3,780.0,2.0,0,2935,False,True,4,2025-03-23,JP,AU,3838,104,170,0.0,26.0,False,False,False,True
pid_01456,seller_9417,Cosmetics,ExclusiveItems,216.49,3.6,359,4,451.0,20.0,0,1147,True,True,2,2024-09-17,IN,KR,1666,75,76,3.0,8.0,False,False,False,False
pid_00192,seller_3571,Automotive,FashionForw@rd,174.38,3.4,4688,3,237.0,12.0,1,5,False,True,4,2024-11-22,CN,IN,3388,438,209,0.0,27.0,False,True,False,True
pid_00062,seller_5951,Pharmaceuticals,ExclusiveItems,164.3,3.7,2094,4,361.0,17.0,0,354,True,False,2,2025-04-03,IN,US,1383,71,20,1.0,18.0,True,False,False,True
pid_03183,seller_9062,Fashion,ExclusiveItems,273.6,5.0,2519,5,716.0,7.0,0,1667,True,True,1,2024-06-27,CA,JP,339,50,6,5.0,21.0,False,False,False,False
pid_02382,seller_6476,Automotive,CarTech,180.37,4.6,1694,1,472.0,15.0,1,5,True,True,2,2025-12-09,IN,JP,3818,407,197,4.0,22.0,False,False,False,False
pid_04950,seller_9864,Fashion,El1teDesign,66.29,4.6,2017,2,,18.0,1,1110,True,True,1,2024-07-20,CA,AU,1226,145,63,4.0,16.0,True,True,False,False
pid_01141,seller_1370,Fashion,WellnessLab,162.33,3.7,0,1,478.0,27.0,1,1757,True,True,2,2024-01-16,AU,JP,2898,259,68,2.0,14.0,True,False,False,False
pid_01916,seller_4687,Automotive,M0torMax,110.78,3.4,1469,3,219.0,8.0,2,5,True,True,2,2025-01-30,FR,US,3963,134,123,0.0,25.0,False,False,False,True
pid_02011,seller_5387,Electronics,TrendSetter,284.99,4.5,740,6,505.0,11.0,1,2163,True,True,5,2024-01-30,JP,GB,2132,175,33,3.0,17.0,False,False,False,False
pid_03555,seller_8995,Cosmetics,WellnessLab,126.71,3.4,0,2,74.0,12.0,1,1878,True,True,1,2025-10-31,CN,AU,1518,166,69,0.0,0.0,False,False,True,False
pid_00858,seller_4161,Luxury Goods,HealthCare Plus,204.85,3.3,1488,2,386.0,34.0,1,2898,True,False,4,2024-01-12,JP,US,4248,510,61,2.0,13.0,True,False,False,True
pid_00608,seller_2907,Luxury Goods,WellnessLab,125.45,3.0,2657,2,468.0,1.0,0,1331,False,True,3,2025-03-19,IN,US,4789,310,25,1.0,0.0,False,False,True,False
pid_03896,seller_8511,Electronics,TechCorp,273.92,4.0,0,4,442.0,14.0,1,213,False,True,2,2025-09-11,KR,CA,3092,64,234,0.0,32.0,False,False,False,False
pid_02147,seller_9309,Fashion,DigitalPro,220.12,4.2,5126,5,606.0,8.0,0,2194,True,False,3,2025-09-30,US,AU,1947,289,105,4.0,0.0,False,False,False,False
pid_01947,seller_3718,Electronics,MediPharm,134.17,4.3,309,3,263.0,20.0,1,730,True,False,4,2024-11-28,FR,CN,1144,126,7,2.0,0.0,False,True,False,False
pid_00126,seller_9825,Pharmaceuticals,AutoParts Pro,228.22,2.9,0,1,20.0,7.0,1,260,True,False,3,2024-11-17,KR,AU,3310,286,19,3.0,5.0,False,False,False,True
pid_00244,seller_6813,Electronics,TechCorp,217.23,4.2,2727,1,678.0,1.0,1,782,True,True,5,2025-09-01,FR,CN,4148,311,294,2.0,24.0,False,False,False,False
pid_00574,seller_1611,Automotive,PremiumCraft,186.91,3.7,2339,4,466.0,1.0,0,3509,True,False,4,2025-01-21,IN,AU,663,58,52,3.0,14.0,False,False,False,False
pid_04990,seller_5916,Automotive,PremiumCraft,237.97,4.0,1375,4,330.0,,0,1978,True,True,1,2025-12-04,AU,US,3669,539,163,2.0,12.0,False,False,False,False
pid_04503,seller_7616,Electronics,Pur3Skin,107.62,3.6,0,1,379.0,5.0,1,1999,True,False,2,2024-11-30,CN,US,4062,570,266,0.0,,False,False,False,True
pid_04110,seller_2551,Luxury Goods,VehicleCare,102.37,4.7,386,5,595.0,5.0,0,627,True,True,3,2025-05-06,CN,GB,532,77,14,2.0,23.0,False,False,False,False
pid_03378,seller_4612,Electronics,CarTech,197.81,4.5,1008,4,569.0,8.0,1,2355,True,True,4,2025-07-16,US,AU,1532,143,101,2.0,15.0,False,True,False,False
pid_02037,seller_4128,Electronics,TechCorp,290.53,4.6,1672,3,469.0,17.0,1,3336,True,True,3,2025-08-22,US,DE,4991,297,278,4.0,18.0,False,False,False,False
pid_01678,seller_3718,Electronics,ElectroMax,184.57,4.9,2934,5,1135.0,9.0,1,2847,True,True,4,2024-12-02,FR,GB,2262,252,113,3.0,18.0,False,False,False,False
pid_00005,seller_1513,Electronics,MotorMax,112.84,3.3,0,1,,27.0,1,132,False,False,1,2024-11-14,GB,AU,513,58,10,1.0,0.0,False,False,False,True
pid_02461,seller_9154,Automotive,LuxuryBrand,301.07,4.2,0,3,209.0,26.0,0,422,True,False,5,2024-05-20,DE,IN,1488,85,96,3.0,14.0,False,False,False,False
pid_02822,seller_9169,Cosmetics,CircuitMaster,152.86,4.0,5516,3,902.0,10.0,2,2282,True,False,4,2024-09-09,AU,JP,2567,352,13,1.0,13.0,True,False,True,False
pid_00359,seller_5705,Cosmetics,MediPharm,5.0,3.4,2984,3,500.0,23.0,2,478,True,False,2,2024-08-21,FR,AU,4045,532,197,0.0,9.0,False,False,False,True
pid_04683,seller_4434,Fashion,Clas5icWear,77.73,3.5,300,4,519.0,20.0,1,1107,True,False,4,2024-08-15,CN,JP,1864,24,43,0.0,6.0,True,False,False,True
pid_03958,seller_8017,Electronics,MediPharm,129.21,4.3,1476,5,585.0,9.0,2,3744,True,True,3,2024-06-01,CN,KR,2393,40,154,0.0,9.0,False,True,False,False
pid_01884,seller_1816,Electronics,LuxuryBr@nd,35.47,4.0,2021,6,585.0,33.0,1,5,False,True,2,2025-10-14,CN,AU,994,91,40,2.0,0.0,True,False,False,True
pid_01792,seller_9973,Luxury Goods,Exclus1veItems,172.41,4.2,3014,4,519.0,5.0,0,2373,True,True,4,2024-09-15,CA,CN,4633,109,117,4.0,14.0,False,False,True,True
pid_01749,seller_6186,Electronics,TrendSett3r,39.92,4.7,2257,2,45.0,28.0,0,1261,False,False,1,2024-12-16,KR,DE,2335,92,16,0.0,19.0,True,False,False,True
pid_03496,seller_3004,Automotive,We1lnessLab,55.38,,1677,3,395.0,10.0,0,3444,True,True,1,2024-08-29,JP,FR,3316,412,217,0.0,10.0,False,False,True,True
pid_03249,seller_3424,Cosmetics,ElectroMax,167.15,4.1,3502,2,180.0,15.0,2,1184,True,True,1,2025-06-17,AU,AU,514,21,26,1.0,,True,False,False,True
pid_02043,seller_9041,Electronics,BioMed Solutions,130.02,4.3,2188,4,429.0,16.0,0,604,True,True,2,2024-01-06,IN,CN,4322,491,198,1.0,16.0,False,False,False,True
pid_01301,seller_3383,Automotive,EliteDesign,5.0,2.6,0,1,83.0,36.0,2,181,False,False,1,2025-11-01,IN,GB,4899,403,182,0.0,0.0,False,False,False,True
pid_02249,seller_4529,Electronics,CircuitMaster,92.2,2.1,0,3,20.0,18.0,1,5,False,True,1,2024-03-25,KR,IN,585,19,21,0.0,0.0,False,False,True,True
pid_04947,seller_2913,Pharmaceuticals,GlamourCo,90.58,4.2,0,3,41.0,23.0,0,37,True,True,3,2025-10-31,GB,AU,113,15,3,0.0,14.0,False,False,False,True
pid_01504,seller_4810,Fashion,Welln3ssLab,202.91,3.5,4797,4,200.0,3.0,0,5,False,False,1,2025-05-23,DE,CN,4612,213,323,1.0,20.0,False,False,False,False
pid_02739,seller_1459,Electronics,PremiumCraft,291.91,3.7,3799,5,383.0,20.0,0,1972,True,False,2,2024-12-27,GB,AU,2843,363,188,1.0,13.0,False,True,False,True
pid_03463,seller_5669,Cosmetics,BeautyLux,312.21,4.8,2850,5,789.0,8.0,0,3928,True,True,4,2025-01-02,AU,DE,2382,153,12,2.0,14.0,False,False,False,False
pid_03587,seller_9755,Pharmaceuticals,LuxuryBr@nd,139.28,4.5,3341,4,706.0,1.0,1,964,True,True,3,2024-03-14,JP,CA,951,38,18,0.0,0.0,False,False,False,True
pid_04363,seller_7775,Luxury Goods,ClassicWear,193.76,3.3,371,5,232.0,7.0,1,5,False,True,1,2025-12-20,DE,CN,3934,135,250,1.0,20.0,True,False,True,False
pid_02560,seller_9975,Pharmaceuticals,Cla5sicWear,147.64,3.8,332,3,202.0,7.0,1,144,True,False,1,2024-06-26,KR,US,668,77,44,1.0,5.0,False,False,False,True
pid_01613,seller_8237,Fashion,HealthCare Plus,278.18,3.9,2734,6,459.0,14.0,0,3411,False,True,6,2024-04-05,KR,AU,2529,127,105,1.0,1.0,True,False,False,False
pid_03111,seller_3382,Fashion,HealthCare Plus,234.85,4.1,6593,6,640.0,25.0,0,2937,False,True,5,2024-04-30,JP,US,3541,89,170,2.0,19.0,True,False,False,False
pid_02098,seller_9212,Pharmaceuticals,AutoParts Pro,115.75,4.7,1447,3,374.0,24.0,1,1866,False,True,1,2025-08-25,CA,US,2812,180,77,4.0,0.0,False,False,True,True
pid_02513,seller_2532,Luxury Goods,StyleHouse,228.53,2.4,2928,4,334.0,18.0,1,267,True,False,1,2024-01-23,JP,DE,3714,152,101,0.0,11.0,False,False,False,True
pid_02816,seller_2710,Luxury Goods,TrendSetter,110.62,4.3,730,3,661.0,14.0,0,2897,True,True,4,2024-08-19,DE,IN,756,12,52,0.0,11.0,True,False,False,True
pid_04366,seller_5430,Electronics,BeautyLux,145.84,4.5,5,4,124.0,20.0,0,1596,True,True,2,2024-11-03,JP,JP,224,27,14,0.0,20.0,True,False,False,True
pid_03445,seller_8387,Cosmetics,Prem1umCraft,128.0,4.5,0,3,172.0,30.0,0,35,True,False,4,2025-10-13,IN,CA,3334,390,106,1.0,0.0,False,False,False,True
pid_04349,seller_3282,Cosmetics,GlamourCo,208.7,3.6,5586,5,745.0,17.0,0,2569,True,False,5,2024-08-04,CA,DE,800,114,56,3.0,31.0,False,False,False,False
pid_00552,seller_3717,Luxury Goods,NaturalGlow,251.76,4.9,2414,6,514.0,11.0,1,5,True,True,2,2025-09-12,AU,CN,4895,333,199,3.0,14.0,False,False,False,False
pid_02597,seller_1044,Luxury Goods,ExclusiveItem5,134.27,3.7,0,1,20.0,24.0,1,952,True,True,1,2024-06-08,KR,DE,4395,553,227,0.0,5.0,False,False,False,True
pid_00222,seller_1712,Electronics,TrendSetter,60.74,3.8,2299,1,415.0,1.0,1,1713,True,False,2,2025-01-09,US,US,662,70,45,1.0,19.0,False,False,True,True
pid_01652,seller_5668,Fashion,MediPharm,211.34,3.9,2486,4,620.0,3.0,0,3336,True,True,5,2025-05-28,GB,AU,4729,174,51,2.0,14.0,False,False,False,False
pid_04902,seller_9788,Electronics,EliteDesign,124.74,4.3,0,2,490.0,23.0,0,715,False,False,1,2025-06-24,FR,CN,1804,241,128,0.0,11.0,True,False,False,True
pid_00165,seller_5005,Pharmaceuticals,VehicleCare,306.47,3.9,1885,5,181.0,18.0,0,3121,True,False,5,2025-10-31,CN,AU,1180,165,63,4.0,32.0,False,False,False,False
pid_01448,seller_9749,Automotive,BeautyLux,54.17,2.9,0,5,451.0,24.0,0,1863,True,True,2,2025-06-16,AU,JP,3713,523,226,4.0,,False,False,False,False
pid_00067,seller_9180,Pharmaceuticals,StyleHouse,183.97,4.5,2727,4,594.0,14.0,0,2466,True,False,1,2024-11-24,AU,CN,1634,94,24,4.0,0.0,False,False,False,False
pid_01333,seller_8474,Automotive,PremiumCraft,196.77,4.4,3179,6,613.0,1.0,0,2008,False,True,3,2025-01-23,KR,DE,681,66,22,3.0,25.0,False,False,False,False
pid_00958,seller_1949,Electronics,PremiumCraft,219.12,4.9,0,1,144.0,22.0,0,5,True,True,1,2024-03-15,FR,KR,2903,268,36,0.0,5.0,False,False,True,True
pid_02888,seller_7768,Pharmaceuticals,PremiumCraft,31.46,3.3,0,1,152.0,9.0,0,434,True,True,1,2025-11-19,US,CN,4459,540,290,2.0,13.0,False,False,True,False
pid_00394,seller_6122,Fashion,BioMed Solutions,279.02,4.1,1961,8,727.0,1.0,1,885,True,True,4,2024-11-21,GB,AU,4613,197,312,1.0,32.0,False,False,False,False
pid_01793,seller_7823,Cosmetics,Natur@lGlow,56.69,,0,2,369.0,12.0,2,5,True,False,1,2024-04-20,FR,AU,3073,173,57,1.0,14.0,False,False,True,True
pid_04327,seller_4531,Automotive,HealthCar3 Plus,183.68,3.1,99,1,334.0,28.0,0,1650,True,True,1,2024-08-24,DE,CA,129,13,9,2.0,8.0,False,True,False,True
pid_01615,seller_6165,Cosmetics,ExclusiveItems,74.11,2.6,600,2,119.0,8.0,3,1983,True,False,2,2025-06-16,KR,US,1518,103,35,2.0,4.0,False,True,True,False
pid_01169,seller_4410,Fashion,ClassicWear,75.15,3.6,1790,4,20.0,33.0,4,1664,True,False,1,2024-09-29,JP,KR,4242,84,270,0.0,0.0,True,False,False,True
pid_03643,seller_2039,Luxury Goods,Pr3miumCraft,206.24,4.5,5433,5,522.0,3.0,0,2678,False,True,6,2024-12-19,JP,CA,992,17,35,0.0,14.0,False,False,False,False
pid_02079,seller_1938,Pharmaceuticals,Cla5sicWear,5.0,4.0,0,5,172.0,25.0,0,5,True,True,2,2025-09-27,JP,IN,3154,355,98,0.0,0.0,False,True,False,True
pid_04233,seller_6008,Automotive,StyleHouse,168.33,5.0,1261,2,353.0,14.0,0,2891,True,False,3,2024-05-05,GB,CN,64,2,2,3.0,3.0,True,False,False,False
pid_04998,seller_5576,Pharmaceuticals,AutoParts Pro,207.96,4.7,3424,3,680.0,,2,2487,True,True,1,2024-08-12,GB,JP,1775,171,115,2.0,8.0,False,False,False,True
pid_01925,seller_5948,Electronics,FashionForward,199.01,3.4,2454,1,746.0,1.0,1,1127,False,True,1,2025-10-06,CA,AU,2960,356,235,2.0,24.0,False,False,False,False
pid_03287,seller_6994,Pharmaceuticals,StyleHouse,107.9,3.8,5404,4,600.0,2.0,0,2418,True,True,4,2024-06-20,CN,IN,2344,271,51,2.0,12.0,False,False,False,False
pid_03059,seller_7715,Automotive,EliteDe5ign,308.33,3.6,250,5,593.0,14.0,1,2072,True,True,5,2024-07-28,AU,US,3713,48,233,0.0,17.0,True,True,False,True
pid_01435,seller_7800,Electronics,NaturalGlow,178.16,3.4,94,1,267.0,17.0,0,2088,True,True,3,2025-04-11,CA,CA,599,48,13,3.0,9.0,True,False,False,False
pid_00823,seller_6008,Fashion,StyleHouse,119.51,4.0,1141,5,247.0,24.0,1,193,False,False,2,2024-05-16,CA,CA,601,35,24,4.0,8.0,False,False,True,True
pid_03591,seller_9275,Electronics,EliteDesign,123.25,3.4,1885,4,20.0,24.0,2,1283,False,True,1,2024-12-04,DE,CN,686,56,48,0.0,0.0,True,True,False,True
pid_03971,seller_1949,Luxury Goods,ClassicWear,212.81,3.7,1647,3,722.0,3.0,1,1316,True,True,2,2025-04-05,AU,JP,4061,524,29,5.0,11.0,True,False,False,False
pid_01236,seller_4653,Automotive,Exclusiv3Items,213.57,3.7,2132,3,649.0,13.0,0,1520,True,True,1,2024-07-18,KR,CA,2647,148,89,1.0,0.0,False,False,False,True
pid_04358,seller_4172,Cosmetics,ExclusiveItems,91.42,4.0,2933,5,584.0,1.0,1,2831,False,True,1,2025-10-15,CA,DE,4353,394,277,1.0,8.0,True,True,False,True
pid_04555,seller_6917,Luxury Goods,LuxuryBr@nd,132.33,3.2,0,3,167.0,23.0,1,581,True,False,3,2024-01-07,KR,JP,1902,144,147,0.0,8.0,True,False,False,True
pid_03187,seller_8983,Fashion,ExclusiveItems,178.56,3.6,3834,5,932.0,1.0,0,1943,True,False,1,2024-10-28,GB,FR,4571,620,341,3.0,18.0,False,False,False,False
pid_02242,seller_7222,Cosmetics,TrendSetter,15.87,3.3,0,1,38.0,35.0,1,5,False,True,2,2025-08-10,FR,DE,1486,51,41,0.0,7.0,True,False,False,True
pid_00108,seller_1712,Fashion,VehicleCare,68.72,3.9,491,4,20.0,27.0,1,1438,False,True,2,2025-03-20,CA,US,3430,377,146,0.0,7.0,True,True,True,False
pid_01225,seller_8802,Cosmetics,FashionForward,130.92,3.4,0,5,135.0,35.0,2,2777,True,True,2,2025-07-27,IN,DE,2310,77,78,0.0,15.0,False,False,False,True
pid_02101,seller_3521,Luxury Goods,BioMed Solutions,231.93,4.5,308,6,462.0,9.0,0,1673,True,False,4,2024-03-11,FR,KR,3813,327,246,3.0,7.0,False,False,False,False
pid_02262,seller_4653,Automotive,AutoParts Pro,149.65,4.2,1773,4,578.0,19.0,1,714,True,False,2,2024-01-27,FR,CA,567,76,13,1.0,16.0,True,False,False,False
pid_00718,seller_4493,Electronics,TrendSetter,124.44,4.0,0,3,484.0,34.0,2,922,False,True,4,2025-04-12,JP,AU,2990,365,65,2.0,6.0,True,False,False,False
pid_03822,seller_7683,Pharmaceuticals,PremiumCraft,166.29,3.1,0,4,181.0,20.0,3,5,True,True,1,2024-11-15,IN,US,69,9,2,2.0,0.0,True,False,True,True
pid_04846,seller_5916,Automotive,BioMed So1utions,113.01,3.7,2565,4,333.0,31.0,1,477,False,True,1,2024-08-20,FR,GB,3713,460,215,2.0,8.0,False,False,False,True
pid_04941,seller_6508,Luxury Goods,StyleHouse,134.72,3.2,754,3,20.0,14.0,2,495,False,False,3,2024-06-21,CA,AU,3535,497,18,2.0,9.0,True,False,False,False
pid_00314,seller_6238,Pharmaceuticals,MotorM@x,106.53,3.2,2907,4,390.0,21.0,3,298,True,False,1,2025-04-07,US,JP,1107,48,83,3.0,9.0,True,False,True,True
pid_01387,seller_7117,Electronics,ExclusiveItems,191.93,2.9,1396,5,159.0,12.0,0,1741,True,True,4,2024-06-04,IN,JP,50,1,3,2.0,25.0,True,False,False,False
pid_00037,seller_4694,Electronics,GlamourCo,241.98,4.2,1138,5,738.0,17.0,0,2053,True,True,3,2024-10-31,AU,GB,3556,205,67,1.0,13.0,False,False,False,False
pid_00276,seller_1816,Pharmaceuticals,BeautyLux,104.57,4.2,3512,6,366.0,17.0,0,1710,False,True,3,2024-09-19,IN,AU,882,41,11,3.0,15.0,False,False,False,False
pid_03495,seller_7653,Electronics,EliteDesign,228.17,4.7,3502,6,526.0,9.0,0,3054,True,True,5,2025-07-05,CN,JP,1544,190,93,3.0,8.0,False,False,False,False
pid_00021,seller_5832,Electronics,NaturalGlow,102.7,4.2,209,1,75.0,1.0,0,1429,True,False,5,2024-07-17,DE,CA,2254,103,94,2.0,10.0,True,True,False,False
pid_02959,seller_6105,Pharmaceuticals,NaturalGlow,354.59,4.7,5088,10,1125.0,1.0,0,2756,True,False,3,2025-12-12,GB,AU,3431,492,148,5.0,21.0,False,False,False,False
pid_01525,seller_8182,Fashion,VehicleC@re,179.94,4.5,0,3,392.0,9.0,0,284,True,False,2,2024-08-15,CN,CA,497,22,39,3.0,18.0,False,False,False,True
pid_02579,seller_2382,Cosmetics,CircuitMaster,145.74,3.8,4104,3,376.0,11.0,1,3141,True,False,1,2024-11-21,CA,FR,3079,100,59,0.0,17.0,True,False,True,False
pid_02776,seller_8288,Electronics,NaturalGlow,194.82,3.8,3003,1,502.0,23.0,0,841,True,False,4,2024-07-12,IN,DE,1371,101,7,2.0,16.0,True,False,False,True
pid_03849,seller_9243,Electronics,E1ectroMax,292.01,3.9,0,2,394.0,10.0,1,1044,True,True,1,2024-03-13,IN,IN,3446,260,166,0.0,13.0,False,False,False,True
pid_04794,seller_6571,Fashion,Exclusiv3Items,155.46,,0,1,103.0,7.0,0,2028,True,False,2,2025-12-08,GB,US,2289,325,159,2.0,6.0,False,False,False,True
pid_00161,seller_5142,Cosmetics,LuxuryBrand,117.4,4.3,1622,2,330.0,15.0,1,872,True,True,4,2024-03-09,KR,US,786,105,10,0.0,7.0,True,False,False,False
pid_02517,seller_4090,Luxury Goods,BioMed Solutions,246.81,2.5,618,1,50.0,14.0,2,538,False,True,1,2024-08-06,CN,GB,336,36,2,0.0,0.0,False,False,False,False
pid_00322,seller_3617,Cosmetics,WellnessLab,124.96,3.4,2016,2,667.0,24.0,0,2476,True,True,1,2024-03-24,CA,IN,3095,384,72,3.0,6.0,False,False,False,False
pid_00011,seller_2223,Automotive,CarTech,305.91,3.8,1681,3,516.0,6.0,1,1895,True,True,3,2025-06-06,AU,JP,3947,449,69,0.0,15.0,False,True,False,True
pid_02157,seller_2379,Fashion,ExclusiveItems,222.59,4.8,0,1,175.0,7.0,0,1387,True,False,4,2025-12-14,CN,CN,758,98,29,4.0,14.0,False,False,False,True
pid_02046,seller_6328,Electronics,TrendSetter,146.53,3.7,4294,5,482.0,12.0,1,556,True,True,4,2024-06-17,IN,GB,4425,57,123,0.0,27.0,False,False,False,False
pid_04403,seller_9996,Fashion,LuxuryBrand,161.4,4.5,4282,3,444.0,15.0,0,3744,True,True,4,2025-12-22,KR,GB,1779,78,121,2.0,14.0,False,False,False,False
pid_00763,seller_9721,Pharmaceuticals,Pur3Skin,158.19,3.7,1263,4,383.0,33.0,0,5,True,True,1,2025-06-20,CN,CA,1848,230,78,3.0,7.0,True,False,False,True
pid_02874,seller_9626,Pharmaceuticals,GlamourCo,109.82,3.9,2657,3,799.0,21.0,0,1729,False,False,4,2025-02-07,GB,DE,4152,135,178,0.0,6.0,False,False,False,False
pid_04983,seller_9097,Pharmaceuticals,ElectroMax,40.24,3.6,159,1,263.0,21.0,2,459,False,True,1,2024-09-20,GB,DE,2386,185,96,1.0,22.0,True,True,False,True
pid_02689,seller_4303,Fashion,FashionForward,161.98,4.5,410,1,653.0,18.0,0,2671,True,True,5,2024-08-11,FR,IN,2238,83,37,1.0,12.0,True,False,False,False
pid_02624,seller_4342,Fashion,Tr3ndSetter,301.78,4.2,3942,4,402.0,15.0,0,2655,False,False,1,2024-09-11,FR,IN,4533,557,167,4.0,15.0,False,False,True,True
pid_03286,seller_3074,Fashion,PremiumCraft,232.77,3.7,1510,4,687.0,11.0,0,739,True,True,3,2025-12-13,DE,KR,3593,102,123,1.0,31.0,True,False,False,False
pid_01653,seller_9295,Fashion,GlamourCo,104.84,5.0,4230,4,573.0,15.0,1,930,True,True,1,2025-07-05,US,CN,3384,89,161,2.0,10.0,False,True,True,False
pid_04877,seller_3869,Cosmetics,AutoParts Pro,137.08,2.5,2857,3,196.0,27.0,0,2300,False,True,2,2024-09-11,CA,FR,641,71,7,3.0,3.0,True,False,True,False
pid_04408,seller_3022,Fashion,BioMed Solutions,120.45,,1042,6,301.0,10.0,0,250,True,True,3,2025-11-28,JP,CN,3660,472,280,0.0,12.0,True,True,False,False
pid_04865,seller_8376,Cosmetics,HealthCare Plus,253.73,5.0,1032,7,635.0,1.0,0,3452,True,True,2,2025-05-09,AU,US,3950,537,67,3.0,33.0,True,False,True,True
pid_02902,seller_9001,Electronics,BioMed Solutions,150.88,4.5,4541,7,231.0,9.0,0,498,True,True,4,2024-02-10,CA,CA,4377,380,154,1.0,,False,False,True,False
pid_04332,seller_9021,Luxury Goods,MotorMax,191.13,4.4,338,4,378.0,11.0,1,460,True,False,2,2025-09-03,IN,US,3090,43,39,1.0,,True,False,False,False
pid_04747,seller_1166,Electronics,Cl@ssicWear,198.69,3.8,3978,4,745.0,9.0,1,590,False,False,2,2025-05-14,DE,CA,1101,162,25,3.0,9.0,False,False,False,True
pid_00957,seller_2176,Electronics,Dig1talPro,154.38,2.6,290,2,20.0,32.0,0,1046,False,True,2,2025-11-10,GB,FR,4268,600,195,0.0,6.0,False,False,True,True
pid_02263,seller_1057,Luxury Goods,EliteDesign,223.04,2.3,900,4,412.0,21.0,0,1761,True,False,3,2025-09-01,CN,US,4018,208,277,0.0,18.0,False,False,False,False
pid_03817,seller_8455,Pharmaceuticals,NaturalGlow,128.35,3.5,2695,3,158.0,23.0,2,2305,False,True,3,2024-12-25,IN,FR,4565,59,107,3.0,11.0,True,False,False,False
pid_01734,seller_4211,Electronics,E1iteDesign,222.42,4.1,5859,4,168.0,4.0,2,41,True,True,1,2024-06-25,GB,KR,3199,283,133,1.0,21.0,True,False,True,True
pid_03876,seller_8294,Electronics,StyleHouse,126.51,4.0,1450,4,414.0,7.0,2,5,True,True,1,2024-12-15,US,JP,606,44,29,2.0,12.0,False,False,False,False
pid_00019,seller_1334,Fashion,LuxuryBrand,101.45,4.3,0,1,275.0,18.0,2,2441,True,False,1,2025-05-13,US,US,4768,284,328,3.0,2.0,True,False,True,True
pid_00943,seller_1656,Pharmaceuticals,NaturalGlow,195.06,3.4,3816,5,359.0,9.0,0,3713,True,False,1,2025-03-19,DE,CN,3057,296,205,1.0,0.0,False,False,False,False
pid_01299,seller_3819,Cosmetics,LuxuryBr@nd,137.44,3.4,0,5,357.0,32.0,0,1626,False,True,1,2024-03-30,KR,DE,4724,565,336,4.0,9.0,False,False,False,True
pid_04592,seller_1969,Luxury Goods,NaturalGl0w,5.0,2.8,1420,1,238.0,10.0,2,5,True,False,3,2025-02-12,CN,GB,4142,375,287,0.0,0.0,True,False,False,True
pid_03005,seller_7658,Pharmaceuticals,HealthCare Plus,78.67,2.9,0,3,20.0,34.0,2,5,False,True,1,2024-10-03,GB,GB,2763,58,176,0.0,10.0,False,False,False,True
pid_03027,seller_6818,Cosmetics,AutoParts Pro,178.84,3.8,602,4,518.0,4.0,0,47,True,True,2,2025-08-23,KR,GB,3884,337,228,3.0,14.0,False,False,False,True
pid_03179,seller_5477,Cosmetics,CircuitMaster,5.0,4.0,0,1,171.0,33.0,2,5,False,False,2,2024-01-18,CA,JP,4250,471,283,1.0,2.0,False,True,True,True
pid_03747,seller_9148,Fashion,EliteDesign,280.68,3.0,3106,1,712.0,10.0,0,1833,True,True,3,2024-03-18,FR,FR,4856,287,372,4.0,7.0,True,True,False,False
pid_03484,seller_6133,Cosmetics,MotorMax,24.15,3.8,0,3,227.0,17.0,0,5,True,True,5,2025-09-17,US,US,4540,425,258,1.0,21.0,False,False,False,True
pid_03819,seller_3743,Luxury Goods,ClassicWear,141.57,4.4,0,1,241.0,,0,2835,True,True,4,2025-09-01,AU,GB,2372,251,95,3.0,9.0,False,False,False,True
pid_01364,seller_3821,Pharmaceuticals,Prem1umCraft,87.56,4.4,1593,1,164.0,9.0,0,1832,True,True,2,2025-04-20,DE,CN,3551,471,253,2.0,,False,False,True,False
pid_04543,seller_4139,Fashion,Be@utyLux,106.27,4.3,1344,6,299.0,1.0,1,2260,True,True,3,2025-04-17,FR,JP,918,82,53,4.0,12.0,False,False,False,True
pid_01922,seller_4930,Cosmetics,EliteDesign,185.56,3.7,5148,5,460.0,1.0,0,1744,True,False,4,2025-02-14,US,CA,2520,104,155,3.0,16.0,True,True,False,False
pid_00678,seller_9975,Automotive,GlamourCo,64.24,4.4,1597,6,513.0,6.0,0,2065,True,True,2,2024-09-11,GB,AU,1724,179,92,2.0,13.0,False,False,True,False
pid_03751,seller_6938,Automotive,TechCorp,180.89,4.1,1078,3,338.0,25.0,0,2299,True,True,2,2025-02-22,DE,FR,1323,194,50,2.0,14.0,True,False,False,True
pid_03369,seller_9486,Cosmetics,CarTech,295.97,4.9,5585,7,584.0,5.0,0,4000,True,False,6,2024-02-24,US,KR,4777,520,154,2.0,5.0,False,True,False,False
pid_04259,seller_1513,Fashion,AutoParts Pro,134.37,3.9,3165,5,341.0,44.0,0,518,False,False,2,2025-10-07,GB,KR,4971,129,313,5.0,9.0,True,False,False,False
pid_01729,seller_8585,Cosmetics,FashionForward,5.0,,0,5,50.0,8.0,2,5,True,True,1,2025-06-06,CA,GB,2373,228,56,3.0,13.0,True,False,False,False
pid_01777,seller_7222,Luxury Goods,DigitalPro,297.94,5.0,3747,9,634.0,1.0,0,3735,True,True,5,2025-11-18,FR,CN,638,44,21,4.0,23.0,False,False,False,False
pid_02374,seller_5633,Cosmetics,CircuitMaster,136.95,3.9,145,4,512.0,1.0,0,605,True,True,1,2025-12-02,FR,IN,1251,94,11,4.0,18.0,False,False,False,False
pid_02320,seller_2058,Automotive,Digit@lPro,5.0,3.3,4842,1,254.0,36.0,2,886,True,False,3,2024-05-23,AU,CN,4835,407,368,0.0,0.0,True,False,False,True
pid_02165,seller_2464,Automotive,Elit3Design,181.59,4.0,2693,1,163.0,24.0,4,5,False,True,1,2025-10-24,AU,CN,316,15,1,0.0,0.0,False,False,False,False
pid_00796,seller_8376,Automotive,NaturalGlow,173.99,4.8,2074,4,778.0,,0,5,True,True,3,2025-07-11,US,AU,3764,423,129,3.0,0.0,False,False,False,False
pid_00324,seller_2707,Automotive,NaturalGlow,194.71,4.1,2046,2,167.0,7.0,0,1847,True,True,3,2025-07-15,AU,GB,4278,557,202,1.0,11.0,False,False,True,True
pid_04824,seller_4963,Luxury Goods,E1ectroMax,275.72,4.9,6064,4,577.0,6.0,0,1806,True,True,5,2025-05-05,GB,FR,2018,159,10,1.0,23.0,False,False,False,True
pid_01896,seller_7999,Cosmetics,VehicleCar3,196.59,3.6,0,1,529.0,29.0,1,1181,True,True,2,2024-03-21,DE,JP,2581,183,65,2.0,9.0,False,False,False,False
pid_03844,seller_9292,Electronics,LuxuryBr@nd,125.13,4.2,1632,4,174.0,12.0,1,980,True,True,5,2025-09-17,CN,JP,3367,73,253,1.0,7.0,False,True,False,True
pid_00090,seller_3975,Electronics,EliteDesign,177.32,3.7,4200,4,410.0,4.0,0,3219,True,True,4,2024-07-29,JP,FR,1493,223,29,2.0,5.0,False,False,False,False
pid_04730,seller_7286,Electronics,VehicleCare,188.02,4.0,1028,4,782.0,29.0,3,5,True,True,1,2025-11-22,GB,CA,3434,211,61,3.0,16.0,False,False,False,False
pid_02345,seller_4487,Cosmetics,HealthCare Plus,179.56,3.0,0,3,374.0,29.0,2,1475,True,True,4,2024-05-13,JP,DE,4257,274,139,,18.0,True,True,False,False
pid_00094,seller_1235,Pharmaceuticals,BeautyLux,226.69,4.2,84,6,450.0,1.0,1,129,False,True,3,2024-11-19,AU,FR,2872,39,114,5.0,19.0,False,False,False,False
pid_01946,seller_8327,Luxury Goods,TechC0rp,5.0,2.5,0,1,20.0,36.0,4,5,True,False,1,2024-11-10,CN,IN,1519,198,17,0.0,0.0,False,True,False,True
pid_00157,seller_5468,Pharmaceuticals,ExclusiveItems,194.46,3.6,2675,4,467.0,22.0,1,1815,False,True,3,2024-01-06,AU,IN,3205,132,214,0.0,14.0,False,False,False,False
pid_04876,seller_3228,Cosmetics,PremiumCraft,131.85,4.7,2510,8,557.0,6.0,0,1691,True,True,6,2025-02-15,GB,US,1770,253,39,2.0,17.0,False,False,False,True
pid_04833,seller_6227,Electronics,MotorMax,165.68,4.8,1563,7,691.0,28.0,0,2862,True,True,5,2024-06-16,AU,US,103,9,6,1.0,19.0,False,False,True,False
pid_00834,seller_4885,Luxury Goods,HealthCare Plus,121.19,4.3,2428,4,406.0,19.0,0,541,True,False,2,2025-04-25,US,AU,2769,362,97,3.0,17.0,False,False,False,False
pid_04073,seller_6857,Cosmetics,StyleHouse,332.27,5.0,3980,5,689.0,1.0,0,3800,True,True,6,2024-09-21,CN,US,3217,422,205,3.0,18.0,False,False,False,False
pid_04897,seller_9856,Fashion,B3autyLux,91.85,4.0,0,1,,8.0,0,1719,True,False,1,2024-12-19,KR,DE,942,99,66,1.0,5.0,False,True,False,True
pid_03692,seller_3791,Pharmaceuticals,G1amourCo,126.2,4.2,1603,6,146.0,6.0,0,1221,True,False,3,2024-01-02,FR,KR,1913,209,150,0.0,10.0,False,False,False,True
pid_01113,seller_6411,Luxury Goods,CarTech,42.07,4.5,1112,3,226.0,8.0,1,3083,True,True,1,2024-02-02,IN,CA,1210,13,10,0.0,3.0,False,True,False,False
pid_02104,seller_3554,Pharmaceuticals,Veh1cleCare,145.56,3.5,2797,1,455.0,19.0,1,5,True,False,4,2025-03-09,CN,CA,4061,137,76,0.0,14.0,False,True,False,True
pid_03223,seller_1287,Electronics,MotorMax,206.05,3.5,3147,1,204.0,14.0,1,1340,True,True,6,2025-01-27,CN,KR,3690,314,95,4.0,6.0,False,True,True,False
pid_03622,seller_4482,Electronics,PureSkin,59.15,3.9,511,1,548.0,13.0,2,727,False,False,4,2025-03-14,JP,US,1308,141,20,1.0,17.0,False,True,False,False
pid_03375,seller_5577,Pharmaceuticals,Be@utyLux,5.0,,0,3,122.0,24.0,1,5,False,True,1,2025-11-22,CA,KR,4691,308,307,0.0,0.0,True,True,False,True
pid_04613,seller_1970,Electronics,TechCorp,151.05,3.6,682,1,272.0,37.0,0,5,True,True,2,2024-04-22,CN,AU,4728,685,210,1.0,12.0,True,True,False,True
pid_03242,seller_1804,Luxury Goods,TrendSetter,151.68,3.7,25,6,238.0,16.0,0,1035,True,True,5,2024-08-05,CA,AU,1020,72,29,0.0,15.0,False,True,False,True
pid_02687,seller_4690,Fashion,PureSkin,223.21,4.0,245,3,196.0,20.0,0,1529,False,False,1,2025-06-25,FR,CN,3446,189,210,0.0,,False,False,True,True
pid_03986,seller_2860,Electronics,PureSkin,214.34,4.7,373,4,118.0,17.0,0,2141,True,False,4,2024-01-24,CA,JP,873,81,37,4.0,17.0,False,False,False,False
pid_00230,seller_4636,Pharmaceuticals,HealthCare Plus,131.42,5.0,3025,2,380.0,7.0,0,1397,False,False,5,2025-08-17,KR,GB,2729,94,171,0.0,21.0,False,False,False,False
pid_01399,seller_2559,Cosmetics,VehicleCare,103.55,3.4,456,3,191.0,3.0,2,1758,True,False,1,2025-03-22,US,FR,646,31,13,0.0,10.0,False,False,False,False
pid_04072,seller_8569,Cosmetics,PremiumCraft,125.04,4.9,1294,5,227.0,6.0,2,3059,True,False,4,2024-02-26,JP,CA,745,78,52,3.0,31.0,True,False,True,False
pid_03610,seller_3541,Cosmetics,TrendSetter,29.3,4.3,0,1,419.0,48.0,1,1466,False,False,2,2024-02-17,IN,US,1016,84,30,2.0,1.0,False,True,True,False
pid_03576,seller_7270,Electronics,TrendS3tter,181.31,4.0,5422,4,275.0,6.0,0,4000,True,False,4,2024-02-28,JP,GB,2900,385,131,4.0,20.0,False,False,False,False
pid_01751,seller_2354,Electronics,BioMed Solutions,45.08,3.1,643,1,307.0,15.0,0,5,False,True,2,2024-08-15,FR,DE,187,6,13,0.0,17.0,False,True,False,False
pid_03053,seller_7376,Fashion,El3ctroMax,132.22,3.8,5221,4,234.0,28.0,1,2202,True,False,2,2024-12-07,IN,GB,519,41,10,2.0,13.0,True,False,True,True
pid_04055,seller_1764,Electronics,T3chCorp,181.3,4.2,2842,4,384.0,13.0,1,1146,True,True,4,2025-01-14,US,KR,2391,96,176,4.0,12.0,False,False,False,True
pid_04214,seller_6157,Cosmetics,PureSkin,244.54,4.7,3534,4,764.0,20.0,0,1265,True,True,4,2025-02-22,AU,US,2567,129,43,1.0,19.0,False,False,True,False
pid_00600,seller_7757,Electronics,BeautyLux,133.82,4.3,3507,4,235.0,17.0,0,3230,True,True,2,2025-08-26,CA,AU,325,9,13,1.0,36.0,False,False,False,False
pid_01476,seller_6476,Pharmaceuticals,WellnessLab,93.58,3.7,1021,1,446.0,4.0,2,5,False,False,2,2025-04-07,AU,JP,718,62,13,5.0,15.0,False,False,False,False
pid_03928,seller_1373,Cosmetics,PremiumCraft,159.84,3.8,855,4,201.0,24.0,0,169,True,True,1,2024-05-29,GB,GB,2306,105,149,,8.0,False,False,True,False
pid_01494,seller_2553,Cosmetics,GlamourCo,189.37,5.0,3226,6,361.0,1.0,1,4000,True,True,3,2025-04-26,FR,GB,1951,61,18,3.0,22.0,True,False,True,False
pid_02362,seller_2588,Fashion,MotorMax,116.58,4.1,3811,3,390.0,12.0,0,1452,False,True,4,2025-06-30,GB,CN,1405,185,89,3.0,13.0,True,False,False,False
pid_03831,seller_3407,Pharmaceuticals,BeautyLux,53.3,,1161,1,378.0,9.0,2,2263,False,True,1,2024-05-01,AU,CN,2987,344,174,2.0,5.0,False,False,False,True
pid_02185,seller_9990,Automotive,WellnessLab,270.65,3.7,1643,1,597.0,16.0,0,493,True,False,5,2025-10-18,FR,GB,493,13,11,1.0,3.0,True,False,False,True
pid_00250,seller_2972,Fashion,TechCorp,34.81,3.4,0,3,20.0,17.0,2,1185,False,True,3,2024-07-12,DE,US,4420,408,253,1.0,7.0,False,False,True,False
pid_04118,seller_5538,Electronics,C@rTech,80.94,3.9,0,2,502.0,29.0,2,486,False,True,2,2025-12-22,CA,FR,1534,48,69,1.0,0.0,False,False,False,True
pid_00891,seller_4074,Automotive,BioMed Solutions,50.22,3.8,0,2,250.0,13.0,1,1703,True,True,2,2025-03-13,US,US,3485,355,29,0.0,1.0,False,False,False,False
pid_02748,seller_9696,Pharmaceuticals,DigitalPro,138.25,3.7,3648,6,248.0,16.0,0,2640,True,True,5,2024-09-09,CA,JP,4003,195,223,1.0,21.0,False,False,False,False
pid_01264,seller_7153,Electronics,Wel1nessLab,171.18,3.1,566,1,477.0,1.0,0,314,False,True,2,2024-06-15,DE,IN,1966,50,33,2.0,30.0,True,False,False,True
pid_04032,seller_7395,Electronics,AutoParts Pro,117.52,4.2,874,4,338.0,11.0,2,1082,False,False,1,2024-10-27,US,DE,2358,188,95,2.0,2.0,True,False,False,False
pid_00393,seller_6280,Pharmaceuticals,TechC0rp,129.42,3.6,1469,3,20.0,28.0,2,68,True,True,2,2025-05-30,IN,KR,4419,535,192,3.0,7.0,False,False,True,True
pid_02565,seller_2124,Fashion,ElectroMax,116.85,3.8,1164,3,422.0,16.0,2,1792,False,True,1,2025-01-14,CN,IN,4145,406,224,3.0,10.0,True,False,True,True
pid_03523,seller_2269,Electronics,NaturalGlow,75.42,3.6,0,4,390.0,12.0,1,1005,True,True,2,2024-05-13,CN,JP,4292,207,96,1.0,16.0,True,False,False,False
pid_01743,seller_2262,Electronics,CarTech,104.1,4.4,1396,5,540.0,20.0,0,2362,True,False,6,2024-09-22,FR,IN,4774,403,104,1.0,19.0,False,False,False,True
pid_01828,seller_4263,Pharmaceuticals,C@rTech,184.91,4.1,2952,4,627.0,12.0,0,852,True,False,2,2025-07-04,CA,FR,2637,321,177,1.0,10.0,False,True,False,True
pid_03438,seller_3227,Automotive,NaturalGlow,154.35,3.4,0,1,542.0,35.0,4,63,False,True,3,2024-03-21,JP,CN,1202,146,95,0.0,19.0,False,False,True,False
pid_01815,seller_1480,Automotive,DigitalPro,143.46,4.3,4392,6,465.0,9.0,0,3749,True,True,4,2024-02-06,FR,JP,2970,428,206,3.0,29.0,True,False,False,False
pid_03408,seller_1052,Fashion,AutoParts Pro,128.42,4.3,3020,5,738.0,9.0,0,1648,True,False,5,2025-10-26,JP,US,1576,160,104,1.0,26.0,True,False,False,True
pid_01686,seller_5228,Automotive,ElectroMax,207.34,3.4,1763,1,236.0,1.0,1,2535,True,False,4,2025-12-12,CN,CN,4510,456,231,2.0,33.0,True,False,True,False
pid_02927,seller_6350,Automotive,TechCorp,16.3,4.0,0,2,576.0,34.0,0,1157,False,True,1,2024-06-10,US,JP,643,89,21,0.0,0.0,True,False,False,False
pid_00205,seller_8017,Electronics,Pr3miumCraft,164.96,4.3,2487,3,577.0,2.0,0,2189,False,True,4,2025-06-11,KR,GB,3458,122,136,2.0,17.0,False,False,False,True
pid_00795,seller_4953,Automotive,CarTech,5.0,4.0,1798,2,296.0,22.0,1,360,True,False,1,2025-11-27,CA,JP,3131,374,225,1.0,12.0,False,False,True,True
pid_02761,seller_8873,Electronics,StyleHouse,66.46,3.9,0,3,519.0,44.0,3,363,False,False,3,2025-11-16,GB,DE,3372,255,179,1.0,0.0,False,False,False,False
pid_00870,seller_9455,Fashion,BeautyLux,46.34,4.4,3187,5,365.0,24.0,0,2447,True,False,2,2024-01-03,CA,US,4046,74,281,4.0,0.0,True,True,False,False
pid_04490,seller_8464,Fashion,ElectroMax,162.9,5.0,3824,1,476.0,15.0,2,1692,True,True,1,2025-07-02,JP,KR,3948,334,50,1.0,5.0,False,False,False,False
pid_02351,seller_4719,Automotive,StyleHouse,151.92,4.0,14,4,506.0,16.0,0,2524,True,False,5,2024-03-15,DE,JP,1956,292,79,2.0,12.0,False,False,False,False
pid_02667,seller_1358,Cosmetics,AutoParts Pro,195.15,4.4,0,3,306.0,3.0,0,652,True,True,2,2024-12-18,FR,DE,2708,225,56,0.0,8.0,False,False,True,False
pid_03783,seller_5791,Pharmaceuticals,ElectroMax,261.02,4.6,3703,1,550.0,16.0,1,585,True,True,1,2025-06-25,FR,AU,1377,155,94,3.0,6.0,False,True,False,False
pid_01165,seller_6528,Pharmaceuticals,AutoParts Pro,258.18,4.8,3894,5,519.0,15.0,0,1908,True,True,4,2025-05-10,JP,AU,2995,252,78,5.0,24.0,False,False,False,False
pid_01026,seller_8394,Automotive,BioMed Solutions,5.0,3.5,164,2,508.0,13.0,2,127,False,True,1,2025-05-14,JP,CA,2372,93,62,0.0,11.0,True,False,False,False
pid_03583,seller_2087,Automotive,ElectroMax,11.97,3.7,3248,7,324.0,28.0,0,1633,True,False,2,2024-02-28,GB,CN,675,52,41,0.0,9.0,False,False,False,False
pid_01045,seller_6323,Cosmetics,CircuitMa5ter,121.66,3.8,0,4,20.0,13.0,3,1655,False,False,1,2024-05-24,KR,CN,4334,603,322,0.0,24.0,False,False,False,True
pid_03784,seller_2386,Pharmaceuticals,PureSkin,55.91,3.6,0,5,124.0,25.0,2,2260,True,False,2,2024-02-20,KR,CN,1193,57,19,1.0,1.0,False,False,False,False
pid_02471,seller_5916,Automotive,PureSk1n,219.47,4.5,5094,8,856.0,8.0,1,1882,True,False,3,2025-10-03,FR,AU,2755,277,136,3.0,19.0,False,False,False,True
pid_02476,seller_2243,Electronics,GlamourCo,58.65,3.4,1992,7,20.0,23.0,0,1053,True,True,1,2024-11-02,US,CN,1579,73,79,0.0,25.0,False,False,False,False
pid_02076,seller_4980,Fashion,GlamourC0,144.54,4.0,2383,3,456.0,26.0,1,2110,True,False,2,2024-04-26,CA,CN,4630,585,232,0.0,22.0,True,False,False,True
pid_04104,seller_2796,Fashion,AutoParts Pro,158.96,3.3,3355,5,37.0,22.0,3,1190,True,False,5,2024-05-11,DE,US,1241,93,9,3.0,17.0,False,False,False,True
pid_01833,seller_5425,Pharmaceuticals,FashionForward,114.84,3.7,0,2,380.0,25.0,2,353,False,True,4,2024-05-20,AU,JP,4334,564,48,1.0,9.0,True,True,False,False
pid_02756,seller_8333,Luxury Goods,TrendSetter,227.39,4.4,4703,4,492.0,17.0,0,2359,True,True,3,2024-07-24,IN,FR,2034,132,81,0.0,17.0,False,False,False,False
pid_04937,seller_4053,Luxury Goods,PureSkin,142.15,4.5,2474,1,554.0,7.0,1,2432,True,True,5,2025-08-13,KR,KR,2116,190,91,1.0,12.0,True,False,False,False
pid_01714,seller_2561,Electronics,MediPharm,271.83,3.7,389,1,615.0,7.0,0,3163,True,False,2,2024-02-28,US,CA,140,8,8,5.0,26.0,False,False,False,False
pid_01937,seller_9717,Pharmaceuticals,ExclusiveItems,101.28,4.1,1177,2,20.0,2.0,1,543,True,True,4,2025-07-03,US,DE,1084,39,74,1.0,0.0,False,False,True,False
pid_00044,seller_4280,Fashion,CarT3ch,190.26,5.0,1766,5,696.0,16.0,0,2068,True,True,5,2025-06-30,FR,CA,4239,92,281,1.0,35.0,False,False,False,True
pid_02078,seller_6869,Automotive,Exclusiv3Items,301.66,4.2,4836,5,600.0,1.0,0,3635,True,True,3,2025-06-25,CA,KR,1341,53,45,2.0,27.0,False,False,False,False
pid_00196,seller_4250,Pharmaceuticals,VehicleCare,184.43,3.0,3331,4,593.0,9.0,0,1892,False,True,1,2025-04-30,AU,CN,737,60,34,0.0,0.0,True,False,False,True
pid_01802,seller_5538,Fashion,HealthCare Plus,141.47,3.3,592,4,354.0,13.0,0,2278,True,True,1,2025-03-13,CA,AU,1348,103,29,1.0,12.0,True,False,False,False
pid_03020,seller_9472,Fashion,WellnessL@b,206.84,3.5,1133,7,540.0,21.0,0,1592,True,True,6,2024-11-11,FR,DE,3544,400,147,0.0,14.0,False,False,False,True
pid_00102,seller_2787,Fashion,MediPharm,186.27,4.1,0,4,527.0,29.0,1,2615,False,False,1,2024-02-20,CA,JP,2426,88,171,1.0,19.0,False,True,False,False
pid_04513,seller_8474,Cosmetics,BeautyLux,82.91,4.3,1566,4,532.0,25.0,1,1524,True,False,3,2025-06-07,KR,AU,4166,621,167,1.0,16.0,False,False,True,False
pid_00218,seller_4263,Cosmetics,FashionF0rward,260.64,4.3,5345,5,604.0,1.0,0,2002,True,True,3,2024-03-21,AU,IN,671,77,41,4.0,12.0,False,False,False,True
pid_01958,seller_1345,Cosmetics,PureSkin,294.3,3.8,0,4,310.0,17.0,1,1753,True,True,5,2024-05-30,CA,IN,1441,167,68,2.0,9.0,True,False,False,False
pid_02355,seller_1203,Electronics,HealthCare Plus,5.0,3.7,0,3,357.0,20.0,1,189,False,True,2,2025-11-08,CA,KR,2515,272,194,3.0,,False,True,False,False
pid_01419,seller_9970,Automotive,TrendSetter,169.81,4.0,642,3,777.0,24.0,3,1791,False,False,3,2025-06-30,IN,CN,1405,197,20,2.0,8.0,True,False,False,True
pid_03699,seller_7274,Fashion,Styl3House,130.37,3.7,3426,7,234.0,33.0,0,1067,True,True,3,2025-12-29,IN,DE,2007,32,112,2.0,,False,False,False,True
pid_00839,seller_3821,Cosmetics,AutoParts Pro,183.85,3.6,1247,5,390.0,15.0,0,2867,True,True,3,2024-01-02,FR,JP,4924,734,114,2.0,7.0,False,False,False,False
pid_01723,seller_1535,Electronics,Fashi0nForward,72.37,3.1,0,1,229.0,25.0,1,1846,False,True,1,2025-12-17,CA,CA,3126,160,25,1.0,13.0,False,False,False,True
pid_00136,seller_2680,Luxury Goods,CarTech,100.79,3.8,0,1,319.0,6.0,0,1954,True,False,1,2024-09-16,DE,CN,2561,153,198,2.0,20.0,False,False,False,False
pid_03933,seller_4071,Fashion,WellnessLab,179.13,4.2,2326,4,503.0,1.0,1,1279,False,False,1,2025-11-07,AU,CA,2783,360,30,1.0,19.0,False,False,False,False
pid_04019,seller_1165,Fashion,El3ctroMax,117.93,3.9,0,3,418.0,23.0,2,1826,True,True,3,2025-07-30,IN,GB,2642,47,76,1.0,,False,False,False,True
pid_01759,seller_2508,Luxury Goods,EliteDesign,72.92,3.7,2210,7,948.0,32.0,0,2921,True,True,3,2025-03-16,CA,CA,4955,266,257,4.0,10.0,False,False,False,False
pid_00133,seller_4874,Fashion,Cla5sicWear,239.41,5.0,2906,8,600.0,13.0,0,2786,True,True,4,2024-12-15,FR,FR,644,91,21,2.0,28.0,True,False,False,False
pid_01381,seller_8588,Fashion,PremiumCraft,86.12,4.3,1579,4,359.0,17.0,3,855,True,True,2,2025-02-14,KR,GB,201,24,13,1.0,0.0,False,True,False,False
pid_02742,seller_7428,Electronics,StyleHouse,197.08,4.5,2603,3,393.0,10.0,0,3313,True,True,4,2025-06-13,AU,KR,4745,664,357,3.0,2.0,True,False,False,False
pid_04919,seller_4351,Fashion,PureSkin,127.6,3.8,0,1,237.0,15.0,1,2678,True,True,2,2025-12-26,FR,CN,2392,202,67,0.0,0.0,False,False,False,False
pid_03720,seller_4376,Fashion,FashionForward,253.37,3.1,0,5,880.0,13.0,0,743,False,False,2,2025-10-26,KR,US,1241,75,14,2.0,,False,False,False,True
pid_04134,seller_9689,Cosmetics,StyleHouse,124.69,4.9,0,5,226.0,10.0,1,2764,True,False,3,2024-08-21,AU,GB,1403,139,62,1.0,5.0,False,False,False,True
pid_03067,seller_6968,Automotive,PremiumCraft,93.91,3.5,1606,1,195.0,17.0,0,1112,True,True,1,2025-03-21,AU,JP,2499,271,100,0.0,11.0,False,False,False,False
pid_01185,seller_4930,Automotive,StyleHouse,260.57,4.0,1814,5,656.0,17.0,0,1236,True,True,5,2024-06-16,CN,GB,3409,403,148,5.0,14.0,False,False,False,False
pid_03836,seller_1044,Automotive,Wellnes5Lab,210.85,4.3,3329,3,471.0,1.0,0,431,True,False,1,2024-10-08,CN,US,235,31,14,0.0,18.0,False,False,False,True
pid_02234,seller_1216,Cosmetics,HealthCare Plus,141.16,4.1,1633,5,784.0,13.0,0,3759,True,True,6,2024-11-06,CA,US,2761,81,127,3.0,3.0,False,False,False,False
pid_01739,seller_5090,Fashion,BioMed Solutions,82.79,4.2,0,5,274.0,17.0,2,1027,True,True,3,2024-09-05,US,AU,1228,33,25,3.0,15.0,False,True,False,True
pid_02429,seller_1135,Automotive,ElectroMax,298.17,4.5,2809,3,520.0,7.0,0,2143,True,True,5,2024-05-24,CN,CN,2278,275,29,2.0,8.0,True,False,True,False
pid_00082,seller_7616,Fashion,GlamourC0,81.37,3.7,0,3,689.0,26.0,0,1510,True,True,3,2024-05-18,FR,FR,1534,75,62,1.0,21.0,False,False,False,True
pid_00996,seller_1535,Automotive,FashionForward,138.07,2.8,2436,6,244.0,1.0,0,2882,True,False,3,2024-10-04,US,US,4597,66,323,3.0,7.0,False,False,False,True
pid_02804,seller_1008,Luxury Goods,AutoParts Pro,81.55,3.8,10,7,486.0,17.0,1,754,True,True,1,2025-10-10,GB,IN,564,42,19,2.0,6.0,False,False,True,False
pid_01993,seller_7640,Electronics,StyleHouse,219.74,4.9,3077,2,764.0,18.0,0,3750,False,True,3,2024-08-07,US,CA,626,75,35,2.0,21.0,False,False,False,False
pid_04587,seller_4172,Electronics,CircuitMaster,34.42,3.4,1185,1,214.0,34.0,2,5,True,True,2,2025-04-18,AU,DE,3083,270,218,0.0,0.0,False,True,False,True
pid_01608,seller_8284,Fashion,CircuitMaster,295.17,4.8,2145,7,809.0,21.0,2,3889,True,False,2,2025-07-28,KR,DE,730,24,10,1.0,19.0,False,True,False,False
pid_02605,seller_8143,Luxury Goods,MotorMax,133.45,4.0,0,4,501.0,30.0,1,566,True,True,3,2024-11-23,KR,DE,374,44,15,2.0,22.0,False,False,False,False
pid_04776,seller_5878,Electronics,LuxuryBr@nd,136.51,4.2,0,1,517.0,18.0,0,1247,True,False,3,2025-10-04,IN,FR,1323,144,76,3.0,7.0,False,False,True,False
pid_00190,seller_2337,Electronics,VehicleCare,236.63,5.0,5540,1,651.0,1.0,0,3406,True,True,5,2025-06-01,DE,CA,1818,21,15,1.0,3.0,False,False,False,False
pid_04781,seller_5817,Electronics,StyleHouse,275.44,5.0,6561,8,824.0,12.0,1,2314,True,True,3,2025-04-14,JP,DE,1185,149,6,3.0,32.0,False,False,False,False
pid_01520,seller_8532,Electronics,VehicleCare,5.0,4.3,470,1,411.0,22.0,1,3730,True,True,3,2025-09-15,CN,IN,2711,31,87,3.0,17.0,False,False,False,True
pid_03307,seller_7508,Electronics,MediPharm,140.07,3.3,1833,3,20.0,15.0,3,2071,True,True,4,2024-06-12,KR,CA,3645,190,195,5.0,2.0,False,False,False,True
pid_00840,seller_2312,Electronics,ClassicWear,161.31,4.6,2313,4,590.0,10.0,0,2159,True,True,3,2024-12-17,AU,US,2878,109,212,2.0,27.0,False,False,False,False
pid_02294,seller_8018,Electronics,V3hicleCare,212.79,4.1,5296,1,407.0,33.0,1,2875,True,True,3,2024-03-15,DE,IN,4668,196,287,4.0,15.0,True,False,False,True
pid_01328,seller_7334,Cosmetics,ElectroMax,67.57,3.4,1349,5,138.0,22.0,0,2345,True,True,2,2025-07-08,GB,US,3631,139,111,1.0,6.0,False,False,False,True
pid_00587,seller_8921,Electronics,Med1Pharm,278.95,4.0,3854,4,286.0,1.0,0,2207,False,True,3,2025-08-04,CA,FR,4172,288,309,2.0,16.0,False,False,False,True
pid_00100,seller_3554,Electronics,BeautyLux,213.76,4.3,3184,5,633.0,1.0,0,2689,True,False,5,2025-06-20,CN,US,4187,102,85,1.0,8.0,True,False,False,False
pid_01377,seller_3617,Luxury Goods,GlamourCo,73.27,3.8,2875,5,639.0,11.0,1,878,False,True,2,2024-06-29,US,US,333,32,10,1.0,5.0,False,False,False,True
pid_00906,seller_9590,Pharmaceuticals,VehicleCare,141.67,3.9,1227,3,293.0,,2,1552,False,True,3,2025-01-23,KR,GB,1157,127,32,1.0,17.0,True,False,False,False
pid_00366,seller_8186,Automotive,TrendSetter,169.8,4.7,3779,2,184.0,16.0,0,1303,True,True,5,2024-01-20,FR,CN,1750,96,100,3.0,12.0,False,False,False,True
pid_03972,seller_6264,Fashion,TechCorp,248.44,5.0,4348,7,913.0,1.0,0,829,True,True,5,2025-09-24,AU,CA,4995,368,52,0.0,25.0,True,False,False,False
pid_00486,seller_4810,Electronics,StyleHouse,121.81,4.2,0,2,313.0,25.0,0,396,True,False,1,2025-10-08,AU,FR,2652,213,59,0.0,8.0,False,True,False,False
pid_01772,seller_1678,Automotive,Natura1Glow,144.15,4.4,0,1,352.0,6.0,2,1202,False,True,3,2025-12-05,JP,JP,621,82,26,0.0,6.0,False,False,False,False
pid_04980,seller_5916,Automotive,Clas5icWear,58.36,4.0,0,3,370.0,12.0,1,2124,True,False,2,2024-07-13,GB,JP,2156,267,115,1.0,9.0,False,False,False,True
pid_01417,seller_4829,Electronics,TechCorp,113.05,3.4,811,3,319.0,16.0,0,5,False,True,3,2025-06-26,DE,KR,1719,161,124,2.0,28.0,False,False,False,True
pid_00599,seller_2707,Electronics,LuxuryBr@nd,79.38,3.7,0,4,58.0,12.0,3,1619,True,True,5,2024-12-24,GB,CN,561,37,21,1.0,1.0,False,False,True,False
pid_03785,seller_2010,Electronics,NaturalG1ow,173.97,3.5,18,3,327.0,9.0,0,1297,True,True,1,2024-02-17,CN,JP,2185,271,112,0.0,,False,False,False,True
pid_03472,seller_5133,Cosmetics,CircuitMaster,224.38,4.0,509,3,697.0,1.0,0,2776,True,False,1,2024-01-06,DE,CN,3996,104,258,2.0,9.0,False,False,False,False
pid_02390,seller_7702,Fashion,StyleHouse,129.04,4.1,472,5,670.0,1.0,0,2252,True,False,2,2024-01-22,JP,US,1815,151,23,0.0,18.0,True,False,False,False
pid_00358,seller_2071,Automotive,DigitalPro,89.12,4.8,2143,1,426.0,21.0,0,2255,False,True,4,2025-07-25,IN,KR,2218,107,82,2.0,0.0,True,False,False,False
pid_02644,seller_4500,Electronics,GlamourCo,205.31,5.0,0,5,,8.0,2,2842,True,False,2,2024-01-27,FR,IN,1129,65,24,3.0,10.0,True,False,False,True
pid_00779,seller_4399,Cosmetics,WellnessLab,167.13,4.4,0,1,193.0,1.0,0,1592,False,False,2,2024-03-29,DE,IN,3133,352,29,1.0,3.0,False,False,False,False
pid_04511,seller_2762,Luxury Goods,PremiumCraft,22.83,3.9,0,1,321.0,21.0,0,1458,True,False,1,2025-06-23,FR,CA,1533,42,44,,1.0,False,False,False,True
pid_04849,seller_8682,Electronics,MotorMax,114.55,3.4,2582,5,252.0,9.0,0,1919,False,False,2,2025-12-26,KR,IN,4918,501,202,3.0,5.0,False,True,False,False
pid_04239,seller_9673,Fashion,PremiumCraft,232.53,3.9,3656,5,548.0,1.0,0,1822,True,False,3,2025-05-06,KR,AU,1668,159,95,1.0,12.0,False,False,False,False
pid_01179,seller_1401,Luxury Goods,HealthCare Plus,299.47,3.6,0,4,266.0,18.0,2,1294,True,False,5,2024-02-15,DE,FR,2550,374,148,5.0,20.0,True,False,False,False
pid_02975,seller_6371,Electronics,TechCorp,210.62,4.8,1091,4,413.0,22.0,0,1019,True,True,6,2024-06-22,DE,JP,3011,98,102,2.0,17.0,False,False,False,False
pid_04512,seller_3951,Electronics,Exclusiv3Items,149.5,3.7,0,1,196.0,39.0,1,1862,True,True,1,2025-03-29,CN,IN,109,1,0,1.0,2.0,False,True,True,True
pid_04069,seller_6601,Pharmaceuticals,BioMed Solut1ons,22.92,4.4,1430,2,100.0,24.0,1,661,False,True,1,2024-12-20,DE,US,4026,253,55,0.0,,False,False,False,True
pid_04399,seller_8962,Electronics,ElectroMax,209.02,4.4,1491,4,638.0,2.0,2,2447,True,False,2,2025-03-02,DE,FR,414,51,10,0.0,20.0,False,False,False,True
pid_01030,seller_9197,Electronics,CircuitM@ster,239.15,4.2,0,4,483.0,19.0,0,1548,True,True,1,2025-09-30,GB,DE,1803,96,14,1.0,10.0,False,False,True,True
pid_01915,seller_4719,Pharmaceuticals,StyleH0use,332.19,3.8,4474,6,712.0,27.0,0,1574,False,True,3,2025-04-07,CA,AU,1148,42,45,0.0,9.0,True,False,False,True
pid_02408,seller_6923,Automotive,LuxuryBr@nd,214.56,5.0,2825,5,939.0,4.0,0,2586,True,False,5,2024-07-19,KR,AU,2335,208,158,5.0,19.0,False,False,False,True
pid_00191,seller_5914,Automotive,Cl@ssicWear,222.49,3.9,2256,2,274.0,11.0,2,3162,False,False,5,2024-03-25,JP,JP,537,77,28,2.0,14.0,False,False,False,True
pid_01121,seller_1986,Automotive,CarTech,63.67,5.0,1955,1,394.0,21.0,2,396,True,False,2,2024-05-28,IN,CA,2749,60,37,1.0,15.0,False,False,True,False
pid_02142,seller_1335,Cosmetics,PureSkin,147.72,3.3,184,5,,39.0,4,1321,False,True,1,2024-04-07,GB,DE,3351,358,127,0.0,0.0,True,False,False,True
pid_02379,seller_8503,Pharmaceuticals,Cla5sicWear,212.1,4.2,2561,2,735.0,11.0,1,1299,False,True,6,2024-05-28,FR,CN,4950,303,309,3.0,15.0,False,False,False,False
pid_01038,seller_6454,Electronics,CarTech,36.24,,2712,1,351.0,24.0,1,2618,True,True,4,2025-07-31,AU,GB,3026,106,216,2.0,11.0,True,True,False,False
pid_01926,seller_3257,Cosmetics,EliteDesign,115.35,3.3,1717,3,278.0,21.0,3,546,False,True,3,2025-10-10,KR,CA,2296,278,111,0.0,0.0,False,False,False,True
pid_01098,seller_5461,Pharmaceuticals,TechCorp,160.74,4.8,1247,3,849.0,1.0,0,1197,True,True,3,2024-11-30,CA,DE,265,17,1,1.0,21.0,False,False,False,False
pid_01526,seller_7759,Fashion,WellnessLab,233.9,3.7,3345,7,20.0,11.0,1,1410,True,True,2,2024-08-25,CN,FR,2962,70,47,0.0,19.0,False,False,False,False
pid_00778,seller_8961,Pharmaceuticals,NaturalGlow,170.3,4.3,686,3,517.0,16.0,1,2687,True,True,2,2024-05-17,CA,DE,1810,256,36,2.0,21.0,False,False,False,False
pid_00256,seller_4151,Automotive,PureSkin,149.15,2.9,505,4,613.0,14.0,0,5,True,False,3,2024-04-17,DE,KR,1831,155,140,1.0,11.0,False,True,True,False
pid_02427,seller_7000,Automotive,MotorMax,70.25,3.7,0,4,124.0,21.0,1,780,False,False,3,2025-12-21,KR,AU,2227,190,108,2.0,2.0,False,False,False,False
pid_04381,seller_8374,Electronics,WellnessLab,125.27,4.6,2166,3,272.0,26.0,1,2573,True,False,3,2024-12-09,GB,JP,1873,139,41,3.0,6.0,False,False,False,False
pid_01584,seller_2535,Automotive,VehicleCare,217.33,4.3,677,3,233.0,15.0,0,1868,True,True,4,2024-06-04,CN,AU,3183,206,152,0.0,18.0,True,True,False,True
pid_02268,seller_9685,Fashion,MotorMax,195.22,5.0,2978,5,28.0,8.0,0,2123,True,True,4,2025-09-01,JP,JP,3243,308,169,2.0,15.0,False,False,False,True
pid_00119,seller_9404,Luxury Goods,AutoParts Pro,198.89,4.5,0,5,501.0,1.0,0,1924,True,False,3,2025-04-05,AU,DE,2420,295,58,2.0,11.0,False,False,False,False
pid_00756,seller_2905,Cosmetics,H3althCare Plus,167.3,4.2,5619,5,586.0,1.0,0,4000,True,True,5,2024-05-08,AU,IN,3561,185,268,2.0,,True,False,False,False
pid_00246,seller_4411,Luxury Goods,ExclusiveItems,132.25,3.8,2919,4,318.0,23.0,0,894,True,False,6,2024-03-04,AU,CA,4287,239,145,2.0,9.0,False,False,True,True
pid_01355,seller_9894,Automotive,PremiumCraft,181.72,3.5,1055,2,294.0,23.0,1,470,False,False,2,2025-04-30,FR,IN,395,52,12,3.0,21.0,True,False,False,False
pid_02197,seller_6903,Automotive,T3chCorp,181.97,4.5,1897,3,299.0,9.0,1,754,True,True,5,2025-12-30,CA,IN,689,89,14,0.0,,False,False,True,False
pid_04538,seller_5880,Electronics,ClassicWear,5.0,3.7,1242,5,501.0,12.0,1,1044,True,True,3,2025-05-06,CA,CA,4903,513,41,1.0,8.0,True,True,False,False
pid_00013,seller_6652,Electronics,AutoParts Pro,230.46,4.3,1248,5,324.0,10.0,0,2301,False,True,4,2025-12-22,FR,US,284,30,3,1.0,19.0,False,False,False,False
pid_04309,seller_1387,Pharmaceuticals,NaturalG1ow,156.7,5.0,5681,5,389.0,19.0,0,2222,True,True,2,2024-11-28,IN,AU,4378,154,104,5.0,11.0,True,False,False,True
pid_01309,seller_2896,Pharmaceuticals,TrendSetter,168.57,4.5,6306,3,154.0,12.0,0,1648,False,False,1,2025-12-02,IN,CA,480,26,24,5.0,18.0,False,False,False,False
pid_02472,seller_9899,Automotive,Exclu5iveItems,177.51,3.8,0,3,130.0,,1,843,True,True,3,2024-08-19,AU,AU,494,54,28,2.0,0.0,False,False,False,True
pid_00343,seller_1737,Luxury Goods,ExclusiveIt3ms,113.99,4.0,2833,4,693.0,21.0,0,2247,True,True,3,2024-09-28,JP,DE,2157,285,78,5.0,,True,False,False,True
pid_00646,seller_7575,Cosmetics,PremiumCraft,327.85,4.7,1530,9,686.0,1.0,0,2293,False,True,6,2025-11-09,IN,JP,2708,363,59,4.0,26.0,True,False,False,False
pid_04410,seller_6735,Electronics,TrendSetter,157.07,4.6,4353,3,332.0,24.0,2,738,False,True,2,2025-08-31,US,AU,4347,367,32,1.0,2.0,True,False,True,False
pid_04669,seller_9106,Cosmetics,ElectroMax,33.6,4.5,0,1,119.0,6.0,1,1111,True,True,2,2024-09-07,AU,CA,3148,272,28,1.0,5.0,False,False,False,True
pid_04793,seller_6496,Fashion,ElectroM@x,117.96,4.3,2041,1,389.0,13.0,0,361,True,False,2,2025-04-17,US,JP,1866,52,11,1.0,,False,False,False,True
pid_00729,seller_1920,Electronics,HealthCare Plus,10.67,2.5,0,1,245.0,31.0,3,455,False,False,2,2024-09-15,FR,GB,4695,563,174,0.0,5.0,True,False,False,True
pid_04429,seller_3424,Pharmaceuticals,AutoParts Pro,164.52,4.3,325,1,20.0,1.0,1,567,True,True,2,2024-09-07,IN,DE,2960,291,231,2.0,24.0,False,False,True,True
pid_01552,seller_1058,Pharmaceuticals,PureSkin,30.35,4.2,2624,8,783.0,3.0,0,1739,True,True,4,2024-09-16,DE,US,1570,156,61,3.0,5.0,False,False,False,False
pid_03888,seller_5057,Cosmetics,FashionForward,5.0,3.6,852,4,352.0,14.0,1,2014,True,False,1,2025-05-01,JP,AU,430,48,23,0.0,18.0,False,True,True,False
pid_00273,seller_6596,Automotive,HealthCare Plus,159.94,4.7,1595,2,492.0,11.0,0,2687,True,False,5,2025-03-16,CN,IN,1038,100,77,4.0,20.0,True,False,False,True
pid_00045,seller_1401,Cosmetics,BeautyLux,255.14,4.5,2005,8,547.0,3.0,0,2820,True,True,1,2024-01-27,GB,JP,1804,245,83,0.0,5.0,False,False,False,False
pid_02588,seller_7594,Fashion,VehicleCare,107.06,3.4,0,3,342.0,26.0,1,1290,True,True,2,2025-03-11,GB,US,139,10,9,0.0,0.0,False,False,True,False
pid_01821,seller_9226,Electronics,TechCorp,225.52,4.8,1453,2,217.0,25.0,0,1095,True,True,3,2025-03-24,CN,FR,673,70,20,5.0,0.0,False,False,True,False
pid_03304,seller_8980,Fashion,ElectroMax,125.21,3.9,2071,5,434.0,23.0,2,2311,False,False,4,2025-04-25,DE,US,1251,14,96,2.0,7.0,False,False,False,True
pid_03974,seller_8244,Fashion,DigitalPro,91.19,4.5,475,2,,29.0,0,2279,True,False,4,2024-07-05,AU,CN,2366,193,67,2.0,13.0,True,True,False,True
pid_01498,seller_7395,Fashion,FashionForward,84.78,3.4,6,6,467.0,8.0,3,3438,False,False,3,2024-12-25,IN,KR,916,31,5,0.0,9.0,True,True,False,True
pid_02930,seller_3542,Cosmetics,AutoParts Pr0,245.24,,0,1,230.0,19.0,1,1639,False,True,1,2024-06-23,AU,GB,3243,101,237,1.0,7.0,False,False,False,True
pid_00099,seller_5244,Electronics,Fa5hionForward,157.13,4.0,0,3,454.0,3.0,0,979,True,True,1,2024-05-25,IN,CN,1481,176,103,0.0,0.0,True,False,False,False
pid_03091,seller_4238,Automotive,EliteDesign,174.96,4.4,760,4,661.0,27.0,0,797,True,True,1,2025-03-29,IN,CN,3479,93,97,2.0,9.0,True,True,False,False
pid_04830,seller_7381,Pharmaceuticals,StyleH0use,5.0,1.9,1441,3,432.0,13.0,2,448,True,False,1,2024-10-06,CN,FR,2541,202,80,0.0,0.0,False,True,False,True
pid_00335,seller_6244,Electronics,GlamourCo,246.66,4.6,3314,3,503.0,1.0,0,3723,False,True,5,2025-10-15,FR,US,4585,79,286,3.0,22.0,True,True,False,False
pid_04862,seller_9485,Electronics,Exclu5iveItems,165.13,4.2,4100,6,177.0,17.0,0,908,True,False,5,2025-10-30,DE,CA,928,16,43,1.0,10.0,False,False,False,True
pid_01162,seller_4557,Fashion,TechCorp,139.57,4.2,2977,8,443.0,24.0,0,1946,True,True,2,2025-07-27,JP,CA,4137,304,127,2.0,14.0,True,False,False,False
pid_04220,seller_6782,Fashion,Be@utyLux,178.29,3.3,2982,5,243.0,19.0,1,2037,True,False,1,2024-09-07,CN,KR,1630,229,85,2.0,7.0,True,True,False,True
pid_00040,seller_1539,Electronics,CarTech,147.94,4.0,2903,1,154.0,28.0,0,3796,True,False,1,2025-07-03,US,AU,1009,49,33,1.0,26.0,False,False,False,True
pid_02487,seller_6564,Automotive,VehicleCare,219.3,3.9,449,4,545.0,1.0,2,3109,True,True,3,2025-09-13,US,FR,981,131,75,2.0,9.0,False,False,False,False
pid_00932,seller_3690,Automotive,BeautyLux,354.88,5.0,4919,10,918.0,1.0,0,4000,True,True,6,2025-04-27,FR,JP,4556,470,163,5.0,16.0,True,False,False,False
pid_04299,seller_7655,Cosmetics,CircuitMaster,161.94,4.2,130,1,637.0,10.0,2,993,True,True,2,2024-02-22,JP,CN,2429,241,26,0.0,11.0,False,False,False,True
pid_01380,seller_6397,Electronics,AutoParts Pro,176.34,3.6,2409,6,189.0,14.0,1,2842,True,True,3,2025-06-30,CN,CN,4642,361,232,2.0,24.0,False,False,False,False
pid_03415,seller_5062,Luxury Goods,AutoParts Pr0,250.66,3.7,3561,4,228.0,13.0,1,2894,False,False,2,2024-12-19,GB,CN,2099,155,20,4.0,0.0,False,False,False,True
pid_01213,seller_9332,Pharmaceuticals,CarTech,114.99,4.2,1255,3,266.0,7.0,1,559,False,True,4,2025-09-20,CA,CA,1340,101,102,0.0,9.0,True,False,False,False
pid_03759,seller_1161,Pharmaceuticals,Dig1talPro,206.69,3.9,979,3,353.0,22.0,1,5,True,False,2,2024-09-03,KR,JP,3748,311,62,3.0,2.0,True,False,False,True
pid_01626,seller_4370,Electronics,Fash1onForward,148.87,,0,3,384.0,1.0,0,2183,True,False,1,2025-11-21,AU,CA,470,50,24,1.0,23.0,False,False,False,True
pid_01635,seller_8910,Fashion,NaturalGlow,133.36,3.9,2772,1,353.0,6.0,1,5,True,True,1,2025-10-31,JP,CN,1030,33,46,0.0,19.0,True,True,False,False
pid_01791,seller_1719,Pharmaceuticals,V3hicleCare,65.8,4.0,587,3,344.0,16.0,1,1536,True,True,4,2025-12-10,AU,GB,4860,679,220,1.0,23.0,False,False,False,True
pid_03465,seller_3890,Cosmetics,CircuitMaster,151.2,3.6,1611,1,526.0,19.0,3,1280,False,False,4,2024-07-05,JP,US,2235,322,153,2.0,11.0,True,True,False,False
pid_02723,seller_1840,Luxury Goods,D1gitalPro,196.15,3.6,3493,5,,8.0,1,1245,True,True,4,2024-12-14,IN,FR,4440,374,221,3.0,0.0,False,False,True,True
pid_00306,seller_1166,Luxury Goods,MediPharm,219.72,4.7,2148,2,561.0,25.0,0,1176,False,True,3,2025-06-23,JP,CA,104,9,2,5.0,24.0,True,False,False,False
pid_04316,seller_5836,Pharmaceuticals,TechCorp,195.29,4.5,4500,8,745.0,1.0,0,1460,False,True,5,2024-06-21,DE,GB,4574,539,254,5.0,25.0,False,False,False,False
pid_03787,seller_8968,Luxury Goods,ElectroMax,174.98,4.2,3679,7,296.0,18.0,0,435,True,True,1,2025-11-23,KR,CN,2739,289,91,1.0,7.0,False,False,False,False
pid_02174,seller_8849,Fashion,StyleHouse,113.13,4.0,2949,5,596.0,,1,3726,True,True,2,2025-10-07,AU,AU,4630,391,78,0.0,17.0,False,False,False,False
pid_00941,seller_1502,Luxury Goods,HealthCare Plus,161.02,4.5,1056,2,487.0,23.0,2,1377,True,True,5,2025-06-21,GB,CN,4526,220,68,2.0,8.0,False,True,True,False
pid_00863,seller_3053,Luxury Goods,NaturalGlow,83.73,4.1,0,1,500.0,26.0,2,888,True,True,2,2024-09-18,CN,AU,970,84,10,0.0,9.0,False,True,True,False
pid_02733,seller_1996,Automotive,PremiumCraft,293.79,2.7,0,1,70.0,18.0,2,1661,True,True,4,2025-07-04,CN,US,2696,189,140,0.0,0.0,False,False,False,True
pid_04916,seller_6679,Fashion,Cl@ssicWear,97.66,4.1,1672,5,33.0,1.0,0,5,True,True,2,2024-08-31,JP,US,166,12,6,2.0,21.0,True,False,False,True
pid_03814,seller_9279,Fashion,DigitalPro,201.79,,0,6,174.0,1.0,0,1113,False,True,1,2025-02-01,AU,CA,2098,53,44,2.0,0.0,False,False,False,True
pid_00553,seller_5870,Luxury Goods,TechCorp,296.33,4.9,5258,9,778.0,1.0,0,4000,True,True,5,2025-12-28,AU,FR,1471,86,107,4.0,16.0,True,False,False,False
pid_02084,seller_7635,Luxury Goods,ExclusiveItems,119.63,3.2,0,1,854.0,5.0,1,1826,False,True,1,2025-05-03,US,FR,3915,125,53,3.0,19.0,False,False,False,True
pid_04053,seller_4732,Luxury Goods,VehicleCare,173.24,4.5,3179,5,437.0,4.0,1,1375,True,False,3,2025-08-04,AU,IN,448,20,30,1.0,14.0,True,False,False,False
pid_02728,seller_4041,Fashion,Styl3House,275.32,4.9,2160,4,622.0,,1,135,True,False,1,2024-12-04,GB,JP,2417,41,59,0.0,13.0,False,False,False,True
pid_00017,seller_2314,Luxury Goods,LuxuryBrand,280.98,4.4,3297,2,285.0,15.0,1,652,True,True,4,2025-04-04,IN,DE,3713,155,29,1.0,28.0,True,False,False,False
pid_01537,seller_7248,Cosmetics,ClassicWear,75.91,3.0,1194,3,64.0,6.0,2,5,True,False,1,2025-07-26,DE,JP,2292,236,131,1.0,13.0,True,False,False,True
pid_00188,seller_7570,Luxury Goods,Pr3miumCraft,229.56,4.2,4209,4,792.0,21.0,0,848,True,False,4,2025-12-22,CN,CN,2761,187,17,3.0,14.0,False,False,True,True
pid_01852,seller_2955,Automotive,HealthCare Plus,299.92,4.7,2517,4,511.0,8.0,0,1476,True,True,6,2024-12-19,JP,JP,3375,58,78,2.0,23.0,False,False,False,False
pid_03993,seller_2532,Electronics,TechCorp,185.63,5.0,0,8,586.0,10.0,0,1072,False,True,2,2025-03-06,JP,JP,593,58,9,2.0,19.0,False,False,False,False
pid_00313,seller_4182,Automotive,AutoParts Pro,187.53,3.3,2618,3,414.0,19.0,2,2330,False,False,2,2025-02-25,CN,IN,2089,287,116,1.0,13.0,True,True,False,False
pid_00494,seller_1139,Luxury Goods,MotorMax,115.3,4.0,0,2,277.0,13.0,0,5,False,True,3,2025-01-06,US,FR,4261,291,125,2.0,8.0,True,False,False,False
pid_04197,seller_8856,Fashion,ExclusiveItems,205.96,3.6,1421,3,115.0,11.0,2,923,True,False,6,2024-05-28,FR,JP,1363,22,53,2.0,24.0,True,False,True,False
pid_00685,seller_8111,Luxury Goods,GlamourCo,42.2,3.9,1513,2,358.0,13.0,0,2369,True,False,1,2024-06-05,US,CN,196,23,2,1.0,8.0,False,False,False,True
pid_02118,seller_6058,Electronics,FashionForward,415.41,4.0,2574,5,724.0,14.0,0,2492,True,False,6,2025-07-08,CN,GB,4096,222,119,3.0,21.0,False,False,False,False
pid_03848,seller_2353,Cosmetics,MotorMax,202.8,5.0,2662,9,553.0,1.0,0,1415,True,True,4,2024-01-23,DE,FR,3632,215,234,3.0,12.0,True,False,False,False
pid_01959,seller_7045,Pharmaceuticals,Vehicl3Care,132.64,3.5,0,4,666.0,34.0,0,2071,False,True,1,2025-01-18,JP,DE,151,7,4,0.0,20.0,False,False,True,True
pid_03700,seller_7199,Cosmetics,CarTech,223.09,4.1,3443,3,258.0,20.0,0,5,True,False,3,2025-11-08,US,CN,3023,39,17,4.0,12.0,False,False,True,False
pid_04708,seller_8518,Pharmaceuticals,ElectroMax,227.53,4.5,3814,5,395.0,9.0,2,1915,True,True,6,2024-11-10,GB,IN,4338,257,296,2.0,36.0,False,False,False,False
pid_01554,seller_9993,Fashion,CarTech,173.63,3.6,0,1,75.0,21.0,0,2735,False,False,1,2025-01-21,JP,US,3852,292,50,0.0,20.0,True,False,True,False
pid_00761,seller_9424,Fashion,FashionForward,261.04,4.3,2077,5,908.0,1.0,1,2769,True,True,6,2024-09-03,JP,CA,3450,152,178,4.0,13.0,False,False,False,False
pid_03984,seller_2433,Pharmaceuticals,TrendSetter,65.07,4.1,1640,4,382.0,1.0,0,3144,True,True,4,2025-10-31,GB,IN,3281,146,241,2.0,33.0,False,False,False,False
pid_02727,seller_3010,Fashion,VehicleCare,110.67,4.3,5259,4,532.0,13.0,0,1446,True,True,1,2024-04-25,US,JP,3014,197,155,1.0,15.0,True,False,False,False
pid_04219,seller_9021,Fashion,BioMed Solutions,279.11,4.3,643,7,537.0,1.0,0,1462,False,True,5,2025-09-21,US,IN,3112,403,167,3.0,0.0,False,False,False,False
pid_00804,seller_6768,Luxury Goods,ElectroMax,235.77,4.0,316,4,476.0,24.0,0,1735,True,False,1,2025-04-25,DE,CA,670,26,27,0.0,28.0,False,False,False,False
pid_00420,seller_1776,Pharmaceuticals,EliteDesign,208.26,4.1,2480,5,475.0,1.0,1,1384,False,True,4,2024-06-13,JP,DE,213,12,2,2.0,1.0,False,False,False,True
pid_01117,seller_6400,Automotive,HealthCare Plus,154.26,3.3,0,2,476.0,32.0,0,870,False,True,2,2025-03-13,KR,CN,1988,41,68,2.0,14.0,True,False,False,True
pid_04109,seller_7901,Cosmetics,NaturalGlow,62.8,3.1,2631,5,455.0,19.0,0,1141,True,True,3,2024-09-06,FR,JP,1279,185,89,1.0,23.0,True,False,False,True
pid_04667,seller_8586,Pharmaceuticals,DigitalPro,289.64,4.4,3374,5,585.0,14.0,0,3075,True,True,3,2024-09-02,CN,KR,3191,137,234,3.0,36.0,True,False,False,False
pid_00589,seller_3460,Electronics,ElectroMax,186.54,4.0,1837,7,398.0,1.0,1,1552,True,False,3,2025-03-01,GB,DE,429,24,9,1.0,,False,True,False,False
pid_00871,seller_2464,Fashion,GlamourCo,144.34,4.5,196,6,180.0,18.0,2,698,True,False,3,2025-08-09,GB,IN,2314,98,125,2.0,12.0,False,False,False,True
pid_01051,seller_2841,Luxury Goods,DigitalPr0,87.91,4.2,2370,6,675.0,10.0,2,2530,False,True,4,2024-07-11,IN,FR,2062,300,73,4.0,,True,False,False,True
pid_02453,seller_4405,Fashion,ExclusiveItems,208.94,4.4,2133,5,545.0,1.0,0,1219,True,True,3,2025-09-04,GB,GB,1757,200,108,2.0,17.0,False,False,True,True
pid_01422,seller_9988,Electronics,NaturalGlow,69.1,3.7,986,3,481.0,28.0,2,3689,True,True,1,2024-08-22,FR,FR,2480,97,30,3.0,23.0,False,False,False,True
pid_03042,seller_9082,Electronics,PureSkin,5.0,3.8,0,1,202.0,14.0,2,903,False,True,1,2025-02-16,FR,IN,4412,573,172,0.0,0.0,True,False,True,True
pid_00316,seller_7932,Fashion,MotorMax,113.06,2.5,5283,2,178.0,26.0,0,587,True,True,3,2024-10-09,CA,CN,3677,151,293,0.0,11.0,False,False,False,False
pid_00331,seller_2634,Pharmaceuticals,BioMed Solutions,5.0,3.7,1490,1,263.0,35.0,2,765,False,True,1,2025-02-21,JP,FR,1714,126,125,,6.0,False,False,True,True
pid_02444,seller_6057,Luxury Goods,ExclusiveItems,98.06,3.5,81,1,352.0,10.0,2,93,True,False,1,2025-10-12,IN,FR,3661,83,167,1.0,16.0,True,False,False,False
pid_01230,seller_2621,Automotive,Mot0rMax,110.13,4.6,0,3,334.0,22.0,0,2119,True,True,4,2025-03-22,JP,CN,4646,199,286,1.0,22.0,True,False,False,True
pid_02276,seller_1717,Pharmaceuticals,TechC0rp,5.0,4.3,0,2,95.0,14.0,0,2184,True,False,3,2024-07-11,CA,AU,1807,66,9,1.0,20.0,False,False,True,True
pid_03444,seller_7923,Automotive,BioMed Solutions,159.39,3.3,1176,2,444.0,27.0,0,1760,True,True,3,2025-01-31,CN,KR,686,32,37,2.0,13.0,False,False,False,False
pid_03926,seller_3924,Cosmetics,E1ectroMax,87.79,3.4,0,1,68.0,29.0,1,5,True,False,2,2025-07-10,KR,CN,2554,231,161,0.0,3.0,False,False,False,True
pid_03710,seller_9861,Electronics,AutoParts Pro,181.31,3.7,666,2,182.0,1.0,0,2774,True,False,4,2024-04-25,JP,FR,3821,218,222,0.0,17.0,False,False,True,False
pid_00330,seller_7846,Fashion,WellnessLab,43.67,3.4,0,1,194.0,26.0,0,2598,True,False,3,2024-12-25,US,GB,2922,191,89,0.0,0.0,True,False,False,False
pid_01135,seller_9180,Electronics,CircuitMaster,132.0,4.4,805,1,770.0,1.0,1,1309,True,False,2,2024-11-13,US,GB,4768,553,324,1.0,17.0,False,False,False,False
pid_02418,seller_9853,Electronics,ElectroMax,127.46,3.9,2622,4,913.0,11.0,0,1707,True,True,4,2024-08-06,AU,CA,3697,122,106,3.0,,True,False,False,True
pid_02807,seller_2805,Electronics,StyleHouse,285.06,4.5,0,4,662.0,1.0,0,2331,False,True,4,2025-11-30,CA,AU,814,28,56,4.0,20.0,False,False,False,False
pid_02161,seller_8807,Cosmetics,Mot0rMax,5.0,3.0,0,1,20.0,44.0,1,443,True,False,1,2024-09-10,IN,CN,1497,221,77,0.0,6.0,False,True,True,True
pid_01021,seller_8066,Fashion,LuxuryBrand,211.33,4.2,1409,5,791.0,1.0,2,2429,True,False,3,2024-02-11,AU,AU,883,41,33,0.0,16.0,False,False,False,False
pid_00032,seller_9041,Electronics,BioMed Solut1ons,177.26,3.6,688,4,373.0,19.0,0,2565,True,True,2,2025-10-13,AU,AU,3171,458,250,1.0,9.0,False,True,True,True
pid_04969,seller_1792,Luxury Goods,NaturalGlow,143.72,3.9,835,5,795.0,19.0,1,2050,True,True,4,2024-04-09,US,CN,876,92,56,1.0,31.0,False,True,False,True
pid_00789,seller_2597,Automotive,FashionForward,87.91,3.2,2427,2,20.0,40.0,1,115,False,False,1,2025-05-31,JP,CN,4106,249,172,0.0,0.0,False,False,False,False
pid_04302,seller_6053,Pharmaceuticals,T3chCorp,262.02,4.5,1102,4,167.0,7.0,2,1298,True,True,3,2024-12-01,DE,FR,4344,514,60,0.0,0.0,False,False,False,True
pid_02678,seller_8236,Electronics,MotorMax,73.9,2.8,1546,4,202.0,19.0,0,1959,True,False,2,2024-09-26,FR,DE,4218,176,150,0.0,1.0,True,False,False,False
pid_01342,seller_4656,Automotive,CarTech,150.56,4.3,0,6,473.0,4.0,1,2192,True,True,2,2025-07-13,US,IN,195,8,13,0.0,16.0,True,False,False,True
pid_04371,seller_2625,Fashion,BeautyLux,25.94,3.5,0,4,362.0,1.0,0,1763,False,True,4,2024-04-09,CA,CN,1323,52,42,4.0,8.0,False,False,False,False
pid_03745,seller_3431,Electronics,ElectroMax,244.83,3.2,0,1,337.0,16.0,2,1842,True,True,1,2024-02-11,GB,FR,3445,185,66,0.0,10.0,False,False,False,False
pid_01041,seller_2840,Pharmaceuticals,HealthCare Plus,172.16,4.2,3495,3,596.0,28.0,0,4000,True,True,4,2025-07-19,CN,JP,1746,171,65,2.0,27.0,False,False,False,False
pid_01784,seller_7948,Cosmetics,PureSk1n,60.75,3.8,1040,2,223.0,8.0,1,1167,True,True,1,2024-06-19,CN,FR,3783,128,224,3.0,12.0,True,True,False,True
pid_03393,seller_4182,Fashion,TechCorp,22.91,4.1,0,1,417.0,14.0,1,1708,False,False,4,2024-11-04,US,US,2944,53,160,0.0,11.0,False,True,False,True
pid_02907,seller_9633,Fashion,StyleHouse,126.8,4.0,1869,4,251.0,23.0,1,1964,False,True,5,2024-01-23,US,KR,1180,54,11,3.0,13.0,True,False,False,False
pid_01787,seller_5642,Cosmetics,PureSkin,189.63,4.7,2957,3,389.0,13.0,0,2661,True,True,6,2024-12-22,US,GB,4896,473,211,2.0,23.0,False,False,False,False
pid_04751,seller_1714,Luxury Goods,CircuitMaster,351.24,3.6,4991,5,671.0,14.0,2,1847,False,True,4,2024-04-09,GB,GB,1758,169,91,0.0,23.0,True,False,False,False
pid_02894,seller_8912,Electronics,LuxuryBrand,287.71,4.5,3934,4,443.0,1.0,0,3795,True,True,3,2024-03-31,KR,IN,201,17,8,3.0,21.0,False,False,False,False
pid_01392,seller_9430,Electronics,VehicleCare,108.07,4.6,1658,5,393.0,18.0,1,5,True,False,2,2025-04-19,KR,KR,449,63,2,2.0,12.0,True,False,False,False
pid_03741,seller_8494,Pharmaceuticals,El3ctroMax,71.86,2.5,0,1,28.0,20.0,1,5,True,False,1,2024-08-17,GB,JP,3439,392,24,1.0,1.0,False,False,True,True
pid_00221,seller_9863,Luxury Goods,C@rTech,85.12,3.6,4315,3,193.0,1.0,0,3464,False,True,4,2025-05-14,DE,CA,4752,410,38,3.0,30.0,False,False,False,True
pid_02019,seller_2687,Cosmetics,WellnessLab,364.05,5.0,3800,4,703.0,8.0,0,612,True,True,3,2024-08-29,US,JP,745,45,31,5.0,31.0,False,True,False,False
pid_04311,seller_5965,Automotive,WellnessLab,5.0,3.6,2598,4,276.0,43.0,4,113,True,False,1,2024-02-24,AU,IN,4242,214,330,0.0,0.0,True,True,False,True
pid_02313,seller_2284,Cosmetics,HealthCar3 Plus,5.0,3.3,557,1,383.0,28.0,2,5,False,True,1,2025-12-19,US,JP,1976,117,130,0.0,0.0,False,False,True,True
pid_03397,seller_1302,Pharmaceuticals,TechCorp,161.19,3.9,0,6,255.0,23.0,1,2055,True,False,2,2024-05-10,CA,FR,352,39,3,2.0,0.0,False,False,True,False
pid_03875,seller_2149,Fashion,CarTech,218.5,4.1,1395,2,80.0,34.0,2,1788,False,True,3,2025-11-27,FR,KR,3546,436,74,2.0,17.0,True,False,False,True
pid_00965,seller_9121,Fashion,AutoParts Pro,320.13,5.0,3941,6,747.0,4.0,0,2540,True,True,4,2025-10-17,KR,DE,4028,442,24,2.0,22.0,False,False,False,False
pid_03767,seller_4074,Luxury Goods,TrendSetter,255.36,3.9,2525,4,466.0,19.0,1,630,False,True,1,2025-12-03,GB,CA,1225,157,7,4.0,,False,False,False,True
pid_02842,seller_2832,Automotive,MediPharm,89.38,4.3,1832,6,442.0,1.0,0,2893,True,False,1,2025-01-04,CA,US,4395,111,337,0.0,19.0,False,False,False,False
pid_04690,seller_2860,Fashion,ClassicWear,184.92,3.2,1619,3,220.0,16.0,0,1027,True,False,2,2025-09-11,CA,US,2076,298,97,3.0,24.0,False,False,False,True
pid_03821,seller_5112,Fashion,WellnessL@b,232.48,4.1,3694,5,299.0,3.0,0,2047,True,False,2,2024-02-05,GB,FR,1370,161,36,1.0,7.0,False,False,False,True
pid_01403,seller_5256,Pharmaceuticals,ClassicWear,287.8,4.1,2149,6,679.0,12.0,0,2213,True,True,2,2025-07-10,CA,US,3272,434,74,2.0,13.0,False,True,False,False
pid_04052,seller_6342,Pharmaceuticals,GlamourCo,76.91,,1350,1,161.0,16.0,1,2468,True,False,1,2024-02-25,DE,IN,2878,387,39,4.0,3.0,True,False,False,False
pid_02961,seller_7316,Fashion,AutoParts Pro,266.79,3.5,5026,7,629.0,4.0,0,352,False,True,3,2025-08-06,JP,AU,2552,345,179,2.0,24.0,False,False,False,False
pid_04171,seller_5863,Automotive,PureSkin,182.11,4.4,1119,2,365.0,6.0,2,966,False,False,4,2025-05-07,FR,CA,2619,340,204,2.0,25.0,True,False,False,False
pid_04698,seller_7028,Electronics,ClassicWear,115.34,4.1,537,2,118.0,16.0,1,1552,True,False,2,2025-01-17,FR,IN,4196,486,296,1.0,,False,True,False,True
pid_04463,seller_1678,Electronics,CarTech,130.43,3.8,4238,5,676.0,10.0,0,1430,False,True,2,2025-10-01,FR,GB,562,50,14,5.0,25.0,True,False,False,False
pid_04758,seller_7999,Luxury Goods,CarTech,36.16,2.3,0,1,20.0,34.0,3,5,False,False,1,2025-07-30,DE,IN,2935,87,158,0.0,13.0,False,True,False,True
pid_02981,seller_9790,Fashion,ExclusiveItems,204.0,3.8,0,1,183.0,14.0,3,5,True,True,2,2025-11-11,US,US,4021,189,183,2.0,0.0,False,False,False,True
pid_02824,seller_2335,Fashion,Be@utyLux,91.28,2.6,480,1,215.0,18.0,1,5,False,False,4,2024-02-22,CA,DE,2272,111,68,0.0,1.0,False,False,False,False
pid_02600,seller_6183,Cosmetics,CarTech,78.43,4.5,6237,5,,15.0,1,2067,True,True,2,2024-06-27,IN,US,1697,36,96,0.0,5.0,False,False,False,False
pid_04192,seller_7675,Luxury Goods,LuxuryBrand,5.0,,0,2,39.0,39.0,2,5,True,True,1,2024-08-10,IN,CN,4469,292,312,2.0,3.0,False,False,False,True
pid_01518,seller_9120,Fashion,BeautyLux,122.25,3.1,4421,4,115.0,34.0,2,5,False,True,3,2025-09-03,US,CA,3163,435,243,,10.0,False,False,False,True
pid_01707,seller_3102,Electronics,TrendSetter,26.39,3.5,1529,4,710.0,12.0,0,5,True,True,3,2024-01-30,AU,KR,4986,140,181,4.0,12.0,False,False,False,True
pid_03944,seller_9233,Electronics,TrendS3tter,60.27,3.2,0,1,214.0,31.0,1,787,True,True,1,2025-12-01,JP,US,4616,421,28,0.0,0.0,True,False,True,True
pid_01248,seller_2294,Automotive,VehicleCare,49.7,3.7,516,4,316.0,33.0,1,1841,False,False,1,2025-05-05,US,US,1867,249,123,0.0,20.0,False,True,False,False
pid_04145,seller_6031,Cosmetics,CircuitMaster,98.98,3.7,1714,4,412.0,13.0,0,3037,True,False,1,2024-12-03,CN,IN,3351,255,188,4.0,3.0,False,False,False,False
pid_02378,seller_5664,Luxury Goods,MotorMax,98.81,4.9,910,7,66.0,1.0,0,1437,False,True,5,2024-03-11,AU,IN,268,18,19,2.0,31.0,False,False,True,False
pid_01748,seller_7384,Pharmaceuticals,VehicleCare,154.64,4.4,2034,4,261.0,31.0,1,5,False,True,2,2025-10-23,KR,IN,411,58,28,1.0,9.0,True,False,True,True
pid_03213,seller_8425,Cosmetics,D1gitalPro,71.82,3.5,0,2,232.0,20.0,3,1668,False,True,2,2025-10-30,DE,GB,1256,75,18,1.0,6.0,True,False,False,True
pid_04023,seller_6070,Pharmaceuticals,VehicleCare,189.79,4.9,2682,5,741.0,3.0,2,2591,True,True,5,2024-07-01,FR,FR,3957,584,54,3.0,11.0,True,False,False,False
pid_02819,seller_6668,Fashion,MotorMax,219.59,4.3,561,5,630.0,1.0,0,2449,True,False,3,2024-02-26,GB,DE,1802,67,33,1.0,,False,True,False,False
pid_00662,seller_6220,Cosmetics,AutoParts Pr0,220.71,4.0,3709,5,790.0,13.0,0,2291,True,True,4,2025-05-20,JP,US,985,54,24,2.0,19.0,False,False,False,True
pid_00772,seller_1369,Electronics,NaturalGlow,60.57,,0,1,118.0,31.0,1,5,True,True,1,2025-08-12,DE,KR,970,11,47,1.0,8.0,False,False,False,False
pid_00582,seller_7319,Luxury Goods,DigitalPro,266.15,4.8,3635,4,844.0,1.0,0,3413,True,False,6,2025-12-14,CA,US,4296,491,26,2.0,6.0,True,False,False,False
pid_04157,seller_4043,Automotive,ClassicWear,241.6,4.9,4215,5,593.0,1.0,0,4000,True,True,2,2025-08-22,AU,AU,308,14,11,1.0,9.0,False,False,False,False
pid_03649,seller_1647,Automotive,BioMed Solutions,140.33,4.3,2771,5,683.0,18.0,0,2506,False,True,3,2025-11-06,IN,IN,4959,359,63,2.0,15.0,False,False,False,False
pid_03728,seller_5281,Electronics,BioMed Solutions,350.92,4.9,1248,2,314.0,10.0,0,3478,True,True,2,2024-05-29,CN,JP,87,12,1,2.0,7.0,True,True,False,False
pid_02697,seller_5343,Fashion,GlamourCo,162.6,4.4,3709,4,566.0,1.0,0,3060,True,True,4,2025-07-17,JP,AU,2240,65,49,2.0,21.0,False,False,False,False
pid_00854,seller_9781,Electronics,M0torMax,118.71,3.8,1836,6,354.0,13.0,2,5,False,True,2,2025-10-06,JP,FR,3744,395,290,2.0,11.0,False,False,False,True
pid_03761,seller_9138,Pharmaceuticals,B3autyLux,242.02,3.0,0,1,308.0,7.0,2,1626,True,False,1,2025-12-03,KR,FR,3802,75,229,0.0,1.0,False,False,True,True
pid_04158,seller_7674,Automotive,TrendSetter,169.34,3.2,0,4,291.0,23.0,1,1112,False,False,1,2024-04-13,GB,AU,4805,106,361,4.0,26.0,True,False,False,False
pid_03155,seller_3103,Cosmetics,DigitalPro,23.24,4.4,3074,6,401.0,45.0,1,270,True,True,1,2024-07-13,DE,IN,4451,312,331,1.0,13.0,True,False,False,True
pid_04982,seller_6174,Cosmetics,BioM3d Solutions,162.29,3.6,202,4,20.0,15.0,0,1683,True,True,1,2025-02-01,KR,IN,2455,215,142,0.0,21.0,True,False,False,True
pid_02754,seller_6280,Automotive,TechCorp,185.11,4.2,4213,1,660.0,15.0,1,1740,True,True,1,2025-11-23,DE,AU,4420,96,115,0.0,12.0,False,True,True,True
pid_03668,seller_1678,Electronics,MotorMax,287.88,4.2,168,6,308.0,18.0,2,2135,False,False,1,2024-10-16,US,US,2980,405,147,2.0,13.0,False,False,True,False
pid_01271,seller_5586,Automotive,VehicleCare,321.3,4.8,2589,2,592.0,1.0,0,1608,True,True,1,2025-06-17,CA,JP,4647,322,272,1.0,,True,False,False,False
pid_00579,seller_7946,Fashion,PureSkin,161.02,3.8,659,4,20.0,8.0,3,1406,True,True,1,2024-06-15,IN,GB,4004,362,228,3.0,11.0,False,False,False,True
pid_02456,seller_2786,Luxury Goods,PremiumCraft,165.16,3.6,895,4,235.0,26.0,0,187,True,False,2,2024-05-13,GB,KR,4030,404,106,1.0,7.0,False,False,True,True
pid_00749,seller_4610,Cosmetics,AutoParts Pro,5.0,3.1,368,4,463.0,22.0,0,624,True,True,1,2025-04-11,KR,JP,4092,62,157,1.0,7.0,False,False,False,False
pid_01725,seller_6864,Electronics,PureSkin,82.7,2.8,230,3,230.0,28.0,2,5,True,False,1,2025-04-16,US,US,3695,531,21,3.0,8.0,True,False,False,True
pid_02949,seller_7237,Automotive,FashionForward,5.0,3.4,0,1,320.0,30.0,2,5,True,True,1,2025-04-30,KR,DE,4407,417,150,1.0,0.0,False,False,False,True
pid_02925,seller_6625,Automotive,CarTech,191.05,3.7,0,1,40.0,18.0,4,414,False,True,1,2024-04-05,CN,IN,4157,193,289,2.0,,False,False,True,True
pid_01875,seller_8384,Luxury Goods,ExclusiveItems,93.07,3.5,0,1,69.0,28.0,1,409,True,True,1,2025-06-29,GB,IN,3885,235,157,1.0,20.0,False,False,False,True
pid_01865,seller_8757,Automotive,TrendSetter,175.94,4.0,0,5,87.0,37.0,1,3042,True,True,3,2025-07-25,JP,IN,3061,435,240,5.0,2.0,True,False,False,False
pid_04179,seller_9543,Fashion,BeautyLux,33.21,4.0,2615,3,94.0,25.0,3,2339,True,False,4,2025-05-20,IN,AU,2891,173,96,0.0,12.0,True,False,False,False
pid_00128,seller_7711,Electronics,VehicleCare,170.61,4.9,2783,4,540.0,1.0,0,1911,False,False,3,2025-07-18,CN,CA,3174,147,154,3.0,13.0,False,False,False,False
pid_03887,seller_1676,Cosmetics,CircuitMaster,66.71,2.7,736,1,20.0,13.0,2,1117,False,True,2,2025-11-20,KR,KR,4545,122,168,2.0,6.0,True,False,False,False
pid_03632,seller_6323,Luxury Goods,PremiumCraft,301.33,4.3,2476,4,402.0,13.0,0,2566,True,True,5,2024-05-03,KR,IN,649,65,6,2.0,25.0,False,False,False,False
pid_00407,seller_5069,Electronics,ClassicWear,141.31,2.9,0,5,44.0,7.0,4,661,False,False,1,2024-06-08,AU,IN,1807,263,53,1.0,0.0,False,False,False,True
pid_00134,seller_8327,Automotive,MotorM@x,152.05,,82,4,629.0,2.0,1,1623,False,True,1,2025-10-08,CA,JP,4547,560,55,0.0,18.0,True,False,False,True
pid_01933,seller_5535,Cosmetics,PremiumCraft,99.27,3.9,0,2,20.0,10.0,1,475,True,True,1,2025-11-13,AU,IN,2643,162,198,3.0,8.0,False,True,False,False
pid_02480,seller_4534,Fashion,MotorMax,272.66,5.0,1814,4,534.0,1.0,0,3719,True,False,3,2024-10-06,AU,CN,4671,196,323,1.0,13.0,False,False,False,False
pid_04359,seller_1684,Electronics,CircuitMaster,173.24,4.1,1991,3,264.0,23.0,1,1845,False,True,1,2024-11-09,US,FR,1176,102,21,3.0,15.0,True,False,False,False
pid_03945,seller_2255,Electronics,DigitalPro,227.04,3.8,4581,4,629.0,23.0,0,2773,True,True,3,2025-02-24,KR,CN,3202,323,35,4.0,22.0,True,False,False,False
pid_03319,seller_4465,Pharmaceuticals,PureSk1n,77.09,3.5,5712,1,194.0,4.0,2,1883,True,True,3,2025-01-31,KR,JP,904,50,54,1.0,15.0,True,False,False,True
pid_03930,seller_6042,Automotive,Sty1eHouse,168.03,3.7,3551,1,657.0,17.0,0,2807,False,True,4,2024-12-31,AU,IN,3086,152,171,2.0,12.0,False,False,False,True
pid_01942,seller_7034,Pharmaceuticals,GlamourCo,169.01,3.4,1514,1,298.0,21.0,2,536,True,True,1,2024-09-08,KR,JP,4872,474,150,3.0,0.0,True,False,True,True
pid_02586,seller_6668,Electronics,ElectroM@x,5.0,3.4,1996,1,313.0,35.0,0,2896,True,True,2,2024-11-01,KR,US,2180,174,34,1.0,2.0,True,False,True,False
pid_03854,seller_3383,Cosmetics,BeautyLux,328.5,3.9,2442,1,577.0,30.0,0,2645,True,True,2,2024-09-05,IN,CA,4149,158,306,3.0,10.0,False,False,False,False
pid_02179,seller_8143,Luxury Goods,StyleHouse,80.53,4.0,0,2,483.0,16.0,0,1747,True,True,2,2024-08-21,AU,AU,2666,117,152,1.0,,True,False,True,False
pid_01561,seller_7294,Fashion,PureSkin,170.26,3.2,4529,5,371.0,18.0,1,991,True,True,3,2024-12-11,CA,JP,4108,510,115,3.0,6.0,True,False,False,False
pid_02603,seller_3775,Fashion,ElectroMax,213.61,4.3,455,2,20.0,26.0,1,2218,True,False,1,2024-07-24,US,JP,4690,624,198,1.0,,True,False,True,False
pid_04904,seller_3066,Automotive,TechCorp,273.98,4.9,3456,8,631.0,1.0,0,3798,True,False,3,2024-04-29,CA,CA,1739,191,96,3.0,12.0,False,False,False,False
pid_01159,seller_9962,Electronics,PremiumCraft,261.9,4.0,2723,3,514.0,1.0,0,2103,True,True,3,2025-04-12,US,CN,4913,72,318,0.0,15.0,False,False,False,False
pid_02430,seller_8730,Cosmetics,Glam0urCo,76.55,3.3,1259,1,269.0,38.0,0,905,True,False,3,2025-12-19,GB,CN,3833,64,34,1.0,0.0,True,False,True,True
pid_02815,seller_1949,Pharmaceuticals,MotorMax,198.31,4.7,0,1,568.0,14.0,0,1179,True,True,1,2025-02-09,GB,CN,1517,189,105,1.0,12.0,False,False,False,False
pid_00111,seller_7889,Electronics,ElectroMax,85.41,3.6,3222,2,590.0,25.0,1,2787,False,True,4,2025-08-01,KR,JP,553,72,7,3.0,15.0,False,False,False,False
pid_04606,seller_1198,Pharmaceuticals,Veh1cleCare,42.32,3.0,1149,4,61.0,26.0,1,5,True,True,1,2025-07-08,IN,CA,2410,35,68,4.0,26.0,False,False,False,True
pid_02717,seller_3547,Automotive,ElectroMax,236.83,,4336,4,560.0,2.0,0,3034,True,True,1,2024-08-30,IN,IN,2032,251,25,5.0,14.0,True,True,False,False
pid_03490,seller_4321,Electronics,BioMed Solutions,230.88,4.1,630,2,757.0,5.0,1,1323,False,True,5,2025-08-28,JP,AU,2319,130,129,3.0,25.0,True,False,True,False
pid_01891,seller_1693,Fashion,BioMed Solutions,158.03,3.9,0,1,145.0,28.0,0,392,True,True,1,2024-08-15,DE,GB,1716,72,49,0.0,9.0,True,False,False,True
pid_00931,seller_2262,Pharmaceuticals,AutoParts Pro,109.05,4.3,493,4,352.0,32.0,1,2753,True,False,1,2025-11-14,KR,CA,4543,133,320,1.0,14.0,False,False,False,False
pid_00028,seller_7159,Cosmetics,FashionForward,106.93,4.0,897,2,108.0,18.0,0,1373,True,True,4,2025-08-18,CA,JP,3183,140,247,1.0,0.0,True,True,False,False
pid_02594,seller_3440,Electronics,CircuitMaster,173.07,3.7,2904,2,369.0,45.0,3,426,True,False,1,2024-04-16,KR,US,2091,304,48,1.0,6.0,False,True,False,False
pid_01094,seller_2012,Fashion,WellnessLab,130.92,3.6,2364,5,307.0,5.0,2,3203,False,True,4,2025-03-05,GB,AU,4364,388,324,0.0,26.0,False,True,True,True
pid_03802,seller_9106,Pharmaceuticals,GlamourCo,258.44,3.9,1043,3,762.0,1.0,0,3684,True,True,3,2024-10-11,GB,CN,4527,301,70,2.0,,False,False,True,False
pid_01742,seller_6447,Pharmaceuticals,TechCorp,162.99,4.7,4056,7,596.0,4.0,0,1527,True,False,2,2025-09-14,FR,US,817,43,64,5.0,23.0,True,False,False,False
pid_01495,seller_3471,Cosmetics,MotorMax,150.06,4.7,3170,3,639.0,21.0,0,783,True,False,3,2024-10-13,KR,IN,1106,91,71,2.0,12.0,False,False,False,False
pid_02257,seller_3675,Luxury Goods,Veh1cleCare,85.95,4.8,3455,4,605.0,32.0,0,1365,True,False,4,2025-10-03,CA,DE,4230,330,326,3.0,7.0,False,False,False,True
pid_04185,seller_7118,Cosmetics,BeautyLux,152.52,3.2,0,3,525.0,21.0,0,169,False,True,3,2025-01-07,CN,DE,1904,230,75,,9.0,False,False,True,True
pid_01938,seller_1931,Luxury Goods,EliteDesign,99.83,3.6,3153,8,,28.0,0,5,False,True,1,2025-01-12,CN,JP,4116,381,225,0.0,1.0,False,False,False,True
pid_03704,seller_6903,Automotive,HealthCare Plus,210.06,3.9,3796,2,712.0,23.0,0,2564,True,True,2,2024-11-19,US,DE,2800,174,54,2.0,10.0,False,False,False,False
pid_02352,seller_1054,Cosmetics,StyleHouse,107.82,2.7,0,1,468.0,16.0,1,978,True,False,1,2024-11-11,CA,CN,3825,148,242,0.0,4.0,True,False,False,False
pid_03262,seller_4570,Fashion,HealthCare Plus,156.03,4.3,0,2,166.0,10.0,0,2008,True,False,4,2025-11-06,IN,US,4467,136,331,2.0,13.0,True,False,False,False
pid_04304,seller_4830,Pharmaceuticals,We1lnessLab,91.9,4.5,967,2,606.0,5.0,1,1079,False,False,1,2024-01-13,FR,CN,1768,232,15,0.0,0.0,True,False,False,True
pid_02106,seller_1170,Automotive,LuxuryBr@nd,37.62,3.8,0,1,20.0,37.0,3,1063,True,False,1,2025-08-25,IN,KR,1435,34,51,1.0,6.0,False,False,False,True
pid_02999,seller_7263,Automotive,T3chCorp,118.93,3.9,6,4,582.0,11.0,1,925,False,False,2,2025-07-06,AU,CN,3651,172,58,3.0,8.0,False,False,False,False
pid_02388,seller_8595,Cosmetics,CircuitMaster,112.13,4.1,994,9,201.0,24.0,3,123,True,True,1,2024-02-04,AU,CA,544,35,37,,15.0,False,True,True,False
pid_02670,seller_4925,Cosmetics,TrendSetter,188.44,4.4,0,2,521.0,12.0,0,1102,True,False,5,2025-06-03,GB,KR,695,92,22,1.0,18.0,False,False,False,False
pid_02823,seller_8365,Fashion,PremiumCraft,296.52,4.4,4765,5,545.0,16.0,0,2379,False,True,3,2024-09-15,JP,DE,3670,144,63,5.0,5.0,False,False,False,False
pid_01074,seller_6460,Automotive,MotorMax,141.69,4.6,3237,6,478.0,28.0,0,854,True,True,2,2025-08-11,IN,CN,241,11,16,2.0,17.0,True,False,False,True
pid_03670,seller_1316,Fashion,PremiumCraft,161.82,3.7,2575,4,291.0,5.0,0,1395,False,False,1,2025-04-11,IN,CA,4194,569,228,1.0,15.0,True,False,False,True
pid_00123,seller_4395,Electronics,LuxuryBrand,151.99,3.7,652,4,182.0,36.0,3,1217,True,False,1,2025-04-09,AU,CN,4779,304,29,1.0,0.0,True,False,True,False
pid_01545,seller_2860,Luxury Goods,CarTech,76.07,3.5,167,1,287.0,26.0,1,5,True,False,1,2024-06-29,CA,DE,2000,286,119,,18.0,False,False,False,True
pid_00748,seller_2980,Automotive,TechCorp,89.73,3.7,0,2,411.0,5.0,0,8,False,True,3,2024-07-23,US,CA,2748,222,93,0.0,18.0,False,False,False,True
pid_03597,seller_6095,Luxury Goods,StyleHouse,235.96,5.0,3945,7,622.0,1.0,0,3524,True,False,3,2024-09-09,IN,FR,1849,47,101,3.0,23.0,False,False,False,False
pid_00910,seller_6685,Cosmetics,Fa5hionForward,157.12,3.3,6,2,,1.0,0,1091,True,True,3,2025-10-12,FR,AU,2656,300,26,1.0,0.0,False,False,False,False
pid_02054,seller_1168,Pharmaceuticals,GlamourCo,150.19,3.2,322,3,171.0,49.0,2,5,True,True,2,2025-01-02,KR,US,395,10,2,3.0,16.0,False,True,False,True
pid_00304,seller_4011,Pharmaceuticals,CircuitMaster,303.43,5.0,2060,4,439.0,13.0,0,1371,True,True,2,2024-11-02,JP,IN,596,32,5,4.0,15.0,False,False,False,False
pid_00058,seller_1161,Electronics,TrendS3tter,267.78,4.5,1115,5,85.0,33.0,0,2231,True,True,2,2025-12-19,AU,JP,1484,198,15,3.0,11.0,False,False,True,True
pid_02889,seller_6068,Pharmaceuticals,TrendSetter,329.74,4.6,5536,2,428.0,1.0,0,1027,True,True,4,2025-05-27,JP,GB,2777,154,120,3.0,11.0,True,False,False,False
pid_02505,seller_2388,Electronics,MediPharm,74.23,3.6,8088,5,291.0,1.0,0,2352,True,False,2,2025-09-28,GB,CA,3161,460,227,2.0,6.0,True,False,False,False
pid_00329,seller_9717,Fashion,ElectroMax,281.87,3.5,1969,3,126.0,8.0,1,3921,True,True,3,2024-10-25,JP,JP,595,66,8,1.0,9.0,False,True,False,False
pid_01497,seller_9106,Luxury Goods,LuxuryBrand,344.52,3.3,4553,5,629.0,1.0,0,536,True,True,4,2024-10-31,AU,GB,1747,174,69,5.0,15.0,False,False,True,False
pid_03869,seller_6380,Electronics,EliteDesign,191.25,4.1,0,5,137.0,15.0,1,2402,True,True,2,2025-10-28,GB,IN,1477,70,108,0.0,11.0,False,False,False,False
pid_00895,seller_7314,Electronics,FashionForward,47.65,3.7,3427,4,412.0,6.0,1,2100,True,True,1,2025-02-21,CN,JP,1564,153,117,1.0,12.0,False,False,False,True
pid_02946,seller_4496,Luxury Goods,BioMed Solutions,198.27,4.4,1590,4,652.0,13.0,1,2493,True,True,2,2025-04-20,JP,KR,2702,127,171,2.0,,False,False,False,False
pid_00086,seller_4496,Pharmaceuticals,WellnessLab,223.47,4.5,2624,4,807.0,7.0,1,1940,True,False,1,2024-12-08,FR,JP,252,33,1,4.0,8.0,False,False,True,False
pid_03071,seller_1044,Cosmetics,PremiumCraft,255.12,3.9,1170,3,586.0,22.0,0,2029,True,True,1,2024-02-07,CN,FR,2802,415,180,0.0,20.0,False,False,False,True
pid_03678,seller_5535,Pharmaceuticals,DigitalPro,202.11,3.2,0,3,20.0,51.0,1,687,False,False,4,2025-10-18,FR,CA,3355,497,57,1.0,9.0,True,False,False,False
pid_02403,seller_7110,Fashion,TrendS3tter,5.0,3.4,724,2,229.0,18.0,0,703,False,True,3,2024-03-18,KR,FR,4198,422,215,0.0,12.0,True,True,True,True
pid_00107,seller_3873,Pharmaceuticals,VehicleCare,128.92,5.0,774,3,267.0,10.0,0,2132,True,False,2,2025-12-07,DE,FR,1107,57,25,3.0,7.0,False,False,False,False
pid_04300,seller_4972,Electronics,DigitalPr0,164.14,3.7,0,4,125.0,20.0,2,468,True,True,2,2025-12-02,FR,US,1927,235,111,2.0,1.0,False,False,False,True
pid_04140,seller_2438,Fashion,Vehic1eCare,17.26,4.0,5263,1,287.0,18.0,0,1132,True,False,4,2024-09-18,IN,KR,2381,325,118,2.0,15.0,False,False,False,True
pid_04416,seller_4651,Fashion,ClassicWear,111.61,3.8,1464,7,461.0,43.0,1,1021,True,False,1,2024-08-02,IN,GB,4729,656,232,0.0,0.0,False,False,False,True
pid_01697,seller_8017,Electronics,AutoParts Pro,237.2,,4178,4,615.0,23.0,0,201,True,True,5,2025-01-02,DE,CN,3690,537,179,2.0,13.0,False,False,False,False
pid_00120,seller_1764,Pharmaceuticals,EliteDesign,202.14,4.4,5826,5,115.0,1.0,0,814,True,True,1,2025-09-20,AU,IN,465,66,9,1.0,6.0,False,False,True,False
pid_03315,seller_2082,Cosmetics,BioMed Solutions,206.76,4.4,1898,6,332.0,1.0,0,2128,True,False,2,2025-06-24,JP,AU,3915,317,86,2.0,7.0,False,False,False,False
pid_01073,seller_1180,Electronics,DigitalPro,241.0,4.7,2870,5,725.0,2.0,1,1805,True,True,2,2025-05-27,FR,KR,3176,228,112,1.0,22.0,True,False,True,True
pid_04988,seller_4126,Pharmaceuticals,DigitalPro,245.04,5.0,1563,1,561.0,,0,1856,True,True,3,2024-03-15,KR,JP,1877,132,131,1.0,16.0,False,False,False,False
pid_00364,seller_1718,Automotive,Exclus1veItems,196.21,4.6,1166,6,292.0,16.0,0,2328,True,True,5,2025-10-11,CN,AU,1480,156,16,3.0,26.0,False,True,False,True
pid_01441,seller_2503,Electronics,WellnessLab,74.28,4.2,985,3,719.0,25.0,1,1295,False,True,1,2025-10-29,CA,KR,3383,479,50,0.0,3.0,False,False,False,False
pid_03057,seller_4314,Electronics,LuxuryBrand,132.56,,1119,1,184.0,10.0,0,1347,False,False,3,2025-04-01,DE,FR,3191,87,51,2.0,15.0,False,True,False,True
pid_01385,seller_8202,Fashion,FashionForward,143.49,3.6,2304,5,437.0,1.0,2,2762,True,True,3,2024-08-30,IN,FR,1500,89,112,0.0,18.0,True,False,False,False
pid_04913,seller_6529,Electronics,ClassicW3ar,5.0,2.8,0,3,252.0,24.0,1,5,True,False,1,2024-12-09,DE,CN,4936,664,268,,5.0,False,False,True,True
pid_04405,seller_2853,Cosmetics,HealthCare Plus,143.76,3.4,1738,2,203.0,24.0,1,94,False,True,2,2025-06-01,IN,IN,4281,270,204,0.0,0.0,False,False,False,True
pid_01892,seller_5090,Pharmaceuticals,BioMed Solutions,9.1,4.2,0,2,539.0,12.0,2,1097,False,True,3,2024-01-11,CA,DE,4981,87,134,1.0,7.0,True,False,False,False
pid_02073,seller_9369,Automotive,StyleHouse,168.26,4.4,0,1,682.0,1.0,0,1017,True,True,1,2024-07-29,CA,KR,1254,94,8,0.0,14.0,True,False,False,False
pid_03256,seller_9036,Cosmetics,WellnessLab,83.37,3.6,1497,3,657.0,12.0,0,1230,True,True,5,2025-03-28,CA,GB,2208,304,110,2.0,0.0,False,False,True,True
pid_00898,seller_6289,Electronics,BioMed Solutions,284.83,3.6,0,6,869.0,1.0,0,3489,False,False,4,2025-07-14,IN,JP,1984,255,26,3.0,9.0,True,False,False,False
pid_01140,seller_5658,Pharmaceuticals,PremiumCraft,276.13,4.4,3557,2,544.0,17.0,0,74,True,True,2,2024-03-03,DE,KR,3461,141,119,2.0,0.0,True,False,False,False
pid_03084,seller_2535,Cosmetics,FashionForward,224.23,,3482,7,663.0,8.0,1,1749,False,False,3,2025-04-23,AU,FR,1998,202,131,3.0,6.0,True,True,False,False
pid_04719,seller_7199,Automotive,ClassicWear,235.71,3.9,0,6,20.0,13.0,2,910,False,True,2,2025-03-04,JP,IN,1633,150,36,0.0,0.0,False,False,False,False
pid_04670,seller_2078,Fashion,CircuitMa5ter,215.74,3.1,0,1,204.0,7.0,3,1944,False,True,1,2024-01-11,DE,AU,1653,140,88,0.0,,False,False,False,True
pid_02755,seller_2339,Fashion,GlamourCo,177.74,4.5,3182,4,462.0,4.0,1,3219,False,True,3,2025-01-20,AU,JP,826,61,37,1.0,20.0,True,False,False,False
pid_03100,seller_2016,Electronics,Med1Pharm,155.57,4.6,898,2,328.0,20.0,1,2940,False,True,2,2024-12-20,AU,FR,3647,395,77,0.0,4.0,True,False,True,True
pid_03479,seller_4029,Fashion,WellnessLab,97.65,3.3,0,4,387.0,14.0,0,1239,True,False,3,2024-10-31,CN,FR,3747,509,189,0.0,0.0,False,True,False,False
pid_01977,seller_3962,Luxury Goods,TrendSett3r,216.64,4.5,301,6,425.0,1.0,0,3940,True,True,2,2024-09-11,KR,AU,898,86,25,4.0,34.0,True,False,False,False
pid_01379,seller_2366,Cosmetics,VehicleCare,185.88,3.7,2266,6,71.0,18.0,0,3536,True,True,4,2024-11-24,CA,US,1005,116,74,3.0,0.0,False,False,False,False
pid_02300,seller_2373,Pharmaceuticals,Med1Pharm,137.97,3.7,447,2,398.0,27.0,1,205,False,False,3,2025-11-29,KR,GB,2316,190,138,1.0,1.0,False,False,True,True
pid_02031,seller_9430,Luxury Goods,LuxuryBrand,119.16,4.7,1791,4,362.0,11.0,0,1087,True,False,4,2024-01-27,US,CN,4615,72,63,0.0,10.0,False,False,False,False
pid_00141,seller_6295,Fashion,CarTech,262.46,4.8,4085,6,386.0,24.0,1,1084,True,True,3,2025-05-09,CN,AU,3960,68,201,2.0,14.0,True,False,False,False
pid_03152,seller_1800,Cosmetics,NaturalGl0w,183.16,3.8,2579,2,644.0,14.0,2,1011,True,False,1,2024-10-20,FR,CN,1558,35,121,0.0,0.0,False,False,False,True
pid_01155,seller_6870,Pharmaceuticals,ExclusiveItems,77.33,3.8,2681,6,563.0,5.0,0,3389,True,True,2,2025-11-24,CN,AU,2427,156,36,5.0,17.0,True,True,False,False
pid_04139,seller_9433,Luxury Goods,StyleH0use,36.77,3.6,0,1,20.0,31.0,1,623,False,False,2,2024-12-25,AU,CA,2084,65,126,0.0,6.0,False,False,True,True
pid_00791,seller_1832,Cosmetics,CircuitMaster,242.44,5.0,2538,6,761.0,5.0,0,3592,True,True,5,2024-02-25,AU,AU,1985,100,16,1.0,5.0,False,False,False,False
pid_01900,seller_9295,Luxury Goods,BioMed Solutions,108.46,4.8,4438,2,826.0,24.0,0,639,True,True,2,2025-07-25,CA,GB,1001,46,56,3.0,20.0,False,False,False,False
pid_04645,seller_8400,Pharmaceuticals,MotorMax,207.18,3.9,419,3,301.0,17.0,3,2063,False,True,2,2024-08-17,CN,IN,1656,159,104,1.0,0.0,False,False,False,False
pid_01016,seller_1720,Electronics,FashionForward,5.0,3.6,0,1,345.0,19.0,2,770,False,False,1,2025-10-03,CN,KR,2020,44,130,1.0,0.0,False,False,False,True
pid_00700,seller_2078,Luxury Goods,LuxuryBrand,69.0,3.2,2781,4,442.0,29.0,2,1535,True,False,3,2025-04-22,US,US,4483,245,214,1.0,8.0,False,False,False,True
pid_04828,seller_2171,Fashion,ExclusiveItem5,172.43,3.7,100,1,234.0,48.0,0,5,True,False,1,2025-05-17,CN,IN,2531,329,90,0.0,22.0,False,False,True,True
pid_03492,seller_4868,Automotive,StyleHouse,236.66,4.9,3128,3,786.0,7.0,3,2793,False,True,4,2024-04-11,AU,GB,96,14,2,1.0,19.0,True,False,False,False
pid_03498,seller_7959,Electronics,PremiumCr@ft,5.0,2.8,840,1,365.0,35.0,1,286,False,False,3,2025-09-20,GB,US,1150,32,43,0.0,,False,False,False,False
pid_04597,seller_8286,Fashion,ExclusiveItems,263.51,4.8,4170,5,338.0,1.0,0,2521,True,True,5,2025-12-08,AU,CA,4029,135,31,3.0,23.0,True,False,False,False
pid_00557,seller_7775,Electronics,TechCorp,83.24,2.4,0,1,230.0,49.0,3,5,False,False,2,2025-05-25,KR,CN,2304,284,78,0.0,0.0,True,False,True,True
pid_04045,seller_9543,Luxury Goods,CarTech,5.0,5.0,0,8,660.0,15.0,1,1893,True,True,3,2025-10-14,CA,CN,1624,150,129,1.0,29.0,True,True,False,False
pid_01296,seller_1329,Electronics,TrendSetter,171.29,4.2,710,1,224.0,15.0,0,537,True,True,3,2024-08-06,KR,US,4756,112,111,1.0,8.0,True,False,False,False
pid_03483,seller_3264,Automotive,PureSkin,40.71,4.1,2294,2,477.0,11.0,3,470,True,True,4,2025-06-04,AU,CN,3751,369,129,1.0,3.0,True,True,False,True
pid_03701,seller_6958,Cosmetics,DigitalPro,207.97,3.4,3299,5,20.0,23.0,0,567,True,True,1,2024-12-10,CN,IN,4441,532,187,1.0,13.0,False,False,False,False
pid_01750,seller_4800,Luxury Goods,CircuitMaster,225.3,3.9,2242,3,538.0,38.0,1,2840,True,True,2,2024-02-12,CN,DE,962,69,52,1.0,9.0,False,False,False,False
pid_01246,seller_4048,Electronics,TrendSetter,108.98,3.6,290,7,714.0,3.0,2,2358,True,True,3,2024-01-18,DE,KR,2492,25,159,4.0,17.0,True,False,False,False
pid_01542,seller_2913,Luxury Goods,CircuitMaster,186.63,3.3,445,6,20.0,15.0,1,1607,True,True,2,2024-05-29,CA,FR,1574,96,89,1.0,,False,True,False,True
pid_01056,seller_6571,Pharmaceuticals,WellnessLab,174.69,3.7,0,2,77.0,23.0,1,5,True,False,1,2025-12-03,KR,DE,3702,52,246,0.0,13.0,True,True,False,True
pid_02945,seller_9392,Electronics,B1oMed Solutions,37.6,4.1,621,2,306.0,22.0,0,1107,True,True,3,2025-04-25,IN,IN,2085,307,134,0.0,11.0,False,False,False,True
pid_01042,seller_4236,Fashion,CarTech,107.11,3.1,420,1,482.0,34.0,0,5,True,False,2,2025-10-24,IN,IN,2984,355,234,0.0,2.0,True,False,True,True
pid_00770,seller_6028,Electronics,MediPharm,5.0,3.3,2464,2,128.0,6.0,1,5,True,False,4,2024-02-03,IN,JP,2991,125,170,3.0,19.0,False,False,False,True
pid_04491,seller_7397,Cosmetics,AutoParts Pro,131.04,4.6,3934,10,718.0,19.0,1,3149,True,True,3,2024-06-01,GB,IN,641,71,37,4.0,13.0,False,False,False,False
pid_03266,seller_2285,Luxury Goods,MediPharm,105.32,2.7,1358,3,199.0,32.0,2,2861,True,True,1,2024-10-12,US,CN,3518,418,129,1.0,13.0,False,False,False,False
pid_04107,seller_9010,Electronics,MediPharm,143.04,4.3,554,4,577.0,30.0,1,1836,True,True,1,2025-06-20,IN,US,3649,371,88,1.0,10.0,False,False,False,True
pid_00055,seller_9150,Automotive,Wel1nessLab,9.91,3.4,678,1,108.0,20.0,2,5,False,True,2,2025-03-27,IN,GB,2441,206,109,3.0,0.0,False,True,False,True
pid_00115,seller_7545,Automotive,ElectroMax,133.05,3.8,1187,7,334.0,8.0,0,786,True,True,1,2024-02-05,CN,AU,3945,177,221,1.0,14.0,True,False,True,True
pid_04330,seller_4112,Fashion,TrendSetter,140.85,4.1,560,1,311.0,43.0,0,2950,True,True,2,2024-07-05,CA,AU,4007,306,222,1.0,5.0,False,True,False,False
pid_02304,seller_9970,Automotive,CircuitMaster,196.93,3.9,1768,4,480.0,42.0,1,1619,True,True,3,2024-08-12,FR,GB,3306,220,192,3.0,14.0,False,False,False,False
pid_01335,seller_2132,Cosmetics,TechCorp,169.43,,0,1,20.0,27.0,2,726,False,False,1,2024-07-11,KR,CA,2298,168,136,2.0,0.0,True,False,False,True
pid_04773,seller_2019,Pharmaceuticals,MediPharm,237.31,3.7,3879,6,410.0,12.0,0,375,True,True,1,2025-09-16,CN,AU,3123,451,239,5.0,22.0,False,True,False,False
pid_01534,seller_6581,Fashion,EliteDesign,100.6,3.5,73,3,485.0,,0,5,False,True,3,2024-08-27,JP,FR,3232,112,78,0.0,9.0,True,False,False,False
pid_03185,seller_9673,Luxury Goods,El1teDesign,45.13,4.1,0,2,179.0,33.0,1,5,False,True,2,2025-10-02,FR,GB,3911,550,39,1.0,9.0,False,True,False,True
pid_04647,seller_4110,Fashion,TrendS3tter,185.18,3.8,0,5,314.0,12.0,0,1632,False,True,5,2024-11-26,JP,CA,737,68,41,4.0,16.0,False,True,False,True
pid_02831,seller_5312,Cosmetics,HealthCare Plus,181.18,3.9,2290,10,310.0,3.0,0,1189,True,False,4,2025-05-22,US,CA,3065,146,148,3.0,19.0,False,False,False,True
pid_00703,seller_8511,Electronics,MotorMax,91.24,4.3,1196,1,313.0,1.0,1,2794,True,True,2,2025-05-17,IN,GB,155,12,5,2.0,8.0,False,False,False,False
pid_00462,seller_6132,Pharmaceuticals,CarTech,237.04,4.7,1760,4,530.0,1.0,1,2810,False,True,4,2024-04-18,IN,FR,1092,129,75,2.0,12.0,False,True,False,False
pid_00301,seller_2163,Luxury Goods,NaturalGlow,200.21,4.3,1446,5,20.0,7.0,2,584,True,False,2,2024-08-16,FR,IN,4823,541,137,0.0,6.0,False,False,True,False
pid_04468,seller_9971,Automotive,PremiumCr@ft,43.91,3.8,943,1,20.0,24.0,2,1124,True,True,2,2025-05-18,US,GB,1737,127,116,0.0,15.0,False,False,False,True
pid_02730,seller_3388,Pharmaceuticals,TechCorp,17.59,3.3,381,5,428.0,10.0,2,1079,True,True,2,2024-04-22,US,DE,2125,147,130,0.0,7.0,False,False,False,True
pid_00560,seller_4879,Cosmetics,ElectroMax,118.27,4.7,1073,4,208.0,12.0,0,3980,True,True,2,2024-12-23,FR,KR,2935,100,88,4.0,14.0,False,False,False,False
pid_03856,seller_5342,Fashion,ClassicWear,152.78,5.0,5193,5,994.0,1.0,1,4000,True,True,3,2024-11-20,KR,CA,2103,69,86,3.0,26.0,False,False,False,False
pid_00994,seller_5901,Fashion,CircuitMa5ter,153.3,4.5,0,3,20.0,17.0,3,1628,True,True,4,2024-06-02,AU,CA,3028,159,115,4.0,7.0,True,True,False,True
pid_02126,seller_5652,Cosmetics,CarTech,219.43,4.6,1639,1,957.0,1.0,0,2701,False,False,3,2024-04-01,AU,CA,3153,232,85,0.0,6.0,False,False,True,False
pid_04006,seller_8333,Fashion,GlamourC0,210.15,4.1,1053,5,429.0,5.0,2,5,False,False,4,2025-05-30,US,DE,4908,386,359,,14.0,False,False,False,True
pid_01560,seller_9602,Fashion,TechCorp,123.35,5.0,947,7,505.0,1.0,0,1367,True,False,5,2024-02-02,CN,IN,2695,274,74,0.0,15.0,False,False,False,False
pid_04838,seller_8286,Electronics,Fash1onForward,145.58,3.6,0,4,639.0,23.0,0,1390,True,False,1,2025-01-16,DE,US,1053,80,74,0.0,3.0,False,False,False,True
pid_00921,seller_6532,Luxury Goods,PureSkin,102.2,4.0,1010,4,453.0,22.0,1,2176,False,True,1,2025-09-21,GB,GB,4028,370,258,2.0,30.0,False,True,False,False
pid_01147,seller_1433,Cosmetics,MotorMax,120.59,3.0,0,3,507.0,33.0,0,1901,False,False,3,2024-06-13,JP,GB,2463,301,59,2.0,0.0,True,False,True,True
pid_03722,seller_2776,Automotive,PureSk1n,165.38,3.9,1556,3,895.0,6.0,1,3880,True,True,4,2024-06-10,US,CN,1045,110,49,2.0,11.0,False,False,True,True
pid_00187,seller_8418,Luxury Goods,PremiumCraft,223.47,4.6,1848,4,363.0,1.0,0,2798,True,False,4,2024-07-15,AU,AU,2152,253,38,1.0,18.0,True,False,False,False
pid_02293,seller_9831,Luxury Goods,BeautyLux,157.03,,0,6,441.0,1.0,3,2769,True,True,4,2025-05-05,FR,FR,3878,552,140,1.0,13.0,False,False,False,True
pid_01549,seller_9819,Cosmetics,PureSkin,307.98,5.0,1987,3,411.0,18.0,0,3320,False,True,3,2024-09-12,CA,DE,3531,177,123,5.0,12.0,False,False,False,True
pid_01962,seller_8187,Pharmaceuticals,LuxuryBrand,191.69,4.1,325,3,449.0,26.0,1,1381,True,True,3,2025-06-21,KR,JP,886,104,21,2.0,10.0,False,True,False,False
pid_04829,seller_5448,Luxury Goods,ExclusiveItems,278.28,4.5,4538,5,364.0,14.0,1,2646,True,True,3,2025-11-26,GB,GB,3760,218,176,,26.0,True,False,True,False
pid_01897,seller_7941,Electronics,Wellnes5Lab,115.87,5.0,1717,4,258.0,16.0,0,818,True,True,1,2024-07-21,IN,CA,3618,286,234,4.0,10.0,False,False,False,False
pid_02712,seller_8725,Fashion,CircuitMaster,146.79,4.3,0,5,463.0,28.0,2,2251,True,True,2,2025-08-09,KR,FR,167,9,3,1.0,2.0,False,False,False,True
pid_01906,seller_7243,Automotive,M0torMax,64.97,3.7,1674,1,301.0,4.0,1,2024,True,True,3,2025-08-30,AU,KR,3078,391,225,2.0,17.0,False,False,False,True
pid_03467,seller_7314,Cosmetics,EliteDesign,71.54,3.6,0,2,416.0,27.0,0,1474,True,True,3,2025-05-02,DE,KR,628,33,45,1.0,5.0,False,False,False,True
pid_01352,seller_7803,Luxury Goods,MotorMax,278.99,5.0,3071,4,376.0,11.0,0,2451,True,True,4,2025-02-03,GB,GB,533,34,32,2.0,21.0,False,False,False,False
pid_01673,seller_3361,Pharmaceuticals,M3diPharm,103.35,4.1,0,2,521.0,18.0,1,1076,True,False,1,2025-03-05,FR,FR,2632,387,37,0.0,11.0,True,False,False,True
pid_02707,seller_1611,Fashion,ClassicWear,207.26,4.2,5896,1,372.0,1.0,0,5,True,True,2,2024-09-08,FR,US,4941,426,340,5.0,0.0,False,False,False,True
pid_03257,seller_8132,Electronics,PureSkin,119.03,4.5,876,3,605.0,,0,2530,True,True,1,2025-10-13,CA,CA,997,84,47,3.0,19.0,False,False,False,True
pid_00236,seller_1553,Fashion,StyleHouse,181.68,3.7,1054,4,437.0,21.0,1,1086,True,True,3,2025-04-09,JP,IN,1360,105,17,0.0,16.0,False,False,False,False
pid_03595,seller_3823,Cosmetics,BeautyLux,191.43,4.0,1135,1,534.0,38.0,0,5,True,False,1,2025-12-22,IN,GB,2459,105,195,0.0,18.0,True,False,False,True
pid_04643,seller_7448,Electronics,Exclus1veItems,170.63,3.5,610,4,378.0,24.0,0,1316,True,False,5,2024-12-29,CA,GB,2696,400,195,3.0,7.0,False,False,False,True
pid_04047,seller_9353,Luxury Goods,PureSkin,283.8,4.3,1195,4,578.0,1.0,1,2097,True,True,2,2025-06-04,IN,GB,546,25,23,0.0,9.0,False,False,False,False
pid_01081,seller_7389,Electronics,AutoParts Pro,242.27,4.4,5475,6,525.0,1.0,2,2804,True,True,1,2024-01-02,AU,JP,4740,285,364,1.0,16.0,False,False,False,False
pid_02610,seller_9963,Pharmaceuticals,Pur3Skin,218.24,2.8,1401,2,502.0,10.0,0,567,True,True,2,2024-10-22,IN,DE,203,15,11,0.0,5.0,False,False,False,True
pid_04285,seller_8394,Cosmetics,VehicleCare,166.89,3.4,0,2,20.0,20.0,0,109,True,True,1,2024-05-09,IN,GB,1615,62,120,0.0,7.0,False,False,False,False
pid_00607,seller_6294,Fashion,HealthCare Plus,41.76,3.5,1324,4,299.0,1.0,0,1161,True,True,4,2024-03-02,JP,FR,3555,162,158,1.0,22.0,True,False,False,False
pid_00846,seller_2083,Electronics,DigitalPro,96.42,5.0,4242,6,679.0,19.0,0,1495,True,True,3,2025-05-28,KR,JP,2779,193,106,5.0,24.0,False,False,False,False
pid_03569,seller_5866,Automotive,ExclusiveItems,147.37,5.0,5038,5,332.0,4.0,1,1879,True,True,6,2024-12-11,FR,CA,3548,408,158,0.0,16.0,False,False,False,True
pid_01268,seller_9980,Cosmetics,LuxuryBrand,285.9,5.0,0,5,469.0,1.0,1,3227,True,False,4,2024-10-08,IN,IN,1558,91,37,0.0,6.0,True,True,False,True
pid_04205,seller_7492,Luxury Goods,HealthCare Plus,180.73,4.6,3886,6,344.0,20.0,1,1002,False,False,4,2024-05-05,DE,DE,1247,115,6,1.0,17.0,False,False,False,False
pid_04539,seller_4953,Electronics,HealthCare P1us,59.68,3.9,1339,4,555.0,1.0,0,1218,True,True,3,2024-01-01,KR,US,3082,449,41,3.0,25.0,False,True,False,True
pid_00563,seller_9989,Electronics,HealthCare Plus,161.69,4.3,6118,4,403.0,9.0,0,5,True,True,2,2025-01-18,JP,CA,3035,100,162,0.0,23.0,False,True,False,False
pid_00418,seller_7277,Cosmetics,PureSkin,6.01,4.0,1506,1,365.0,1.0,2,466,True,False,4,2024-10-06,DE,DE,4056,326,229,2.0,7.0,False,False,False,True
pid_04682,seller_5835,Automotive,CarT3ch,101.02,3.2,929,1,303.0,35.0,1,846,False,True,1,2024-09-11,DE,CA,4371,142,223,0.0,0.0,False,False,False,True
pid_01523,seller_9048,Electronics,WellnessLab,83.1,3.2,0,2,20.0,26.0,2,1487,True,True,1,2025-10-02,IN,GB,2474,54,72,0.0,4.0,False,False,True,True
pid_02652,seller_7683,Fashion,PureSkin,84.95,4.1,0,5,430.0,25.0,0,1407,True,True,1,2024-02-28,AU,CA,1018,84,22,0.0,3.0,False,False,False,False
pid_04507,seller_9889,Electronics,PureSkin,212.82,4.1,3054,5,841.0,1.0,0,3790,True,False,5,2025-01-16,GB,CA,226,17,9,5.0,25.0,False,False,False,False
pid_02851,seller_3154,Fashion,StyleHouse,284.32,4.7,3986,3,665.0,10.0,0,1718,True,True,3,2024-04-19,US,FR,4627,304,202,2.0,26.0,False,False,False,False
pid_02633,seller_5279,Electronics,EliteDesign,66.91,2.9,0,1,20.0,24.0,1,411,False,False,3,2025-08-31,CA,DE,325,46,17,0.0,7.0,False,False,False,True
pid_00518,seller_1263,Automotive,LuxuryBrand,284.24,4.2,2492,8,550.0,23.0,0,2341,False,True,1,2024-07-14,GB,GB,4592,190,102,3.0,28.0,False,False,True,False
pid_02849,seller_3444,Fashion,HealthCare Plus,159.78,4.7,0,5,709.0,6.0,0,1730,True,True,4,2024-02-28,FR,FR,2712,230,68,3.0,17.0,False,False,False,False
pid_01020,seller_6083,Cosmetics,MediPharm,54.2,3.8,2031,3,770.0,27.0,1,723,True,True,2,2025-06-13,CN,FR,3446,101,41,0.0,10.0,False,False,False,False
pid_00993,seller_3927,Cosmetics,Glam0urCo,5.0,3.6,0,2,317.0,17.0,1,29,True,True,1,2024-11-09,DE,DE,2473,353,80,0.0,6.0,False,False,False,True
pid_04294,seller_6702,Fashion,CarTech,123.41,3.7,1481,4,,18.0,0,1827,True,True,2,2024-02-07,AU,KR,1059,77,40,0.0,6.0,False,False,False,False
pid_02933,seller_8527,Luxury Goods,WellnessLab,171.74,3.7,52,6,522.0,7.0,1,1801,True,False,2,2024-09-08,GB,CN,2028,62,64,0.0,10.0,False,False,True,True
pid_04266,seller_2518,Cosmetics,E1iteDesign,96.05,4.0,3978,6,342.0,4.0,0,2895,True,True,5,2024-08-11,CA,US,55,6,2,0.0,15.0,False,False,False,True
pid_03404,seller_1654,Pharmaceuticals,DigitalPro,259.22,4.1,1599,1,420.0,9.0,0,1305,True,False,4,2025-06-30,IN,CN,1824,210,81,1.0,9.0,True,False,False,False
pid_02514,seller_6186,Cosmetics,PremiumCraft,311.92,4.0,3098,6,467.0,1.0,0,3406,True,True,3,2025-10-05,CA,IN,2863,60,90,2.0,12.0,True,False,False,True
pid_02070,seller_6248,Pharmaceuticals,Natura1Glow,75.86,4.0,2877,5,241.0,21.0,2,1934,False,False,1,2024-03-01,CN,CN,807,65,15,1.0,3.0,False,False,True,True
pid_04646,seller_7060,Cosmetics,ClassicWear,80.49,4.4,1715,3,376.0,7.0,0,1438,False,False,5,2024-05-17,AU,JP,610,57,24,5.0,14.0,False,False,False,False
pid_00534,seller_4647,Pharmaceuticals,BioMed Solutions,139.28,4.2,2356,5,621.0,1.0,0,1835,True,True,3,2025-04-22,FR,DE,4817,248,55,3.0,20.0,False,True,False,False
pid_03296,seller_5601,Cosmetics,MotorMax,195.93,5.0,3234,5,346.0,24.0,1,1033,True,True,4,2025-04-10,KR,KR,894,132,4,2.0,9.0,False,False,False,False
pid_02630,seller_7424,Cosmetics,StyleH0use,182.14,4.2,1119,5,398.0,11.0,0,1917,False,False,4,2024-01-26,IN,FR,3458,493,172,3.0,6.0,False,False,True,True
pid_04195,seller_3982,Electronics,LuxuryBr@nd,90.29,3.7,1237,4,291.0,12.0,2,1978,True,True,3,2024-01-03,AU,DE,1383,156,56,2.0,0.0,False,True,False,True
pid_03371,seller_9204,Cosmetics,Electr0Max,95.57,3.7,0,2,81.0,29.0,3,1685,True,False,4,2024-07-29,DE,DE,896,60,18,0.0,5.0,True,True,False,True
pid_02641,seller_2287,Electronics,TrendSetter,121.94,3.1,4044,2,87.0,20.0,0,2675,True,True,3,2024-04-09,US,FR,2956,266,196,3.0,0.0,False,False,False,False
pid_03985,seller_5430,Automotive,HealthCare Plus,106.07,3.7,0,1,405.0,15.0,0,1911,True,True,1,2024-04-21,CA,GB,3778,510,153,0.0,17.0,False,False,True,False
pid_03120,seller_4362,Fashion,NaturalGl0w,48.97,4.9,347,1,244.0,13.0,1,622,True,True,1,2024-09-01,FR,CN,1728,152,50,0.0,12.0,False,False,False,True
pid_03969,seller_9899,Fashion,GlamourCo,141.74,4.1,3624,6,484.0,8.0,0,666,True,True,3,2024-09-02,JP,FR,1195,104,8,1.0,9.0,False,True,False,True
pid_01477,seller_1066,Pharmaceuticals,AutoParts Pro,47.96,3.9,2629,2,232.0,8.0,1,586,False,True,2,2024-10-15,IN,IN,4305,50,238,0.0,14.0,False,False,False,False
pid_01973,seller_5954,Luxury Goods,ElectroMax,186.07,3.8,1728,2,23.0,1.0,0,1048,False,False,1,2025-05-28,KR,CN,974,85,50,3.0,9.0,False,False,True,False
pid_04934,seller_3274,Luxury Goods,PureSkin,212.41,5.0,1530,6,734.0,9.0,0,2416,True,True,3,2025-04-19,US,KR,3926,117,69,3.0,,False,False,False,False
pid_03503,seller_8402,Electronics,StyleHou5e,221.74,4.3,3007,6,873.0,14.0,0,381,False,True,4,2025-08-30,US,US,2542,54,98,2.0,11.0,False,False,False,True
pid_04519,seller_5502,Electronics,DigitalPro,181.05,4.3,3297,3,26.0,24.0,1,582,True,True,2,2024-07-10,JP,JP,2406,215,47,1.0,10.0,False,False,False,False
pid_00946,seller_1986,Electronics,LuxuryBrand,152.59,3.9,5000,3,621.0,2.0,0,1948,True,False,3,2025-09-06,GB,IN,2999,47,135,3.0,22.0,False,False,False,False
pid_03987,seller_3233,Luxury Goods,EliteDesign,65.94,3.4,3280,5,714.0,7.0,0,5,False,False,4,2025-12-21,IN,DE,1234,161,33,3.0,16.0,False,False,False,False
pid_02595,seller_1844,Pharmaceuticals,StyleHouse,95.53,4.2,3069,2,103.0,9.0,1,1323,False,False,2,2025-03-09,DE,FR,957,71,42,1.0,6.0,False,False,False,True
pid_04540,seller_9785,Electronics,MediPharm,94.98,3.6,2916,3,650.0,14.0,1,1258,True,False,3,2024-08-28,AU,CA,4746,418,270,0.0,7.0,True,False,True,True
pid_01242,seller_8315,Pharmaceuticals,T3chCorp,193.02,3.9,3615,4,449.0,2.0,1,2813,True,True,3,2024-07-24,CN,IN,786,55,7,3.0,23.0,False,False,True,False
pid_00616,seller_4463,Electronics,PremiumCraft,60.16,3.8,2542,3,232.0,1.0,2,872,False,False,4,2024-03-16,CA,DE,2298,237,90,1.0,8.0,True,False,True,False
pid_01745,seller_4314,Luxury Goods,Be@utyLux,5.0,3.7,0,1,355.0,8.0,0,1919,True,False,1,2025-06-29,AU,JP,1024,34,54,0.0,36.0,False,False,False,True
pid_00955,seller_1656,Fashion,HealthCare Plu5,201.17,4.6,3096,5,359.0,5.0,1,1399,False,True,1,2024-07-07,CN,DE,963,25,14,4.0,3.0,False,True,False,True
pid_00194,seller_6446,Fashion,Be@utyLux,108.62,3.5,2762,1,299.0,36.0,1,2117,False,True,4,2025-06-13,FR,KR,2324,191,48,0.0,2.0,False,False,True,False
pid_00909,seller_5280,Fashion,FashionF0rward,128.79,3.4,0,2,56.0,12.0,1,992,True,False,3,2025-11-08,FR,KR,312,43,23,0.0,19.0,True,False,True,True
pid_02032,seller_4805,Luxury Goods,FashionForward,306.19,4.6,5389,6,543.0,,0,2390,True,True,3,2025-09-04,CN,JP,2878,303,227,4.0,14.0,True,False,False,False
pid_04750,seller_5330,Fashion,StyleHouse,93.05,3.3,0,1,361.0,20.0,0,5,True,True,1,2024-07-19,AU,US,784,81,7,1.0,16.0,False,False,True,True
pid_04579,seller_3844,Cosmetics,ExclusiveItems,86.32,3.6,0,3,68.0,13.0,0,1163,True,False,1,2025-05-09,KR,AU,3245,82,92,0.0,0.0,False,True,False,True
pid_04782,seller_9878,Luxury Goods,CarTech,213.95,4.3,3672,5,558.0,6.0,0,1173,True,True,4,2025-06-08,CA,GB,3342,324,265,2.0,19.0,False,False,False,False
pid_01840,seller_3907,Fashion,FashionForward,151.11,5.0,2114,3,159.0,13.0,0,178,True,True,1,2025-01-03,FR,AU,2892,163,90,1.0,18.0,False,False,False,False
pid_00368,seller_7045,Electronics,DigitalPro,181.83,4.4,2546,3,155.0,24.0,3,5,False,True,3,2025-01-10,AU,US,476,43,35,4.0,3.0,True,False,False,True
pid_01827,seller_7320,Automotive,BeautyLux,98.5,3.8,0,7,465.0,22.0,0,852,True,False,2,2025-04-19,CN,CA,2809,117,79,1.0,1.0,False,False,False,False
pid_04224,seller_4144,Cosmetics,FashionForward,141.06,4.1,0,2,20.0,14.0,1,634,True,True,1,2025-05-29,FR,IN,2026,277,81,2.0,0.0,False,True,False,False
pid_04624,seller_8786,Automotive,DigitalPro,92.07,2.9,88,6,598.0,28.0,1,750,False,True,2,2025-11-13,IN,AU,4686,180,327,0.0,18.0,False,False,False,False
pid_02045,seller_5103,Pharmaceuticals,Dig1talPro,94.5,3.4,0,4,442.0,14.0,1,1573,False,True,4,2025-05-12,US,IN,1345,158,91,0.0,0.0,False,True,True,True
pid_04094,seller_3267,Fashion,M3diPharm,253.85,4.5,812,1,493.0,1.0,0,2381,True,True,2,2024-01-09,US,CA,3369,439,58,2.0,19.0,False,False,False,True
pid_01999,seller_2083,Fashion,CircuitMaster,46.68,3.5,0,3,527.0,17.0,1,356,False,True,3,2024-01-23,US,KR,4277,581,213,2.0,4.0,False,False,False,False
pid_03501,seller_2621,Pharmaceuticals,CircuitMaster,167.34,4.2,1148,4,342.0,18.0,1,2964,True,False,4,2024-10-04,KR,DE,2013,205,151,4.0,16.0,False,True,False,False
pid_03999,seller_2685,Electronics,BioMed Solutions,5.0,2.8,0,4,313.0,45.0,0,370,True,False,1,2025-01-19,KR,IN,1079,25,61,0.0,0.0,False,False,False,True
pid_00216,seller_3478,Fashion,MediPharm,192.94,3.9,2201,1,593.0,25.0,0,320,False,True,2,2025-07-19,US,CA,3940,252,270,0.0,19.0,False,False,False,False
pid_02575,seller_5520,Cosmetics,WellnessLab,170.7,3.8,2102,5,453.0,26.0,1,2083,False,False,3,2025-04-27,US,GB,4270,534,282,,,False,False,True,False
pid_04306,seller_7003,Luxury Goods,C1assicWear,5.0,3.1,1524,1,20.0,21.0,2,3016,False,False,1,2024-03-27,US,GB,1848,236,118,0.0,0.0,False,False,False,True
pid_01501,seller_1577,Luxury Goods,CircuitMaster,257.69,4.6,5291,4,580.0,10.0,0,2723,True,False,3,2025-08-08,GB,DE,3181,101,34,3.0,26.0,False,False,False,False
pid_03782,seller_5664,Electronics,TrendS3tter,135.56,3.6,2606,4,374.0,31.0,0,2104,True,True,2,2025-02-18,GB,FR,1509,205,55,4.0,8.0,False,False,False,True
pid_01055,seller_8356,Fashion,Exc1usiveItems,135.68,4.1,3554,5,595.0,27.0,3,1829,True,True,3,2024-04-18,FR,JP,2999,209,180,5.0,0.0,True,False,False,True
pid_03113,seller_1268,Electronics,WellnessLab,111.04,4.4,4100,4,497.0,1.0,1,3010,True,True,4,2024-05-15,US,JP,1829,233,17,,15.0,False,False,True,False
pid_04320,seller_5703,Cosmetics,PremiumCraft,188.85,3.6,0,1,239.0,17.0,1,5,True,True,4,2025-11-12,AU,CN,587,75,43,1.0,13.0,True,False,False,True
pid_04375,seller_2196,Luxury Goods,ExclusiveItems,70.24,4.0,0,6,20.0,18.0,0,69,True,True,2,2025-01-30,AU,JP,3514,451,250,0.0,24.0,False,True,True,False
pid_03545,seller_8930,Electronics,ElectroMax,234.91,4.6,5335,7,786.0,2.0,0,3690,True,True,6,2025-07-29,FR,FR,2090,34,144,3.0,14.0,False,False,False,False
pid_01247,seller_4043,Electronics,Fash1onForward,201.81,4.4,1552,6,467.0,10.0,2,2175,True,False,2,2024-10-01,KR,IN,4400,322,155,0.0,6.0,False,False,True,True
pid_00460,seller_7649,Electronics,GlamourCo,59.68,4.0,3151,8,585.0,41.0,1,1123,False,True,3,2024-02-24,CN,DE,4056,406,211,0.0,6.0,False,True,False,True
pid_01177,seller_9376,Electronics,StyleHouse,179.88,4.5,855,5,805.0,2.0,0,1853,True,True,4,2024-12-12,KR,AU,1540,196,32,2.0,24.0,False,False,False,False
pid_02470,seller_1827,Fashion,BioMed Solutions,96.77,3.5,0,5,343.0,6.0,2,5,True,True,1,2024-10-13,AU,DE,4484,296,263,1.0,14.0,True,True,False,True
pid_03068,seller_4028,Fashion,ElectroMax,76.76,3.5,4371,5,394.0,9.0,3,1659,False,True,3,2024-03-16,AU,IN,151,9,9,0.0,15.0,False,False,False,True
pid_02488,seller_6543,Cosmetics,C1rcuitMaster,38.47,3.9,204,5,406.0,25.0,6,5,False,False,1,2025-12-15,CA,US,856,117,47,2.0,8.0,True,True,False,True
pid_01752,seller_8442,Electronics,BioMed Solutions,218.28,3.7,2320,1,264.0,22.0,0,1176,True,False,1,2024-05-23,FR,FR,1034,47,18,0.0,2.0,False,True,True,False
pid_02726,seller_6543,Electronics,GlamourCo,68.8,3.3,0,1,20.0,29.0,2,1825,True,False,1,2025-09-20,DE,CA,3065,145,88,0.0,4.0,True,False,False,False
pid_02615,seller_5776,Electronics,TrendSetter,107.02,3.8,1695,3,238.0,36.0,1,1646,True,True,2,2025-07-05,CN,DE,149,7,3,0.0,0.0,True,True,False,True
pid_04123,seller_6479,Automotive,Digit@lPro,287.67,5.0,3598,5,437.0,1.0,0,3384,True,True,5,2025-07-12,CA,AU,98,8,6,0.0,4.0,True,False,False,False
pid_02993,seller_5718,Fashion,WellnessLab,214.38,3.7,0,4,632.0,,0,2116,True,True,1,2024-12-08,JP,DE,1597,124,100,2.0,24.0,True,False,False,False
pid_00769,seller_3102,Pharmaceuticals,HealthCare Plus,239.83,3.4,5203,7,578.0,6.0,0,3190,True,True,4,2024-02-12,US,DE,1144,24,42,3.0,14.0,False,True,False,False
pid_04030,seller_6028,Cosmetics,DigitalPro,47.36,4.1,0,4,474.0,7.0,1,1339,True,False,2,2024-12-18,CA,GB,2516,267,172,0.0,0.0,True,False,True,False
pid_03384,seller_7222,Electronics,WellnessLab,142.64,3.9,564,2,270.0,6.0,1,1810,True,True,3,2024-02-10,CN,GB,1336,18,89,0.0,9.0,False,False,True,False
pid_02065,seller_2281,Pharmaceuticals,CarTech,210.22,4.1,570,5,309.0,30.0,0,1548,True,False,3,2025-02-26,KR,KR,4256,89,210,4.0,15.0,True,False,False,False
pid_02506,seller_5057,Automotive,MediPh@rm,147.65,3.9,0,10,627.0,14.0,0,1077,True,False,4,2024-12-11,AU,CA,602,80,29,2.0,6.0,False,False,False,False
pid_00234,seller_2365,Electronics,CarTech,211.26,4.3,1299,7,744.0,1.0,3,1648,True,True,2,2025-01-04,KR,IN,3580,404,285,5.0,4.0,False,False,True,False
pid_04836,seller_7313,Fashion,StyleHouse,149.7,3.2,1916,1,481.0,31.0,0,792,False,False,1,2024-07-28,DE,JP,246,6,11,1.0,10.0,True,False,False,False
pid_00001,seller_2414,Automotive,VehicleCare,74.78,4.1,3640,1,644.0,18.0,1,2935,True,False,2,2024-03-18,CA,DE,3282,385,93,3.0,13.0,False,False,False,True
pid_02653,seller_7050,Electronics,NaturalGlow,57.16,3.2,4665,3,546.0,9.0,3,367,True,False,3,2024-01-04,KR,JP,3018,64,36,1.0,13.0,False,False,True,False
pid_04223,seller_6782,Pharmaceuticals,TrendSetter,179.32,4.6,2394,6,571.0,13.0,2,999,False,True,2,2025-05-16,AU,FR,1399,108,38,4.0,14.0,False,False,False,False
pid_02550,seller_5669,Fashion,TrendSetter,41.76,4.8,5278,2,478.0,7.0,0,2538,True,True,6,2024-02-21,FR,CN,4877,532,216,3.0,13.0,False,False,False,False
pid_04008,seller_2110,Cosmetics,GlamourCo,163.48,3.4,552,2,146.0,23.0,3,541,False,False,1,2025-07-24,CN,IN,3782,496,301,0.0,9.0,True,True,True,True
pid_01272,seller_2930,Pharmaceuticals,NaturalGlow,136.48,4.5,5255,3,237.0,1.0,0,2036,True,True,3,2024-11-05,US,GB,1934,255,54,,18.0,False,False,False,False
pid_00210,seller_6165,Luxury Goods,GlamourCo,121.87,4.0,5638,4,312.0,21.0,0,1768,True,True,5,2024-09-29,FR,DE,3399,328,88,1.0,17.0,False,False,False,False
pid_00671,seller_4643,Automotive,MediPharm,248.27,3.8,3661,2,664.0,7.0,0,1794,True,True,3,2025-01-11,US,FR,436,41,5,1.0,12.0,False,True,True,True
pid_03330,seller_8306,Cosmetics,ClassicWear,280.32,4.9,5571,4,656.0,12.0,0,2734,True,True,4,2024-10-02,CA,KR,1209,166,13,1.0,10.0,True,False,False,False
pid_04340,seller_2334,Luxury Goods,BioMed Solution5,144.93,5.0,135,7,355.0,1.0,1,5,False,True,1,2024-06-19,CA,GB,4566,378,300,4.0,14.0,False,False,False,False
pid_00438,seller_2825,Cosmetics,BioM3d Solutions,137.27,4.3,476,2,20.0,1.0,0,3008,False,True,4,2025-02-13,DE,CA,4744,388,234,3.0,9.0,False,False,False,True
pid_02296,seller_8778,Electronics,StyleH0use,97.67,3.9,0,1,395.0,28.0,2,1412,True,True,1,2025-09-18,GB,CA,3213,169,34,,8.0,True,True,False,True
pid_04715,seller_2309,Fashion,FashionForward,5.0,3.0,0,5,20.0,44.0,2,1093,True,True,1,2025-10-20,CN,IN,65,9,0,0.0,1.0,False,True,False,True
pid_04574,seller_8362,Pharmaceuticals,BeautyLux,220.56,5.0,4676,7,1067.0,16.0,0,2276,True,False,6,2024-12-03,AU,KR,355,38,2,3.0,18.0,False,False,False,False
pid_00880,seller_8832,Fashion,TrendSett3r,76.18,3.7,21,1,413.0,12.0,0,5,False,True,3,2025-09-16,FR,GB,4044,593,286,2.0,12.0,True,True,False,True
pid_04673,seller_5416,Electronics,Glam0urCo,65.18,3.8,1823,2,460.0,18.0,1,1720,False,False,3,2024-09-08,IN,KR,4323,565,182,2.0,11.0,False,False,False,True
pid_04880,seller_6105,Electronics,MotorMax,343.94,4.8,1780,6,614.0,6.0,0,3161,False,True,4,2024-05-02,CA,CA,4205,449,51,4.0,25.0,False,False,False,False
pid_01160,seller_9830,Pharmaceuticals,StyleHouse,234.14,3.9,4546,4,466.0,15.0,0,2775,True,False,2,2025-07-19,FR,DE,470,23,12,,19.0,True,True,False,True
pid_01008,seller_7695,Fashion,EliteDes1gn,5.0,3.2,1557,1,,39.0,3,1267,True,True,1,2024-10-08,GB,GB,4317,47,303,3.0,7.0,False,False,False,True
pid_02903,seller_9463,Fashion,TrendSetter,243.38,3.7,1713,5,588.0,32.0,0,260,True,True,3,2025-01-15,JP,DE,544,50,35,2.0,3.0,False,False,False,False
pid_04766,seller_6876,Automotive,WellnessLab,177.21,4.8,0,5,628.0,13.0,1,2223,True,True,4,2025-01-16,JP,IN,4313,542,31,2.0,14.0,False,False,False,False
pid_04680,seller_7915,Fashion,EliteDesign,5.0,5.0,1941,3,475.0,3.0,0,782,True,False,1,2024-08-20,US,CN,4704,511,133,0.0,29.0,True,False,False,False
pid_01848,seller_2683,Automotive,AutoParts Pro,269.66,4.1,5236,6,380.0,2.0,0,2344,True,True,2,2025-11-09,FR,KR,2236,319,161,4.0,27.0,True,False,False,False
pid_01717,seller_9180,Cosmetics,MotorMax,72.7,2.8,1785,2,209.0,14.0,1,2830,True,True,2,2024-02-02,JP,GB,1127,152,73,2.0,9.0,False,False,False,True
pid_00385,seller_3865,Pharmaceuticals,CarTech,43.9,3.2,3067,3,467.0,15.0,0,1506,True,True,1,2024-08-16,KR,CN,2463,174,161,1.0,5.0,False,False,False,False
pid_01528,seller_2103,Pharmaceuticals,WellnessLab,52.35,4.7,2000,4,,10.0,1,1438,True,True,6,2024-08-07,US,DE,2489,71,96,3.0,19.0,False,False,False,True
pid_01710,seller_6212,Electronics,FashionForward,68.52,4.0,0,5,434.0,15.0,0,1413,True,True,2,2024-06-06,KR,DE,4984,558,147,3.0,,False,True,False,False
pid_01630,seller_6903,Pharmaceuticals,ExclusiveItems,27.51,3.1,357,2,249.0,20.0,1,5,True,True,1,2024-06-30,DE,GB,4082,529,297,0.0,15.0,False,True,True,True
pid_02544,seller_6528,Electronics,NaturalGlow,212.31,3.8,0,1,309.0,20.0,1,5,True,False,3,2024-05-12,US,AU,212,12,10,1.0,18.0,True,False,True,False
pid_03631,seller_8309,Electronics,WellnessLab,150.51,4.2,6061,5,769.0,8.0,0,3430,False,False,1,2025-07-28,FR,CA,4277,474,179,2.0,25.0,False,False,False,False
pid_03108,seller_3282,Cosmetics,DigitalPro,206.03,4.1,1244,5,581.0,4.0,1,606,True,True,4,2025-08-08,IN,AU,4479,641,259,5.0,25.0,True,False,False,False
pid_04625,seller_3351,Cosmetics,LuxuryBrand,93.19,4.3,0,4,991.0,4.0,0,2939,False,True,2,2025-09-15,US,GB,1205,139,90,1.0,3.0,False,False,False,True
pid_03202,seller_9673,Electronics,ExclusiveItems,217.96,4.5,5828,7,123.0,1.0,1,1245,False,True,4,2025-03-09,US,DE,398,51,2,1.0,27.0,False,False,False,False
pid_03429,seller_6282,Cosmetics,BioMed Solutions,95.96,2.8,2088,1,230.0,20.0,3,5,False,False,1,2025-05-06,FR,AU,2684,368,188,1.0,3.0,False,True,False,False
pid_02385,seller_7500,Cosmetics,Med1Pharm,5.0,3.4,505,1,,13.0,0,140,False,False,1,2025-05-25,KR,IN,792,34,37,0.0,0.0,False,True,False,True
pid_02442,seller_7070,Pharmaceuticals,WellnessLab,61.06,5.0,3443,5,787.0,23.0,0,1748,True,True,5,2024-10-17,CA,GB,3638,153,135,3.0,19.0,False,False,False,False
pid_03025,seller_3304,Fashion,PureSkin,291.09,3.8,0,4,540.0,28.0,3,3131,False,True,4,2025-01-06,JP,FR,2324,38,100,0.0,2.0,True,False,False,False
pid_02856,seller_2318,Fashion,CarTech,178.84,5.0,4907,7,687.0,1.0,0,4000,False,False,4,2024-05-10,CN,IN,1687,47,64,1.0,,False,False,False,False
pid_01785,seller_2796,Automotive,Fa5hionForward,77.5,4.8,97,3,231.0,2.0,0,1746,True,True,1,2025-05-19,JP,GB,4891,237,92,0.0,7.0,False,True,True,True
pid_00396,seller_8876,Automotive,NaturalGlow,277.05,4.9,3532,4,661.0,4.0,1,1439,True,True,2,2024-05-28,US,CA,3669,88,160,4.0,29.0,False,False,False,False
pid_04479,seller_7909,Cosmetics,HealthCare Plus,111.73,3.0,0,3,247.0,27.0,3,2284,True,True,2,2024-07-14,KR,GB,4610,127,105,1.0,7.0,True,False,False,False
pid_01519,seller_3008,Automotive,He@lthCare Plus,134.97,4.1,3887,6,205.0,1.0,0,2012,True,True,6,2024-10-21,US,GB,2341,50,51,3.0,10.0,False,False,False,False
pid_01596,seller_5577,Fashion,FashionForward,244.6,4.2,0,2,151.0,30.0,0,1257,True,True,1,2024-12-03,GB,US,1838,265,43,1.0,6.0,False,False,False,True
pid_01395,seller_6543,Pharmaceuticals,HealthCare Plus,139.68,3.9,2129,2,422.0,6.0,3,1376,True,True,1,2024-05-24,AU,CN,724,99,32,0.0,1.0,False,True,False,False
pid_04005,seller_8534,Fashion,BioMed Solutions,110.94,,2527,4,487.0,3.0,0,771,True,False,1,2024-11-20,IN,GB,4346,213,76,0.0,20.0,False,False,True,True
pid_03679,seller_9136,Fashion,MotorMax,127.28,4.1,0,2,20.0,19.0,3,2282,True,True,2,2025-03-24,CA,FR,3425,167,269,0.0,14.0,False,True,False,False
pid_02704,seller_2807,Pharmaceuticals,CarTech,12.59,4.7,2703,1,279.0,33.0,1,719,True,False,1,2025-07-01,AU,US,1430,149,19,0.0,0.0,True,True,False,True
pid_01857,seller_9472,Luxury Goods,Natur@lGlow,144.02,4.6,3773,6,381.0,1.0,2,2959,False,True,5,2024-09-11,CN,US,639,75,45,2.0,1.0,False,False,False,False
pid_04940,seller_8977,Fashion,ElectroMax,182.86,3.3,2686,3,274.0,19.0,2,5,True,True,2,2025-08-17,FR,KR,165,20,5,3.0,5.0,False,True,True,False
pid_02316,seller_9218,Fashion,PremiumCraft,232.48,3.9,706,7,362.0,14.0,1,863,False,True,3,2024-09-14,AU,DE,453,18,24,2.0,10.0,False,False,False,False
pid_00613,seller_9945,Electronics,B3autyLux,258.55,4.4,2619,6,716.0,21.0,0,3042,True,True,4,2024-12-26,JP,GB,1306,56,15,1.0,24.0,True,False,False,True
pid_00290,seller_5961,Electronics,EliteDesign,41.97,3.9,1870,1,186.0,34.0,0,1412,False,False,3,2025-01-08,DE,GB,845,65,50,0.0,0.0,False,True,False,False
pid_02423,seller_9107,Luxury Goods,GlamourCo,53.88,3.9,765,3,291.0,21.0,1,5,True,False,2,2024-01-03,JP,KR,2601,55,81,1.0,20.0,False,False,False,False
pid_01499,seller_7683,Automotive,CarTech,158.23,3.7,2069,7,235.0,2.0,0,1878,True,True,3,2024-11-06,JP,KR,1432,18,94,2.0,16.0,False,False,False,False
pid_00990,seller_3287,Pharmaceuticals,WellnessLab,91.22,3.5,1437,1,618.0,,0,3978,True,False,5,2025-05-14,AU,GB,3494,424,267,1.0,,False,False,True,False
pid_03660,seller_1776,Luxury Goods,VehicleCare,32.71,4.6,525,2,551.0,22.0,1,78,True,True,1,2025-03-18,IN,FR,2715,206,130,3.0,11.0,False,True,False,True
pid_03682,seller_9505,Pharmaceuticals,Aut0Parts Pro,79.69,2.9,2600,4,146.0,8.0,0,2136,False,True,2,2024-12-29,US,AU,4511,648,141,1.0,0.0,True,True,False,True
pid_03694,seller_6350,Fashion,ExclusiveItems,176.4,4.5,346,5,396.0,4.0,0,3017,True,True,3,2025-06-17,GB,CA,2210,23,15,3.0,14.0,True,False,False,True
pid_04449,seller_9656,Pharmaceuticals,BioMed Solutions,64.48,4.3,2790,4,646.0,10.0,3,173,False,False,1,2024-08-19,DE,US,2734,169,85,3.0,15.0,False,False,False,False
pid_01989,seller_1212,Pharmaceuticals,ExclusiveIt3ms,122.04,3.3,0,3,20.0,24.0,3,710,True,False,1,2025-12-07,GB,CA,4545,193,160,0.0,0.0,True,False,False,True
pid_01939,seller_9653,Electronics,CircuitMaster,201.05,4.4,5771,9,1133.0,5.0,0,1118,True,True,3,2025-11-24,FR,CA,1966,118,119,2.0,12.0,False,False,False,False
pid_04427,seller_2786,Electronics,PremiumCraft,125.09,3.5,837,1,437.0,16.0,3,1867,True,False,1,2025-08-29,GB,DE,2703,75,164,1.0,7.0,False,False,False,False
pid_00650,seller_8891,Electronics,AutoParts Pro,245.52,3.7,1463,6,364.0,18.0,1,1847,True,True,2,2024-01-01,AU,JP,4093,41,101,1.0,1.0,False,False,True,False
pid_04160,seller_8211,Luxury Goods,NaturalGlow,141.68,4.0,2646,6,578.0,23.0,1,1528,False,False,2,2025-01-18,GB,AU,2558,78,148,5.0,26.0,False,False,False,False
pid_04331,seller_6938,Electronics,WellnessLab,146.23,3.7,2078,4,721.0,11.0,0,3065,True,True,5,2025-01-13,CA,DE,4923,415,42,0.0,15.0,False,False,True,False
pid_01533,seller_4643,Fashion,LuxuryBrand,178.71,2.9,12,2,210.0,16.0,2,2281,True,False,1,2025-05-19,CA,CA,4723,49,150,0.0,8.0,False,False,False,False
pid_02772,seller_7905,Pharmaceuticals,BioMed Solutions,171.44,4.6,2210,5,417.0,11.0,1,1657,True,False,4,2025-04-25,US,DE,3305,185,184,0.0,19.0,False,False,False,False
pid_00730,seller_2671,Electronics,WellnessLab,223.28,3.9,427,3,445.0,11.0,0,1744,False,True,3,2024-09-22,GB,JP,4760,438,144,0.0,0.0,False,False,False,False
pid_04337,seller_6412,Automotive,DigitalPro,55.2,3.4,3439,3,372.0,24.0,0,2666,True,True,3,2025-02-28,KR,FR,3641,312,175,2.0,23.0,False,False,False,False
pid_00345,seller_5246,Cosmetics,GlamourCo,104.5,4.5,851,3,180.0,13.0,2,1168,True,False,2,2025-04-23,GB,FR,1231,120,94,2.0,7.0,True,False,True,False
pid_04564,seller_7281,Fashion,FashionForward,180.29,3.3,74,1,407.0,22.0,0,1413,False,False,2,2025-03-10,CA,CA,4848,598,363,2.0,13.0,False,False,False,True
pid_02223,seller_7501,Fashion,MediPharm,343.83,4.6,6394,6,220.0,14.0,0,1977,True,True,3,2025-03-09,GB,DE,3751,428,283,3.0,15.0,False,False,False,False
pid_04125,seller_3744,Cosmetics,BioMed Solutions,248.78,3.8,1769,4,869.0,5.0,2,538,True,True,3,2024-11-05,IN,CN,4507,549,162,3.0,9.0,True,True,True,False
pid_04041,seller_7649,Fashion,MediPharm,107.96,4.2,3040,4,419.0,31.0,0,5,True,True,1,2025-02-01,US,US,1145,58,83,0.0,16.0,False,False,False,True
pid_02937,seller_9218,Cosmetics,C1assicWear,207.64,3.8,1618,3,656.0,22.0,0,1130,True,False,3,2025-06-20,CN,CN,1263,166,54,4.0,,True,True,True,True
pid_04314,seller_3220,Automotive,MotorMax,92.21,3.2,0,3,381.0,18.0,0,2918,False,False,3,2024-12-12,KR,GB,201,26,2,3.0,22.0,False,True,False,True
pid_03402,seller_4709,Automotive,WellnessLab,137.12,3.8,1541,5,517.0,7.0,1,1289,False,True,3,2024-03-13,IN,FR,4140,530,300,4.0,0.0,True,True,False,False
pid_01559,seller_6323,Automotive,PremiumCraft,235.53,4.3,3284,3,621.0,27.0,0,1585,True,True,3,2025-10-30,CN,CA,3829,434,213,2.0,7.0,True,False,False,False
pid_02872,seller_8166,Automotive,VehicleCare,96.22,4.7,2864,9,353.0,25.0,0,1705,True,False,1,2024-03-14,DE,IN,1777,21,124,4.0,9.0,False,True,True,True
pid_00913,seller_2725,Fashion,TrendSetter,53.37,3.8,1378,3,374.0,24.0,0,1099,True,False,4,2025-01-15,FR,CA,3587,66,67,1.0,17.0,False,False,False,True
pid_02563,seller_7692,Electronics,ExclusiveItems,16.52,3.6,0,2,355.0,17.0,2,5,False,True,1,2024-02-08,FR,JP,2165,48,26,0.0,0.0,True,True,False,True
pid_00794,seller_2075,Electronics,LuxuryBrand,163.71,3.3,1834,2,336.0,23.0,3,173,True,False,1,2024-12-06,CA,IN,1885,224,20,0.0,17.0,False,True,True,True
pid_00960,seller_6820,Electronics,LuxuryBr@nd,5.0,3.1,0,5,406.0,32.0,2,5,True,False,3,2024-10-28,JP,KR,1774,37,138,0.0,0.0,True,False,False,True
pid_00392,seller_2597,Fashion,MediPharm,185.1,4.4,153,3,356.0,9.0,0,2449,True,True,2,2024-04-07,JP,US,2298,321,89,2.0,14.0,False,False,False,False
pid_04746,seller_5668,Electronics,PureSk1n,182.21,4.9,328,4,209.0,22.0,2,3056,True,False,1,2024-10-11,AU,AU,2497,219,123,3.0,14.0,True,True,False,True
pid_00268,seller_9901,Fashion,FashionForward,131.33,4.7,6133,7,633.0,1.0,0,1565,True,False,5,2025-07-09,CN,DE,2777,87,101,2.0,2.0,False,False,True,False
pid_00342,seller_8333,Electronics,AutoParts Pro,118.18,4.5,4394,7,542.0,7.0,0,3111,False,True,4,2025-08-19,FR,CA,1808,258,20,2.0,18.0,True,False,False,False
pid_02217,seller_6299,Fashion,GlamourCo,31.81,4.4,3875,1,139.0,20.0,0,5,True,False,6,2024-03-23,US,US,1543,136,73,,16.0,True,False,False,True
pid_03908,seller_4250,Cosmetics,ClassicWear,90.93,4.7,3157,4,360.0,1.0,0,696,True,True,3,2024-02-08,JP,GB,1131,154,57,4.0,10.0,False,False,True,True
pid_01992,seller_5329,Cosmetics,MotorMax,150.52,4.3,16,5,414.0,1.0,2,74,True,False,4,2025-03-10,KR,CA,4256,347,265,2.0,6.0,False,False,True,False
pid_01256,seller_4130,Electronics,ExclusiveItem5,134.47,4.0,1274,7,682.0,16.0,1,5,True,True,1,2025-12-29,AU,KR,3870,119,272,0.0,14.0,True,False,False,True
pid_02731,seller_9689,Luxury Goods,TechC0rp,5.0,2.3,0,1,20.0,26.0,1,5,True,False,1,2025-10-20,DE,IN,4837,541,219,,4.0,False,False,False,True
pid_02741,seller_8391,Fashion,StyleHouse,168.37,4.5,2688,6,390.0,14.0,0,1927,True,False,3,2025-10-31,JP,JP,2581,384,55,3.0,14.0,True,False,False,False
pid_01718,seller_1800,Automotive,BioMed Solutions,201.46,4.9,3459,8,394.0,4.0,0,2275,True,True,3,2024-10-26,GB,FR,2710,201,60,3.0,19.0,False,False,False,False
pid_04054,seller_1538,Pharmaceuticals,HealthCare Plu5,125.47,3.7,0,1,133.0,33.0,2,5,True,False,1,2024-10-26,US,CA,2436,240,173,2.0,11.0,False,True,True,False
pid_01909,seller_3346,Electronics,Mot0rMax,314.76,3.6,0,1,20.0,8.0,1,2357,True,False,1,2024-10-16,US,KR,1148,25,88,1.0,1.0,True,False,False,False
pid_00893,seller_9830,Fashion,Welln3ssLab,207.33,3.5,615,6,492.0,,1,1490,True,True,5,2025-11-09,JP,CA,3646,371,197,4.0,10.0,False,False,False,False
pid_00695,seller_8908,Cosmetics,HealthC@re Plus,176.41,3.4,0,2,308.0,28.0,0,720,True,True,5,2025-05-17,IN,GB,3790,404,95,1.0,13.0,True,False,False,True
pid_01414,seller_4523,Luxury Goods,EliteDes1gn,203.91,4.3,1136,3,250.0,1.0,0,1242,True,False,2,2024-02-27,KR,CN,2789,46,118,1.0,8.0,True,False,False,True
pid_04031,seller_7281,Fashion,EliteDesign,277.86,3.9,3353,5,256.0,37.0,0,2189,False,True,4,2025-03-08,FR,CA,3422,247,94,,16.0,False,False,False,False
pid_03277,seller_1292,Luxury Goods,C1rcuitMaster,54.09,3.7,1694,3,360.0,15.0,1,2153,True,False,1,2024-02-27,US,DE,2052,116,132,0.0,20.0,False,False,False,True
pid_02016,seller_7150,Fashion,FashionF0rward,179.43,3.3,0,5,112.0,21.0,1,941,False,False,1,2024-12-24,FR,KR,383,26,24,2.0,,True,False,False,True
pid_01625,seller_9977,Cosmetics,AutoParts Pro,139.22,4.1,0,4,383.0,9.0,1,2295,True,True,5,2025-07-27,US,KR,4276,193,230,5.0,17.0,False,False,False,False
pid_01463,seller_8727,Cosmetics,T3chCorp,203.7,3.1,1539,2,20.0,23.0,1,5,False,False,1,2025-07-03,IN,JP,3912,434,109,0.0,13.0,False,False,False,True
pid_01956,seller_2016,Cosmetics,CarTech,53.56,2.8,441,5,267.0,35.0,2,30,True,False,3,2024-10-27,CN,US,3891,330,243,1.0,14.0,False,True,False,False
pid_00443,seller_9861,Fashion,ElectroMax,83.19,3.6,1588,5,626.0,31.0,0,504,True,False,1,2024-06-01,IN,AU,521,20,31,,1.0,False,False,False,True
pid_01914,seller_6587,Luxury Goods,Exclus1veItems,108.06,3.3,0,2,29.0,24.0,2,1356,True,True,1,2025-11-06,GB,KR,4093,249,95,2.0,9.0,False,False,False,True
pid_04034,seller_6969,Electronics,Glam0urCo,155.36,3.8,967,3,357.0,27.0,1,2795,True,False,2,2025-04-10,AU,AU,3886,258,230,2.0,0.0,True,False,False,True
pid_02911,seller_5341,Electronics,ElectroMax,143.35,4.0,10,3,528.0,8.0,0,1084,True,True,5,2025-02-26,US,GB,3157,169,207,2.0,1.0,False,False,False,False
pid_04831,seller_7828,Pharmaceuticals,Med1Pharm,54.02,4.4,0,1,534.0,19.0,0,2354,True,False,3,2025-05-28,DE,DE,4410,338,235,0.0,12.0,False,False,False,True
pid_04181,seller_3699,Cosmetics,TechCorp,294.77,4.2,3923,1,393.0,13.0,0,2667,True,True,1,2024-09-05,IN,JP,3167,368,189,4.0,16.0,False,False,False,False
pid_01195,seller_6065,Automotive,ExclusiveItems,200.07,4.0,869,5,866.0,1.0,0,1635,True,True,1,2024-04-08,FR,IN,2339,325,66,1.0,20.0,True,False,False,False
pid_02192,seller_9010,Cosmetics,StyleHous3,163.95,4.3,3005,4,20.0,4.0,0,1857,True,False,2,2024-02-12,KR,KR,4423,396,118,2.0,13.0,False,False,False,False
pid_00495,seller_4509,Fashion,Sty1eHouse,138.3,4.1,0,5,335.0,14.0,2,5,False,False,2,2024-10-17,US,KR,499,65,31,0.0,11.0,False,False,True,True
pid_01023,seller_4201,Automotive,PremiumCraft,278.39,5.0,4787,8,717.0,1.0,0,2276,False,True,5,2024-04-08,AU,CN,1214,122,46,3.0,32.0,False,False,False,False
pid_02245,seller_7323,Luxury Goods,LuxuryBrand,116.1,5.0,3916,10,936.0,11.0,0,1425,False,False,3,2025-09-15,AU,JP,2819,383,99,1.0,32.0,False,False,False,False
pid_02000,seller_8541,Fashion,LuxuryBrand,5.0,3.2,1442,4,472.0,32.0,0,241,False,False,1,2024-11-09,JP,CN,2958,359,182,1.0,7.0,False,True,False,False
pid_01720,seller_1855,Electronics,Pr3miumCraft,207.05,3.3,2372,3,393.0,23.0,3,1339,False,True,3,2025-03-19,DE,IN,3827,232,123,0.0,13.0,False,False,False,True
pid_03329,seller_5776,Cosmetics,WellnessLab,270.04,4.9,954,3,332.0,25.0,0,1865,False,True,2,2024-01-30,CN,CN,2320,93,40,4.0,23.0,False,False,False,False
pid_03900,seller_9380,Luxury Goods,Vehicl3Care,191.72,2.9,5120,2,294.0,16.0,2,614,True,True,3,2024-02-26,GB,GB,2301,259,123,0.0,11.0,True,False,False,True
pid_04999,seller_2561,Cosmetics,Dig1talPro,261.8,3.3,335,1,231.0,8.0,0,1143,False,True,2,2024-06-01,FR,KR,4444,525,306,1.0,15.0,False,True,True,True
pid_01508,seller_3699,Cosmetics,MotorMax,130.97,4.5,1484,3,448.0,16.0,1,1878,True,True,2,2024-03-05,KR,GB,813,44,49,0.0,13.0,False,False,False,False
pid_00054,seller_6249,Cosmetics,PureSk1n,101.68,3.9,701,7,528.0,7.0,0,3885,False,False,4,2025-10-05,DE,KR,1281,16,87,2.0,13.0,True,False,True,True
pid_02183,seller_7459,Fashion,PremiumCraft,44.23,3.1,421,6,616.0,25.0,1,2122,True,True,5,2024-01-30,CA,US,4993,384,343,4.0,9.0,True,False,False,False
pid_03431,seller_4525,Automotive,LuxuryBrand,140.29,4.2,3838,3,481.0,4.0,0,3159,True,True,2,2025-12-30,IN,JP,2800,395,88,2.0,9.0,True,False,False,True
pid_01919,seller_4917,Fashion,NaturalGlow,119.58,3.9,2988,7,312.0,15.0,0,199,True,True,3,2024-03-04,AU,US,3513,516,33,3.0,10.0,False,False,False,False
pid_03773,seller_6225,Pharmaceuticals,NaturalGlow,247.84,4.3,4529,3,514.0,6.0,0,5,True,False,3,2025-09-26,JP,DE,4878,642,234,0.0,8.0,False,False,False,False
pid_03833,seller_9174,Fashion,Gl@mourCo,154.57,3.8,0,5,,9.0,2,37,False,True,4,2024-06-23,KR,KR,2948,328,67,3.0,8.0,False,False,True,True
pid_03328,seller_6460,Electronics,Class1cWear,166.51,4.5,0,3,221.0,4.0,0,2720,False,True,2,2024-12-11,JP,KR,2320,234,122,0.0,9.0,False,False,False,True
pid_01740,seller_9867,Pharmaceuticals,DigitalPr0,94.98,3.7,1827,6,549.0,41.0,1,2263,True,False,1,2024-01-10,AU,IN,3070,199,230,2.0,6.0,False,False,False,True
pid_00632,seller_9201,Luxury Goods,ElectroMax,111.65,3.5,58,4,506.0,13.0,1,2311,True,True,1,2025-01-12,CA,JP,616,74,44,0.0,0.0,False,False,False,False
pid_00577,seller_4676,Automotive,LuxuryBrand,115.53,4.9,3908,2,336.0,8.0,0,187,True,True,4,2024-05-29,AU,US,344,38,17,3.0,12.0,True,False,False,False
pid_02424,seller_2606,Fashion,NaturalGlow,201.5,5.0,421,5,849.0,14.0,0,2398,True,True,3,2024-12-27,US,CN,764,110,6,,14.0,True,False,False,False
pid_03625,seller_3777,Fashion,LuxuryBrand,57.52,3.6,0,5,20.0,23.0,2,1288,False,False,2,2024-06-27,CN,GB,3406,480,200,0.0,9.0,False,False,True,True
pid_01344,seller_6195,Pharmaceuticals,Digita1Pro,142.59,3.0,1496,6,241.0,14.0,0,2008,True,True,1,2024-10-09,JP,AU,3033,65,35,0.0,12.0,True,False,False,True
pid_00787,seller_2433,Fashion,VehicleCare,128.52,3.5,6135,5,897.0,8.0,0,2604,True,False,2,2024-02-04,CN,DE,4928,406,338,4.0,23.0,False,True,False,False
pid_01080,seller_4235,Pharmaceuticals,CircuitMaster,123.65,3.4,0,1,243.0,16.0,1,311,True,True,2,2025-07-26,JP,FR,3717,102,286,0.0,12.0,False,False,False,True
pid_02839,seller_9138,Fashion,CarT3ch,102.04,3.9,1649,4,332.0,27.0,1,1230,True,True,3,2024-08-04,AU,DE,2628,289,124,0.0,8.0,False,False,True,True
pid_00233,seller_7544,Luxury Goods,WellnessLab,158.3,4.6,1558,8,454.0,11.0,1,1967,True,False,4,2025-05-10,US,AU,1788,196,137,3.0,1.0,True,False,True,False
pid_02243,seller_5670,Automotive,FashionForward,123.94,4.7,368,2,333.0,11.0,2,689,True,False,3,2025-12-02,AU,DE,734,57,23,1.0,6.0,False,False,False,True
pid_01457,seller_9440,Cosmetics,NaturalGlow,100.71,3.8,0,3,378.0,34.0,3,319,True,False,1,2025-09-24,DE,KR,4753,485,222,3.0,8.0,False,True,False,False
pid_02682,seller_1316,Electronics,E1ectroMax,56.33,3.5,0,3,20.0,8.0,0,164,False,False,1,2024-10-01,GB,US,2949,128,119,3.0,4.0,False,False,False,True
pid_03112,seller_9219,Cosmetics,CircuitMaster,5.0,3.2,618,2,658.0,10.0,1,2851,False,True,1,2025-07-13,IN,FR,4487,225,139,0.0,0.0,True,False,False,True
pid_04622,seller_5746,Electronics,HealthCare Plus,208.0,4.4,1688,3,20.0,5.0,1,1325,True,True,2,2025-06-29,FR,IN,3546,250,61,4.0,12.0,True,False,False,False
pid_01768,seller_9253,Fashion,StyleHouse,146.24,3.1,0,3,134.0,41.0,2,2920,True,True,3,2025-09-26,FR,CA,4501,49,66,1.0,,False,False,False,False
pid_00784,seller_2819,Electronics,ClassicWear,151.56,4.2,1397,5,462.0,26.0,0,1539,False,True,1,2025-09-16,CA,GB,4557,120,107,2.0,12.0,False,False,False,True
pid_04133,seller_2305,Cosmetics,CarTech,169.62,3.6,2167,5,591.0,13.0,1,407,True,True,2,2025-06-06,JP,DE,4490,294,256,4.0,12.0,True,False,False,False
pid_03253,seller_4805,Electronics,Gl@mourCo,88.85,3.9,2032,3,354.0,15.0,2,1332,False,False,6,2024-02-15,FR,IN,3932,355,156,3.0,0.0,False,False,False,True
pid_04303,seller_6212,Cosmetics,ClassicWear,308.96,4.7,2096,6,880.0,1.0,0,2395,True,False,4,2025-10-08,CN,US,3113,39,136,3.0,19.0,False,False,False,False
pid_00785,seller_7508,Automotive,BioMed Solutions,194.68,4.1,1337,5,132.0,7.0,2,1654,True,False,1,2024-05-30,FR,CA,3974,168,142,4.0,11.0,False,False,True,False
pid_00524,seller_4766,Pharmaceuticals,Glam0urCo,117.28,4.0,0,3,20.0,29.0,2,1136,True,True,1,2024-12-02,IN,CN,1209,93,12,0.0,10.0,True,True,False,True
pid_00714,seller_7028,Fashion,TechCorp,97.4,3.5,3535,4,454.0,1.0,0,1131,True,True,5,2025-10-31,AU,CN,3459,243,73,5.0,14.0,False,False,False,True
pid_04536,seller_8577,Luxury Goods,TrendSetter,133.5,,3825,3,615.0,6.0,0,2218,True,True,3,2025-07-29,JP,JP,4757,270,233,3.0,23.0,False,False,False,False
pid_01721,seller_5280,Electronics,PremiumCraft,154.37,3.4,2165,5,634.0,9.0,0,1703,True,True,2,2024-03-02,AU,FR,402,26,18,1.0,17.0,False,False,False,False
pid_04246,seller_5356,Fashion,CarTech,259.57,4.5,1923,5,455.0,1.0,0,525,True,True,4,2025-09-10,GB,AU,2933,224,221,1.0,7.0,False,False,False,True
pid_04500,seller_6383,Cosmetics,NaturalGlow,130.23,3.6,1975,4,599.0,17.0,0,2142,True,True,5,2024-10-12,KR,AU,814,70,40,3.0,26.0,True,False,False,False
pid_04028,seller_4919,Pharmaceuticals,WellnessLab,5.0,3.1,0,3,20.0,45.0,3,585,True,False,1,2025-04-08,CA,JP,1254,21,65,0.0,0.0,True,True,True,True
pid_02703,seller_6874,Electronics,BioMed Solutions,69.82,,1248,1,406.0,1.0,1,3349,False,False,3,2024-05-07,CN,FR,1199,83,12,0.0,12.0,False,False,False,True
pid_04424,seller_8402,Fashion,DigitalPr0,183.7,4.1,3064,2,293.0,18.0,1,1378,True,False,3,2024-06-22,DE,KR,1052,57,78,0.0,11.0,False,False,False,True
pid_00857,seller_9305,Luxury Goods,WellnessLab,148.81,3.5,695,2,274.0,21.0,1,372,True,True,1,2025-07-19,AU,FR,1672,237,16,3.0,6.0,True,False,False,True
pid_01413,seller_7317,Electronics,DigitalPro,216.28,4.6,1473,6,,10.0,1,259,True,False,6,2024-01-02,GB,CA,335,11,2,2.0,14.0,True,False,False,False
pid_00292,seller_1816,Pharmaceuticals,TechCorp,69.87,4.2,0,2,20.0,23.0,3,5,True,False,1,2024-04-22,AU,CA,3832,178,27,3.0,11.0,False,False,False,False
pid_03823,seller_5355,Fashion,ElectroMax,207.53,4.5,4226,3,327.0,18.0,0,1228,True,True,5,2025-09-15,CN,GB,1566,74,120,5.0,14.0,False,False,False,False
pid_00561,seller_6446,Electronics,TechCorp,263.51,4.4,3819,7,520.0,3.0,0,2230,True,False,5,2024-11-01,FR,GB,1709,195,11,1.0,21.0,False,False,False,False
pid_02784,seller_7185,Automotive,HealthCare Plus,104.72,3.2,1238,2,20.0,13.0,1,1210,True,True,5,2024-10-16,GB,CN,4382,272,95,5.0,10.0,False,False,False,True
pid_00093,seller_8221,Luxury Goods,StyleHou5e,116.93,3.4,0,1,100.0,23.0,0,986,True,True,1,2025-07-31,JP,CA,1271,25,41,1.0,5.0,False,False,True,True
pid_00661,seller_9916,Automotive,HealthCare Plus,59.48,4.1,0,3,147.0,13.0,1,5,True,True,1,2024-04-27,CN,IN,3654,380,63,2.0,10.0,False,False,True,True
pid_04244,seller_6009,Fashion,BeautyLux,185.22,3.5,2840,4,337.0,5.0,0,5,False,True,3,2024-10-01,CA,IN,633,64,25,2.0,9.0,True,True,False,False
pid_01061,seller_1495,Automotive,EliteDesign,252.1,4.4,3690,3,632.0,1.0,0,2817,True,True,5,2024-02-29,CN,JP,2066,195,51,4.0,,False,False,False,False
pid_03737,seller_6039,Pharmaceuticals,MediPharm,170.51,3.7,1924,4,160.0,8.0,1,143,False,False,3,2025-04-10,CN,CA,3061,87,102,0.0,14.0,False,False,False,False
pid_03837,seller_9194,Electronics,CarTech,101.88,4.1,4900,5,674.0,1.0,0,3312,True,True,3,2024-08-04,CA,CN,1302,187,8,2.0,26.0,False,False,False,False
pid_03938,seller_6394,Electronics,BeautyLux,92.63,3.7,485,1,20.0,12.0,1,260,True,False,1,2025-11-28,GB,AU,1341,186,50,1.0,16.0,False,False,False,True
pid_02711,seller_9295,Luxury Goods,BeautyLux,200.8,5.0,4152,5,873.0,1.0,0,762,True,True,3,2025-09-16,KR,JP,3541,364,277,4.0,7.0,False,False,False,False
pid_00657,seller_3966,Fashion,NaturalGlow,204.61,4.6,243,1,158.0,14.0,1,268,True,False,3,2024-03-07,CN,CN,4582,226,298,0.0,20.0,False,False,False,False
pid_04477,seller_8391,Fashion,BioMed Solutions,138.01,4.1,0,4,854.0,27.0,1,3046,True,True,3,2024-06-26,KR,KR,3121,224,227,3.0,8.0,False,True,False,False
pid_04590,seller_9404,Cosmetics,TrendSetter,5.0,4.4,0,1,66.0,24.0,1,5,True,False,1,2025-02-12,AU,CA,2609,103,21,0.0,6.0,True,True,False,False
pid_03812,seller_5559,Fashion,AutoParts Pro,124.04,4.0,0,1,212.0,19.0,1,355,True,True,3,2024-11-13,AU,AU,3146,142,85,0.0,1.0,False,False,False,False
pid_04770,seller_8981,Electronics,TrendSett3r,279.44,4.4,1070,4,782.0,19.0,0,1262,True,True,3,2025-06-23,CA,CN,2553,144,43,0.0,7.0,True,False,False,True
pid_03608,seller_5586,Automotive,EliteDesign,160.53,3.5,1991,3,352.0,25.0,0,2930,True,False,5,2025-02-28,FR,FR,3461,228,220,1.0,12.0,True,False,False,True
pid_02123,seller_1730,Fashion,TrendSetter,94.76,4.7,3645,6,683.0,23.0,0,1435,True,True,2,2025-05-14,CA,KR,1486,154,17,3.0,17.0,False,False,False,False
pid_00389,seller_5901,Pharmaceuticals,CarTech,152.43,4.3,4185,6,847.0,1.0,2,2357,True,False,6,2025-06-12,KR,GB,2771,313,185,2.0,11.0,False,False,False,False
pid_00101,seller_7248,Cosmetics,TrendSetter,261.8,5.0,2284,7,219.0,1.0,0,3312,True,True,5,2024-03-06,JP,DE,2643,349,117,4.0,19.0,False,False,False,False
pid_03872,seller_5218,Electronics,ClassicWear,138.46,4.5,613,2,662.0,17.0,0,1653,True,True,3,2025-08-18,CA,DE,661,84,41,0.0,15.0,True,False,False,True
pid_03889,seller_3986,Fashion,ExclusiveItems,159.6,3.6,2221,5,448.0,20.0,2,1243,True,False,1,2025-02-18,AU,US,1101,25,40,5.0,13.0,False,False,False,False
pid_00938,seller_1097,Electronics,TrendSetter,219.23,4.5,818,5,319.0,12.0,0,1861,True,True,1,2024-11-04,IN,KR,2681,322,116,0.0,23.0,True,False,False,False
pid_04725,seller_5186,Electronics,WellnessLab,77.79,3.6,0,1,214.0,23.0,1,933,True,True,2,2025-01-11,KR,AU,4986,676,66,0.0,18.0,False,True,False,False
pid_04085,seller_8985,Electronics,CircuitMaster,111.78,3.8,569,4,506.0,9.0,0,5,True,True,1,2024-08-03,DE,CN,2237,131,21,0.0,11.0,False,False,False,True
pid_03206,seller_6497,Automotive,CircuitMaster,300.54,4.7,4968,4,496.0,17.0,0,2333,True,True,3,2024-07-27,CN,AU,4439,644,37,3.0,18.0,False,True,False,False
pid_00006,seller_9696,Electronics,HealthCare Plus,41.92,3.2,0,2,455.0,38.0,4,1686,False,True,2,2024-12-25,DE,DE,2353,105,28,0.0,0.0,True,True,False,False
pid_01063,seller_4151,Fashion,Gl@mourCo,103.93,4.8,2380,3,273.0,9.0,1,1438,True,True,4,2025-04-10,AU,AU,2300,51,73,3.0,0.0,False,False,True,True
pid_01856,seller_8586,Pharmaceuticals,TechCorp,341.51,3.7,3958,1,799.0,1.0,0,2290,True,True,4,2025-01-28,CN,CA,1526,98,97,4.0,10.0,False,False,False,False
pid_01837,seller_6114,Fashion,VehicleCare,300.17,4.2,2116,5,607.0,3.0,0,5,False,True,3,2024-03-15,JP,FR,2126,50,105,2.0,32.0,False,False,False,False
pid_01103,seller_4637,Automotive,ExclusiveItems,134.6,4.0,2146,4,279.0,16.0,1,1809,True,False,5,2025-05-29,GB,CN,4225,601,95,0.0,24.0,False,False,False,False
pid_00224,seller_4339,Fashion,PremiumCraft,378.46,4.5,1363,5,751.0,1.0,0,2952,True,True,5,2025-12-05,CA,GB,960,93,8,4.0,18.0,True,False,False,False
pid_00959,seller_9020,Pharmaceuticals,PremiumCraft,155.51,4.3,1388,5,97.0,21.0,0,1305,False,False,3,2025-03-03,FR,FR,1224,146,27,2.0,5.0,False,False,False,False
pid_03366,seller_5163,Fashion,CircuitM@ster,49.37,4.5,1142,6,656.0,8.0,0,1726,True,False,2,2024-04-09,JP,CN,593,85,16,4.0,8.0,True,False,False,True
pid_01227,seller_3985,Fashion,NaturalGlow,249.95,3.9,903,7,587.0,10.0,0,2367,True,True,1,2024-10-27,CA,GB,4454,548,221,1.0,17.0,False,False,False,False
pid_00436,seller_4354,Electronics,EliteDesign,171.9,4.1,0,4,419.0,25.0,1,3215,False,True,2,2024-06-21,GB,IN,3692,310,293,0.0,27.0,False,False,False,False
pid_01675,seller_8321,Fashion,CircuitMaster,307.36,4.0,1272,4,524.0,1.0,2,1452,True,True,1,2025-10-03,CN,AU,2693,128,34,3.0,4.0,False,False,True,False
pid_03317,seller_3298,Electronics,StyleHouse,164.83,4.8,4543,2,980.0,5.0,0,3141,True,True,3,2024-12-10,US,US,1562,197,35,2.0,19.0,False,False,False,False
pid_01043,seller_8520,Cosmetics,AutoParts Pro,129.97,3.2,0,1,88.0,54.0,2,1148,True,True,1,2025-08-17,AU,GB,120,17,5,1.0,,False,False,True,True
pid_02950,seller_2759,Pharmaceuticals,ElectroMax,75.44,3.6,1604,5,548.0,19.0,0,524,True,True,4,2025-05-29,IN,US,2391,254,116,1.0,19.0,False,False,False,False
pid_00899,seller_5878,Electronics,TechCorp,185.92,3.8,1357,5,342.0,14.0,2,2240,True,False,2,2024-08-20,GB,CA,633,86,13,0.0,0.0,False,False,False,False
pid_01990,seller_6732,Pharmaceuticals,GlamourCo,156.12,4.1,1491,3,315.0,1.0,0,2177,True,True,2,2025-09-30,IN,GB,2390,327,59,,13.0,False,False,False,False
pid_02115,seller_5256,Electronics,MediPharm,82.72,3.7,1961,4,47.0,8.0,0,1877,True,False,1,2025-02-07,CN,CA,4496,549,37,3.0,23.0,False,False,False,False
pid_02583,seller_2790,Luxury Goods,Natur@lGlow,147.34,3.7,1663,1,341.0,16.0,1,2091,False,False,3,2024-10-13,CA,US,1558,24,56,4.0,3.0,False,False,False,True
pid_01621,seller_5539,Electronics,ElectroM@x,165.8,3.7,0,4,280.0,18.0,0,5,True,True,2,2024-10-12,GB,AU,4446,205,168,0.0,6.0,False,True,False,True
pid_03273,seller_6958,Luxury Goods,WellnessLab,69.79,,1281,5,388.0,30.0,0,3781,True,False,4,2025-02-28,JP,KR,4605,219,253,0.0,21.0,False,False,False,True
pid_04474,seller_4796,Cosmetics,VehicleCare,208.67,4.3,2663,4,407.0,11.0,0,2387,False,False,2,2024-08-08,KR,AU,1729,83,79,4.0,17.0,False,False,False,False
pid_01961,seller_8622,Fashion,TrendSetter,59.41,3.8,3457,1,310.0,1.0,0,2320,True,False,5,2025-10-17,FR,KR,2518,290,78,0.0,23.0,False,False,False,False
pid_04296,seller_4127,Electronics,Pur3Skin,210.94,3.8,4020,1,539.0,23.0,0,5,True,True,5,2024-01-19,AU,CA,4482,560,136,0.0,14.0,False,False,False,True
pid_03979,seller_2083,Luxury Goods,BeautyLux,257.04,3.9,5214,5,782.0,1.0,0,1380,True,False,4,2025-03-26,JP,AU,452,29,17,,27.0,False,False,False,False
pid_01685,seller_2565,Automotive,DigitalPro,230.41,4.4,0,4,633.0,16.0,0,970,False,True,5,2025-10-11,CA,KR,2916,44,102,1.0,6.0,True,True,False,True
pid_00548,seller_9109,Luxury Goods,StyleHouse,149.68,4.6,1090,2,,1.0,0,1368,True,True,4,2024-08-02,JP,GB,4167,467,45,0.0,15.0,True,True,False,False
pid_03594,seller_1676,Luxury Goods,Bi0Med Solutions,237.63,4.8,3153,3,425.0,7.0,3,133,True,True,4,2025-08-13,KR,CA,3403,34,154,3.0,13.0,False,False,False,True
pid_03203,seller_2886,Automotive,ExclusiveItems,224.21,4.2,3131,3,788.0,17.0,0,1110,False,True,4,2025-03-13,CN,IN,4413,427,59,5.0,6.0,False,False,False,False
pid_04194,seller_7031,Cosmetics,C1rcuitMaster,156.5,3.3,615,3,510.0,14.0,0,887,True,True,2,2024-09-29,KR,CA,4018,42,62,3.0,7.0,False,False,False,True
pid_03940,seller_9799,Pharmaceuticals,EliteDesign,72.04,,0,7,272.0,1.0,2,5,True,False,3,2025-04-26,CN,CA,522,67,4,1.0,14.0,False,False,False,True
pid_01404,seller_5140,Cosmetics,CarTech,63.57,2.8,0,1,155.0,27.0,2,595,True,False,2,2025-11-16,IN,CN,751,24,13,,0.0,False,False,False,False
pid_03381,seller_8211,Luxury Goods,CarTech,58.6,4.9,4737,4,589.0,26.0,1,896,True,True,5,2025-06-29,KR,DE,1978,41,57,3.0,0.0,False,False,False,False
pid_02015,seller_1909,Fashion,BioMed Solutions,181.71,4.1,1675,7,548.0,13.0,0,5,True,True,6,2024-02-17,AU,AU,507,36,39,2.0,4.0,False,False,False,False
pid_03502,seller_1093,Automotive,BioMed Solutions,154.31,4.6,2967,3,724.0,1.0,1,853,True,True,1,2025-04-21,FR,CA,2178,287,32,2.0,1.0,True,False,False,True
pid_03079,seller_9639,Automotive,TechCorp,130.96,3.3,0,2,20.0,8.0,0,5,False,True,2,2025-04-19,DE,CA,2436,175,173,1.0,22.0,False,False,False,True
pid_03135,seller_6406,Cosmetics,Digit@lPro,127.7,3.8,3904,1,129.0,15.0,1,1821,False,True,2,2024-10-16,IN,JP,2695,285,158,0.0,14.0,False,True,False,True
pid_04096,seller_1037,Electronics,BeautyLux,54.59,3.5,0,2,654.0,16.0,0,122,True,True,1,2025-06-24,CN,US,4838,495,173,0.0,0.0,True,False,False,True
pid_04061,seller_2149,Electronics,PremiumCraft,166.38,3.9,0,5,498.0,5.0,0,384,True,True,4,2025-10-25,FR,KR,309,5,11,0.0,25.0,False,False,False,False
pid_00464,seller_5281,Automotive,Tr3ndSetter,293.63,4.1,1335,5,441.0,24.0,0,5,True,True,1,2025-08-28,DE,AU,1872,259,99,3.0,0.0,False,False,True,True
pid_02159,seller_3123,Pharmaceuticals,EliteDesign,279.18,3.6,2344,6,977.0,7.0,0,1625,True,True,1,2024-12-22,US,US,4349,398,224,2.0,23.0,True,False,False,False
pid_01412,seller_8944,Fashion,VehicleCare,133.3,3.6,4354,2,180.0,8.0,1,1184,True,False,2,2025-11-06,CA,CA,4678,629,317,1.0,1.0,True,False,False,False
pid_00725,seller_8116,Pharmaceuticals,BioMed Solutions,134.28,3.5,2674,5,493.0,13.0,0,146,False,False,2,2024-09-02,KR,AU,4229,400,115,3.0,13.0,False,False,False,False
pid_04249,seller_1068,Automotive,ElectroMax,57.56,4.2,1267,7,661.0,22.0,0,2353,True,True,4,2025-12-17,DE,AU,4399,202,241,3.0,11.0,False,False,False,False
pid_00940,seller_1535,Fashion,NaturalGlow,120.78,4.1,3771,1,346.0,27.0,1,1187,False,False,3,2024-07-29,CA,DE,2395,340,165,2.0,18.0,False,False,False,False
pid_03791,seller_3498,Electronics,MediPharm,80.71,4.6,1407,6,271.0,15.0,0,2203,False,True,3,2025-09-22,AU,CN,1581,162,98,3.0,15.0,False,False,False,False
pid_00231,seller_7704,Luxury Goods,MediPharm,159.44,4.0,2897,1,159.0,7.0,1,850,True,True,3,2025-05-18,AU,IN,3626,164,31,0.0,17.0,False,False,False,False
pid_02743,seller_2390,Electronics,M3diPharm,325.22,4.9,3099,5,667.0,24.0,0,1126,True,False,1,2025-08-08,CN,IN,4025,124,104,2.0,32.0,False,False,False,True
pid_03656,seller_9474,Fashion,AutoParts Pro,5.0,3.5,79,1,149.0,35.0,1,5,True,True,1,2024-12-11,FR,DE,278,18,3,0.0,14.0,False,False,False,False
pid_01540,seller_6176,Cosmetics,ElectroMax,172.5,3.4,1209,4,100.0,32.0,1,1922,False,False,3,2025-06-20,JP,US,1058,153,60,3.0,0.0,False,True,True,False
pid_03430,seller_6918,Cosmetics,StyleHouse,164.83,4.9,2105,4,315.0,13.0,0,899,True,True,1,2024-12-05,GB,US,4106,65,188,1.0,19.0,False,False,False,False
pid_01143,seller_6055,Luxury Goods,BeautyLux,201.37,4.7,5314,6,722.0,1.0,0,828,True,False,5,2024-03-21,US,AU,2729,374,136,3.0,6.0,False,False,False,False
pid_01035,seller_2951,Cosmetics,BeautyLux,144.91,4.3,1531,8,701.0,2.0,0,1453,False,True,1,2024-10-19,JP,AU,3087,356,100,1.0,26.0,True,False,False,False
pid_03191,seller_9661,Automotive,BioM3d Solutions,264.98,4.7,2076,3,270.0,12.0,1,1820,True,True,3,2024-05-10,KR,FR,2836,108,133,1.0,27.0,False,True,False,True
pid_03865,seller_6275,Fashion,ExclusiveItems,65.5,2.9,591,2,20.0,,1,2081,True,True,2,2024-09-15,FR,CN,3750,500,60,0.0,0.0,False,False,False,True
pid_01424,seller_7185,Automotive,Cl@ssicWear,208.28,4.0,2272,1,603.0,7.0,0,703,True,True,3,2024-05-05,FR,KR,1932,46,129,,18.0,False,False,True,False
pid_03416,seller_6755,Fashion,PureSkin,28.67,3.3,2287,1,111.0,19.0,0,1946,False,False,1,2024-05-30,US,DE,1453,68,69,0.0,4.0,False,False,False,True
pid_04954,seller_4890,Luxury Goods,DigitalPro,5.0,3.3,0,1,458.0,21.0,1,286,False,False,2,2025-08-31,DE,JP,2903,120,206,0.0,13.0,True,False,True,True
pid_03080,seller_1257,Pharmaceuticals,BeautyLux,111.51,4.2,3387,2,589.0,16.0,0,1667,True,False,4,2024-08-05,IN,IN,4255,223,275,3.0,7.0,True,False,True,False
pid_03218,seller_9693,Cosmetics,BeautyLux,28.02,4.7,0,1,485.0,35.0,1,132,False,True,1,2024-02-18,DE,DE,3715,148,207,0.0,0.0,True,False,False,False
pid_01676,seller_6969,Electronics,ExclusiveItems,5.0,2.2,0,2,111.0,28.0,2,516,False,False,1,2024-06-08,JP,US,1399,160,86,0.0,4.0,False,True,False,True
pid_03644,seller_3946,Pharmaceuticals,WellnessLab,344.33,3.5,1860,3,643.0,22.0,2,844,True,True,3,2024-07-14,JP,AU,3807,80,20,0.0,18.0,False,False,False,False
pid_03604,seller_9094,Electronics,NaturalGlow,74.61,3.6,1172,1,594.0,26.0,1,1509,False,True,1,2024-08-19,GB,DE,4556,326,303,3.0,15.0,False,False,False,False
pid_00773,seller_8327,Fashion,MotorM@x,158.0,3.9,1790,3,170.0,35.0,1,5,False,True,2,2024-09-30,AU,CA,210,11,8,1.0,17.0,True,False,True,True
pid_04398,seller_6483,Electronics,LuxuryBrand,87.63,3.4,0,4,307.0,24.0,0,354,False,True,2,2025-12-07,CA,CN,2910,218,195,1.0,7.0,False,True,False,False
pid_04701,seller_9756,Electronics,LuxuryBrand,134.78,4.5,1794,6,398.0,22.0,1,1030,False,True,5,2025-12-19,CA,AU,4633,561,185,1.0,36.0,True,False,False,False
pid_02818,seller_8394,Electronics,Natura1Glow,297.47,4.7,4051,7,740.0,1.0,0,3734,True,True,3,2024-07-11,US,IN,392,25,11,3.0,23.0,True,False,False,False
pid_04370,seller_4925,Electronics,EliteDesign,114.34,3.1,4753,6,535.0,12.0,0,447,True,False,1,2024-12-21,GB,US,4085,597,264,2.0,15.0,False,False,True,False
pid_03768,seller_5570,Electronics,VehicleCare,31.48,4.7,3278,1,199.0,9.0,1,1909,True,True,1,2025-09-10,AU,KR,3747,472,112,3.0,9.0,False,True,False,False
pid_00201,seller_1449,Electronics,BeautyLux,61.86,3.7,0,2,618.0,30.0,0,5,False,True,1,2025-01-14,DE,CN,4337,137,210,1.0,11.0,True,False,False,False
pid_04920,seller_5256,Automotive,El3ctroMax,195.22,,5338,6,496.0,11.0,0,3613,True,True,4,2025-08-20,JP,FR,2192,324,52,5.0,17.0,False,True,False,False
pid_04775,seller_5397,Pharmaceuticals,AutoParts Pro,142.16,4.5,2643,3,363.0,1.0,0,1945,True,True,4,2024-12-31,AU,FR,2129,58,93,3.0,15.0,False,False,False,False
pid_03693,seller_6170,Fashion,CircuitMaster,24.0,4.1,2940,3,416.0,14.0,1,1541,True,True,3,2025-12-29,JP,CA,2918,85,29,2.0,9.0,False,False,False,False
pid_03255,seller_6473,Electronics,Circu1tMaster,44.6,4.0,307,2,419.0,15.0,0,1362,True,True,4,2024-06-07,FR,GB,1282,49,87,0.0,4.0,False,False,False,True
pid_00416,seller_2237,Fashion,DigitalPro,195.08,5.0,0,6,998.0,1.0,0,1780,True,True,3,2025-03-29,DE,US,1040,32,19,1.0,16.0,True,False,False,True
pid_03309,seller_2227,Luxury Goods,TechCorp,320.68,4.5,1708,4,673.0,12.0,0,3118,True,True,2,2024-07-30,JP,FR,3064,405,70,3.0,8.0,False,False,False,False
pid_04879,seller_9174,Pharmaceuticals,DigitalPro,113.64,4.0,1873,3,244.0,25.0,1,477,False,False,6,2024-04-19,CN,JP,4047,221,247,1.0,3.0,False,False,False,False
pid_02274,seller_9891,Automotive,VehicleCare,162.66,5.0,4867,3,425.0,16.0,0,1999,True,True,3,2024-03-26,GB,DE,655,53,29,3.0,10.0,False,False,False,False
pid_03655,seller_2131,Electronics,LuxuryBrand,5.0,3.3,0,2,266.0,32.0,1,2896,True,False,1,2024-10-17,KR,DE,2139,281,69,2.0,14.0,False,False,True,False
pid_03476,seller_7466,Automotive,MotorMax,296.46,4.2,1579,4,578.0,1.0,0,1082,True,True,3,2025-06-17,IN,JP,100,2,0,0.0,2.0,True,True,False,False
pid_00338,seller_7733,Luxury Goods,PureSkin,5.0,3.2,0,1,68.0,14.0,1,567,True,True,1,2025-03-17,DE,DE,4626,646,34,0.0,0.0,False,False,True,True
pid_00260,seller_3992,Cosmetics,VehicleCare,110.27,4.2,0,7,721.0,16.0,0,867,True,True,2,2024-07-16,JP,IN,4435,136,303,2.0,14.0,False,False,False,False
pid_03075,seller_2763,Automotive,LuxuryBrand,175.16,4.5,0,3,643.0,26.0,0,5,False,True,4,2024-09-23,AU,CA,3392,331,149,1.0,1.0,False,False,True,False
pid_00719,seller_3548,Pharmaceuticals,WellnessLab,166.21,4.1,555,5,416.0,12.0,0,1798,True,False,4,2024-01-18,DE,DE,2200,54,61,1.0,13.0,False,False,True,False
pid_04112,seller_2577,Electronics,StyleHouse,94.12,3.2,0,4,417.0,12.0,2,1999,True,False,1,2025-02-23,GB,FR,3570,364,252,1.0,3.0,False,False,False,False
pid_00568,seller_3210,Automotive,CircuitMa5ter,220.45,4.0,1539,5,209.0,14.0,1,151,False,True,4,2025-08-05,CN,KR,198,3,2,2.0,10.0,True,False,True,True
pid_04712,seller_3985,Fashion,EliteDesign,239.15,3.1,0,5,429.0,13.0,0,939,True,False,2,2024-08-06,IN,KR,3448,504,169,0.0,28.0,False,False,True,True
pid_04551,seller_5917,Electronics,Exclus1veItems,260.5,3.7,706,2,245.0,15.0,1,1069,False,True,5,2025-02-06,JP,US,751,79,20,4.0,19.0,False,False,False,True
pid_00376,seller_9533,Pharmaceuticals,MotorMax,69.08,3.9,3997,3,889.0,20.0,0,272,True,False,1,2025-06-29,IN,GB,816,8,58,4.0,14.0,False,False,True,False
pid_02394,seller_2606,Automotive,FashionForward,145.94,3.9,0,2,182.0,33.0,1,745,True,False,3,2025-11-01,AU,IN,3749,408,209,0.0,4.0,False,False,False,False
pid_01657,seller_7376,Fashion,MotorMax,132.71,4.8,1687,4,20.0,45.0,1,1898,True,True,1,2025-05-12,CA,US,3355,322,242,0.0,0.0,False,False,True,True
pid_02363,seller_8746,Luxury Goods,B3autyLux,115.37,3.7,0,1,455.0,14.0,2,1921,True,False,1,2024-04-14,GB,CA,4057,403,267,1.0,25.0,True,False,True,True
pid_00605,seller_9485,Luxury Goods,GlamourCo,183.72,3.3,0,1,522.0,30.0,0,1482,True,True,1,2024-08-12,DE,IN,3229,175,85,3.0,8.0,False,False,False,False
pid_02998,seller_7172,Fashion,ExclusiveItems,177.29,4.5,2221,4,584.0,21.0,1,2606,True,True,4,2025-09-10,CA,GB,4158,105,38,5.0,9.0,True,False,False,False
pid_02921,seller_7070,Cosmetics,BeautyLux,310.25,5.0,5402,6,646.0,3.0,0,3056,False,True,5,2025-09-17,GB,CN,862,72,10,4.0,33.0,False,False,False,False
pid_03420,seller_6135,Pharmaceuticals,StyleHouse,137.87,4.1,4357,3,520.0,21.0,1,3110,False,False,2,2024-06-03,GB,AU,959,14,5,1.0,0.0,False,False,False,False
pid_03282,seller_8365,Automotive,FashionForward,53.36,3.2,1383,3,186.0,19.0,2,1004,True,False,2,2025-05-06,US,IN,2232,79,85,2.0,7.0,False,True,False,True
pid_00302,seller_4759,Luxury Goods,LuxuryBrand,188.05,4.4,0,5,477.0,20.0,0,139,True,False,5,2024-07-13,AU,GB,351,23,12,1.0,11.0,False,False,False,False
pid_03766,seller_8108,Cosmetics,BioMed Solutions,264.67,3.7,1620,5,662.0,1.0,1,629,True,True,3,2024-01-23,CA,IN,3295,140,168,2.0,,True,False,False,False
pid_04291,seller_9138,Electronics,CarTech,34.64,4.0,1165,1,386.0,20.0,0,2869,False,True,4,2025-01-11,DE,US,1449,113,17,2.0,18.0,False,False,False,False
pid_00232,seller_6814,Cosmetics,CarTech,324.45,4.8,1205,8,506.0,17.0,1,2038,True,True,4,2024-12-08,DE,DE,1084,137,67,4.0,20.0,False,False,False,False
pid_01924,seller_6519,Pharmaceuticals,TrendSetter,235.93,4.3,4973,5,721.0,21.0,1,1324,True,True,4,2025-03-31,AU,JP,4983,664,283,3.0,14.0,False,True,False,False
pid_01521,seller_6870,Automotive,LuxuryBrand,260.78,4.5,4951,6,626.0,19.0,0,4000,True,True,3,2024-11-04,JP,AU,2746,209,173,3.0,21.0,False,False,False,False
pid_00362,seller_1342,Luxury Goods,TrendSetter,289.61,4.8,2152,5,568.0,23.0,0,1706,True,False,5,2024-12-29,GB,GB,4698,397,283,3.0,34.0,False,False,False,False
pid_02918,seller_4286,Luxury Goods,CarTech,164.39,4.1,24,2,209.0,25.0,2,3518,True,True,2,2024-02-01,GB,DE,2790,392,116,0.0,,False,False,False,True
pid_04351,seller_7643,Cosmetics,E1iteDesign,156.2,3.4,3620,3,151.0,5.0,0,944,False,False,1,2025-01-03,KR,AU,481,14,18,0.0,17.0,True,False,False,True
pid_00125,seller_7712,Luxury Goods,StyleHouse,125.13,4.6,79,1,347.0,21.0,1,600,True,False,4,2025-10-09,AU,JP,1789,236,53,3.0,5.0,False,False,True,False
pid_02621,seller_1409,Automotive,HealthCare Plus,149.36,3.3,735,1,151.0,32.0,0,1077,False,False,3,2024-01-27,KR,GB,1365,98,24,1.0,10.0,False,False,False,True
pid_00953,seller_3242,Automotive,PureSkin,150.29,4.3,0,6,20.0,6.0,0,1001,True,False,4,2025-03-04,CN,KR,4799,524,285,3.0,,False,False,False,False
pid_00481,seller_2373,Cosmetics,MediPharm,59.97,4.2,1269,6,430.0,1.0,1,2618,True,True,1,2025-10-23,GB,FR,2756,313,13,4.0,14.0,True,False,False,False
pid_02612,seller_4450,Fashion,MediPharm,62.75,3.7,1296,3,206.0,13.0,1,2373,False,True,1,2025-05-04,FR,JP,357,33,16,0.0,6.0,True,True,False,True
pid_04396,seller_1407,Fashion,PureSkin,237.68,4.4,0,1,697.0,24.0,1,3257,True,True,1,2024-11-07,CN,JP,3055,413,201,1.0,1.0,False,False,False,True
pid_02863,seller_6585,Cosmetics,MediPharm,341.61,3.0,1100,1,316.0,16.0,2,5,False,False,3,2025-06-19,DE,CA,818,20,49,0.0,,True,False,False,False
pid_00710,seller_7465,Pharmaceuticals,PremiumCraft,166.43,4.3,7687,1,,13.0,0,1882,True,True,2,2024-04-11,FR,US,635,38,48,0.0,19.0,False,True,False,True
pid_04933,seller_6740,Luxury Goods,MediPharm,95.75,4.0,902,4,417.0,30.0,0,2882,True,True,1,2025-03-20,CA,CA,2544,368,115,0.0,5.0,False,False,False,False
pid_02523,seller_8746,Fashion,Tr3ndSetter,242.6,3.6,694,5,371.0,22.0,2,1103,False,True,3,2024-11-17,KR,DE,2368,242,96,3.0,11.0,False,False,False,True
pid_04465,seller_8402,Fashion,ClassicWear,291.56,3.4,93,3,319.0,7.0,0,3121,True,True,2,2025-05-08,JP,DE,1094,162,60,2.0,8.0,True,False,False,True
pid_04082,seller_1329,Cosmetics,BeautyLux,143.65,4.9,2819,7,212.0,17.0,0,685,True,True,1,2025-05-29,JP,GB,1373,137,74,3.0,16.0,False,False,False,False
pid_00709,seller_1777,Cosmetics,ExclusiveItems,50.52,2.9,2313,1,428.0,10.0,2,33,True,True,1,2024-05-31,DE,CN,1505,112,71,2.0,7.0,False,False,True,True
pid_03440,seller_2374,Fashion,AutoParts Pro,302.57,3.3,1642,4,977.0,36.0,0,1354,True,True,2,2024-06-30,DE,IN,319,22,16,1.0,16.0,True,False,True,False
pid_02008,seller_8182,Electronics,TechCorp,87.3,4.1,1712,4,446.0,32.0,0,730,False,False,1,2025-01-16,JP,IN,296,28,13,1.0,21.0,True,False,True,False
pid_03573,seller_8091,Automotive,BeautyLux,5.0,3.1,1861,1,188.0,34.0,2,5,True,False,1,2024-09-28,FR,KR,2264,155,40,0.0,4.0,True,True,False,False
pid_02838,seller_8609,Pharmaceuticals,ClassicWear,103.49,4.1,1057,2,506.0,18.0,0,1789,False,False,4,2024-02-02,FR,CA,76,1,1,2.0,24.0,False,False,True,False
pid_00813,seller_2680,Automotive,FashionForward,346.21,5.0,2642,6,626.0,1.0,0,4000,True,True,4,2024-12-06,AU,IN,3643,390,193,4.0,21.0,True,False,False,False
pid_00130,seller_4161,Fashion,LuxuryBrand,134.54,4.0,4809,3,611.0,19.0,0,3515,True,False,3,2024-11-09,GB,KR,2617,142,57,3.0,5.0,False,False,False,False
pid_01832,seller_5658,Cosmetics,FashionF0rward,156.4,4.4,3543,2,862.0,19.0,0,2247,True,False,5,2025-02-22,JP,KR,273,25,18,2.0,,False,False,False,True
pid_04091,seller_7649,Fashion,CarTech,255.72,4.4,0,4,130.0,17.0,0,945,True,True,4,2024-07-28,JP,KR,3486,455,169,5.0,10.0,False,False,False,False
pid_04277,seller_6079,Fashion,BioMed Solutions,256.73,4.0,4799,6,397.0,11.0,2,477,False,False,5,2024-06-18,KR,KR,4752,131,189,2.0,18.0,False,False,False,True
pid_02520,seller_8268,Cosmetics,ClassicWear,261.27,4.6,5180,4,738.0,1.0,0,4000,True,True,3,2025-08-05,US,FR,3469,157,238,5.0,27.0,False,False,False,False
pid_00490,seller_9709,Luxury Goods,GlamourCo,169.08,3.2,4917,5,145.0,17.0,1,1505,True,True,2,2025-04-13,US,FR,2576,359,153,1.0,18.0,True,False,False,False
pid_02762,seller_6290,Cosmetics,MotorM@x,89.97,4.6,812,1,670.0,14.0,0,5,True,True,1,2024-06-29,AU,CA,2174,52,116,1.0,16.0,False,False,False,False
pid_01851,seller_8576,Pharmaceuticals,PremiumCraft,141.9,4.0,2707,8,630.0,4.0,1,2670,True,False,1,2025-02-10,CN,CA,1084,137,50,2.0,4.0,False,True,False,True
pid_02188,seller_1712,Pharmaceuticals,BioMed S0lutions,136.38,3.3,0,6,415.0,11.0,1,706,True,True,1,2025-04-17,JP,DE,1251,93,92,2.0,0.0,False,True,False,True
pid_00351,seller_8523,Automotive,VehicleCare,62.58,4.6,0,5,157.0,26.0,2,2708,True,False,5,2024-12-07,DE,CA,2245,112,99,4.0,14.0,True,False,False,False
pid_00186,seller_3671,Pharmaceuticals,AutoPart5 Pro,191.52,4.0,1375,3,146.0,8.0,0,2331,True,True,4,2025-08-28,AU,DE,3762,56,215,3.0,14.0,False,False,False,False
pid_03652,seller_9980,Pharmaceuticals,GlamourCo,179.35,4.1,778,7,319.0,1.0,0,970,True,True,3,2025-10-08,CN,JP,66,5,5,2.0,0.0,True,False,False,False
pid_02781,seller_6601,Pharmaceuticals,MotorMax,117.55,4.7,2204,4,706.0,22.0,0,1466,True,True,5,2025-05-14,FR,DE,3466,355,168,3.0,25.0,False,False,False,False
pid_04029,seller_7690,Fashion,GlamourCo,99.95,4.2,498,5,555.0,1.0,1,2399,True,True,4,2025-11-28,US,US,416,19,6,1.0,25.0,False,False,False,False
pid_02039,seller_9301,Fashion,EliteDesign,149.69,4.7,1111,3,317.0,17.0,0,1069,False,True,2,2024-12-22,DE,KR,4091,519,251,1.0,23.0,False,False,False,True
pid_00399,seller_8622,Pharmaceuticals,MotorMax,159.09,4.1,4471,1,365.0,12.0,2,2485,True,True,3,2024-01-02,US,US,2219,240,163,2.0,12.0,True,False,True,True
pid_02912,seller_6244,Pharmaceuticals,WellnessLab,90.88,4.6,2354,3,113.0,4.0,0,1215,True,False,4,2025-09-05,IN,DE,4731,412,82,3.0,,False,False,False,False
pid_04901,seller_7323,Luxury Goods,NaturalGlow,237.44,4.8,2908,4,705.0,6.0,2,3407,True,True,3,2025-12-30,CN,CN,2462,187,45,3.0,18.0,True,False,False,False
pid_01758,seller_4475,Electronics,VehicleCare,40.37,4.0,2329,4,446.0,20.0,0,5,False,True,2,2024-03-13,CN,DE,769,86,22,4.0,10.0,True,False,False,False
pid_01049,seller_1166,Electronics,TechCorp,129.51,3.6,0,2,60.0,37.0,1,5,False,True,2,2024-01-20,GB,CN,3647,537,218,0.0,3.0,False,False,False,True
pid_04926,seller_5861,Luxury Goods,CircuitMaster,81.66,4.6,384,3,55.0,16.0,0,401,True,True,5,2024-08-24,JP,IN,1320,157,38,1.0,8.0,True,False,False,False
pid_01100,seller_4759,Electronics,ClassicWear,90.14,4.0,0,3,474.0,32.0,1,470,False,True,4,2025-12-17,KR,FR,4765,427,164,0.0,14.0,False,False,True,False
pid_02361,seller_7150,Luxury Goods,GlamourCo,157.84,5.0,3099,8,792.0,12.0,2,619,True,False,3,2025-03-14,DE,IN,4559,193,268,3.0,24.0,False,False,False,False
pid_02377,seller_3602,Pharmaceuticals,VehicleCare,235.7,3.9,4065,2,667.0,7.0,1,2724,True,True,2,2024-09-16,GB,GB,1393,17,85,0.0,14.0,True,False,True,True
pid_02448,seller_8038,Electronics,LuxuryBr@nd,119.11,3.2,0,2,98.0,24.0,1,5,False,True,1,2024-10-15,US,FR,3506,514,49,0.0,3.0,True,True,False,True
pid_03239,seller_7481,Luxury Goods,StyleHouse,99.22,3.4,0,1,405.0,32.0,4,1457,True,False,2,2025-10-02,AU,FR,961,36,49,1.0,0.0,False,False,False,False
pid_02051,seller_4035,Luxury Goods,StyleHouse,99.32,4.0,1631,4,421.0,21.0,0,2546,False,False,6,2024-07-06,KR,GB,569,29,10,1.0,9.0,False,False,False,False
pid_00421,seller_1933,Pharmaceuticals,DigitalPro,5.0,3.3,246,2,310.0,34.0,1,5,False,True,5,2024-07-09,KR,JP,1681,178,88,2.0,20.0,False,False,False,False
pid_01565,seller_3765,Luxury Goods,Class1cWear,83.54,,2391,1,128.0,23.0,1,2339,False,True,1,2024-05-15,DE,US,844,117,34,1.0,1.0,False,True,False,True
pid_01401,seller_9937,Electronics,CarT3ch,68.43,3.7,412,1,157.0,24.0,1,110,False,False,1,2024-05-08,IN,CN,760,53,44,0.0,3.0,False,False,False,True
pid_03883,seller_3672,Fashion,Tr3ndSetter,104.72,3.8,2596,7,562.0,13.0,1,2174,True,False,2,2025-06-21,US,CN,2929,348,222,0.0,,False,False,False,True
pid_00963,seller_8116,Fashion,BeautyLux,76.99,3.3,0,1,300.0,27.0,0,1275,True,True,1,2024-10-20,US,FR,4224,370,158,1.0,13.0,False,True,True,False
pid_02820,seller_5725,Automotive,EliteDesign,187.46,5.0,2665,3,408.0,10.0,0,2407,True,True,4,2024-08-19,FR,KR,2859,261,160,4.0,0.0,False,False,True,False
pid_01163,seller_4769,Pharmaceuticals,WellnessLab,241.99,3.5,3082,6,491.0,27.0,1,1611,True,True,2,2024-02-24,JP,US,4657,476,151,2.0,0.0,True,False,False,False
pid_01859,seller_2031,Pharmaceuticals,FashionForward,274.3,4.0,3479,5,20.0,40.0,0,2029,True,True,4,2025-07-14,AU,IN,738,42,7,2.0,4.0,False,False,False,False
pid_02247,seller_1052,Pharmaceuticals,M0torMax,192.52,,1807,2,755.0,25.0,2,2092,False,False,3,2024-01-24,KR,AU,1568,181,47,1.0,21.0,True,True,False,True
pid_03488,seller_9288,Electronics,EliteDesign,95.84,4.2,3779,1,507.0,14.0,0,1061,True,True,3,2024-06-28,GB,IN,2980,284,173,2.0,0.0,False,False,False,False
pid_00487,seller_4433,Fashion,MediPh@rm,107.69,3.4,0,1,364.0,30.0,4,1107,True,True,1,2024-01-30,KR,DE,1468,181,63,0.0,0.0,False,True,True,True
pid_03119,seller_1827,Electronics,C@rTech,148.4,3.1,830,4,118.0,24.0,0,1097,True,True,5,2024-07-18,US,IN,1326,158,94,0.0,,True,False,True,True
pid_01249,seller_7575,Cosmetics,TrendSetter,69.16,3.1,0,2,81.0,15.0,2,142,False,False,1,2024-01-04,DE,AU,218,14,6,1.0,6.0,True,False,False,True
pid_00435,seller_7228,Cosmetics,DigitalPro,98.34,4.5,2823,3,134.0,10.0,0,1009,False,False,1,2025-12-19,GB,JP,1662,70,14,0.0,17.0,False,False,False,True
pid_04580,seller_6852,Automotive,GlamourCo,153.98,3.3,1934,2,439.0,4.0,1,304,True,True,3,2024-05-28,KR,GB,4398,108,33,2.0,2.0,False,False,True,False
pid_00255,seller_4097,Luxury Goods,LuxuryBrand,204.09,3.6,1526,4,364.0,28.0,0,272,True,True,2,2025-04-30,CA,AU,4727,58,279,0.0,0.0,False,True,False,True
pid_04570,seller_1138,Luxury Goods,BeautyLux,49.12,4.1,2180,3,293.0,17.0,0,1821,True,True,1,2024-12-26,JP,CA,901,62,10,1.0,6.0,True,False,False,False
pid_00829,seller_1356,Luxury Goods,Natur@lGlow,5.0,2.3,0,3,20.0,23.0,3,5,False,True,1,2025-04-05,KR,IN,2280,160,63,1.0,4.0,False,True,True,True
pid_00788,seller_9294,Luxury Goods,CarTech,138.04,3.7,1462,5,292.0,2.0,2,875,False,True,3,2024-05-19,JP,CN,417,8,7,2.0,10.0,False,True,True,False
pid_03167,seller_6095,Electronics,N@turalGlow,240.46,4.4,0,1,235.0,15.0,1,5,True,True,1,2024-08-01,DE,CN,374,24,20,1.0,15.0,False,False,False,True
pid_03390,seller_6646,Fashion,TrendSetter,5.0,4.4,0,3,283.0,24.0,1,659,False,True,1,2024-04-12,GB,FR,1888,137,47,1.0,14.0,True,False,False,False
pid_03663,seller_9656,Electronics,MotorMax,94.6,,7384,5,678.0,33.0,0,1915,True,True,4,2025-12-27,KR,FR,2485,103,174,2.0,11.0,False,False,False,False
pid_02038,seller_1302,Fashion,ElectroMax,310.09,5.0,3242,4,713.0,8.0,0,1239,True,True,3,2024-06-04,US,GB,2360,205,137,1.0,20.0,False,False,False,True
pid_02397,seller_2752,Electronics,E1iteDesign,115.49,4.2,0,2,,16.0,1,1097,True,False,3,2025-04-07,FR,US,3471,345,208,2.0,9.0,True,True,False,True
pid_00456,seller_7220,Electronics,HealthCare Plus,307.08,4.2,5228,2,617.0,8.0,0,4000,True,False,3,2025-01-01,AU,CA,3096,417,72,3.0,25.0,False,False,False,False
pid_04038,seller_8362,Cosmetics,EliteDesign,104.63,5.0,1967,6,587.0,1.0,2,2855,True,True,5,2025-10-18,DE,DE,4241,347,141,1.0,4.0,False,False,False,False
pid_01433,seller_1369,Cosmetics,DigitalPro,150.18,3.8,330,4,102.0,19.0,1,2111,True,True,1,2024-08-18,FR,AU,1029,128,34,3.0,8.0,False,False,False,True
pid_03017,seller_5059,Fashion,CarTech,86.83,3.9,1499,4,129.0,6.0,0,1198,True,True,1,2024-02-07,CN,KR,3363,195,185,3.0,11.0,False,False,False,False
pid_01012,seller_2482,Automotive,StyleHouse,150.35,3.9,3628,5,517.0,8.0,0,1868,False,False,5,2024-11-28,US,GB,1525,206,24,1.0,22.0,False,True,False,False
pid_03159,seller_3754,Fashion,NaturalGlow,28.15,3.3,42,2,373.0,19.0,1,1535,False,True,2,2024-06-03,US,FR,1792,18,73,3.0,16.0,False,False,False,False
pid_01128,seller_5447,Fashion,ExclusiveItems,92.66,3.7,3355,5,475.0,15.0,0,2556,True,True,6,2025-07-30,AU,CN,1293,62,94,4.0,15.0,True,False,False,False
pid_01600,seller_5961,Electronics,WellnessLab,111.52,3.6,629,3,213.0,31.0,1,970,True,True,1,2024-12-11,FR,DE,4664,247,56,0.0,22.0,True,True,False,False
pid_01105,seller_4780,Electronics,StyleHouse,249.31,,4023,5,,8.0,0,2334,False,True,3,2024-11-23,KR,IN,4288,84,172,2.0,13.0,False,False,False,False
pid_03035,seller_8892,Fashion,StyleHouse,187.54,4.5,570,6,521.0,2.0,1,1045,False,True,5,2025-10-06,GB,US,3594,511,228,5.0,16.0,False,True,False,False
pid_00398,seller_8826,Pharmaceuticals,MediPharm,101.97,3.8,2060,2,544.0,27.0,0,1149,True,True,3,2024-02-24,US,CA,2675,193,21,2.0,7.0,False,False,True,False
pid_04546,seller_3554,Electronics,CircuitMaster,136.84,3.5,0,5,128.0,15.0,3,1029,False,False,2,2025-03-23,US,GB,2183,307,17,0.0,7.0,True,False,False,True
pid_00797,seller_3368,Luxury Goods,LuxuryBrand,210.6,4.1,3892,6,356.0,2.0,0,2530,False,False,4,2025-05-21,DE,IN,1758,186,64,4.0,6.0,False,False,False,False
pid_01669,seller_1652,Pharmaceuticals,WellnessL@b,109.43,4.0,2096,3,560.0,3.0,4,1559,True,False,1,2025-10-04,GB,US,4898,610,282,,20.0,False,True,False,True
pid_03635,seller_4451,Luxury Goods,MotorMax,100.29,4.2,2338,6,360.0,6.0,0,469,True,True,4,2025-08-27,US,KR,656,45,22,0.0,11.0,False,False,False,False
pid_02947,seller_3299,Luxury Goods,M3diPharm,109.55,3.6,823,2,329.0,28.0,2,605,True,False,1,2025-08-15,AU,DE,1923,197,106,0.0,13.0,False,False,True,True
pid_04860,seller_7017,Cosmetics,Elit3Design,117.55,4.4,608,2,653.0,3.0,2,1710,True,True,4,2024-03-16,IN,GB,2487,41,123,2.0,13.0,False,False,False,True
pid_04150,seller_6969,Electronics,ElectroMax,277.0,5.0,3941,3,556.0,11.0,0,3011,True,True,4,2025-10-28,FR,GB,2289,54,78,5.0,21.0,True,False,False,False
pid_03077,seller_7617,Electronics,DigitalPro,105.52,4.1,3143,3,85.0,18.0,2,819,True,True,4,2025-05-28,IN,FR,4113,187,149,2.0,4.0,False,False,False,False
pid_02090,seller_4090,Pharmaceuticals,HealthCar3 Plus,36.57,4.1,0,8,139.0,5.0,2,639,True,True,2,2024-01-13,FR,GB,2425,195,91,2.0,12.0,False,False,False,True
pid_01361,seller_5372,Electronics,MediPharm,61.58,3.6,2124,5,441.0,15.0,2,1254,False,False,1,2024-01-28,US,JP,4374,255,187,2.0,24.0,True,False,True,True
pid_01458,seller_9782,Electronics,BeautyLux,149.6,4.5,641,2,230.0,14.0,1,5,True,True,3,2025-01-14,IN,IN,472,20,34,2.0,,False,False,False,True
pid_01334,seller_6977,Automotive,GlamourCo,136.96,5.0,3841,5,522.0,11.0,0,2750,True,True,4,2024-11-06,CA,CN,3709,140,210,3.0,35.0,False,False,False,False
pid_04704,seller_8938,Fashion,StyleHouse,197.91,4.8,529,3,602.0,1.0,1,2437,True,True,2,2025-12-22,FR,AU,2636,67,75,3.0,0.0,False,False,False,False
pid_00065,seller_5924,Luxury Goods,WellnessLab,157.41,3.6,899,3,372.0,6.0,3,1656,True,True,1,2024-04-29,CN,JP,1243,56,64,1.0,13.0,False,False,False,False
pid_00177,seller_4116,Fashion,BioMed Solution5,102.63,4.2,1653,7,,23.0,0,1297,True,True,6,2024-04-02,CN,US,1531,132,99,2.0,15.0,False,True,False,True
pid_02289,seller_1058,Electronics,M0torMax,184.09,4.3,103,5,429.0,25.0,0,2264,True,True,3,2024-03-20,AU,IN,3314,223,122,2.0,8.0,True,False,False,True
pid_03879,seller_8968,Fashion,DigitalPro,161.91,4.2,505,4,718.0,10.0,1,1100,True,True,3,2025-10-05,AU,DE,3335,246,138,0.0,12.0,False,False,True,False
pid_03032,seller_9333,Pharmaceuticals,Exclu5iveItems,167.52,3.8,2004,1,195.0,25.0,2,1189,True,True,4,2025-10-08,JP,CA,2453,171,111,0.0,0.0,False,False,True,True
pid_00026,seller_6279,Electronics,WellnessLab,246.38,3.2,1710,1,186.0,16.0,2,1675,True,False,4,2025-01-09,CA,US,1626,89,36,3.0,14.0,False,False,False,False
pid_02478,seller_4930,Electronics,Med1Pharm,92.21,4.3,1247,2,253.0,5.0,0,2376,True,True,1,2025-04-01,DE,DE,4311,314,40,1.0,11.0,False,False,False,False
pid_00525,seller_3372,Luxury Goods,PureSkin,5.62,3.9,1249,2,470.0,17.0,0,2760,True,True,4,2024-12-02,IN,JP,4567,538,345,0.0,2.0,True,False,False,False
pid_03619,seller_4893,Electronics,HealthCare Plus,284.6,3.9,1742,6,720.0,21.0,0,3691,False,True,5,2024-11-16,AU,FR,226,18,13,4.0,20.0,False,False,False,False
pid_01253,seller_5331,Electronics,FashionForward,226.74,4.2,3400,4,776.0,3.0,2,505,True,False,1,2025-01-15,GB,CA,2063,309,83,1.0,6.0,False,False,False,False
pid_01724,seller_6937,Cosmetics,CircuitMaster,233.13,4.9,2251,3,721.0,17.0,1,462,True,True,2,2025-01-07,CA,US,3129,118,85,4.0,9.0,False,False,False,False
pid_01145,seller_7963,Automotive,HealthCare Plus,311.02,4.4,1704,7,286.0,12.0,5,5,True,False,2,2024-09-10,US,JP,3649,252,126,2.0,28.0,True,False,False,False
pid_02155,seller_4498,Fashion,HealthCare Plus,205.68,4.7,0,4,364.0,1.0,1,1437,True,False,4,2024-07-03,JP,IN,4181,83,307,2.0,23.0,True,True,False,False
pid_00321,seller_6814,Cosmetics,MediPharm,31.61,4.3,0,2,325.0,18.0,0,704,True,False,1,2024-05-24,FR,FR,3391,449,104,4.0,8.0,True,True,False,False
pid_02018,seller_6693,Electronics,We1lnessLab,214.49,3.8,0,1,223.0,29.0,1,1029,True,True,2,2025-09-28,GB,JP,4837,522,176,0.0,16.0,True,True,False,False
pid_00664,seller_8587,Electronics,Fash1onForward,169.52,3.7,3323,3,,22.0,0,1071,True,True,3,2024-11-26,GB,KR,534,68,5,4.0,20.0,True,False,False,True
pid_03226,seller_3696,Fashion,PureSkin,108.6,3.1,0,4,500.0,18.0,1,1601,True,False,3,2025-10-18,AU,JP,2157,253,89,0.0,0.0,False,False,True,False
pid_02241,seller_3493,Electronics,MotorMax,251.83,3.4,0,4,651.0,19.0,0,1767,True,False,4,2024-08-20,KR,JP,1031,31,72,2.0,17.0,False,False,False,False
pid_02606,seller_8523,Electronics,TrendSetter,44.82,4.4,2981,2,20.0,10.0,2,2487,False,True,5,2024-12-31,CA,CN,949,20,6,1.0,13.0,True,False,False,False
pid_04229,seller_8129,Electronics,BeautyLux,53.12,3.3,1151,5,418.0,21.0,0,5,False,True,3,2024-04-20,CA,US,4120,471,226,5.0,5.0,False,False,False,True
pid_01221,seller_8147,Electronics,HealthCare Plus,135.88,4.2,3001,7,212.0,10.0,1,3821,False,True,3,2025-04-17,AU,AU,3290,271,185,1.0,13.0,False,False,False,False
pid_00332,seller_1310,Electronics,FashionF0rward,229.58,4.8,2696,6,312.0,11.0,0,2350,False,True,2,2025-10-16,CN,IN,987,100,47,1.0,8.0,False,False,False,False
pid_03085,seller_3008,Cosmetics,ElectroMax,137.02,2.9,0,2,449.0,31.0,1,1825,False,True,1,2024-07-22,AU,KR,3736,69,204,0.0,9.0,True,True,False,True
pid_04448,seller_6055,Fashion,CarTech,176.32,2.6,0,4,574.0,23.0,1,178,False,False,3,2025-10-23,KR,GB,4331,255,105,1.0,0.0,True,False,False,True
pid_04839,seller_2172,Fashion,ExclusiveItems,199.13,4.8,3355,4,436.0,6.0,0,163,True,False,5,2025-06-17,US,GB,1337,35,61,2.0,14.0,False,False,False,False
pid_02665,seller_1796,Fashion,StyleHouse,223.14,4.7,130,4,450.0,10.0,0,2592,False,True,2,2024-10-20,CA,GB,4085,120,209,1.0,5.0,False,False,False,True
pid_00598,seller_5559,Electronics,AutoParts Pro,160.28,4.1,1490,2,198.0,22.0,0,1110,True,True,3,2024-01-22,JP,KR,4371,296,163,0.0,0.0,True,False,False,False
pid_04447,seller_8437,Pharmaceuticals,PremiumCr@ft,318.72,,3788,1,306.0,8.0,0,3272,True,True,2,2024-02-23,US,FR,4761,194,368,2.0,9.0,True,False,False,True
pid_04526,seller_9906,Pharmaceuticals,CircuitMaster,111.45,,182,2,182.0,18.0,2,1347,True,False,2,2025-07-13,JP,CA,3390,311,41,1.0,7.0,True,True,False,False
pid_00386,seller_8569,Fashion,StyleHouse,5.0,3.4,3426,1,328.0,12.0,2,424,False,False,2,2025-05-19,US,JP,2463,201,62,0.0,10.0,False,False,True,False
pid_02181,seller_6872,Electronics,ClassicWear,94.18,5.0,2572,3,95.0,36.0,1,1788,False,True,4,2025-11-19,CN,CN,1543,161,13,3.0,13.0,False,True,True,False
pid_01459,seller_2711,Cosmetics,FashionForward,183.11,,4312,5,687.0,17.0,1,2575,True,True,3,2025-04-27,US,GB,4144,351,292,3.0,36.0,True,False,False,False
pid_03435,seller_3418,Fashion,TechCorp,5.0,4.4,0,6,1200.0,10.0,0,2773,True,True,2,2024-11-18,KR,DE,223,21,13,2.0,,False,True,False,False
pid_02850,seller_9564,Cosmetics,BioMed Solutions,109.73,3.7,3869,4,712.0,11.0,0,93,True,False,2,2025-05-18,AU,AU,1833,78,64,1.0,2.0,False,False,False,True
pid_03172,seller_5924,Electronics,ClassicWear,143.87,5.0,2947,5,613.0,17.0,0,1437,True,True,5,2024-02-25,US,CA,1412,49,12,3.0,19.0,False,False,False,False
pid_02573,seller_7152,Luxury Goods,Med1Pharm,65.29,3.9,0,1,20.0,1.0,1,1516,False,True,2,2024-10-17,JP,JP,1184,94,63,0.0,12.0,False,True,False,True
pid_00228,seller_8693,Automotive,TechCorp,101.12,4.4,512,2,336.0,11.0,0,865,True,False,3,2025-11-19,DE,US,129,9,4,0.0,11.0,False,False,True,False
pid_01028,seller_7530,Fashion,MediPharm,19.94,3.0,0,2,307.0,19.0,0,332,False,True,2,2025-04-04,FR,CA,4819,56,83,3.0,7.0,False,True,True,False
pid_04779,seller_9475,Fashion,PremiumCraft,143.1,3.9,3711,3,336.0,25.0,0,805,True,True,4,2024-09-21,FR,AU,142,13,3,2.0,4.0,False,False,True,False
pid_00498,seller_5789,Automotive,FashionForward,223.8,4.1,1804,5,515.0,15.0,0,45,True,True,2,2024-06-22,IN,GB,3344,497,174,3.0,6.0,False,True,False,False
pid_01666,seller_3285,Electronics,ClassicWear,165.14,4.8,2282,6,806.0,6.0,0,2012,True,False,6,2025-12-17,FR,FR,4122,445,66,5.0,11.0,False,False,False,False
pid_00902,seller_8611,Electronics,WellnessLab,281.72,4.9,2753,7,528.0,21.0,0,457,True,True,6,2024-12-03,AU,DE,906,92,42,0.0,3.0,False,False,False,False
pid_03804,seller_1733,Fashion,PureSk1n,231.31,3.9,2828,2,848.0,1.0,0,351,True,True,2,2025-08-27,GB,CN,3118,196,153,5.0,10.0,False,True,False,False
pid_00701,seller_7295,Electronics,Cl@ssicWear,95.81,3.7,2840,5,349.0,33.0,0,5,True,False,3,2025-07-21,JP,AU,3880,202,116,2.0,2.0,False,True,False,True
pid_04356,seller_9475,Fashion,PureSkin,75.06,,3191,2,310.0,12.0,1,1385,False,False,1,2024-03-06,CA,AU,1380,172,70,0.0,11.0,True,False,False,True
pid_03771,seller_5008,Automotive,EliteDesign,51.37,4.0,2450,3,609.0,23.0,3,193,True,True,3,2025-06-17,CA,CN,3036,241,195,4.0,,False,False,False,False
pid_02701,seller_1604,Automotive,BioMed Solutions,118.33,2.4,61,3,93.0,8.0,1,108,True,True,2,2024-04-08,CN,AU,1949,209,145,1.0,,True,False,False,False
pid_04745,seller_8752,Electronics,AutoParts Pro,228.0,3.4,2147,4,747.0,9.0,0,5,True,False,3,2024-03-18,DE,GB,4893,297,52,1.0,15.0,False,False,False,False
pid_04736,seller_4830,Luxury Goods,VehicleCare,49.28,3.4,1321,3,20.0,39.0,2,2204,False,True,1,2024-01-18,DE,US,1356,188,84,1.0,7.0,True,False,False,True
pid_02527,seller_3094,Automotive,WellnessLab,9.59,4.7,0,1,233.0,21.0,1,1442,False,True,2,2025-09-17,DE,IN,2023,286,101,1.0,11.0,False,False,False,True
pid_01237,seller_8418,Luxury Goods,DigitalPro,188.37,5.0,5337,4,582.0,7.0,0,3703,True,True,4,2024-05-20,US,GB,1629,61,78,2.0,36.0,False,False,False,False
pid_02237,seller_7697,Electronics,EliteDesign,102.15,3.5,0,4,20.0,13.0,4,5,True,True,1,2025-04-22,AU,JP,607,67,44,0.0,1.0,False,False,True,True
pid_01238,seller_3249,Automotive,PremiumCraft,206.21,4.0,3989,5,403.0,20.0,0,262,True,True,2,2024-03-06,DE,FR,4958,379,24,2.0,19.0,True,False,False,False
pid_03772,seller_2056,Fashion,CircuitMaster,108.68,3.9,646,4,411.0,24.0,0,532,True,True,1,2025-11-30,KR,GB,872,63,42,3.0,22.0,True,True,False,False
pid_04081,seller_3406,Fashion,VehicleCare,351.52,4.6,2548,5,399.0,6.0,0,2117,False,True,2,2025-09-01,JP,KR,2049,153,143,1.0,16.0,False,False,False,False
pid_03941,seller_6516,Automotive,DigitalPro,182.21,3.4,588,5,71.0,21.0,0,890,True,True,5,2025-06-12,FR,US,4704,546,369,2.0,3.0,False,False,True,False
pid_04376,seller_9303,Fashion,PremiumCraft,47.63,2.8,307,2,489.0,1.0,1,2270,True,True,1,2025-10-10,DE,IN,2018,291,22,1.0,12.0,True,False,False,False
pid_02025,seller_4953,Fashion,ClassicWear,108.18,3.7,156,1,,10.0,0,2651,True,True,1,2024-06-09,GB,CA,3047,441,214,2.0,0.0,False,False,False,False
pid_01986,seller_8311,Pharmaceuticals,MediPharm,193.44,5.0,4325,3,518.0,1.0,0,1131,True,False,4,2024-12-19,DE,AU,1471,170,111,2.0,7.0,False,False,False,False
pid_01794,seller_3976,Electronics,PureSkin,180.75,4.6,186,7,489.0,28.0,0,1667,False,False,4,2024-02-14,AU,FR,1147,61,83,2.0,11.0,False,False,False,True
pid_02886,seller_3544,Luxury Goods,Prem1umCraft,240.29,4.4,2360,4,326.0,7.0,1,941,True,True,4,2024-01-11,US,JP,688,54,24,3.0,11.0,False,False,False,False
pid_03777,seller_9392,Luxury Goods,StyleHouse,210.08,4.3,2924,5,747.0,1.0,0,3472,True,True,2,2024-01-28,KR,AU,1915,198,10,4.0,7.0,False,False,False,False
pid_00138,seller_2218,Fashion,ElectroMax,257.8,4.1,4706,8,883.0,4.0,0,1746,True,False,4,2025-05-20,CN,JP,198,12,10,2.0,12.0,True,False,False,False
pid_04518,seller_6434,Electronics,MotorMax,139.6,4.0,1535,3,314.0,18.0,1,1977,True,False,2,2024-03-27,IN,GB,735,89,45,1.0,21.0,True,False,True,False
pid_04049,seller_9109,Electronics,Class1cWear,234.18,3.5,0,2,563.0,12.0,1,2590,True,True,1,2025-09-16,CN,FR,2644,83,126,0.0,20.0,False,True,False,False
pid_01907,seller_2099,Fashion,StyleHouse,29.73,3.0,1250,1,460.0,24.0,1,1608,False,True,1,2025-06-01,FR,CA,4693,242,30,0.0,7.0,True,True,False,True
pid_04037,seller_6819,Pharmaceuticals,TrendSetter,75.64,4.7,0,2,230.0,17.0,0,3700,True,False,3,2025-09-24,CN,US,3365,356,97,0.0,3.0,False,False,False,True
pid_03935,seller_7620,Luxury Goods,BeautyLux,164.9,4.0,3602,4,270.0,15.0,0,2836,True,False,5,2025-01-30,AU,JP,1646,24,90,0.0,26.0,False,False,False,False
pid_04633,seller_4597,Automotive,ElectroMax,66.9,5.0,5467,2,739.0,1.0,0,1508,True,False,6,2025-10-09,IN,JP,3125,228,61,2.0,18.0,False,False,False,False
pid_02951,seller_6884,Cosmetics,NaturalGlow,54.09,4.0,4599,4,640.0,27.0,0,1927,True,True,3,2025-10-12,DE,AU,4630,104,206,4.0,6.0,False,False,False,True
pid_04446,seller_2227,Electronics,TechCorp,127.54,3.5,0,4,413.0,18.0,0,1820,True,False,1,2024-10-04,IN,FR,929,36,57,0.0,0.0,False,False,False,True
pid_04733,seller_9990,Automotive,PureSkin,183.86,3.6,0,4,389.0,29.0,1,499,True,True,6,2025-05-20,DE,GB,115,13,6,2.0,17.0,True,False,False,False
pid_00580,seller_4648,Luxury Goods,FashionForward,252.35,4.7,0,4,,23.0,1,967,False,False,3,2024-12-14,US,AU,2627,300,163,0.0,7.0,True,False,True,False
pid_00912,seller_1951,Cosmetics,ExclusiveItems,166.6,2.8,1638,4,20.0,20.0,0,1297,True,False,1,2025-01-07,IN,DE,2562,42,72,3.0,3.0,False,False,False,True
pid_03207,seller_2113,Pharmaceuticals,NaturalG1ow,103.29,3.6,30,3,146.0,35.0,0,5,True,False,3,2025-11-16,FR,US,2898,142,126,2.0,0.0,False,False,False,True
pid_00367,seller_9186,Automotive,CarTech,61.43,3.6,0,4,335.0,33.0,1,1720,True,False,4,2024-03-19,AU,CN,2792,267,179,0.0,5.0,False,False,False,False
pid_02473,seller_3748,Pharmaceuticals,T3chCorp,170.97,4.0,2702,3,361.0,24.0,0,3017,True,False,1,2024-07-09,IN,CN,2677,226,116,2.0,10.0,True,False,False,True
pid_04559,seller_8356,Automotive,GlamourCo,169.43,4.1,0,3,299.0,35.0,0,803,True,False,1,2024-02-09,GB,CA,484,46,4,1.0,16.0,False,False,False,False
pid_01578,seller_9739,Cosmetics,TrendS3tter,5.0,4.0,225,7,20.0,10.0,2,1933,True,True,2,2025-06-26,CN,CN,4218,562,238,2.0,5.0,False,False,False,True
pid_03423,seller_2788,Electronics,PremiumCraft,30.85,3.3,0,3,20.0,30.0,2,5,False,False,1,2025-06-21,US,AU,449,9,21,0.0,0.0,False,False,False,False
pid_03686,seller_5577,Automotive,BeautyLux,269.53,5.0,0,6,139.0,20.0,2,1543,True,False,4,2025-02-25,KR,JP,1337,194,13,5.0,16.0,True,False,False,False
pid_03331,seller_8438,Pharmaceuticals,PremiumCraft,163.8,4.5,1480,2,364.0,12.0,1,1089,False,True,2,2025-12-09,KR,AU,1533,67,122,0.0,16.0,False,False,False,True
pid_04749,seller_5002,Pharmaceuticals,BioMed Solutions,271.87,4.0,996,6,328.0,15.0,0,2230,True,False,2,2024-04-18,CA,CA,1912,52,20,0.0,16.0,False,False,False,False
pid_00911,seller_7533,Fashion,NaturalGlow,103.36,4.3,337,4,335.0,11.0,0,846,True,False,3,2025-10-14,FR,CN,1741,107,108,3.0,14.0,True,False,False,False
pid_03321,seller_9429,Electronics,BeautyLux,249.05,5.0,3523,7,946.0,32.0,0,2539,True,True,2,2024-01-30,CA,CA,3861,78,271,2.0,13.0,False,False,False,False
pid_03099,seller_9091,Luxury Goods,NaturalGlow,110.62,4.1,1684,3,104.0,4.0,1,1782,True,True,3,2024-03-05,DE,DE,609,41,32,3.0,7.0,False,True,True,True
pid_03733,seller_4250,Luxury Goods,TechCorp,156.39,2.7,1799,3,471.0,6.0,1,4000,True,False,1,2024-10-15,CA,KR,2720,404,21,1.0,18.0,False,False,False,False
pid_00110,seller_4482,Fashion,Dig1talPro,291.56,3.4,2590,3,671.0,6.0,0,3354,False,False,2,2024-02-13,DE,FR,2757,40,53,1.0,19.0,False,False,False,True
pid_02833,seller_2726,Fashion,Natura1Glow,126.11,3.1,2293,5,351.0,1.0,0,631,True,False,4,2025-03-23,AU,FR,1018,106,48,3.0,12.0,False,False,False,True
pid_01650,seller_7185,Electronics,Elit3Design,220.01,4.5,1485,5,507.0,2.0,2,1884,True,True,5,2024-06-04,IN,CN,1580,99,45,3.0,19.0,False,False,False,True
pid_03721,seller_6568,Pharmaceuticals,WellnessLab,214.7,5.0,1955,3,752.0,1.0,1,1824,True,True,2,2024-04-01,US,CN,3812,146,299,4.0,15.0,False,False,False,False
pid_02088,seller_1236,Pharmaceuticals,ClassicWear,130.39,3.7,1555,5,641.0,14.0,0,2469,True,False,5,2024-06-11,AU,DE,200,9,9,3.0,17.0,False,True,False,False
pid_03661,seller_5190,Luxury Goods,ElectroM@x,68.05,3.1,1602,1,667.0,2.0,2,212,True,True,3,2025-08-14,FR,CN,188,21,3,1.0,10.0,False,False,False,True
pid_01089,seller_8951,Fashion,HealthCare Plus,239.3,4.3,0,3,832.0,20.0,1,1770,True,False,2,2025-09-23,AU,KR,4189,149,284,1.0,1.0,False,False,False,False
pid_00929,seller_1117,Fashion,LuxuryBrand,182.42,3.4,104,3,680.0,12.0,0,724,True,True,1,2025-12-25,JP,KR,4384,238,53,3.0,18.0,False,False,False,True
pid_01338,seller_7733,Electronics,Fa5hionForward,97.63,4.0,4032,5,592.0,3.0,0,1243,False,True,2,2025-12-29,FR,GB,4733,89,274,3.0,17.0,True,False,True,False
pid_04146,seller_2322,Electronics,Glam0urCo,163.4,4.3,2652,6,654.0,8.0,1,2939,True,True,3,2024-08-09,CA,GB,3159,268,166,2.0,14.0,False,False,False,False
pid_03015,seller_6678,Fashion,BioMed Solutions,147.57,4.2,0,1,293.0,4.0,2,2232,True,True,3,2025-05-09,CN,CA,3442,308,70,1.0,4.0,False,False,False,False
pid_00936,seller_5090,Electronics,AutoParts Pro,82.03,4.2,2847,1,91.0,17.0,2,453,False,True,2,2025-12-28,US,AU,3018,219,138,2.0,11.0,False,True,False,True
pid_03808,seller_1135,Electronics,Exclusiv3Items,76.39,3.9,2829,3,725.0,8.0,0,1853,True,True,2,2024-04-01,CA,GB,1443,180,55,1.0,24.0,True,False,False,True
pid_02640,seller_8669,Fashion,Digit@lPro,191.6,4.6,2007,1,771.0,,1,1078,False,True,4,2025-05-27,US,US,4084,298,20,0.0,12.0,False,False,False,False
pid_03097,seller_7108,Electronics,CircuitMaster,126.26,3.6,1670,5,470.0,22.0,0,2296,True,True,2,2025-12-29,DE,AU,1060,56,57,0.0,15.0,False,False,False,True
pid_01250,seller_5312,Pharmaceuticals,MotorMax,84.43,3.5,0,2,547.0,1.0,1,5,False,False,2,2024-07-22,AU,JP,1977,228,105,0.0,12.0,False,False,False,True
pid_04542,seller_3210,Electronics,PremiumCraft,193.02,3.3,1076,3,219.0,27.0,0,575,True,False,4,2024-12-11,KR,IN,1704,116,125,0.0,11.0,False,False,False,True
pid_04079,seller_6814,Fashion,MediPharm,294.93,3.6,2354,3,240.0,11.0,1,5,False,True,3,2025-12-01,KR,DE,4076,412,302,0.0,0.0,False,False,True,True
pid_02406,seller_4610,Fashion,HealthCare Plus,250.54,4.5,6466,5,901.0,1.0,0,3322,True,False,5,2024-09-05,CN,CA,2071,51,26,3.0,27.0,False,False,False,False
pid_02861,seller_6446,Fashion,H3althCare Plus,15.16,4.2,0,3,302.0,19.0,1,2411,True,True,4,2025-02-23,CA,GB,4561,571,59,0.0,8.0,False,False,False,True
pid_02490,seller_9077,Fashion,PremiumCraft,285.83,4.1,4412,4,375.0,4.0,0,2346,True,False,3,2024-10-18,US,IN,4601,548,366,0.0,18.0,False,False,False,False
pid_02803,seller_7539,Automotive,Veh1cleCare,235.63,3.5,3933,5,766.0,13.0,0,1660,False,True,2,2025-11-07,IN,CA,4376,373,119,1.0,29.0,False,False,False,False
pid_02625,seller_2176,Automotive,PureSkin,280.28,4.2,1749,6,617.0,14.0,0,797,True,True,2,2024-03-16,IN,KR,229,33,16,2.0,28.0,False,False,False,False
pid_03960,seller_9109,Cosmetics,TechCorp,169.47,3.3,1793,4,334.0,31.0,1,2459,True,True,2,2024-12-28,CN,US,4198,49,249,1.0,20.0,False,False,True,False
pid_02677,seller_2332,Electronics,MediPharm,225.95,,1504,2,579.0,7.0,1,1567,False,True,5,2024-08-12,DE,IN,275,4,21,1.0,24.0,False,True,False,False
pid_03186,seller_2335,Fashion,TrendSetter,247.48,5.0,4659,8,461.0,10.0,1,2328,True,True,6,2025-08-22,CN,CN,3760,247,282,4.0,21.0,True,False,False,False
pid_00705,seller_4320,Automotive,Tr3ndSetter,150.19,3.6,2914,7,205.0,1.0,1,1925,True,True,5,2024-05-22,CN,US,2095,49,142,0.0,16.0,False,False,False,False
pid_01197,seller_1792,Automotive,CarTech,230.59,2.7,0,1,536.0,18.0,0,5,False,False,1,2024-09-18,IN,GB,2833,142,120,1.0,0.0,False,False,True,True
pid_04600,seller_1548,Electronics,FashionForward,220.6,,2491,4,353.0,7.0,0,1968,True,False,1,2024-10-29,IN,KR,3290,421,59,1.0,5.0,False,False,False,False
pid_03949,seller_5335,Fashion,DigitalPro,156.39,4.3,1581,3,418.0,1.0,1,708,True,True,4,2024-05-07,DE,AU,3096,279,159,2.0,21.0,False,False,True,False
pid_00434,seller_4422,Electronics,FashionForward,130.21,5.0,3622,4,648.0,1.0,0,1591,True,False,6,2024-05-19,FR,DE,2548,43,27,2.0,7.0,False,False,False,False
pid_03811,seller_4852,Luxury Goods,EliteDesign,160.46,4.1,4105,5,476.0,23.0,0,2947,False,False,2,2024-06-29,JP,KR,3012,95,175,5.0,20.0,True,False,False,False
pid_02617,seller_5064,Fashion,ElectroMax,80.3,3.2,663,2,98.0,35.0,2,283,False,True,1,2025-04-03,CN,IN,2865,322,210,2.0,12.0,False,True,False,False
pid_00383,seller_4282,Automotive,AutoParts Pro,198.54,4.9,2421,4,942.0,5.0,0,204,True,True,5,2025-02-14,DE,DE,888,48,50,3.0,13.0,False,True,False,False
pid_02068,seller_1376,Electronics,FashionForward,144.22,4.4,356,5,51.0,34.0,2,1367,True,False,1,2025-08-03,US,GB,1337,35,59,1.0,24.0,False,True,True,False
pid_04352,seller_8890,Fashion,ElectroMax,256.05,3.4,2085,2,245.0,14.0,0,2151,False,True,4,2024-01-15,AU,GB,1649,212,86,0.0,4.0,False,False,False,False
pid_03167,seller_6095,Electronics,N@turalGlow,240.46,4.4,0,1,235.0,15.0,1,5,True,True,1,2024-08-01,DE,CN,374,24,20,1.0,15.0,False,False,False,True
pid_04295,seller_5538,Fashion,EliteDesign,69.22,,1566,2,750.0,1.0,1,2159,False,True,4,2025-12-03,FR,FR,613,66,41,1.0,23.0,False,False,False,False
pid_01715,seller_4158,Automotive,TrendS3tter,67.22,2.6,0,1,20.0,26.0,0,1402,True,True,1,2024-01-08,US,JP,3301,112,99,2.0,9.0,True,False,False,True
pid_01703,seller_2449,Luxury Goods,BeautyLux,6.84,2.9,0,1,94.0,47.0,3,5,False,False,1,2024-01-27,US,US,2735,77,63,1.0,12.0,False,False,False,True
pid_00432,seller_3754,Cosmetics,PureSkin,42.0,,0,1,575.0,22.0,2,1046,True,False,2,2025-10-06,KR,US,1975,56,55,0.0,17.0,False,True,False,False
pid_00739,seller_7639,Fashion,MotorMax,305.78,3.7,1536,5,742.0,8.0,0,1227,True,False,2,2025-09-22,FR,JP,4720,492,51,2.0,7.0,False,False,False,False
pid_02809,seller_6729,Cosmetics,PremiumCraft,196.14,5.0,1072,1,409.0,1.0,0,1970,True,False,5,2024-09-08,KR,US,1683,234,25,4.0,11.0,True,True,False,False
pid_01822,seller_2657,Cosmetics,Bi0Med Solutions,214.13,2.5,0,5,58.0,36.0,0,5,True,False,1,2025-04-19,JP,AU,1607,81,73,0.0,14.0,False,False,True,True
pid_02156,seller_8111,Electronics,HealthC@re Plus,50.19,3.7,0,4,313.0,19.0,1,5,True,True,2,2024-04-21,AU,FR,3080,236,130,0.0,8.0,True,False,False,True
pid_03514,seller_4780,Automotive,MediPharm,5.0,3.3,0,3,228.0,1.0,1,1484,True,True,2,2025-06-07,AU,CN,911,92,56,0.0,22.0,True,False,False,False
pid_03401,seller_7251,Electronics,ExclusiveItems,217.49,4.1,3262,4,374.0,27.0,0,630,True,True,1,2025-11-23,GB,CA,833,29,24,2.0,6.0,False,False,False,False
pid_04842,seller_4719,Fashion,PremiumCraft,206.77,3.8,3699,3,303.0,7.0,0,2736,False,True,3,2024-08-15,US,JP,926,64,55,4.0,17.0,False,False,False,True
pid_03347,seller_9830,Electronics,BioMed Solutions,12.93,4.1,1772,4,253.0,,1,5,True,True,4,2025-01-21,JP,GB,4464,545,160,2.0,16.0,False,False,False,True
pid_03338,seller_1480,Cosmetics,HealthCare Plus,195.74,5.0,716,5,45.0,16.0,1,1533,True,True,2,2024-01-24,CA,AU,3193,127,86,2.0,13.0,False,False,False,False
pid_00003,seller_9375,Cosmetics,Natura1Glow,111.05,4.0,0,4,511.0,8.0,1,349,True,True,1,2024-10-21,IN,CA,4808,630,273,2.0,33.0,True,False,False,True
pid_04525,seller_3136,Luxury Goods,HealthCare Plus,123.3,3.9,1176,4,110.0,8.0,2,2036,True,True,2,2025-03-07,US,IN,4384,429,249,1.0,21.0,True,True,False,False
pid_02948,seller_8622,Fashion,EliteDesign,114.17,3.9,0,6,,9.0,2,909,True,True,1,2024-04-11,AU,JP,2938,83,124,1.0,0.0,False,False,False,True
pid_00007,seller_6523,Automotive,BioMed So1utions,30.23,3.7,1680,1,531.0,17.0,1,2721,True,True,3,2024-09-24,DE,CN,223,27,10,0.0,11.0,False,False,False,True
pid_04827,seller_7955,Electronics,LuxuryBrand,160.19,3.1,1040,3,362.0,28.0,0,344,False,False,1,2025-04-23,KR,DE,4355,618,132,0.0,0.0,True,False,True,True
pid_04018,seller_9154,Fashion,El3ctroMax,5.0,3.4,0,2,457.0,20.0,1,5,False,True,2,2024-09-06,US,FR,2278,60,13,0.0,4.0,True,False,False,True
pid_04333,seller_1706,Cosmetics,BioMed Solutions,89.99,3.0,0,3,524.0,12.0,1,5,True,False,4,2025-05-23,GB,FR,4275,538,156,2.0,8.0,True,True,False,True
pid_00403,seller_9901,Pharmaceuticals,PremiumCraft,246.0,3.6,4053,2,743.0,1.0,0,2765,True,True,3,2024-05-01,JP,JP,1033,123,55,4.0,24.0,False,False,False,False
pid_04657,seller_4342,Luxury Goods,StyleHouse,182.94,4.2,1640,5,656.0,15.0,2,2657,False,False,1,2024-08-08,AU,JP,4719,707,353,2.0,0.0,False,False,False,False
pid_00050,seller_7086,Automotive,TrendSetter,81.52,5.0,1791,3,542.0,1.0,0,3024,False,True,4,2025-04-13,JP,AU,861,36,51,2.0,9.0,False,False,False,False
pid_04106,seller_2674,Automotive,NaturalGlow,11.35,3.4,0,2,155.0,36.0,3,5,False,False,1,2025-09-13,IN,DE,3615,195,140,0.0,1.0,True,False,False,False
pid_03992,seller_2749,Pharmaceuticals,Fa5hionForward,143.69,2.2,557,4,20.0,33.0,1,5,True,False,2,2025-07-28,GB,CN,1512,20,57,0.0,6.0,False,True,False,True
pid_04699,seller_3738,Automotive,FashionForward,230.62,4.2,2068,3,196.0,11.0,0,495,True,True,2,2024-08-14,CN,DE,2433,100,25,2.0,14.0,False,False,False,True
pid_00558,seller_7228,Pharmaceuticals,CarTech,20.57,2.2,608,1,395.0,17.0,0,1644,False,False,1,2025-05-20,IN,DE,1187,13,73,0.0,4.0,True,True,True,False
pid_00726,seller_3188,Electronics,HealthCare Plus,5.0,3.5,0,5,232.0,3.0,0,670,False,True,1,2025-09-24,JP,JP,3684,275,129,1.0,4.0,False,True,True,True
pid_03334,seller_1698,Automotive,PremiumCraft,72.79,3.8,312,1,596.0,26.0,2,909,False,False,2,2024-07-14,CN,GB,3853,91,23,0.0,9.0,True,False,True,False
pid_04772,seller_1653,Fashion,PremiumCraft,207.33,4.4,905,2,346.0,9.0,2,2942,True,True,2,2024-07-05,GB,JP,2441,358,155,3.0,8.0,True,False,True,False
pid_01151,seller_5461,Pharmaceuticals,BioMed Solutions,181.72,3.0,2848,6,321.0,13.0,2,1519,True,False,2,2024-11-01,CN,JP,4280,204,116,1.0,14.0,True,False,False,False
pid_00009,seller_7876,Cosmetics,TechCorp,152.62,4.4,1412,2,278.0,13.0,1,1937,True,True,4,2024-10-26,DE,KR,4971,738,284,2.0,25.0,False,False,False,False
pid_03731,seller_5322,Automotive,LuxuryBrand,265.15,4.9,5102,5,566.0,3.0,0,1694,True,True,4,2025-10-07,FR,GB,4088,433,166,1.0,16.0,False,True,False,False
pid_00545,seller_1198,Fashion,HealthCare Plus,218.61,4.0,3929,4,912.0,3.0,0,1840,True,True,3,2024-07-27,DE,US,4708,66,221,1.0,9.0,True,False,False,False
pid_02228,seller_1356,Fashion,C1assicWear,178.23,4.2,281,6,595.0,32.0,2,1110,True,False,1,2025-12-06,CA,KR,2734,313,91,0.0,13.0,True,False,False,False
pid_02533,seller_5717,Electronics,CircuitMaster,42.69,4.0,280,4,314.0,20.0,0,596,True,True,1,2024-12-26,US,FR,310,21,2,3.0,9.0,False,True,False,False
pid_01614,seller_2258,Fashion,Vehicl3Care,244.37,4.0,4678,7,761.0,5.0,0,2026,True,True,4,2024-05-31,GB,DE,3120,273,133,1.0,12.0,False,False,False,False
pid_01071,seller_4608,Fashion,ElectroMax,133.58,4.7,1521,1,165.0,18.0,1,5,True,True,2,2024-01-19,JP,FR,586,11,35,1.0,3.0,True,False,True,False
pid_04529,seller_5489,Electronics,TrendSetter,129.04,4.8,1325,4,458.0,1.0,0,1869,True,False,4,2024-03-06,AU,AU,4084,569,198,2.0,13.0,False,False,False,False
pid_00716,seller_8786,Pharmaceuticals,AutoParts Pro,185.32,3.9,1309,4,387.0,13.0,0,5,True,True,4,2024-07-29,AU,AU,1417,112,37,2.0,4.0,False,False,False,False
pid_04554,seller_7775,Luxury Goods,PremiumCraft,186.99,3.8,577,3,202.0,12.0,1,1392,True,True,3,2024-12-11,US,GB,3685,533,115,2.0,10.0,False,False,False,False
pid_04939,seller_3471,Pharmaceuticals,BeautyLux,277.54,4.8,2540,4,613.0,7.0,0,1723,True,True,4,2025-04-13,JP,AU,4428,589,241,1.0,16.0,False,False,False,False
pid_01396,seller_2930,Luxury Goods,DigitalPro,182.96,3.4,1587,2,327.0,13.0,1,622,True,True,1,2024-11-16,CA,US,4772,479,219,0.0,0.0,False,False,False,False
pid_01231,seller_8921,Fashion,DigitalPro,151.47,4.6,3106,6,752.0,4.0,0,4000,True,True,6,2024-05-04,IN,DE,127,14,6,2.0,23.0,True,False,False,True
pid_03638,seller_1080,Fashion,TrendSetter,163.14,3.5,1093,2,462.0,22.0,3,2382,True,True,1,2025-03-27,GB,IN,1874,255,128,0.0,8.0,False,False,False,False
pid_01771,seller_4281,Pharmaceuticals,NaturalGlow,214.41,4.0,0,4,201.0,16.0,0,2748,False,True,3,2025-01-04,AU,US,2994,85,136,0.0,12.0,False,False,False,False
pid_00318,seller_8879,Electronics,DigitalPro,153.48,3.7,0,3,272.0,1.0,0,2428,True,False,3,2024-08-16,CA,DE,1041,95,19,2.0,6.0,False,True,True,False
pid_03916,seller_6053,Pharmaceuticals,LuxuryBrand,74.9,4.0,733,3,300.0,6.0,0,868,True,True,4,2024-08-08,US,CA,3660,57,209,,20.0,False,False,False,False
pid_01672,seller_2657,Automotive,CarTech,147.73,4.1,934,1,451.0,14.0,0,1865,True,False,2,2024-02-14,IN,AU,164,10,1,1.0,9.0,True,False,False,False
pid_03456,seller_7123,Luxury Goods,PremiumCraft,86.26,4.5,1812,2,20.0,5.0,2,1080,True,True,3,2025-06-23,FR,JP,1480,212,43,3.0,20.0,False,False,False,False
pid_03942,seller_8750,Electronics,BeautyLux,245.89,5.0,3235,4,349.0,7.0,2,2563,True,True,3,2025-06-01,KR,JP,1423,19,80,2.0,19.0,False,False,False,False
pid_04923,seller_7036,Automotive,ClassicWear,66.49,3.1,312,2,276.0,22.0,0,1944,False,True,3,2024-12-29,GB,GB,3493,372,248,0.0,21.0,False,True,False,True
pid_01587,seller_2814,Fashion,Exclu5iveItems,5.0,3.9,117,1,20.0,36.0,2,5,True,False,1,2025-07-26,AU,CN,615,19,22,0.0,,False,True,False,True
pid_00427,seller_2101,Automotive,LuxuryBrand,20.82,3.1,3364,3,202.0,18.0,0,1155,True,False,2,2024-06-28,DE,KR,3867,489,147,,10.0,False,False,False,False
pid_03599,seller_8666,Cosmetics,CircuitMaster,107.46,4.3,331,8,660.0,14.0,0,2609,True,False,5,2024-02-29,CA,DE,1235,97,13,3.0,5.0,False,False,False,False
pid_03072,seller_2408,Fashion,B3autyLux,188.89,,2527,5,526.0,10.0,0,1796,False,False,3,2025-07-18,US,IN,801,93,13,2.0,20.0,True,True,False,True
pid_00480,seller_5384,Cosmetics,NaturalGlow,143.16,3.5,2170,8,263.0,28.0,2,8,True,True,3,2024-02-24,KR,GB,1617,123,71,1.0,14.0,False,False,False,False
pid_02399,seller_1236,Cosmetics,VehicleCare,167.83,4.2,2140,2,588.0,17.0,0,669,True,False,5,2025-07-11,CN,US,2401,315,191,2.0,20.0,False,False,False,False
pid_00546,seller_5434,Electronics,AutoParts Pro,95.48,3.5,87,2,36.0,20.0,1,5,False,False,1,2025-08-06,CN,JP,1538,83,62,0.0,,False,False,False,False
pid_01298,seller_5330,Cosmetics,LuxuryBrand,5.0,4.3,1635,5,478.0,19.0,0,575,False,True,3,2024-08-11,JP,IN,673,76,20,0.0,7.0,True,False,False,True
pid_00262,seller_5833,Electronics,LuxuryBr@nd,5.0,2.8,984,4,377.0,29.0,4,5,False,False,2,2025-07-17,IN,AU,1157,87,61,0.0,,False,False,False,True
pid_03917,seller_3404,Fashion,TrendSetter,107.19,4.5,3954,5,467.0,9.0,0,743,False,True,6,2025-09-29,GB,AU,2255,84,95,3.0,24.0,False,False,False,True
pid_02463,seller_3074,Luxury Goods,Med1Pharm,286.11,4.1,1281,7,190.0,6.0,1,1712,True,True,1,2024-03-07,GB,IN,4831,626,127,2.0,0.0,False,False,False,True
pid_03349,seller_8202,Fashion,MotorMax,69.35,,2689,1,575.0,19.0,0,846,True,True,5,2025-03-30,KR,US,4055,374,118,2.0,22.0,False,False,True,True
pid_00666,seller_9691,Fashion,DigitalPro,199.53,3.8,648,3,232.0,22.0,2,2954,True,False,1,2025-10-28,CN,FR,3654,479,73,0.0,1.0,False,True,False,True
pid_00171,seller_4484,Electronics,E1ectroMax,90.41,4.6,987,3,159.0,1.0,2,1318,False,False,3,2024-12-08,US,US,1773,142,84,0.0,22.0,False,False,True,True
pid_01176,seller_4695,Pharmaceuticals,Bi0Med Solutions,43.01,2.6,0,5,477.0,30.0,3,5,False,True,2,2025-09-28,DE,FR,3912,147,213,0.0,9.0,False,False,False,True
pid_04533,seller_3460,Fashion,GlamourCo,158.41,4.7,2040,4,659.0,20.0,2,2886,False,True,4,2025-12-22,AU,CN,1985,53,137,1.0,19.0,False,True,False,False
pid_01077,seller_4431,Cosmetics,NaturalGlow,271.35,3.8,2382,5,329.0,8.0,1,2436,False,True,3,2025-06-19,KR,JP,85,11,6,3.0,22.0,True,False,False,False
pid_03455,seller_3274,Electronics,ElectroMax,39.09,4.6,888,8,680.0,8.0,2,1569,True,False,2,2024-10-13,US,DE,2245,160,31,4.0,20.0,True,False,False,False
pid_02719,seller_3132,Electronics,WellnessLab,111.51,4.2,1943,3,222.0,4.0,2,480,True,False,3,2024-08-02,DE,CN,4578,58,285,1.0,13.0,False,True,False,False
pid_00686,seller_7746,Cosmetics,CarTech,93.45,5.0,0,4,545.0,1.0,0,1001,True,True,1,2024-03-10,JP,DE,1059,12,40,0.0,1.0,True,False,False,False
pid_04560,seller_2882,Pharmaceuticals,PremiumCraft,275.36,4.2,1685,4,870.0,1.0,1,3812,True,True,4,2024-01-28,CN,JP,3191,441,128,2.0,4.0,True,False,False,False
pid_03392,seller_3317,Automotive,ClassicWear,172.56,4.2,2356,8,357.0,1.0,0,484,True,True,3,2025-06-30,AU,IN,2525,377,60,5.0,13.0,False,False,False,False
pid_00693,seller_6858,Fashion,Be@utyLux,111.5,3.8,653,2,429.0,20.0,0,789,False,True,1,2025-10-22,DE,DE,74,9,5,4.0,22.0,True,True,False,True
pid_02414,seller_4127,Luxury Goods,LuxuryBr@nd,80.92,3.3,1634,4,20.0,22.0,2,929,False,True,1,2025-05-01,DE,GB,2510,370,189,1.0,0.0,False,False,False,True
pid_04369,seller_2441,Electronics,CarTech,214.48,5.0,2607,4,550.0,22.0,0,921,False,False,3,2025-06-26,CN,GB,1345,153,106,2.0,15.0,False,False,False,False
pid_04656,seller_4172,Pharmaceuticals,C@rTech,21.09,4.2,2245,3,262.0,13.0,0,426,True,False,2,2024-04-23,KR,GB,4312,427,93,3.0,22.0,False,False,True,False
pid_02290,seller_8333,Cosmetics,MotorMax,168.83,4.7,376,1,201.0,5.0,1,3710,True,False,4,2025-03-13,FR,JP,4248,44,224,2.0,6.0,False,False,False,False
pid_03350,seller_5188,Electronics,ClassicWear,195.94,5.0,5492,3,262.0,6.0,0,1782,True,False,3,2024-11-06,KR,IN,2350,284,45,5.0,13.0,True,False,False,False
pid_04217,seller_4409,Luxury Goods,ElectroMax,111.42,3.3,6636,4,604.0,29.0,0,1111,True,True,3,2024-09-12,CA,CN,1690,198,59,2.0,15.0,True,True,False,False
pid_03358,seller_4791,Pharmaceuticals,CircuitMaster,223.65,4.3,2039,4,528.0,29.0,0,1980,True,True,3,2024-01-06,GB,CN,3385,277,257,1.0,22.0,False,False,False,True
pid_04575,seller_2680,Fashion,HealthCare Plus,299.16,3.5,5115,4,368.0,15.0,1,4000,True,True,4,2025-07-12,AU,GB,1493,132,90,2.0,30.0,True,True,False,False
pid_04442,seller_3102,Fashion,MediPharm,38.55,3.1,0,1,20.0,13.0,0,918,True,False,3,2024-12-03,CA,FR,112,16,2,0.0,6.0,False,False,False,False
pid_03388,seller_7533,Electronics,PureSkin,220.91,3.5,1980,2,360.0,5.0,0,1725,True,True,4,2025-01-22,CN,IN,1520,188,49,2.0,18.0,False,False,False,True
pid_03757,seller_7509,Fashion,Exc1usiveItems,295.31,4.0,3357,4,428.0,16.0,1,1440,False,True,4,2025-07-19,US,JP,1262,130,36,0.0,14.0,False,True,False,True
pid_00781,seller_6625,Luxury Goods,TechCorp,205.69,4.6,3883,6,642.0,23.0,0,3092,True,False,5,2025-01-17,DE,IN,382,18,5,0.0,7.0,False,False,False,False
pid_01727,seller_4950,Automotive,MediPharm,180.31,,1235,5,217.0,12.0,0,2719,True,True,3,2025-10-01,JP,AU,1107,94,48,3.0,18.0,False,False,False,False
pid_04335,seller_2318,Electronics,BioMed Solutions,164.6,3.2,5850,5,488.0,14.0,0,4000,True,True,2,2024-07-09,DE,CA,1983,135,143,,8.0,False,False,False,False
pid_01953,seller_3552,Pharmaceuticals,MotorMax,148.13,3.4,1597,3,20.0,23.0,0,446,True,True,1,2025-03-26,JP,US,1418,195,28,1.0,9.0,True,False,True,False
pid_00541,seller_9988,Cosmetics,ExclusiveItems,214.8,4.1,1228,1,628.0,1.0,0,1265,False,True,3,2024-09-11,US,FR,2291,294,23,5.0,19.0,True,False,False,True
pid_00711,seller_7762,Cosmetics,Exclus1veItems,27.08,4.1,0,1,141.0,18.0,2,668,False,True,1,2024-05-29,GB,JP,736,35,49,1.0,0.0,False,False,False,True
pid_04315,seller_7739,Electronics,Be@utyLux,163.03,3.5,4446,4,296.0,28.0,2,2259,True,True,1,2024-05-11,IN,IN,4458,646,232,0.0,9.0,False,True,False,True
pid_04430,seller_6804,Cosmetics,ExclusiveItems,194.63,4.1,0,6,396.0,7.0,0,2526,False,False,5,2024-09-12,FR,CN,1397,161,98,1.0,20.0,True,False,False,True
pid_02023,seller_5414,Electronics,MediPharm,154.21,4.3,2568,1,306.0,35.0,1,5,False,False,3,2024-01-05,DE,AU,76,8,5,0.0,22.0,True,True,True,True
pid_00630,seller_2680,Cosmetics,ClassicWear,68.71,4.3,2160,2,274.0,32.0,4,1990,True,False,1,2025-09-15,IN,US,1461,32,55,2.0,2.0,True,False,False,True
pid_00254,seller_1870,Electronics,StyleHou5e,81.59,3.9,1878,3,544.0,28.0,0,2341,True,False,1,2024-05-17,KR,GB,1655,179,83,0.0,,False,True,False,True
pid_01814,seller_3287,Electronics,PremiumCraft,146.78,4.2,3453,5,652.0,10.0,0,1597,True,True,4,2025-12-06,KR,CN,3324,422,81,4.0,28.0,False,False,False,False
pid_02873,seller_3916,Fashion,StyleHouse,243.12,3.7,2810,3,725.0,10.0,1,1036,True,True,4,2024-07-01,CN,JP,3744,441,227,3.0,17.0,True,False,False,False
pid_00882,seller_8166,Electronics,PureSkin,216.76,,834,3,307.0,13.0,0,1421,False,True,1,2025-02-09,JP,US,1113,126,26,1.0,15.0,False,False,False,False
pid_02340,seller_8695,Pharmaceuticals,StyleHouse,133.17,4.6,2241,5,472.0,11.0,0,1954,False,False,3,2025-07-30,FR,CN,314,46,12,2.0,19.0,True,False,False,True
pid_02120,seller_4119,Pharmaceuticals,StyleHouse,5.0,3.1,0,1,350.0,29.0,2,5,True,True,4,2025-02-02,KR,CA,3269,199,162,0.0,0.0,False,False,False,True
pid_01240,seller_7635,Automotive,EliteDesign,188.41,3.9,569,4,546.0,5.0,0,1542,True,True,3,2025-05-07,JP,FR,1573,151,43,3.0,4.0,False,True,False,False
pid_04987,seller_1042,Cosmetics,Electr0Max,5.0,3.8,1935,4,582.0,29.0,1,1803,True,False,4,2025-07-22,KR,JP,3518,196,193,1.0,7.0,False,True,True,True
pid_04955,seller_6284,Pharmaceuticals,MotorMax,86.32,3.3,4393,3,780.0,15.0,0,2119,True,False,2,2025-12-14,GB,JP,909,41,16,2.0,11.0,True,False,False,True
pid_02909,seller_5064,Fashion,TechCorp,5.0,3.1,0,1,39.0,15.0,1,2034,True,True,1,2025-09-19,AU,IN,380,51,6,0.0,9.0,False,False,False,True
pid_01171,seller_3188,Automotive,GlamourCo,227.52,3.7,0,1,556.0,28.0,0,307,True,True,1,2025-11-02,FR,US,3271,479,193,3.0,6.0,False,True,True,True
pid_04676,seller_6498,Electronics,DigitalPro,224.89,4.0,4476,5,465.0,19.0,0,1298,True,False,1,2025-01-20,US,US,4752,699,84,0.0,9.0,False,False,False,False
pid_04991,seller_7639,Cosmetics,BeautyLux,68.94,3.9,3582,4,593.0,6.0,1,1932,True,False,2,2024-10-01,IN,FR,2142,89,80,1.0,0.0,True,False,True,True
pid_02812,seller_5922,Cosmetics,BioMed Solutions,5.0,2.8,0,1,20.0,24.0,0,5,False,False,1,2025-03-11,JP,IN,333,28,6,1.0,12.0,False,False,True,True
pid_03308,seller_7616,Fashion,LuxuryBrand,158.37,3.5,76,1,826.0,29.0,0,3597,False,True,1,2024-07-15,FR,AU,1851,252,145,2.0,9.0,False,False,False,True
pid_03507,seller_3074,Luxury Goods,FashionForward,98.42,4.2,3578,1,567.0,16.0,1,645,True,True,4,2025-04-04,IN,US,3804,164,209,2.0,22.0,False,True,False,False
pid_00588,seller_3493,Electronics,F@shionForward,220.46,3.9,2155,3,419.0,8.0,1,2537,False,False,2,2025-07-13,US,JP,513,13,35,4.0,13.0,False,False,False,True
pid_00790,seller_7101,Electronics,ElectroMax,250.05,4.2,0,2,169.0,5.0,2,928,False,True,1,2025-11-26,AU,FR,2013,44,34,1.0,0.0,False,True,True,True
pid_02305,seller_8910,Fashion,GlamourCo,187.88,3.7,3179,5,638.0,1.0,0,2688,True,True,2,2024-12-27,AU,AU,99,8,2,2.0,31.0,True,False,True,False
pid_01144,seller_1006,Fashion,BeautyLux,54.72,3.7,1935,7,596.0,16.0,1,2463,True,True,3,2025-09-28,AU,KR,2422,227,57,0.0,22.0,False,False,False,False
pid_01329,seller_6671,Luxury Goods,PureSkin,75.95,,216,1,342.0,32.0,2,656,True,True,2,2025-08-17,CN,DE,4937,322,49,2.0,,False,True,False,True
pid_02404,seller_5491,Cosmetics,TrendSetter,180.01,4.1,2637,3,103.0,4.0,0,180,False,False,4,2024-09-14,DE,KR,1243,60,23,2.0,9.0,True,False,False,False
pid_04874,seller_7428,Fashion,BeautyLux,99.82,4.3,3074,3,366.0,18.0,0,1309,True,True,4,2024-11-04,JP,JP,4796,156,331,,19.0,False,False,True,False
pid_04388,seller_2853,Electronics,ElectroMax,253.4,2.9,2255,2,387.0,7.0,1,5,True,True,1,2024-11-19,GB,KR,633,71,20,1.0,7.0,False,False,False,False
pid_03160,seller_2294,Luxury Goods,StyleHouse,5.0,3.9,75,1,163.0,30.0,0,2617,False,False,2,2025-03-17,CA,GB,3046,38,201,5.0,8.0,False,True,False,True
pid_00075,seller_2671,Pharmaceuticals,DigitalPro,223.39,4.8,675,4,121.0,17.0,0,1970,False,False,5,2024-02-27,AU,CN,1572,137,26,0.0,25.0,False,False,False,False
pid_03470,seller_2131,Electronics,MediPharm,290.58,5.0,1277,1,495.0,11.0,1,2983,True,True,2,2024-09-20,CA,JP,1609,231,89,4.0,23.0,False,False,False,False
pid_02295,seller_2171,Electronics,CarTech,163.82,3.6,1087,4,481.0,29.0,0,1683,True,True,2,2025-09-07,US,DE,351,30,23,1.0,5.0,False,False,False,False
pid_04100,seller_8341,Cosmetics,BioMed Solut1ons,130.67,4.5,1781,2,656.0,18.0,0,2417,True,True,4,2025-07-02,JP,CA,4105,413,197,0.0,,False,False,False,True
pid_03835,seller_1717,Fashion,BioMed Solutions,45.23,4.3,2684,1,417.0,6.0,0,2318,True,False,3,2024-03-20,IN,IN,4100,507,80,0.0,8.0,False,False,False,True
pid_02319,seller_1387,Fashion,EliteDesign,210.01,3.1,1269,1,380.0,16.0,1,416,False,False,1,2025-06-05,KR,DE,4869,390,222,2.0,12.0,False,True,False,False
pid_00554,seller_9261,Automotive,AutoParts Pro,239.83,4.0,1458,7,615.0,15.0,1,647,True,False,3,2025-10-04,US,GB,3259,187,125,0.0,19.0,False,False,False,False
pid_03022,seller_4152,Cosmetics,VehicleCare,250.45,4.5,2920,8,581.0,13.0,0,2732,True,True,3,2024-09-15,IN,DE,2235,137,31,3.0,22.0,True,False,False,False
pid_01466,seller_4342,Automotive,TrendSetter,174.65,4.4,2470,8,585.0,13.0,1,2114,True,False,6,2025-09-20,CN,GB,4839,375,352,1.0,14.0,True,False,False,False
pid_04799,seller_2271,Cosmetics,StyleHouse,167.36,3.6,717,6,289.0,21.0,0,469,True,True,2,2024-04-06,FR,FR,2362,209,79,3.0,4.0,True,False,False,False
pid_01735,seller_7917,Automotive,ClassicWear,151.92,4.3,3101,4,97.0,5.0,2,1400,True,True,3,2024-07-30,GB,IN,3322,374,66,0.0,9.0,False,False,False,False
pid_01101,seller_1435,Automotive,GlamourCo,226.66,3.9,3072,3,298.0,1.0,0,2457,True,True,3,2024-02-22,KR,CA,3309,382,213,3.0,5.0,False,True,False,False
pid_04178,seller_7822,Fashion,AutoParts Pro,133.97,4.9,461,4,339.0,20.0,0,2854,True,False,1,2025-02-24,JP,DE,2914,81,128,2.0,11.0,False,True,False,True
pid_02113,seller_9321,Automotive,Med1Pharm,113.33,4.3,1430,3,545.0,16.0,0,711,False,True,1,2024-04-22,KR,GB,2793,176,213,0.0,23.0,False,False,False,True
pid_04663,seller_6938,Pharmaceuticals,HealthCare Plus,255.07,4.8,775,10,821.0,1.0,0,2062,True,False,4,2025-09-17,DE,KR,1920,200,24,1.0,17.0,False,False,False,False
pid_03659,seller_6383,Automotive,CircuitMaster,46.96,3.5,448,5,434.0,17.0,2,1776,False,True,3,2025-02-27,JP,DE,536,24,28,4.0,15.0,False,False,False,False
pid_00945,seller_7730,Electronics,WellnessLab,217.55,4.7,3301,1,858.0,1.0,0,1128,False,True,4,2024-03-31,GB,AU,3571,106,148,2.0,15.0,False,False,False,False
pid_02543,seller_9264,Cosmetics,HealthCare Plus,186.38,3.7,2867,1,550.0,2.0,0,2741,True,False,2,2024-05-11,AU,FR,557,11,25,3.0,8.0,True,False,False,True
pid_04905,seller_6532,Electronics,HealthCare P1us,228.06,3.2,833,1,273.0,9.0,1,431,True,False,2,2025-10-20,JP,CN,1549,163,63,2.0,14.0,False,True,True,False
pid_00842,seller_1798,Electronics,ClassicWear,303.52,5.0,2850,3,703.0,,0,3719,True,True,4,2024-03-17,KR,US,2470,369,54,5.0,12.0,False,False,False,False
pid_03300,seller_2853,Luxury Goods,Digita1Pro,159.31,2.9,461,5,480.0,1.0,0,675,True,True,1,2025-09-28,CA,FR,161,6,9,2.0,12.0,False,False,False,True
pid_03074,seller_1629,Cosmetics,VehicleCare,199.02,4.2,3585,5,414.0,17.0,0,2226,True,True,1,2024-07-03,DE,CA,923,35,49,3.0,,False,False,False,False
pid_02327,seller_2382,Electronics,GlamourCo,192.76,,3397,4,547.0,10.0,0,2595,True,False,4,2025-04-07,GB,CN,3275,94,32,3.0,24.0,True,False,False,False
pid_04414,seller_4862,Fashion,Styl3House,33.58,4.2,874,5,,13.0,0,2811,True,True,1,2025-02-22,US,IN,3194,406,20,0.0,11.0,False,True,False,True
pid_03509,seller_2149,Electronics,ExclusiveItems,193.81,4.4,2682,6,398.0,1.0,0,1292,False,True,3,2025-12-28,FR,IN,3875,505,185,2.0,7.0,True,False,False,True
pid_04186,seller_2333,Electronics,CircuitMaster,168.73,3.5,1389,4,199.0,20.0,2,1864,False,True,2,2024-06-03,AU,DE,1802,164,55,1.0,19.0,True,True,True,False
pid_00968,seller_4125,Luxury Goods,BioMed Solut1ons,97.12,,2304,1,313.0,25.0,2,1630,True,False,1,2025-06-02,CN,IN,1303,27,13,0.0,17.0,False,False,False,True
pid_04338,seller_6053,Fashion,DigitalPro,272.52,4.2,764,2,306.0,18.0,1,926,False,False,3,2025-01-20,AU,CN,557,32,3,3.0,0.0,True,False,False,False
pid_02672,seller_1623,Cosmetics,StyleHouse,141.08,4.4,2329,2,20.0,5.0,1,3631,True,True,5,2024-08-20,AU,CA,4648,533,40,1.0,25.0,False,False,False,False
pid_01281,seller_2621,Cosmetics,CarT3ch,209.59,3.5,0,2,160.0,38.0,0,1295,False,True,1,2025-07-18,IN,DE,1486,161,26,0.0,0.0,False,False,False,True
pid_00225,seller_1720,Fashion,HealthCare Plus,118.96,3.8,3083,1,34.0,1.0,0,882,False,False,2,2024-02-11,FR,FR,503,60,28,3.0,3.0,False,True,False,True
pid_03781,seller_2149,Fashion,CircuitMaster,221.03,3.7,0,1,101.0,23.0,3,875,True,False,3,2024-12-03,IN,KR,1514,183,44,2.0,13.0,False,False,True,True
pid_00755,seller_2762,Pharmaceuticals,EliteDes1gn,265.03,3.8,5560,6,538.0,8.0,0,1481,True,True,3,2024-07-17,CN,GB,2613,129,56,4.0,24.0,False,False,False,True
pid_04392,seller_4169,Cosmetics,CarTech,228.04,4.0,3435,5,302.0,6.0,0,2709,False,True,3,2024-06-27,CA,JP,3217,347,207,2.0,36.0,False,False,False,False
pid_03551,seller_1738,Electronics,DigitalPro,135.66,4.0,2844,5,151.0,20.0,2,2395,True,False,2,2025-12-03,KR,FR,2638,352,19,3.0,29.0,False,False,False,False
pid_02997,seller_2212,Fashion,BioMed Solutions,82.45,3.8,1211,4,849.0,9.0,0,3305,True,True,4,2024-02-05,AU,KR,2770,249,23,3.0,9.0,False,False,False,False
pid_03697,seller_5858,Cosmetics,HealthCare Plus,36.76,2.3,1979,2,398.0,21.0,2,69,True,False,1,2024-08-08,US,CN,2846,378,82,1.0,8.0,False,False,True,False
pid_03803,seller_3218,Automotive,AutoParts Pro,66.17,3.0,3279,2,453.0,24.0,1,1315,True,False,1,2025-06-20,US,FR,4954,116,325,2.0,11.0,False,False,False,True
pid_00845,seller_3974,Fashion,VehicleCare,82.4,4.0,864,3,64.0,19.0,3,195,True,False,1,2025-02-20,KR,IN,3306,78,226,1.0,0.0,False,False,True,False
pid_00572,seller_4054,Fashion,HealthCare Plus,234.93,5.0,1023,2,603.0,32.0,0,5,True,True,3,2025-12-18,CN,CN,104,13,5,0.0,27.0,False,True,False,False
pid_03931,seller_4520,Electronics,LuxuryBrand,154.79,4.0,4258,2,351.0,13.0,0,3486,False,False,2,2025-05-18,DE,DE,3158,199,137,2.0,16.0,False,False,False,False
pid_03413,seller_1846,Fashion,DigitalPro,136.6,4.1,829,7,,1.0,0,5,True,True,1,2024-07-10,IN,FR,1484,110,97,1.0,6.0,False,False,False,False
pid_01885,seller_5532,Luxury Goods,MotorMax,38.35,3.8,3441,3,358.0,37.0,1,609,True,False,3,2025-10-17,GB,AU,4130,459,117,3.0,5.0,False,True,True,False
pid_01131,seller_7309,Luxury Goods,MotorMax,75.95,3.9,3058,4,198.0,3.0,0,1891,False,True,3,2024-04-27,US,AU,366,31,10,0.0,0.0,False,False,True,False
pid_03707,seller_8669,Fashion,GlamourCo,244.6,4.6,3652,8,246.0,15.0,2,4000,True,False,4,2025-07-30,DE,CN,2088,230,65,3.0,36.0,True,True,False,False
pid_01624,seller_9180,Electronics,EliteDesign,281.86,3.3,2374,4,176.0,23.0,2,198,False,False,2,2025-12-18,DE,US,1118,31,82,1.0,20.0,True,False,True,False
pid_03675,seller_1376,Fashion,EliteDesign,304.56,3.8,1200,1,867.0,34.0,0,3135,True,False,3,2024-06-12,CA,KR,1573,29,35,0.0,10.0,False,True,False,False
pid_00154,seller_1513,Automotive,CarTech,41.64,2.9,1496,2,157.0,27.0,0,1832,True,False,2,2025-12-14,US,IN,447,6,17,0.0,,False,False,False,True
pid_00476,seller_4048,Electronics,Prem1umCraft,243.62,4.2,2215,3,388.0,16.0,1,2350,False,True,2,2025-01-22,KR,US,4518,414,93,4.0,26.0,False,False,False,False
pid_04854,seller_5538,Cosmetics,BioMed Soluti0ns,107.83,,4060,6,251.0,17.0,1,5,True,True,1,2025-12-07,JP,CN,3217,68,36,1.0,8.0,False,False,True,True
pid_01662,seller_2643,Automotive,NaturalGlow,289.17,4.4,4272,6,908.0,15.0,0,3108,True,True,4,2024-08-22,CA,CN,3280,412,27,5.0,18.0,False,False,False,False
pid_00081,seller_5574,Cosmetics,FashionForward,282.48,4.8,6477,1,762.0,2.0,0,511,False,True,2,2024-12-15,CN,CA,1121,118,54,4.0,14.0,False,True,False,False
pid_01039,seller_7770,Fashion,WellnessLab,194.07,4.1,5680,4,281.0,17.0,1,165,True,True,1,2024-04-22,US,AU,506,44,9,2.0,21.0,False,False,True,True
pid_01690,seller_8490,Electronics,TrendSetter,185.84,3.7,584,4,782.0,16.0,1,3028,True,False,2,2025-12-21,JP,JP,145,14,7,1.0,6.0,False,False,False,False
pid_04066,seller_8757,Electronics,GlamourCo,194.51,4.0,2347,2,222.0,13.0,0,2315,True,True,2,2024-08-15,AU,US,3504,86,76,1.0,13.0,False,False,False,False
pid_02764,seller_1938,Electronics,MediPharm,207.92,3.6,3663,5,513.0,8.0,2,4000,True,True,5,2024-04-29,GB,JP,3728,83,141,2.0,10.0,True,False,False,False
pid_01651,seller_4925,Fashion,StyleHouse,248.79,4.7,2187,5,666.0,13.0,1,2673,True,False,3,2024-08-04,US,IN,1681,250,59,4.0,22.0,True,False,False,False
pid_00551,seller_8951,Automotive,GlamourCo,248.1,4.4,2600,2,902.0,18.0,0,326,True,True,3,2025-02-08,CN,JP,3339,391,82,0.0,29.0,False,False,False,True
pid_04845,seller_4574,Fashion,PureSkin,100.07,3.2,0,2,94.0,27.0,1,1883,True,False,2,2025-09-26,CA,JP,651,13,45,0.0,0.0,False,False,False,True
pid_04975,seller_4500,Luxury Goods,StyleHouse,203.38,5.0,864,5,569.0,8.0,0,2341,True,True,3,2025-01-30,FR,CA,1124,13,38,0.0,16.0,False,False,False,False
pid_01087,seller_3500,Electronics,StyleHouse,71.95,2.9,1434,2,,27.0,1,631,True,False,3,2025-06-19,FR,DE,4793,713,257,1.0,6.0,False,False,False,False
pid_02105,seller_2863,Fashion,CarTech,209.47,5.0,7335,7,821.0,1.0,0,2426,True,False,3,2024-01-21,JP,JP,3835,253,225,1.0,31.0,False,False,False,False
pid_00382,seller_3996,Cosmetics,BioMed Solutions,127.98,3.8,891,7,238.0,2.0,1,1521,True,False,3,2024-06-16,DE,CA,4483,614,171,1.0,25.0,True,False,False,False
pid_01099,seller_7899,Fashion,ClassicWear,164.65,,0,5,321.0,9.0,1,3276,True,True,3,2025-04-27,CN,CA,376,44,4,2.0,12.0,True,False,False,False
pid_04623,seller_2374,Cosmetics,CarTech,156.88,5.0,2970,6,264.0,4.0,1,724,False,True,1,2024-03-11,AU,KR,3396,225,170,3.0,16.0,False,False,False,False
pid_02253,seller_6247,Pharmaceuticals,VehicleCare,203.75,4.3,1866,6,241.0,5.0,1,1859,False,True,5,2025-02-03,JP,AU,1240,89,75,1.0,12.0,False,False,False,False
pid_00482,seller_2565,Luxury Goods,BioMed Solutions,202.29,4.2,0,2,353.0,16.0,0,1693,True,False,2,2024-07-03,IN,CA,1420,188,56,4.0,1.0,False,False,False,False
pid_04086,seller_3810,Electronics,StyleHouse,259.86,4.2,412,8,599.0,29.0,3,913,True,False,4,2025-08-14,FR,CA,2213,169,111,3.0,21.0,False,False,False,True
pid_02365,seller_9279,Electronics,TechCorp,48.32,5.0,0,7,802.0,15.0,0,2502,False,True,4,2025-04-14,CN,AU,2034,204,36,2.0,15.0,False,False,False,False
pid_04089,seller_7625,Electronics,TrendSetter,267.1,4.1,367,5,322.0,19.0,0,2481,False,True,1,2024-02-19,DE,FR,3710,250,137,1.0,,False,False,False,False
pid_02204,seller_5760,Pharmaceuticals,DigitalPro,5.0,3.6,0,1,424.0,27.0,3,767,True,False,5,2025-06-02,FR,CA,2231,154,146,2.0,0.0,True,False,True,False
pid_02193,seller_6326,Luxury Goods,Natur@lGlow,175.35,4.4,304,5,405.0,7.0,0,555,True,True,4,2025-11-01,GB,KR,2460,230,132,3.0,0.0,False,False,False,True
pid_00918,seller_7060,Pharmaceuticals,EliteDesign,162.02,4.0,1658,3,535.0,5.0,0,795,False,False,3,2024-07-21,CN,KR,2759,78,97,2.0,16.0,False,False,False,False
pid_00984,seller_7607,Pharmaceuticals,HealthCare Plus,291.76,3.2,630,5,508.0,18.0,0,262,True,True,3,2024-12-19,FR,DE,1590,131,104,5.0,10.0,False,False,False,False
pid_03234,seller_2634,Fashion,StyleHouse,220.2,3.8,2577,4,582.0,23.0,0,2491,True,True,5,2024-05-27,GB,AU,4736,537,122,0.0,9.0,True,False,False,False
pid_00473,seller_9880,Automotive,WellnessLab,235.86,3.8,4728,1,97.0,,1,801,False,False,5,2025-02-18,CA,KR,3655,198,77,1.0,4.0,True,False,False,True
pid_02661,seller_7644,Automotive,ElectroMax,183.86,3.0,4262,2,264.0,26.0,2,903,True,True,3,2024-10-01,JP,CN,1368,186,61,0.0,0.0,False,False,False,True
pid_01120,seller_2625,Automotive,WellnessLab,238.08,5.0,4140,8,836.0,1.0,0,3890,False,False,5,2024-05-15,DE,DE,3185,122,238,3.0,19.0,False,False,False,False
pid_02846,seller_1522,Pharmaceuticals,VehicleCare,222.03,4.4,3576,1,596.0,14.0,0,1613,True,False,2,2025-10-31,CA,FR,3900,288,208,,20.0,False,True,False,False
pid_04978,seller_9716,Electronics,FashionForward,300.51,4.2,4828,4,711.0,8.0,0,1975,True,True,2,2024-09-09,US,KR,1556,152,115,2.0,2.0,True,False,False,False
pid_00089,seller_8908,Luxury Goods,TrendSetter,154.08,4.4,1636,4,712.0,25.0,0,1267,True,True,2,2024-12-26,AU,IN,3924,553,236,1.0,13.0,True,True,False,False
pid_00850,seller_5544,Electronics,LuxuryBrand,67.47,3.1,666,1,71.0,35.0,5,2744,True,True,1,2025-11-04,AU,DE,428,41,32,0.0,0.0,False,False,False,True
pid_03407,seller_9424,Automotive,MediPharm,124.37,3.8,1685,4,114.0,13.0,2,1748,False,True,2,2024-07-19,US,IN,2125,74,53,5.0,0.0,False,False,False,False
pid_03359,seller_1382,Cosmetics,NaturalGlow,256.42,3.8,0,4,873.0,1.0,0,2527,False,True,2,2025-10-13,US,JP,4253,301,67,2.0,0.0,False,False,False,False
pid_03920,seller_6911,Automotive,BioMed Solutions,5.0,4.0,3471,6,496.0,14.0,2,2802,False,False,2,2024-05-22,KR,JP,2956,287,87,2.0,10.0,False,False,True,False
pid_00297,seller_2641,Electronics,EliteDesign,150.39,3.6,1213,5,445.0,13.0,1,743,True,False,1,2024-03-02,CA,KR,3412,282,117,3.0,8.0,False,False,False,True
pid_02864,seller_9197,Luxury Goods,VehicleCare,163.77,4.1,3152,4,727.0,6.0,0,2818,False,True,5,2025-11-27,KR,AU,98,6,1,1.0,25.0,True,False,False,False
pid_00527,seller_7386,Fashion,TechCorp,203.4,3.7,1656,2,68.0,17.0,1,1178,False,True,2,2024-05-24,DE,FR,2758,156,32,2.0,0.0,False,False,False,False
pid_04390,seller_6394,Electronics,PureSkin,5.0,3.4,4912,4,79.0,1.0,1,1470,True,False,3,2024-06-17,CA,KR,855,109,37,0.0,0.0,False,False,False,False
pid_00442,seller_3598,Fashion,FashionForward,79.09,3.9,945,3,415.0,17.0,2,5,True,True,1,2025-09-03,JP,DE,194,18,6,1.0,7.0,False,True,False,False
pid_00072,seller_7675,Electronics,BioMed Solutions,137.2,4.1,2155,5,503.0,6.0,2,2900,True,True,3,2024-04-09,GB,DE,4700,492,36,3.0,13.0,False,False,False,False
pid_02971,seller_6958,Electronics,BeautyLux,196.92,4.6,0,5,764.0,20.0,1,346,True,False,3,2025-02-14,DE,US,4881,311,121,4.0,24.0,False,False,False,False
pid_01684,seller_4410,Electronics,DigitalPr0,25.67,3.5,763,3,202.0,28.0,1,2182,True,True,1,2025-07-14,DE,IN,2180,119,97,0.0,2.0,True,False,True,True
pid_02338,seller_6157,Electronics,CarTech,254.29,4.1,4551,6,710.0,19.0,0,935,True,False,3,2025-01-07,KR,CN,3875,76,117,5.0,4.0,False,False,False,False
pid_01138,seller_2124,Luxury Goods,LuxuryBrand,175.68,4.0,5262,2,694.0,29.0,0,2178,True,False,4,2024-10-15,CN,DE,3362,336,137,5.0,7.0,True,False,False,True
pid_04790,seller_5547,Electronics,WellnessLab,296.73,4.3,2856,4,313.0,25.0,0,1124,False,True,3,2024-11-14,FR,IN,4647,688,100,1.0,10.0,False,False,False,False
pid_03041,seller_1659,Automotive,LuxuryBrand,221.36,5.0,3473,3,346.0,19.0,2,2742,True,True,2,2024-05-09,US,DE,3840,76,304,2.0,16.0,False,False,False,True
pid_02991,seller_9856,Pharmaceuticals,MotorMax,230.09,5.0,2479,4,518.0,22.0,3,1916,False,True,2,2024-04-15,US,IN,4358,621,142,2.0,33.0,True,False,False,False
pid_02347,seller_8163,Fashion,BioMed Solutions,78.67,4.4,0,2,484.0,4.0,1,362,False,True,5,2024-06-18,CN,US,1684,251,102,2.0,25.0,False,False,False,False
pid_01006,seller_4051,Cosmetics,BioMed Solutions,195.61,4.7,1762,5,783.0,3.0,0,1256,True,True,4,2025-11-15,CA,DE,1166,132,41,0.0,8.0,True,False,False,False
pid_04807,seller_7951,Automotive,BioMed Solutions,142.28,3.9,0,1,254.0,22.0,1,5,True,True,2,2025-06-09,JP,AU,4902,456,151,1.0,1.0,False,False,False,True
pid_04288,seller_5916,Fashion,ElectroMax,133.68,4.2,2984,3,288.0,3.0,1,2339,False,True,5,2024-06-29,JP,US,923,125,28,0.0,24.0,False,False,False,False
pid_01475,seller_3203,Cosmetics,C1rcuitMaster,202.77,3.6,0,4,426.0,4.0,1,592,False,False,3,2025-01-01,FR,KR,4409,163,120,2.0,20.0,False,False,False,True
pid_02474,seller_3823,Luxury Goods,FashionForward,21.88,4.1,513,4,331.0,30.0,1,2594,True,True,3,2024-09-26,CA,GB,857,60,65,1.0,27.0,False,False,False,True
pid_00083,seller_8041,Electronics,ClassicWear,165.21,4.2,1308,4,532.0,1.0,1,5,True,True,3,2024-09-28,GB,US,1939,242,76,2.0,18.0,True,False,False,False
pid_02318,seller_4960,Luxury Goods,PremiumCraft,318.23,4.6,2425,5,724.0,9.0,0,3182,True,True,3,2024-12-31,US,DE,183,2,1,3.0,31.0,False,False,False,False
pid_04520,seller_5120,Automotive,BioMed Solutions,131.57,3.6,923,4,503.0,15.0,0,2296,True,True,1,2025-03-31,GB,IN,1768,185,50,0.0,11.0,False,False,False,True
pid_01836,seller_1535,Electronics,EliteDesign,284.74,5.0,2291,6,699.0,8.0,0,1388,True,True,3,2024-11-09,DE,IN,2221,174,29,4.0,24.0,True,False,False,False
pid_03251,seller_9962,Electronics,PureSkin,151.3,4.9,2486,6,676.0,28.0,0,3753,True,True,3,2024-07-22,IN,FR,4855,482,292,3.0,5.0,False,False,False,False
pid_02107,seller_8741,Automotive,HealthCare Plus,62.73,3.3,823,3,271.0,25.0,2,269,True,False,2,2025-03-18,JP,JP,2856,84,18,0.0,9.0,False,False,False,True
pid_04170,seller_7922,Electronics,WellnessLab,46.28,4.4,4024,5,780.0,6.0,0,3735,True,True,2,2024-01-26,KR,DE,854,81,63,1.0,14.0,True,False,True,True
pid_02089,seller_8056,Fashion,MotorMax,42.66,3.4,0,3,344.0,25.0,1,208,True,True,1,2025-06-23,CN,GB,1987,95,39,0.0,13.0,True,True,False,False
pid_02497,seller_7466,Automotive,D1gitalPro,70.5,3.2,3735,2,565.0,21.0,1,5,True,True,2,2025-02-13,US,GB,3196,193,37,0.0,10.0,False,False,False,True
pid_00047,seller_3420,Luxury Goods,CircuitMaster,119.14,2.9,0,4,223.0,14.0,2,2079,False,False,1,2025-12-25,CN,FR,3342,145,148,2.0,0.0,False,False,False,True
pid_04798,seller_7286,Electronics,PureSkin,69.43,4.6,2349,4,509.0,19.0,0,1463,True,True,2,2024-08-06,IN,DE,1161,121,9,2.0,29.0,True,False,True,True
pid_03934,seller_5007,Fashion,GlamourCo,215.26,3.8,0,6,,1.0,0,2798,True,True,2,2024-02-12,JP,CN,1788,207,38,1.0,23.0,False,False,False,False
pid_02738,seller_4133,Automotive,BioMed Solutions,216.44,4.4,0,7,119.0,21.0,0,2166,True,True,1,2024-09-09,DE,AU,869,74,33,3.0,26.0,True,False,True,False
pid_00397,seller_1598,Luxury Goods,BioMed Solutions,82.62,4.0,0,5,731.0,18.0,3,3481,True,True,2,2024-10-16,CA,DE,417,11,11,5.0,14.0,False,False,False,True
pid_01507,seller_6371,Luxury Goods,DigitalPro,307.18,5.0,1263,2,544.0,10.0,1,2088,True,True,4,2025-06-01,KR,DE,220,20,11,1.0,19.0,False,False,False,False
pid_03276,seller_1695,Pharmaceuticals,Fa5hionForward,52.33,,0,5,135.0,16.0,0,613,False,False,1,2025-06-09,KR,KR,2177,102,66,1.0,2.0,False,False,False,True
pid_03770,seller_4267,Luxury Goods,MediPharm,221.48,4.3,5086,6,464.0,14.0,0,3618,True,True,5,2024-08-26,JP,AU,4083,89,249,1.0,21.0,False,False,False,True
pid_04131,seller_6942,Electronics,NaturalGlow,102.36,4.5,0,1,250.0,31.0,0,21,True,True,1,2025-07-05,FR,AU,2630,199,128,4.0,1.0,False,False,False,False
pid_03589,seller_8233,Electronics,HealthCare Plus,292.76,5.0,3744,3,708.0,9.0,1,2379,True,False,4,2024-04-22,US,US,554,52,32,4.0,14.0,True,False,False,False
pid_03602,seller_4361,Electronics,BioMed Solutions,141.71,4.5,0,5,424.0,1.0,1,523,False,False,2,2025-02-20,CN,IN,3686,532,29,2.0,22.0,False,False,False,True
pid_04444,seller_1614,Fashion,TechCorp,316.1,3.7,1935,3,152.0,7.0,1,1357,False,True,3,2024-09-02,FR,CN,2282,319,105,4.0,17.0,False,False,False,False
pid_00986,seller_5343,Cosmetics,MotorMax,152.12,3.3,986,1,323.0,20.0,2,215,True,False,2,2024-11-07,IN,AU,3538,365,178,2.0,0.0,False,True,False,True
pid_03248,seller_8853,Automotive,BeautyLux,17.87,4.1,1329,2,319.0,1.0,0,2112,True,False,4,2025-02-04,JP,AU,1710,200,76,,6.0,True,False,False,False
pid_03228,seller_6461,Electronics,ClassicWear,190.38,4.2,5198,4,310.0,5.0,1,2214,True,True,2,2024-03-16,AU,GB,3187,85,163,2.0,19.0,True,False,False,False
pid_00484,seller_7338,Cosmetics,ElectroMax,93.3,3.8,66,1,315.0,1.0,0,1158,True,False,3,2024-10-13,DE,AU,1334,129,92,0.0,3.0,False,False,False,False
pid_04674,seller_2196,Fashion,WellnessLab,134.58,,0,3,166.0,28.0,1,296,False,False,2,2024-08-06,CA,AU,3700,299,60,0.0,12.0,False,False,False,False
pid_00237,seller_1575,Electronics,EliteDesign,98.75,4.4,3427,8,51.0,24.0,1,3049,False,False,1,2025-11-22,GB,US,2088,185,25,2.0,7.0,False,False,False,False
pid_03939,seller_4422,Fashion,LuxuryBrand,25.36,4.1,0,3,63.0,17.0,0,2149,True,True,2,2025-05-29,IN,CN,2203,211,114,3.0,6.0,False,True,False,False
pid_02977,seller_1304,Electronics,EliteDesign,61.51,3.3,353,2,506.0,16.0,2,3177,True,True,2,2024-05-08,KR,AU,1353,136,98,0.0,3.0,False,True,False,True
pid_00471,seller_2367,Automotive,CarT3ch,202.43,4.2,4999,7,481.0,13.0,0,999,False,True,2,2025-09-30,FR,US,3850,91,153,2.0,15.0,False,False,False,False
pid_02857,seller_3935,Electronics,BeautyLux,295.74,4.9,3072,5,480.0,8.0,0,1627,True,False,2,2025-03-22,JP,FR,2326,180,21,2.0,25.0,True,False,False,False
pid_01104,seller_9911,Automotive,NaturalG1ow,76.84,3.3,3391,1,315.0,17.0,1,1725,True,True,3,2025-08-28,CA,KR,4139,290,58,2.0,4.0,True,True,False,True
pid_04714,seller_2177,Luxury Goods,VehicleCare,200.65,4.1,1514,4,540.0,16.0,1,1700,False,True,1,2025-05-06,IN,CN,4258,454,182,2.0,13.0,False,False,False,False
pid_00802,seller_5444,Cosmetics,FashionForward,137.97,3.7,223,2,253.0,32.0,0,1496,False,True,2,2024-02-25,IN,CA,1639,212,110,4.0,8.0,True,True,False,False
pid_03853,seller_6138,Automotive,AutoParts Pro,230.63,3.8,2266,3,346.0,31.0,1,2320,True,False,1,2025-05-22,KR,GB,871,60,8,2.0,10.0,False,False,False,False
pid_04804,seller_2387,Pharmaceuticals,DigitalPro,141.91,5.0,0,5,71.0,1.0,2,3412,False,False,2,2024-12-09,CA,FR,3922,449,233,2.0,15.0,False,False,False,False
pid_02720,seller_8940,Automotive,PureSk1n,271.66,4.0,569,5,522.0,14.0,0,470,True,False,2,2024-03-19,GB,GB,3792,139,273,4.0,11.0,False,False,False,True
pid_02334,seller_5755,Electronics,LuxuryBrand,165.24,4.0,2348,5,531.0,15.0,0,2928,True,True,2,2024-05-09,JP,JP,3644,215,70,0.0,6.0,False,False,False,True
pid_02679,seller_9136,Luxury Goods,BioMed Solutions,115.05,4.0,4187,4,300.0,11.0,0,1395,True,True,2,2025-01-10,IN,DE,3328,200,113,0.0,16.0,False,False,False,False
pid_01960,seller_8315,Electronics,BeautyLux,110.72,4.3,2498,1,571.0,23.0,0,1533,True,False,3,2024-08-26,AU,FR,4922,466,92,0.0,,False,False,False,False
pid_03645,seller_5554,Electronics,F@shionForward,84.33,4.0,0,2,400.0,1.0,1,662,True,True,4,2024-07-14,AU,DE,1692,30,53,2.0,15.0,False,False,False,True
pid_00104,seller_3850,Automotive,LuxuryBr@nd,150.64,2.8,2550,3,20.0,28.0,2,1785,True,False,1,2024-11-27,AU,CA,387,36,22,1.0,2.0,True,False,True,True
pid_01737,seller_1291,Electronics,MotorMax,53.2,4.2,0,2,328.0,15.0,1,625,True,True,1,2025-04-01,JP,CN,2987,196,73,0.0,1.0,True,True,False,True
pid_03634,seller_5748,Electronics,GlamourCo,13.03,3.5,1462,1,20.0,34.0,1,5,False,False,1,2024-05-15,IN,FR,2297,246,149,1.0,9.0,True,False,False,False
pid_02360,seller_5323,Electronics,BioMed Solutions,271.1,4.2,2464,6,327.0,13.0,0,1115,True,False,5,2025-07-13,JP,CN,1339,165,26,3.0,8.0,False,False,False,False
pid_03881,seller_5861,Pharmaceuticals,EliteD3sign,100.23,3.4,0,6,493.0,14.0,0,1511,True,True,1,2024-12-31,CN,FR,2877,106,26,1.0,2.0,False,False,False,True
pid_04863,seller_4422,Fashion,ElectroM@x,160.09,4.1,0,6,427.0,15.0,0,2283,True,True,3,2025-07-22,FR,US,1977,295,13,4.0,20.0,False,True,False,True
pid_02891,seller_8288,Cosmetics,AutoParts Pro,106.39,4.2,5181,1,816.0,14.0,0,1951,True,True,3,2025-07-11,AU,CN,4447,482,29,2.0,0.0,False,False,False,False
pid_04878,seller_4690,Fashion,TrendSetter,59.13,3.2,0,1,32.0,26.0,0,92,True,True,2,2024-01-23,GB,CN,3633,71,253,1.0,9.0,True,False,True,False
pid_03021,seller_7545,Luxury Goods,StyleH0use,61.64,3.6,278,2,402.0,14.0,0,5,True,True,4,2024-10-05,DE,AU,2555,205,203,0.0,13.0,True,False,False,True
pid_00034,seller_8585,Automotive,MediPharm,189.55,3.2,1316,5,277.0,6.0,2,844,True,False,1,2024-12-21,FR,IN,4921,367,182,1.0,4.0,False,False,False,True
pid_00197,seller_1800,Automotive,NaturalGlow,97.61,5.0,3060,6,632.0,19.0,0,1717,False,False,4,2025-01-21,CA,CN,1099,58,45,0.0,9.0,False,False,False,False
pid_02896,seller_8687,Luxury Goods,TechCorp,323.24,4.0,933,5,439.0,5.0,1,5,True,True,3,2024-08-24,US,KR,1893,20,19,2.0,3.0,False,False,False,False
pid_03564,seller_9505,Luxury Goods,Be@utyLux,309.49,4.7,2873,6,916.0,10.0,1,4000,True,False,6,2024-08-17,KR,DE,4844,223,117,4.0,20.0,False,False,False,False
pid_04985,seller_5457,Electronics,TrendSetter,37.24,3.1,0,1,433.0,14.0,2,717,True,False,1,2024-11-28,FR,CA,2256,258,66,0.0,4.0,True,True,False,True
pid_04435,seller_5701,Fashion,PureSkin,116.24,4.0,0,5,687.0,9.0,0,2916,False,True,3,2024-12-24,AU,AU,994,86,43,0.0,22.0,False,False,False,False
pid_00817,seller_9718,Fashion,Digita1Pro,147.31,3.5,1341,2,152.0,30.0,0,1469,False,False,1,2025-05-09,JP,DE,2280,305,81,3.0,0.0,True,True,False,True
pid_00564,seller_2586,Fashion,DigitalPro,108.56,3.9,0,5,603.0,3.0,1,804,True,False,3,2024-12-04,CN,JP,993,15,26,0.0,5.0,True,False,False,False
pid_02273,seller_1536,Cosmetics,GlamourCo,161.95,4.9,5135,4,569.0,6.0,1,1884,False,False,3,2024-05-26,GB,AU,1360,167,69,3.0,13.0,False,False,False,False
pid_04135,seller_2872,Electronics,TrendSett3r,133.58,3.6,0,2,691.0,7.0,0,1536,True,False,2,2024-04-06,FR,JP,4091,165,278,0.0,14.0,False,False,False,True
pid_03007,seller_9593,Electronics,VehicleCare,172.41,4.4,1380,2,660.0,6.0,1,1366,True,True,4,2024-05-20,FR,AU,4585,174,251,2.0,19.0,False,False,False,False
pid_00074,seller_7775,Cosmetics,Pur3Skin,183.74,4.5,1348,1,242.0,24.0,3,2004,True,True,3,2024-11-24,GB,AU,2181,160,21,1.0,0.0,False,False,False,True
pid_00855,seller_9788,Electronics,PremiumCraft,64.62,4.2,0,1,20.0,,1,5,False,True,1,2024-01-02,IN,GB,1549,35,8,0.0,0.0,False,False,False,True
pid_00309,seller_9685,Fashion,Veh1cleCare,39.96,3.8,96,6,40.0,29.0,2,610,False,True,3,2024-04-04,KR,GB,580,66,11,2.0,5.0,True,False,False,True
pid_02536,seller_4713,Pharmaceuticals,EliteDesign,188.54,3.9,2566,3,583.0,39.0,2,2132,True,False,3,2025-06-22,JP,CN,3653,258,279,2.0,24.0,True,False,True,False
pid_00282,seller_4110,Fashion,ExclusiveItems,436.46,4.7,5072,4,376.0,1.0,0,3908,True,False,5,2024-10-14,FR,CA,743,22,53,2.0,27.0,True,True,False,False
pid_02358,seller_3421,Luxury Goods,ExclusiveItems,212.2,3.5,0,7,769.0,1.0,0,2049,True,False,5,2025-01-01,CN,AU,738,32,10,3.0,14.0,True,False,False,True
pid_02328,seller_4718,Cosmetics,ExclusiveItems,152.8,4.2,1544,4,869.0,8.0,2,1898,True,True,2,2024-08-16,KR,CA,1666,53,102,3.0,16.0,True,False,True,True
pid_04203,seller_6975,Automotive,NaturalGlow,105.27,3.8,0,4,341.0,20.0,0,2273,True,False,5,2024-06-09,DE,FR,4485,507,165,1.0,10.0,False,False,False,False
pid_00547,seller_5176,Cosmetics,ElectroMax,223.05,4.5,1110,4,276.0,15.0,2,2756,True,True,2,2025-06-24,AU,DE,2206,255,155,1.0,21.0,True,False,False,True
pid_04713,seller_6671,Pharmaceuticals,StyleHouse,145.56,2.6,516,4,415.0,17.0,0,1304,True,True,4,2025-10-29,KR,IN,990,117,28,0.0,20.0,False,False,False,False
pid_03954,seller_6476,Fashion,FashionForward,50.75,3.9,801,1,434.0,20.0,3,5,True,False,2,2024-08-20,AU,DE,3243,79,113,2.0,14.0,False,False,False,True
pid_02694,seller_6399,Automotive,PremiumCraft,266.95,4.5,3433,5,626.0,1.0,0,871,True,True,4,2024-10-22,AU,DE,2772,333,42,3.0,13.0,False,False,False,False
pid_02534,seller_7388,Pharmaceuticals,ClassicWear,175.63,3.6,1442,1,542.0,17.0,0,1948,True,False,1,2025-02-05,JP,IN,162,13,7,1.0,0.0,False,False,False,False
pid_03568,seller_6979,Pharmaceuticals,VehicleCare,310.31,4.7,6261,8,658.0,3.0,0,1878,True,False,6,2024-04-22,US,CA,4534,134,139,4.0,19.0,False,False,True,False
pid_03176,seller_4603,Cosmetics,WellnessLab,234.04,4.4,4408,4,450.0,14.0,1,2278,True,True,3,2025-11-15,AU,US,567,56,15,0.0,13.0,False,False,False,False
pid_01158,seller_2628,Automotive,PremiumCraft,181.72,4.5,857,6,574.0,12.0,0,2082,True,False,4,2024-09-17,AU,US,4192,374,39,0.0,0.0,False,False,True,False
pid_01680,seller_3407,Fashion,CircuitMaster,351.55,5.0,5698,5,697.0,1.0,0,4000,True,True,3,2024-02-13,US,CN,4254,213,195,4.0,36.0,True,False,False,False
pid_01928,seller_3235,Cosmetics,DigitalPro,192.72,4.6,3758,3,745.0,9.0,0,2864,True,True,3,2025-04-11,GB,JP,3506,210,162,5.0,21.0,False,True,False,False
pid_00720,seller_6740,Automotive,ExclusiveItems,178.71,4.2,1353,3,807.0,22.0,0,3761,True,False,4,2025-11-27,FR,JP,3661,177,180,4.0,11.0,True,False,False,False
pid_00291,seller_7187,Electronics,FashionForward,5.0,3.3,0,9,189.0,17.0,0,635,True,False,1,2024-03-31,CN,US,4359,65,331,0.0,8.0,False,True,True,False
pid_02501,seller_7186,Pharmaceuticals,PureSkin,80.5,4.7,1626,4,610.0,17.0,1,5,True,True,1,2024-11-12,CN,JP,1578,53,115,2.0,12.0,False,False,False,False
pid_00540,seller_3544,Automotive,WellnessLab,181.97,3.8,0,1,261.0,19.0,1,2222,True,True,2,2024-08-12,KR,CN,4604,383,111,2.0,5.0,False,False,False,False
pid_03405,seller_9517,Pharmaceuticals,DigitalPro,109.58,4.5,1870,4,516.0,2.0,0,5,False,True,1,2024-10-28,FR,CN,4872,119,162,1.0,17.0,False,False,False,False
pid_02117,seller_3188,Cosmetics,FashionForward,51.4,3.6,2705,2,420.0,27.0,3,1586,False,True,1,2025-07-23,CN,IN,3227,196,168,0.0,0.0,False,False,False,True
pid_01036,seller_6388,Fashion,VehicleCare,94.33,4.6,639,2,217.0,4.0,2,634,True,True,3,2024-05-08,DE,GB,4760,447,345,4.0,0.0,False,False,False,False
pid_01882,seller_2713,Cosmetics,MediPharm,225.82,4.1,424,2,71.0,19.0,1,5,True,True,2,2024-11-28,JP,CA,979,57,69,1.0,20.0,False,False,False,False
pid_03748,seller_5494,Fashion,PremiumCraft,237.56,3.8,3034,5,328.0,12.0,2,568,True,True,2,2024-01-16,AU,DE,2367,26,19,3.0,0.0,True,False,False,False
pid_01047,seller_8850,Electronics,TechCorp,88.18,4.3,3205,8,223.0,10.0,0,1470,True,False,3,2025-05-27,CN,KR,4337,219,265,1.0,12.0,False,True,False,True
pid_02671,seller_9522,Fashion,MediPh@rm,127.79,2.8,0,1,416.0,19.0,0,969,False,False,2,2024-05-16,FR,DE,1653,234,59,1.0,3.0,False,False,False,True
pid_04627,seller_9867,Luxury Goods,PremiumCraft,222.37,4.3,3267,4,454.0,1.0,0,2995,True,False,4,2024-07-16,DE,IN,3323,493,234,3.0,15.0,False,False,False,False
pid_00267,seller_7034,Cosmetics,EliteDesign,226.53,4.9,317,3,633.0,2.0,0,2378,True,True,4,2024-01-21,GB,US,559,55,19,3.0,10.0,False,False,False,True
pid_00872,seller_7796,Cosmetics,StyleHouse,163.39,4.0,3249,3,707.0,5.0,1,1492,True,True,1,2024-12-15,US,IN,3707,227,224,4.0,18.0,True,True,True,True
pid_02900,seller_1513,Electronics,WellnessLab,171.39,4.0,861,1,608.0,10.0,0,203,True,True,5,2024-01-31,US,DE,3773,209,49,2.0,13.0,False,False,False,False
pid_00689,seller_8178,Electronics,TrendSetter,209.03,4.5,0,5,684.0,15.0,0,987,True,True,3,2024-08-09,FR,GB,2775,183,36,1.0,15.0,False,False,False,False
pid_02750,seller_4542,Fashion,PremiumCraft,137.74,4.1,2474,2,542.0,11.0,1,1259,True,False,4,2025-12-14,AU,CA,747,73,58,1.0,8.0,True,True,False,False
pid_00060,seller_4500,Fashion,PureSkin,108.45,4.0,144,3,349.0,8.0,0,451,False,True,2,2025-06-18,JP,JP,348,36,19,0.0,8.0,True,False,True,False
pid_03464,seller_4059,Electronics,PureSkin,78.76,4.4,0,4,690.0,11.0,0,1140,True,False,1,2024-05-28,CN,US,1401,204,82,2.0,18.0,False,False,False,True
pid_04995,seller_6918,Automotive,WellnessLab,78.55,4.9,0,2,299.0,26.0,0,68,True,False,3,2024-09-01,IN,AU,1522,79,24,1.0,11.0,False,True,False,True
pid_01189,seller_5954,Cosmetics,AutoParts Pr0,57.21,4.2,501,2,20.0,16.0,2,2361,False,False,1,2024-01-29,IN,JP,455,49,24,1.0,12.0,False,False,False,True
pid_01488,seller_5652,Fashion,DigitalPro,107.96,4.6,1238,5,960.0,1.0,0,2660,True,True,3,2024-06-02,KR,AU,2499,59,140,2.0,32.0,True,False,False,False
pid_02869,seller_4005,Fashion,MotorMax,86.23,4.3,1975,6,652.0,1.0,0,1785,True,True,3,2025-05-20,JP,CN,745,39,46,3.0,6.0,False,False,False,False
pid_02932,seller_2238,Electronics,CarT3ch,226.74,3.4,600,1,251.0,,3,583,True,False,3,2024-01-02,FR,US,66,4,1,0.0,6.0,False,False,False,True
pid_03019,seller_7148,Pharmaceuticals,DigitalPro,194.4,5.0,6788,6,862.0,13.0,1,2319,False,True,4,2024-02-15,US,GB,3940,469,23,3.0,27.0,False,False,False,True
pid_04391,seller_5135,Luxury Goods,AutoParts Pro,135.61,4.5,1626,2,616.0,4.0,0,1624,True,True,2,2024-06-25,US,IN,3074,70,95,2.0,17.0,False,False,False,False
pid_03531,seller_1589,Pharmaceuticals,MediPharm,61.9,4.2,944,4,552.0,17.0,0,1625,True,False,4,2024-03-25,IN,FR,1311,92,11,2.0,23.0,False,False,False,False
pid_00004,seller_3679,Electronics,TechC0rp,71.39,3.3,1956,1,533.0,19.0,2,595,True,True,1,2025-11-06,JP,GB,4438,191,91,0.0,9.0,True,False,False,True
pid_00395,seller_9794,Automotive,CarTech,62.65,3.5,2838,3,670.0,12.0,0,1594,True,False,3,2024-07-27,CN,GB,51,5,2,0.0,4.0,False,False,True,False
pid_02048,seller_6938,Luxury Goods,PureSkin,165.68,3.6,522,7,114.0,1.0,1,133,True,True,2,2025-10-24,CA,AU,2778,317,79,0.0,0.0,False,True,False,False
pid_02905,seller_2872,Electronics,HealthCare Plus,145.93,4.1,2646,5,128.0,21.0,1,861,True,True,2,2025-09-15,US,AU,1870,164,43,,4.0,True,False,False,False
pid_00535,seller_6289,Automotive,PureSk1n,84.91,3.6,0,4,417.0,29.0,1,2073,True,True,2,2024-07-26,GB,DE,4568,529,49,1.0,6.0,False,True,True,True
pid_03862,seller_7915,Fashion,CarTech,82.77,4.1,4517,4,104.0,27.0,0,1239,True,False,1,2025-05-15,DE,FR,4225,226,310,2.0,4.0,False,False,False,False
pid_04494,seller_8700,Pharmaceuticals,CircuitMaster,138.94,4.7,2199,4,667.0,14.0,0,2653,True,False,1,2025-12-19,CN,FR,2220,121,146,0.0,16.0,True,False,False,False
pid_03473,seller_5640,Cosmetics,Gl@mourCo,302.52,4.3,2232,5,290.0,4.0,0,2530,True,True,1,2025-04-28,CA,KR,3505,182,146,1.0,17.0,True,False,False,True
pid_02512,seller_2916,Luxury Goods,TechC0rp,205.47,3.5,691,6,399.0,28.0,0,5,True,True,1,2024-11-26,GB,JP,363,42,24,0.0,2.0,True,False,True,True
pid_00602,seller_6230,Electronics,WellnessLab,57.91,3.7,296,5,300.0,20.0,2,1194,True,True,2,2024-09-23,IN,CA,2516,345,195,1.0,7.0,False,False,False,False
pid_02890,seller_1304,Fashion,ElectroMax,225.31,3.4,0,6,516.0,,0,1704,True,True,3,2024-12-13,KR,GB,4090,148,66,1.0,19.0,True,False,False,True
pid_00581,seller_7372,Automotive,CarTech,223.49,3.6,5077,3,615.0,7.0,0,2259,False,True,6,2025-10-12,FR,GB,107,3,6,1.0,31.0,False,False,False,False
pid_01437,seller_3163,Cosmetics,TechCorp,296.27,5.0,2994,5,961.0,1.0,0,4000,True,True,1,2025-03-31,US,DE,3185,370,106,5.0,12.0,True,False,False,False
pid_04724,seller_6122,Electronics,MotorMax,21.54,4.3,3115,2,583.0,17.0,2,852,False,False,2,2025-03-26,CA,US,887,90,67,1.0,0.0,False,False,False,False
pid_00195,seller_3946,Fashion,Be@utyLux,75.21,3.5,0,2,850.0,19.0,3,1301,True,False,4,2024-01-26,AU,DE,1997,180,30,0.0,13.0,False,False,False,True
pid_01263,seller_5312,Luxury Goods,ExclusiveItems,139.65,4.3,1837,1,788.0,21.0,0,1595,True,True,4,2024-06-18,FR,DE,1433,168,104,0.0,5.0,False,True,False,True
pid_00172,seller_2163,Luxury Goods,BioMed Solutions,193.78,4.7,847,5,284.0,26.0,2,2188,True,True,1,2025-06-24,CA,GB,1323,63,8,0.0,2.0,False,False,False,False
pid_03521,seller_9794,Luxury Goods,NaturalGlow,156.61,3.7,4823,5,,9.0,0,1875,True,True,1,2024-02-28,IN,CA,2617,262,16,3.0,18.0,False,False,False,False
pid_04230,seller_1436,Cosmetics,TrendSetter,24.35,3.0,745,2,230.0,27.0,1,776,True,True,1,2024-10-25,FR,DE,4520,293,340,0.0,9.0,False,False,False,True
pid_04630,seller_8690,Electronics,BeautyLux,5.0,4.5,2865,5,395.0,6.0,2,2196,True,True,3,2024-07-31,US,CA,1499,128,91,4.0,6.0,True,False,False,True
pid_03547,seller_1944,Luxury Goods,DigitalPro,99.07,4.2,176,5,131.0,8.0,0,176,False,True,1,2024-03-27,FR,DE,657,26,43,1.0,19.0,False,False,False,False
pid_01409,seller_4799,Automotive,AutoParts Pro,140.11,4.2,1953,1,479.0,5.0,3,76,True,False,1,2025-10-04,US,US,1838,50,25,0.0,6.0,False,True,False,True
pid_02680,seller_2238,Fashion,StyleHouse,158.91,4.8,3687,4,219.0,7.0,0,2541,True,True,4,2024-09-27,CN,JP,354,45,23,2.0,21.0,True,True,False,False
pid_04762,seller_4161,Pharmaceuticals,MediPharm,54.68,,0,4,261.0,18.0,2,341,False,False,3,2025-12-11,IN,US,3529,61,76,0.0,0.0,False,False,True,True
pid_00924,seller_9174,Luxury Goods,BeautyLux,137.56,4.0,2765,3,281.0,10.0,2,1044,True,True,5,2024-06-10,DE,JP,715,96,45,0.0,0.0,False,False,False,False
pid_00702,seller_7150,Fashion,ExclusiveItems,243.02,4.8,3168,4,485.0,35.0,0,2163,False,True,3,2024-11-16,JP,AU,1259,28,35,4.0,19.0,False,True,False,False
pid_01013,seller_1090,Electronics,FashionForward,201.9,3.6,3037,2,200.0,13.0,0,3501,False,True,5,2024-01-06,FR,CN,971,45,76,3.0,14.0,False,False,False,False
pid_04687,seller_6057,Electronics,ClassicWear,290.55,4.8,4348,6,522.0,17.0,0,2236,True,True,1,2024-03-23,US,JP,1794,147,32,1.0,7.0,False,False,False,False
pid_03532,seller_6188,Fashion,Sty1eHouse,139.34,2.8,0,3,488.0,15.0,0,1022,True,True,1,2024-02-08,JP,GB,732,64,14,0.0,7.0,False,True,False,True
pid_01173,seller_9906,Fashion,HealthCare Plus,148.18,3.9,2709,4,,18.0,1,976,False,True,1,2024-05-21,CA,FR,1789,194,118,1.0,,True,False,False,True
pid_01562,seller_2838,Pharmaceuticals,C1assicWear,74.33,,489,1,20.0,20.0,1,938,True,True,1,2025-10-30,CA,IN,4154,42,241,2.0,13.0,False,False,False,True
pid_02346,seller_1747,Cosmetics,StyleHouse,119.6,5.0,4835,5,602.0,1.0,0,2602,True,True,5,2025-07-06,CN,DE,4627,237,345,4.0,5.0,False,False,False,False
pid_01447,seller_6653,Pharmaceuticals,ExclusiveItems,68.33,4.0,2646,3,279.0,26.0,2,447,True,True,2,2024-12-13,DE,DE,2503,237,41,1.0,13.0,True,True,False,False
pid_01641,seller_4925,Pharmaceuticals,PureSkin,146.25,4.2,2669,2,107.0,1.0,0,2535,True,False,1,2024-10-17,AU,JP,2415,62,60,1.0,17.0,False,False,False,False
pid_02708,seller_7660,Electronics,ExclusiveItems,310.86,3.7,2600,5,552.0,1.0,0,1879,True,True,2,2024-11-11,FR,CN,358,33,23,5.0,24.0,False,False,False,False
pid_01300,seller_1614,Electronics,MotorMax,248.52,5.0,5985,6,808.0,1.0,0,3109,True,True,4,2025-03-07,KR,US,2525,77,38,3.0,30.0,False,False,False,False
pid_00642,seller_4890,Electronics,MediPharm,42.26,3.5,1055,4,,27.0,3,1162,False,True,2,2024-11-11,US,GB,1716,130,8,1.0,6.0,True,False,False,True
pid_03344,seller_6419,Luxury Goods,MotorMax,5.0,4.5,3898,4,177.0,4.0,0,2833,True,True,5,2024-08-06,FR,AU,4210,108,191,5.0,21.0,False,False,False,False
pid_01430,seller_7257,Luxury Goods,MotorM@x,29.18,3.4,1171,4,187.0,3.0,3,5,True,True,3,2025-06-05,KR,CA,250,6,9,1.0,10.0,False,False,False,True
pid_03542,seller_2854,Electronics,ClassicWear,97.07,4.7,2620,10,434.0,13.0,1,1325,True,True,3,2024-11-24,IN,JP,512,45,25,5.0,17.0,False,False,False,False
pid_04128,seller_7887,Fashion,LuxuryBrand,5.0,3.2,0,3,394.0,21.0,2,555,False,False,2,2024-06-06,GB,JP,3224,375,162,2.0,2.0,False,False,False,False
pid_02706,seller_3387,Electronics,EliteDesign,43.15,3.4,0,1,195.0,18.0,1,484,True,True,1,2024-02-09,JP,FR,793,118,27,0.0,13.0,False,False,False,False
pid_01797,seller_4520,Electronics,LuxuryBrand,194.07,4.2,3247,3,262.0,1.0,0,405,True,True,3,2024-06-12,GB,IN,4337,603,274,3.0,19.0,True,False,False,False
pid_03658,seller_1345,Cosmetics,HealthCare Plus,169.73,4.3,3365,6,382.0,1.0,0,1966,True,True,3,2025-07-01,GB,CN,1205,69,50,1.0,3.0,True,False,False,False
pid_02457,seller_6479,Cosmetics,MediPharm,79.39,3.9,0,3,89.0,15.0,2,201,True,True,1,2024-01-17,CA,FR,4857,553,78,1.0,0.0,False,False,False,True
pid_04531,seller_7427,Electronics,HealthCare Plus,191.08,4.3,3614,4,219.0,20.0,0,1019,False,False,3,2025-05-10,AU,CN,1121,83,23,0.0,14.0,True,True,False,False
pid_01239,seller_3803,Electronics,HealthCare Plus,319.81,5.0,211,3,366.0,12.0,2,3899,False,True,1,2025-06-13,IN,JP,1445,86,97,2.0,16.0,False,False,False,True
pid_00437,seller_5054,Pharmaceuticals,PureSkin,236.79,3.9,92,3,710.0,27.0,2,2245,True,False,3,2024-04-01,CN,AU,2313,212,172,2.0,15.0,False,False,False,False
pid_00415,seller_4656,Luxury Goods,NaturalGlow,193.01,3.9,0,4,219.0,3.0,3,1634,True,True,2,2025-04-10,KR,CA,4794,521,225,1.0,0.0,True,False,False,False
pid_04102,seller_8514,Luxury Goods,DigitalPro,74.9,4.6,1134,4,462.0,10.0,1,2144,True,True,5,2024-03-18,IN,IN,2715,57,114,4.0,16.0,True,False,False,False
pid_02097,seller_1968,Cosmetics,WellnessLab,252.83,4.6,2306,3,310.0,10.0,0,5,False,True,3,2024-03-05,AU,AU,1186,122,74,0.0,21.0,False,False,False,False
pid_03685,seller_1845,Luxury Goods,VehicleCare,151.07,3.7,0,4,284.0,26.0,0,1213,True,False,2,2025-11-02,US,AU,2886,176,169,1.0,5.0,False,False,True,False
pid_00982,seller_8334,Electronics,NaturalGl0w,22.07,,0,2,53.0,18.0,2,296,True,True,1,2024-10-11,CN,GB,3405,191,93,1.0,,False,False,False,True
pid_01164,seller_9001,Electronics,MediPharm,236.61,4.3,509,3,484.0,1.0,1,1449,True,True,4,2025-06-06,JP,KR,2032,249,134,2.0,18.0,False,False,False,False
pid_01779,seller_8305,Pharmaceuticals,StyleHou5e,147.45,3.1,0,1,665.0,14.0,3,2798,False,True,1,2025-10-29,JP,FR,516,64,6,3.0,0.0,False,False,False,True
pid_02878,seller_5861,Cosmetics,TechCorp,223.11,4.4,5106,5,431.0,1.0,0,1032,True,True,1,2025-07-12,GB,DE,1730,127,51,3.0,16.0,False,False,False,False
pid_04556,seller_2991,Cosmetics,GlamourCo,78.48,3.6,1102,4,221.0,30.0,0,5,False,False,4,2025-11-21,IN,GB,4248,100,193,3.0,11.0,True,True,False,True
pid_04183,seller_4651,Fashion,EliteD3sign,100.85,4.6,733,1,20.0,41.0,1,759,False,True,3,2025-01-29,FR,FR,1539,114,30,4.0,3.0,False,False,False,True
pid_01918,seller_9970,Fashion,ExclusiveItems,244.96,3.7,2173,7,354.0,13.0,2,5,False,False,1,2025-07-26,FR,FR,3475,384,73,,12.0,False,False,False,False
pid_03904,seller_5356,Pharmaceuticals,EliteDesign,163.26,4.6,1481,5,605.0,1.0,0,2811,True,True,3,2025-10-01,JP,AU,3674,267,89,4.0,6.0,False,False,False,False
pid_00586,seller_1166,Electronics,ExclusiveItems,276.96,4.8,2723,1,502.0,3.0,0,2321,True,False,4,2024-12-11,FR,DE,3564,518,53,3.0,19.0,True,False,False,False
pid_00595,seller_2684,Luxury Goods,ExclusiveItems,207.18,3.4,1467,1,86.0,4.0,0,2062,True,True,3,2025-06-04,IN,FR,3437,145,160,0.0,13.0,False,False,False,True
pid_01811,seller_3116,Pharmaceuticals,FashionForward,143.4,3.7,3281,4,649.0,6.0,1,1679,True,False,4,2024-07-03,KR,GB,1554,130,35,2.0,9.0,False,False,False,False
pid_00812,seller_8727,Electronics,BioMed Solutions,313.03,5.0,5029,5,,1.0,0,3697,True,True,2,2025-06-04,AU,CA,199,10,12,5.0,23.0,False,False,False,False
pid_01949,seller_9653,Luxury Goods,ExclusiveItems,73.53,4.3,1375,8,413.0,1.0,0,345,True,False,4,2025-06-06,US,FR,3968,182,44,1.0,11.0,False,True,True,False
pid_01070,seller_1443,Fashion,MotorMax,144.79,4.2,1453,3,684.0,5.0,0,1668,False,False,1,2024-12-20,FR,KR,630,66,29,2.0,14.0,False,False,False,False
pid_04721,seller_2281,Electronics,EliteDesign,156.15,2.9,2605,3,661.0,1.0,0,4000,True,True,4,2025-11-24,IN,CA,2342,26,102,4.0,24.0,True,False,False,False
pid_01167,seller_8265,Luxury Goods,MediPharm,215.03,4.3,3011,4,574.0,8.0,0,2450,True,True,6,2024-11-29,FR,CN,2075,243,87,3.0,0.0,False,False,False,False
pid_01930,seller_9348,Cosmetics,MotorMax,170.64,4.0,1625,1,368.0,19.0,2,5,True,True,1,2024-07-11,KR,DE,4553,483,86,0.0,12.0,False,False,False,False
pid_00220,seller_6671,Cosmetics,Be@utyLux,5.0,2.5,0,2,20.0,23.0,2,5,False,True,1,2025-06-06,FR,US,4994,187,328,2.0,17.0,False,False,False,True
pid_01065,seller_3588,Pharmaceuticals,F@shionForward,5.0,3.2,0,1,20.0,35.0,3,5,True,False,1,2024-03-05,AU,AU,1972,74,28,2.0,12.0,False,False,True,True
pid_01692,seller_6271,Fashion,GlamourCo,183.66,3.9,386,7,495.0,1.0,0,2510,True,True,2,2024-06-28,US,KR,4722,635,207,4.0,13.0,True,False,False,False
pid_03178,seller_4900,Pharmaceuticals,GlamourCo,86.79,3.5,0,1,259.0,6.0,2,508,False,False,2,2024-12-22,US,GB,1785,43,19,2.0,1.0,False,False,False,True
pid_02982,seller_6371,Cosmetics,PureSk1n,230.82,3.9,278,5,193.0,,0,1574,False,True,5,2024-05-05,AU,IN,4140,524,274,3.0,16.0,False,False,False,True
pid_02013,seller_2825,Electronics,H3althCare Plus,130.56,4.2,0,2,495.0,8.0,2,1325,False,True,3,2024-02-21,FR,DE,2567,107,109,1.0,7.0,False,False,False,True
pid_03422,seller_3440,Pharmaceuticals,VehicleCare,71.24,3.4,2650,1,324.0,14.0,2,2446,True,False,2,2025-02-26,GB,GB,1335,152,28,0.0,16.0,False,True,False,True
pid_00774,seller_7314,Pharmaceuticals,TechCorp,16.38,3.9,0,3,186.0,13.0,0,5,False,True,1,2025-09-09,DE,FR,1309,72,36,2.0,0.0,False,False,False,False
pid_00305,seller_7781,Automotive,LuxuryBr@nd,118.59,3.1,3931,4,20.0,41.0,2,1151,True,False,1,2024-08-30,FR,AU,395,24,11,,,False,False,False,True
pid_00439,seller_2333,Electronics,BeautyLux,263.83,4.2,4632,9,290.0,12.0,0,2637,True,False,2,2024-06-25,CA,FR,4184,475,97,2.0,17.0,True,False,False,False
pid_00713,seller_5143,Fashion,MotorMax,79.49,3.8,562,3,20.0,10.0,1,5,True,False,1,2024-08-05,AU,AU,830,69,64,1.0,0.0,False,False,True,True
pid_04596,seller_1710,Pharmaceuticals,TechCorp,105.66,4.5,2301,1,215.0,12.0,0,2157,True,True,1,2025-05-06,FR,KR,2035,293,111,0.0,13.0,False,False,False,False
pid_02132,seller_3607,Luxury Goods,TrendSetter,285.33,5.0,7011,7,522.0,3.0,0,2046,True,True,3,2024-01-01,CN,CA,3019,259,64,4.0,35.0,True,False,False,False
pid_01024,seller_7210,Automotive,TrendSetter,95.46,4.3,231,2,468.0,6.0,1,1695,True,True,2,2025-01-23,KR,KR,4920,524,191,3.0,9.0,True,False,False,False
pid_02240,seller_4263,Pharmaceuticals,MotorMax,253.52,4.0,813,3,549.0,31.0,0,2217,True,False,4,2025-04-15,IN,KR,197,10,8,3.0,15.0,False,False,False,False
pid_01082,seller_1714,Fashion,VehicleCare,93.04,3.4,0,4,20.0,21.0,1,5,False,True,1,2024-12-30,US,DE,3161,246,106,0.0,22.0,False,False,False,False
pid_04744,seller_6375,Fashion,ElectroM@x,150.96,3.8,1955,1,379.0,17.0,0,367,False,True,3,2025-05-03,JP,DE,3495,165,31,1.0,11.0,False,False,False,True
pid_00734,seller_2062,Fashion,E1ectroMax,207.61,4.1,1411,5,552.0,24.0,3,2783,False,False,2,2024-07-09,US,CN,2870,208,75,0.0,5.0,False,False,False,True
pid_01674,seller_8988,Pharmaceuticals,StyleHouse,187.32,4.7,1248,5,,16.0,2,2401,True,True,2,2025-11-07,CA,AU,3706,340,81,1.0,7.0,False,False,False,False
pid_04516,seller_9003,Luxury Goods,Styl3House,214.44,4.3,4419,4,664.0,7.0,0,430,True,False,1,2025-11-24,IN,DE,647,59,25,2.0,10.0,False,False,False,False
pid_03590,seller_5933,Automotive,PureSkin,211.21,,5293,5,782.0,1.0,1,2537,True,True,4,2025-11-13,IN,KR,1164,75,12,3.0,14.0,True,False,False,False
pid_03527,seller_1471,Pharmaceuticals,MediPharm,163.47,3.9,4422,6,342.0,32.0,1,3067,True,True,5,2024-08-26,KR,IN,4770,222,185,3.0,19.0,False,False,False,False
pid_02402,seller_8053,Fashion,FashionForward,217.55,3.1,0,6,683.0,1.0,0,2360,True,True,3,2025-08-19,IN,IN,1991,102,157,2.0,17.0,False,False,True,False
pid_01610,seller_5266,Automotive,StyleHouse,121.39,3.8,0,3,264.0,16.0,0,1039,True,True,5,2024-03-29,CN,AU,1817,52,54,0.0,11.0,False,False,False,True
pid_01643,seller_9988,Cosmetics,ExclusiveItems,186.3,,0,1,389.0,28.0,2,5,False,False,2,2025-12-05,FR,FR,4242,177,97,3.0,6.0,False,True,True,True
pid_01219,seller_7410,Fashion,AutoParts Pro,249.95,4.8,2236,7,589.0,3.0,0,1934,True,True,4,2025-06-15,IN,DE,2408,41,188,4.0,16.0,False,False,False,False
pid_01604,seller_1399,Electronics,PureSkin,5.0,3.6,0,1,262.0,29.0,0,5,True,True,2,2025-05-28,CN,AU,288,6,20,,5.0,True,False,False,True
pid_00357,seller_4798,Cosmetics,Sty1eHouse,84.68,3.3,1126,2,132.0,24.0,2,5,False,True,2,2024-02-22,GB,DE,4839,564,85,0.0,14.0,False,True,False,True
pid_02321,seller_6268,Cosmetics,BioMed Solutions,235.56,4.1,2346,4,550.0,1.0,0,1898,True,True,4,2025-05-29,CA,KR,2636,307,129,2.0,30.0,False,False,False,False
pid_00530,seller_2898,Pharmaceuticals,MediPharm,79.62,3.1,28,3,107.0,6.0,1,5,False,True,1,2024-11-25,GB,FR,4017,341,93,0.0,8.0,False,False,True,True
pid_02541,seller_5633,Pharmaceuticals,PureSkin,73.89,3.6,1136,1,369.0,31.0,0,586,True,False,1,2024-05-06,CN,CN,4121,521,188,2.0,9.0,True,False,False,True
pid_04832,seller_9743,Cosmetics,EliteDesign,279.67,4.3,1780,4,585.0,33.0,0,614,True,True,4,2025-08-08,IN,GB,3143,154,59,5.0,13.0,False,False,True,False
pid_01093,seller_7935,Luxury Goods,MediPharm,5.0,3.5,2094,1,291.0,32.0,1,950,True,True,2,2024-04-04,CA,GB,2212,149,159,1.0,13.0,False,False,True,True
pid_01765,seller_9502,Fashion,GlamourCo,198.86,4.6,1532,1,516.0,7.0,0,1352,True,True,3,2024-03-07,FR,KR,3624,194,180,0.0,20.0,False,False,False,False
pid_03762,seller_4885,Luxury Goods,ExclusiveItems,92.42,3.7,530,5,463.0,12.0,1,409,True,True,2,2024-05-01,AU,IN,2805,170,53,2.0,18.0,False,True,False,False
pid_00985,seller_3405,Luxury Goods,MediPharm,138.15,4.6,0,2,371.0,6.0,1,312,False,False,3,2025-12-27,FR,KR,3264,271,35,3.0,5.0,False,False,False,False
pid_03355,seller_4487,Electronics,PureSkin,287.1,4.3,2608,3,478.0,20.0,1,2533,True,False,3,2024-02-08,US,KR,850,67,10,3.0,9.0,False,False,False,False
pid_02133,seller_6775,Luxury Goods,StyleHouse,85.53,3.5,4377,6,215.0,15.0,3,890,True,False,1,2024-09-21,CA,US,489,30,20,0.0,3.0,False,False,False,False
pid_02227,seller_9300,Cosmetics,ClassicWear,114.8,3.3,0,4,318.0,36.0,1,163,False,False,2,2024-04-04,CA,DE,1794,221,122,0.0,2.0,False,False,False,False
pid_02451,seller_3028,Automotive,EliteDesign,145.16,3.0,506,5,770.0,11.0,0,2150,False,True,3,2025-06-02,DE,JP,4408,590,112,2.0,27.0,True,True,False,False
pid_02685,seller_8823,Electronics,PremiumCr@ft,122.08,3.9,4994,5,843.0,13.0,1,692,False,True,2,2025-09-27,GB,US,2082,246,74,1.0,15.0,False,False,False,True
pid_02229,seller_3275,Fashion,Natur@lGlow,79.64,4.7,825,1,646.0,1.0,0,593,True,True,2,2024-11-24,GB,CA,57,2,3,0.0,18.0,False,False,False,True
pid_04609,seller_1135,Fashion,ElectroMax,175.99,3.5,517,8,470.0,5.0,0,2148,True,True,2,2025-07-26,IN,CA,924,44,67,4.0,15.0,True,False,False,False
pid_04226,seller_8611,Fashion,DigitalPro,297.12,4.9,4776,6,537.0,4.0,0,3368,False,True,2,2024-01-24,DE,US,1910,211,41,2.0,17.0,True,False,False,False
pid_01288,seller_4221,Electronics,NaturalGlow,261.39,3.9,3180,3,482.0,1.0,0,1939,True,True,3,2024-06-30,GB,FR,452,41,10,0.0,8.0,False,False,False,False
pid_02336,seller_9639,Luxury Goods,EliteDesign,190.48,4.0,1363,3,372.0,27.0,0,484,True,True,3,2024-04-08,KR,FR,60,0,4,0.0,17.0,False,False,False,False
pid_00137,seller_6986,Cosmetics,ClassicWear,104.1,3.5,0,3,59.0,39.0,3,1132,False,True,1,2024-11-18,CN,CA,2123,227,83,1.0,9.0,False,False,True,False
pid_00973,seller_4753,Electronics,MotorMax,204.92,4.6,941,4,138.0,1.0,2,3249,False,True,2,2024-10-18,FR,KR,3702,307,132,3.0,24.0,False,False,False,False
pid_01648,seller_5807,Pharmaceuticals,PremiumCraft,253.92,3.8,2267,1,435.0,18.0,1,558,True,True,4,2024-04-03,JP,CN,4494,528,122,3.0,2.0,True,False,False,False
pid_02383,seller_2339,Luxury Goods,DigitalPro,85.12,3.6,1754,3,221.0,20.0,2,449,False,False,4,2025-11-19,US,GB,3900,482,158,0.0,25.0,False,False,False,True
pid_00615,seller_1316,Automotive,B3autyLux,92.57,3.7,990,2,20.0,26.0,2,99,True,True,3,2025-12-12,GB,CA,2410,292,108,3.0,7.0,False,False,False,True
pid_03459,seller_6818,Cosmetics,FashionForward,228.0,4.8,4799,4,361.0,1.0,0,2233,True,False,5,2024-02-18,JP,FR,105,4,1,3.0,21.0,False,False,False,False
pid_04012,seller_8066,Cosmetics,DigitalPr0,108.94,3.9,1950,4,69.0,13.0,1,1025,True,True,1,2025-04-02,FR,US,3766,380,43,0.0,8.0,False,True,False,True
pid_01858,seller_9012,Pharmaceuticals,AutoParts Pro,236.46,4.7,405,2,754.0,1.0,1,2499,True,True,2,2025-07-29,FR,FR,4913,669,39,5.0,17.0,False,False,False,False
pid_04350,seller_1342,Pharmaceuticals,MediPharm,118.76,4.5,1969,4,558.0,9.0,2,3063,True,True,3,2024-01-18,CA,CN,3934,436,79,1.0,12.0,False,False,False,False
pid_03073,seller_1729,Fashion,DigitalPro,192.56,3.7,5426,5,801.0,1.0,0,1993,True,True,3,2025-03-19,IN,US,716,66,39,4.0,8.0,False,False,False,False
pid_04584,seller_4110,Cosmetics,LuxuryBrand,158.61,4.7,2414,5,612.0,1.0,1,5,False,True,3,2025-02-12,DE,US,2731,159,140,0.0,20.0,False,False,False,False
pid_04887,seller_8520,Cosmetics,HealthCar3 Plus,7.02,,457,3,466.0,12.0,2,364,False,False,3,2025-11-15,FR,CA,1665,168,73,3.0,2.0,False,True,False,False
pid_04840,seller_9803,Automotive,NaturalGl0w,73.92,3.2,506,3,20.0,21.0,2,1456,True,True,1,2025-10-13,JP,KR,4696,491,301,1.0,10.0,False,False,False,True
pid_04765,seller_7617,Automotive,LuxuryBr@nd,191.26,3.5,0,1,645.0,17.0,2,1587,True,False,2,2025-12-20,US,US,1356,24,67,,17.0,False,False,False,True
pid_02657,seller_2566,Automotive,EliteDesign,118.86,4.8,0,4,629.0,1.0,0,1283,True,False,4,2024-04-26,US,IN,823,39,6,3.0,15.0,False,False,False,False
pid_02213,seller_5344,Automotive,ExclusiveItems,75.61,5.0,2075,7,763.0,14.0,0,3082,True,True,1,2024-06-20,FR,AU,415,49,16,0.0,15.0,True,False,False,False
pid_01366,seller_2171,Cosmetics,BioMed Solutions,178.06,4.1,0,5,581.0,1.0,0,3718,True,True,5,2024-10-07,FR,IN,1902,149,80,1.0,25.0,False,False,False,False
pid_00414,seller_2763,Cosmetics,FashionForward,287.18,4.8,3628,7,522.0,1.0,0,2941,True,True,4,2024-10-05,JP,JP,634,21,46,0.0,4.0,False,False,False,False
pid_02637,seller_7852,Pharmaceuticals,CircuitMaster,23.96,3.3,3439,2,224.0,5.0,2,2114,True,False,2,2025-09-12,AU,IN,2999,178,117,1.0,0.0,False,True,False,True
pid_02854,seller_9094,Electronics,GlamourCo,91.01,4.8,1366,5,,17.0,1,2244,True,True,2,2025-02-06,KR,FR,4701,452,78,1.0,14.0,True,False,True,False
pid_02201,seller_3675,Electronics,ExclusiveItems,247.24,3.8,0,3,76.0,29.0,1,937,True,True,2,2025-08-12,JP,US,1803,224,48,1.0,10.0,False,False,True,False
pid_04705,seller_7336,Luxury Goods,MotorMax,53.41,4.1,938,4,33.0,21.0,1,2569,True,False,4,2024-06-09,CN,CN,4257,483,283,1.0,8.0,False,False,False,True
pid_01040,seller_7872,Luxury Goods,StyleHouse,139.83,3.2,0,2,235.0,20.0,1,1945,True,False,3,2025-07-10,IN,DE,688,61,47,2.0,10.0,True,True,False,False
pid_03143,seller_1720,Luxury Goods,NaturalGlow,165.67,4.2,1517,6,463.0,22.0,1,1605,True,True,3,2024-05-31,CN,AU,2287,85,95,3.0,21.0,False,False,True,False
pid_04344,seller_7999,Cosmetics,Dig1talPro,107.13,4.0,0,3,612.0,13.0,0,5,False,True,3,2024-05-18,CA,GB,1181,109,38,2.0,30.0,False,False,True,True
pid_00508,seller_1468,Automotive,NaturalGl0w,15.2,3.5,278,1,534.0,24.0,1,5,True,True,2,2025-10-16,JP,JP,4119,201,40,0.0,10.0,False,False,False,True
pid_03451,seller_4269,Cosmetics,ClassicWe@r,172.0,3.2,265,2,822.0,,0,5,False,False,1,2024-03-30,CN,GB,3252,375,139,0.0,18.0,False,False,True,True
pid_03370,seller_7151,Electronics,VehicleCare,199.32,4.0,1488,5,160.0,8.0,1,3155,True,True,3,2024-02-20,GB,GB,3626,85,71,1.0,26.0,False,False,False,True
pid_01781,seller_6323,Automotive,PremiumCraft,107.81,3.3,880,3,351.0,31.0,0,5,False,True,1,2025-12-30,FR,CN,1066,20,34,0.0,0.0,True,False,False,True
pid_04062,seller_4520,Pharmaceuticals,PremiumCraft,130.38,4.3,1695,3,320.0,11.0,3,930,False,True,1,2025-07-08,CA,JP,4231,499,52,0.0,9.0,False,False,False,False
pid_04461,seller_8030,Luxury Goods,PureSkin,207.73,3.5,2202,1,565.0,5.0,0,2611,False,True,3,2025-01-18,CA,KR,1565,99,82,0.0,12.0,False,False,False,False
pid_02443,seller_6873,Pharmaceuticals,BeautyLux,209.3,3.9,1860,5,630.0,10.0,0,1618,False,False,5,2024-11-10,IN,GB,76,11,0,1.0,27.0,False,False,False,False
pid_03361,seller_3675,Fashion,WellnessLab,62.79,4.9,626,3,837.0,12.0,2,1466,True,True,3,2024-01-13,GB,US,865,112,17,4.0,23.0,True,False,False,False
pid_00543,seller_3935,Cosmetics,PureSkin,81.91,4.2,746,2,723.0,8.0,2,617,True,True,2,2025-07-25,KR,KR,952,97,7,3.0,0.0,False,False,False,False
pid_02233,seller_2530,Automotive,GlamourCo,144.47,3.5,0,1,444.0,9.0,1,1496,False,True,3,2025-05-15,CN,US,2788,115,217,0.0,10.0,True,False,False,False
pid_04578,seller_8233,Automotive,FashionForward,166.12,3.9,456,1,166.0,28.0,1,92,True,False,4,2025-11-10,GB,GB,4344,624,316,1.0,15.0,False,True,True,False
pid_00223,seller_6519,Fashion,GlamourCo,180.58,3.8,1675,5,578.0,1.0,0,3355,True,True,2,2025-05-20,FR,DE,2930,337,76,2.0,12.0,False,False,False,True
pid_03732,seller_9878,Luxury Goods,TechCorp,159.51,4.5,242,7,564.0,1.0,0,354,True,True,2,2024-05-06,AU,DE,4510,116,184,3.0,14.0,False,False,False,False
pid_03006,seller_3214,Automotive,VehicleCare,36.08,3.7,2571,1,107.0,24.0,0,1756,True,True,2,2024-11-04,IN,FR,709,73,36,0.0,0.0,False,True,True,True
pid_01402,seller_3074,Electronics,PremiumCraft,82.86,3.6,3557,3,601.0,8.0,1,1768,True,True,3,2024-07-08,AU,FR,4686,248,321,0.0,9.0,False,True,False,False
pid_03385,seller_4664,Automotive,StyleHouse,196.68,4.1,3546,6,227.0,1.0,2,80,True,False,4,2024-01-29,AU,KR,2729,318,57,2.0,5.0,True,False,False,False
pid_02769,seller_5322,Cosmetics,Glam0urCo,133.96,3.9,0,1,476.0,1.0,3,5,True,True,2,2024-05-15,CN,CA,1327,50,48,0.0,12.0,True,False,True,True
pid_02136,seller_6360,Electronics,MediPharm,244.94,4.4,1061,8,324.0,20.0,0,2460,True,True,3,2024-01-30,CN,JP,2237,208,91,3.0,,False,False,False,False
pid_00180,seller_7020,Fashion,CircuitM@ster,44.89,4.6,724,4,544.0,13.0,0,355,True,True,3,2025-12-28,AU,CN,977,95,56,1.0,33.0,True,False,False,False
pid_03437,seller_1135,Cosmetics,EliteD3sign,186.32,4.0,1871,4,317.0,30.0,1,2490,True,True,4,2024-04-24,FR,DE,4240,562,227,2.0,0.0,False,True,False,True
pid_04898,seller_5532,Electronics,T3chCorp,5.0,1.9,347,1,20.0,35.0,1,6,False,False,1,2024-01-11,JP,US,3572,341,27,,0.0,False,True,False,True
pid_01322,seller_6412,Automotive,GlamourCo,210.93,4.7,1259,5,375.0,18.0,1,1116,True,False,2,2024-11-22,CA,GB,2396,170,118,2.0,,False,False,False,False
pid_04450,seller_7702,Luxury Goods,ElectroMax,68.96,3.4,1579,3,161.0,34.0,1,1535,True,True,1,2025-03-20,KR,JP,4491,54,121,0.0,11.0,True,True,False,False
pid_03265,seller_4409,Electronics,StyleHous3,225.63,3.2,564,3,,30.0,1,1361,False,True,2,2025-07-28,CA,GB,2813,138,171,2.0,15.0,False,False,False,True
pid_00539,seller_5005,Electronics,GlamourCo,262.48,4.3,1556,3,331.0,14.0,0,1522,False,True,1,2025-12-11,CA,DE,1902,100,94,1.0,8.0,True,False,False,False
pid_00289,seller_7487,Cosmetics,VehicleCare,137.23,4.1,0,5,458.0,12.0,1,5,True,True,4,2024-12-15,GB,IN,259,31,7,2.0,17.0,False,True,False,False
pid_00975,seller_5916,Fashion,MotorMax,114.8,3.5,1791,4,313.0,1.0,1,2802,True,True,3,2025-11-07,IN,CA,523,47,29,1.0,1.0,False,False,False,False
pid_02747,seller_6596,Electronics,W3llnessLab,5.0,3.5,0,1,20.0,22.0,3,1043,False,False,2,2024-08-15,DE,FR,1063,81,46,0.0,5.0,False,False,True,True
pid_04063,seller_7722,Fashion,MediPharm,94.92,4.2,2247,1,721.0,1.0,1,670,True,False,3,2024-06-17,DE,KR,753,62,15,1.0,,True,False,True,False
pid_02952,seller_2420,Cosmetics,MotorMax,160.98,4.7,3368,5,272.0,12.0,0,2772,False,False,4,2025-09-14,DE,US,2232,114,69,4.0,22.0,False,False,False,True
pid_00041,seller_6986,Luxury Goods,PremiumCraft,53.7,3.5,0,3,267.0,14.0,0,535,False,False,2,2025-01-04,IN,KR,3738,408,270,0.0,4.0,True,True,False,True
pid_04281,seller_8609,Pharmaceuticals,StyleHouse,165.63,3.1,0,5,515.0,21.0,1,264,True,True,4,2025-07-28,CA,CA,1865,93,60,1.0,0.0,True,True,False,True
pid_02601,seller_6276,Electronics,WellnessLab,60.67,3.7,835,1,725.0,19.0,3,611,True,False,1,2025-05-24,GB,FR,3181,133,131,1.0,2.0,True,False,False,True
pid_02964,seller_1016,Automotive,B3autyLux,54.25,3.0,3279,5,432.0,17.0,0,5,True,False,2,2025-01-13,US,JP,3493,108,57,4.0,5.0,True,False,False,True
pid_03419,seller_4885,Electronics,HealthCare P1us,123.2,3.7,2280,1,427.0,18.0,0,869,False,True,3,2024-10-08,AU,AU,4589,253,211,1.0,24.0,True,False,False,True
pid_03144,seller_3542,Fashion,CarT3ch,188.11,3.4,690,4,398.0,14.0,0,252,False,False,2,2025-09-10,US,JP,1638,219,68,3.0,6.0,False,False,False,True
pid_02158,seller_2131,Luxury Goods,NaturalGlow,58.91,3.8,4680,2,20.0,1.0,0,1995,True,False,2,2025-03-29,JP,IN,4655,407,212,2.0,13.0,False,False,False,False
pid_03285,seller_5202,Electronics,HealthCare Plus,137.68,4.4,2514,5,541.0,21.0,0,1395,False,False,4,2025-09-09,FR,DE,1107,162,64,0.0,9.0,True,False,False,False
pid_00876,seller_6652,Cosmetics,BioMed Solutions,103.06,4.0,312,4,262.0,7.0,3,1420,True,True,2,2025-11-17,DE,IN,4022,455,248,4.0,24.0,True,False,False,False
pid_01391,seller_3227,Electronics,PureSkin,10.34,3.3,1207,1,20.0,26.0,1,5,False,False,1,2025-07-06,GB,FR,3990,383,83,2.0,7.0,False,True,True,True
pid_00506,seller_2039,Automotive,CarTech,173.65,4.2,0,1,20.0,13.0,4,1095,True,True,1,2025-03-22,AU,AU,395,37,20,1.0,3.0,False,True,False,True
pid_03491,seller_2099,Cosmetics,NaturalGlow,87.33,3.5,1865,2,807.0,7.0,0,232,False,False,1,2024-02-05,US,DE,2982,116,21,2.0,,False,False,False,False
pid_01014,seller_2238,Cosmetics,LuxuryBrand,137.32,3.9,1617,3,194.0,3.0,0,1680,True,True,2,2024-08-30,IN,KR,376,39,17,1.0,24.0,False,False,False,False
pid_00387,seller_8956,Electronics,EliteDesign,69.9,3.5,2012,3,364.0,15.0,2,2145,True,False,5,2025-02-03,DE,US,4358,75,98,2.0,18.0,False,False,False,False
pid_04067,seller_1676,Automotive,NaturalGlow,108.41,3.6,0,3,327.0,15.0,1,1248,True,False,4,2024-08-16,IN,CA,4856,336,31,1.0,13.0,False,False,False,False
pid_00307,seller_1304,Fashion,ElectroMax,124.58,3.2,2459,4,573.0,11.0,0,528,True,True,3,2024-07-13,GB,CA,2721,165,95,0.0,4.0,False,False,True,True
pid_01336,seller_5732,Electronics,DigitalPro,76.35,3.4,0,4,24.0,20.0,2,5,True,True,2,2024-07-17,CA,JP,3223,454,187,0.0,0.0,False,False,False,True
pid_01863,seller_4011,Luxury Goods,DigitalPro,136.79,3.5,0,4,137.0,2.0,2,5,False,False,4,2024-12-16,CA,KR,4740,607,369,3.0,15.0,False,False,False,False
pid_03192,seller_5319,Automotive,VehicleCare,133.7,3.4,2755,3,198.0,34.0,2,5,True,False,2,2025-02-27,IN,AU,1839,39,108,0.0,0.0,True,False,False,False
pid_03340,seller_5701,Automotive,Be@utyLux,69.65,3.1,0,1,44.0,19.0,2,5,False,False,1,2025-08-14,IN,KR,836,27,20,0.0,0.0,False,False,False,True
pid_01255,seller_5264,Luxury Goods,FashionForward,150.98,4.4,0,7,170.0,4.0,1,1982,True,False,3,2024-03-21,CA,CN,3143,55,61,0.0,12.0,True,False,False,False
pid_04821,seller_1658,Fashion,CircuitMaster,287.32,4.4,1616,5,339.0,22.0,2,2165,True,True,2,2025-09-27,DE,DE,1137,21,53,0.0,16.0,True,False,False,False
pid_00340,seller_5434,Luxury Goods,Fa5hionForward,311.42,2.9,238,3,391.0,11.0,0,1036,False,False,1,2024-11-21,GB,CN,3791,136,111,2.0,0.0,False,False,False,True
pid_01801,seller_6775,Pharmaceuticals,TechCorp,109.78,4.0,1764,2,644.0,46.0,0,855,False,True,2,2024-12-06,CA,GB,3716,111,93,0.0,8.0,False,False,False,True
pid_04638,seller_7108,Pharmaceuticals,PremiumCraft,220.9,4.2,522,8,434.0,2.0,0,2881,False,True,2,2025-04-13,DE,DE,2819,42,21,1.0,36.0,False,False,False,False
pid_03362,seller_2366,Cosmetics,BeautyLux,41.12,3.7,3295,2,645.0,9.0,2,1784,True,True,4,2025-03-03,CN,IN,4129,123,288,2.0,5.0,False,False,False,True
pid_04402,seller_9996,Fashion,VehicleCare,167.43,4.6,0,2,233.0,5.0,2,2609,False,False,2,2025-01-13,US,CN,2466,44,120,3.0,18.0,True,True,False,False
pid_02860,seller_3733,Automotive,DigitalPro,5.0,2.9,2925,2,405.0,1.0,0,1792,True,True,1,2024-03-22,GB,IN,4377,622,190,0.0,6.0,False,True,False,False
pid_03886,seller_6775,Automotive,MediPharm,352.63,5.0,5081,4,398.0,6.0,0,2865,True,True,2,2024-10-20,FR,DE,2503,317,77,2.0,12.0,False,False,False,False
pid_00747,seller_5002,Luxury Goods,PureSkin,252.57,3.9,2226,4,800.0,21.0,1,5,True,True,5,2024-09-19,FR,FR,4510,137,234,2.0,12.0,True,False,False,False
pid_02668,seller_4542,Pharmaceuticals,MotorMax,230.99,4.7,4222,6,436.0,6.0,0,3699,True,False,4,2024-02-20,AU,KR,3231,454,31,5.0,22.0,False,False,False,False
pid_03536,seller_8802,Fashion,B3autyLux,96.81,4.0,4956,5,89.0,19.0,2,3955,True,True,2,2025-06-18,US,CA,297,39,12,0.0,12.0,False,True,False,True
pid_02053,seller_5442,Automotive,ExclusiveItems,116.34,4.2,1007,3,537.0,1.0,0,2950,True,True,2,2025-09-01,GB,AU,1249,86,76,1.0,6.0,False,False,False,False
pid_01503,seller_2763,Fashion,GlamourCo,131.1,4.1,2349,1,439.0,24.0,0,976,True,True,1,2024-07-24,FR,GB,1357,142,13,2.0,16.0,False,True,False,False
pid_04163,seller_4582,Fashion,ElectroMax,141.95,3.8,887,7,270.0,1.0,0,3963,True,True,5,2025-09-19,DE,CA,2692,117,163,2.0,17.0,False,False,False,False
pid_04092,seller_6566,Luxury Goods,CircuitMaster,246.98,4.1,0,3,437.0,16.0,1,2574,False,True,4,2024-05-03,CN,KR,873,91,42,2.0,13.0,False,False,False,False
pid_01780,seller_6068,Electronics,MotorMax,70.06,4.0,4072,4,341.0,1.0,0,1201,False,True,1,2025-11-07,IN,JP,3191,310,138,1.0,10.0,False,False,True,True
pid_02481,seller_7545,Automotive,MediPharm,439.23,5.0,5123,5,982.0,2.0,0,2617,True,True,4,2025-03-06,JP,AU,640,7,44,1.0,12.0,False,False,False,False
pid_00765,seller_2658,Luxury Goods,HealthCare Plus,191.92,4.5,1340,5,698.0,12.0,0,2272,True,False,4,2024-05-26,JP,FR,4397,321,239,2.0,8.0,True,False,False,False
pid_00925,seller_4946,Electronics,ElectroMax,298.82,4.9,2964,3,577.0,5.0,0,1578,True,False,2,2025-12-11,GB,IN,3564,447,200,1.0,35.0,False,False,False,False
pid_00856,seller_3053,Electronics,CarTech,320.62,5.0,1622,10,465.0,1.0,1,2075,True,True,5,2024-06-26,JP,CN,1803,192,139,3.0,21.0,False,False,False,False
pid_04885,seller_5841,Automotive,StyleHouse,180.39,3.5,1378,3,359.0,10.0,0,1720,False,False,2,2024-09-15,CA,CA,3995,378,106,5.0,14.0,False,False,False,False
pid_01270,seller_3679,Cosmetics,ClassicWear,252.54,4.3,0,6,349.0,34.0,0,1063,False,True,1,2025-08-15,CN,KR,1671,118,13,0.0,2.0,False,False,True,True
pid_04325,seller_4727,Automotive,CircuitMast3r,79.58,4.7,2100,4,52.0,21.0,0,993,True,True,2,2025-04-14,US,DE,1818,255,91,4.0,17.0,True,False,False,True
pid_03125,seller_3869,Cosmetics,BioMed S0lutions,134.2,4.0,0,2,60.0,22.0,0,3210,True,False,1,2025-06-07,US,DE,4384,651,106,2.0,2.0,False,True,False,True
pid_01114,seller_2692,Cosmetics,BioMed Solutions,196.17,2.9,2391,2,400.0,20.0,0,3497,False,True,4,2024-01-12,CN,CN,683,10,7,4.0,11.0,False,True,False,False
pid_04737,seller_5948,Fashion,LuxuryBrand,117.37,3.2,0,4,263.0,1.0,0,1220,True,True,1,2025-07-01,KR,GB,3165,395,240,0.0,16.0,False,False,True,True
pid_02349,seller_4161,Electronics,ExclusiveIt3ms,124.57,4.5,2139,6,355.0,16.0,0,2532,True,True,3,2024-01-15,AU,GB,1236,103,71,0.0,19.0,True,False,False,False
pid_00751,seller_4939,Automotive,GlamourCo,10.48,3.8,3044,4,465.0,13.0,0,206,True,False,3,2024-09-08,GB,FR,2399,196,137,2.0,1.0,False,False,True,False
pid_04834,seller_5416,Luxury Goods,Natura1Glow,141.58,4.0,712,5,147.0,27.0,0,3588,True,True,3,2024-03-24,CN,JP,91,4,4,1.0,14.0,False,False,True,False
pid_03271,seller_4546,Electronics,M3diPharm,168.92,3.7,0,4,510.0,36.0,0,3238,True,True,1,2025-05-18,IN,DE,2515,173,108,3.0,11.0,False,False,False,False
pid_00151,seller_2359,Fashion,B1oMed Solutions,57.89,3.4,0,4,175.0,17.0,1,5,True,True,3,2025-04-29,AU,FR,381,28,18,0.0,7.0,True,False,False,True
pid_01032,seller_5413,Fashion,PremiumCraft,123.73,3.8,1339,5,437.0,8.0,0,610,True,False,3,2024-06-24,CA,FR,240,18,6,2.0,8.0,False,True,False,False
pid_04166,seller_7311,Fashion,ExclusiveItems,189.82,4.1,2488,5,451.0,1.0,0,2587,True,True,4,2025-08-01,CA,CN,834,71,59,1.0,29.0,False,False,False,True
pid_00346,seller_9150,Cosmetics,G1amourCo,115.54,2.8,0,1,451.0,40.0,1,145,False,False,1,2024-07-20,FR,DE,246,33,14,0.0,1.0,True,True,True,True
pid_03272,seller_4145,Pharmaceuticals,ElectroMax,71.38,3.9,1468,3,382.0,26.0,2,1933,True,False,4,2024-03-31,DE,CA,1509,110,21,1.0,8.0,False,False,True,True
pid_01670,seller_5870,Fashion,CarTech,252.6,5.0,2352,5,692.0,15.0,0,1515,True,True,3,2025-05-15,CN,US,2806,152,107,2.0,33.0,False,False,False,False
pid_00706,seller_7427,Fashion,CircuitMast3r,57.74,4.4,4814,6,433.0,1.0,0,1409,True,False,4,2025-02-17,KR,CN,1349,155,74,3.0,22.0,False,False,False,True
pid_04664,seller_9391,Pharmaceuticals,GlamourCo,108.08,,377,2,368.0,25.0,0,5,True,False,2,2024-09-03,JP,KR,3914,482,263,0.0,0.0,True,False,False,False
pid_02387,seller_3404,Cosmetics,AutoParts Pro,140.51,3.9,0,6,204.0,5.0,0,726,False,True,4,2025-04-24,FR,IN,2319,211,121,4.0,19.0,False,False,False,False
pid_04231,seller_6460,Luxury Goods,BioMed Solut1ons,99.04,4.1,738,5,487.0,16.0,1,3410,False,True,2,2025-07-14,CN,KR,3422,286,200,3.0,7.0,True,True,False,True
pid_01400,seller_1459,Electronics,BeautyLux,270.86,5.0,3905,6,613.0,7.0,0,1924,True,False,5,2025-12-27,FR,KR,4414,411,83,1.0,6.0,False,False,False,False
pid_01017,seller_8186,Luxury Goods,HealthCare Plus,172.81,3.3,4222,1,586.0,30.0,0,2865,False,False,1,2024-09-01,AU,AU,982,137,23,1.0,3.0,True,False,True,False
pid_04617,seller_6948,Automotive,LuxuryBrand,144.13,4.8,3026,1,109.0,15.0,0,559,True,False,1,2025-12-15,GB,DE,1824,55,35,1.0,11.0,False,True,False,True
pid_01649,seller_1268,Cosmetics,CarTech,209.82,4.0,5701,5,343.0,11.0,1,2747,True,True,2,2025-03-31,CA,KR,912,45,59,1.0,9.0,True,False,False,False
pid_04175,seller_1658,Automotive,MotorMax,40.86,4.8,0,1,471.0,16.0,2,1559,True,False,5,2025-02-05,DE,KR,3125,290,219,0.0,21.0,False,False,False,False
pid_01502,seller_8743,Electronics,ClassicWear,226.0,3.4,0,6,202.0,9.0,0,1629,True,True,2,2024-08-16,CN,US,115,3,2,1.0,0.0,False,False,False,True
pid_00087,seller_5861,Cosmetics,GlamourCo,217.37,4.3,2683,3,707.0,30.0,0,1105,True,True,3,2024-03-07,KR,FR,1609,111,10,1.0,4.0,True,False,False,False
pid_00521,seller_2176,Fashion,EliteDesign,234.27,3.7,1437,5,365.0,11.0,0,2237,True,True,6,2024-04-20,KR,AU,2188,181,124,1.0,12.0,False,False,False,False
pid_04541,seller_3404,Luxury Goods,HealthCare Plus,165.9,4.6,2948,6,507.0,1.0,1,2789,True,True,4,2024-10-02,GB,IN,653,36,33,5.0,8.0,False,False,False,False
pid_01556,seller_2945,Cosmetics,EliteDesign,5.0,3.7,687,3,273.0,28.0,0,2270,True,False,4,2025-12-19,IN,GB,3109,458,121,1.0,14.0,True,False,True,False
pid_03818,seller_1804,Pharmaceuticals,Clas5icWear,5.96,3.6,1024,1,286.0,33.0,1,5,False,True,2,2024-09-27,GB,AU,3623,62,187,2.0,3.0,True,False,False,True
pid_02966,seller_1166,Pharmaceuticals,MediPharm,189.72,3.5,0,3,226.0,31.0,0,1043,True,True,1,2024-02-22,KR,IN,2699,53,123,0.0,,False,False,False,False
pid_04989,seller_4453,Pharmaceuticals,VehicleCare,5.0,3.7,2002,5,113.0,17.0,1,933,False,True,2,2024-12-27,CA,DE,776,48,54,3.0,1.0,False,False,False,True
pid_02416,seller_1236,Fashion,BioMed Solution5,88.57,4.0,0,2,650.0,14.0,1,2293,True,False,2,2024-11-06,US,KR,350,27,19,0.0,2.0,False,False,False,True
pid_01201,seller_8221,Electronics,WellnessLab,128.74,4.4,0,1,227.0,26.0,2,1187,False,True,1,2024-01-30,KR,AU,1409,152,15,2.0,1.0,False,True,True,False
pid_02135,seller_5903,Automotive,CircuitMaster,232.06,4.7,2089,1,628.0,24.0,1,1586,True,True,1,2025-08-13,IN,CA,981,25,76,2.0,17.0,False,False,False,False
pid_03858,seller_7500,Fashion,StyleHouse,160.8,3.5,2507,3,238.0,11.0,0,1874,False,True,5,2024-02-05,IN,CA,2992,417,140,0.0,20.0,False,False,False,False
pid_04255,seller_1146,Cosmetics,AutoParts Pro,206.39,4.1,1278,5,20.0,14.0,1,5,False,True,5,2024-04-22,FR,CN,1141,151,58,0.0,12.0,False,False,False,True
pid_04847,seller_1693,Electronics,ElectroM@x,126.67,3.7,4533,3,255.0,15.0,1,2660,True,True,4,2025-03-05,DE,AU,215,31,1,0.0,13.0,True,True,False,True
pid_02695,seller_7427,Luxury Goods,BeautyLux,5.0,4.0,2506,4,90.0,30.0,2,5,True,True,2,2024-03-31,AU,CN,2448,298,57,3.0,3.0,False,False,True,False
pid_04899,seller_2112,Automotive,Vehicl3Care,207.42,3.8,0,3,307.0,33.0,0,1343,True,True,2,2025-07-17,AU,GB,3120,277,90,0.0,0.0,False,False,False,True
pid_03039,seller_1342,Luxury Goods,TrendSetter,164.54,4.3,3795,4,247.0,19.0,1,1988,True,True,3,2025-02-12,FR,IN,3081,340,117,1.0,11.0,False,False,False,False
pid_01142,seller_2983,Cosmetics,M0torMax,138.46,3.4,0,1,20.0,28.0,1,5,False,False,1,2025-11-04,FR,IN,2557,366,49,0.0,12.0,False,False,False,True
pid_02800,seller_8951,Pharmaceuticals,BeautyLux,166.05,3.7,2144,3,349.0,6.0,2,1615,False,True,1,2024-10-07,DE,CA,3312,167,142,0.0,,True,False,True,False
pid_00010,seller_1135,Electronics,MotorMax,232.73,3.8,1142,5,495.0,16.0,2,1142,True,True,1,2025-08-19,IN,CN,4416,457,268,1.0,15.0,False,False,False,False
pid_04144,seller_3116,Automotive,PureSkin,134.65,3.8,3541,4,,4.0,0,2481,True,False,2,2025-10-22,US,CN,4406,617,174,2.0,8.0,True,False,False,False
pid_03504,seller_1841,Automotive,PureSkin,71.79,3.2,0,1,401.0,9.0,1,762,True,True,6,2025-05-27,CN,GB,2266,224,113,1.0,9.0,False,False,False,True
pid_03511,seller_1746,Electronics,VehicleCare,274.8,4.2,3200,4,518.0,2.0,0,2414,True,False,4,2024-06-21,JP,IN,2617,36,125,,21.0,True,True,False,False
pid_04080,seller_3387,Cosmetics,LuxuryBrand,55.07,4.1,686,3,275.0,14.0,0,5,True,True,1,2025-02-19,AU,JP,4864,474,88,0.0,8.0,False,True,False,False
pid_03219,seller_8736,Pharmaceuticals,BioMed Solutions,170.44,3.9,3387,1,437.0,21.0,1,2236,True,False,2,2025-04-01,KR,GB,4186,136,253,3.0,26.0,True,False,False,True
pid_03345,seller_2515,Cosmetics,ExclusiveItem5,36.08,3.7,0,4,367.0,29.0,2,257,False,False,2,2024-05-24,CN,JP,4094,339,212,0.0,,False,False,False,False
pid_01845,seller_6509,Fashion,PureSkin,216.06,3.9,4439,3,716.0,7.0,0,1668,True,False,5,2025-06-04,CA,KR,4814,635,208,4.0,10.0,False,False,False,False
pid_02099,seller_4658,Fashion,NaturalGlow,83.91,4.4,1828,6,946.0,2.0,0,3004,False,True,4,2025-10-22,CA,DE,148,17,10,3.0,28.0,False,True,False,False
pid_00569,seller_2206,Fashion,TrendSett3r,117.07,4.4,2193,4,391.0,24.0,1,2729,True,False,3,2024-04-13,JP,DE,4886,686,317,0.0,11.0,False,False,True,False
pid_02908,seller_6621,Fashion,PureSkin,88.21,3.1,4157,2,180.0,22.0,1,5,True,True,3,2024-02-05,AU,CN,1664,71,55,2.0,16.0,False,False,False,True
pid_04211,seller_9639,Cosmetics,CircuitMaster,201.94,3.2,1203,6,476.0,24.0,3,2054,False,True,2,2024-03-30,JP,US,1282,108,63,2.0,21.0,False,False,False,False
pid_01408,seller_8431,Cosmetics,PureSkin,166.32,4.8,1403,6,616.0,26.0,0,1240,True,True,2,2025-08-10,GB,CN,2889,356,163,2.0,14.0,True,False,False,False
pid_03546,seller_3053,Electronics,MediPharm,176.12,4.2,3456,3,302.0,1.0,0,2730,False,True,3,2024-01-13,KR,DE,2111,159,141,4.0,11.0,False,False,False,False
pid_03698,seller_3567,Automotive,NaturalGlow,228.73,4.0,0,1,735.0,13.0,1,2434,True,False,3,2024-01-11,GB,IN,4539,412,337,2.0,17.0,False,False,False,False
pid_03650,seller_1849,Pharmaceuticals,FashionForward,327.56,5.0,1706,5,796.0,1.0,0,3464,True,True,5,2025-03-22,JP,IN,4260,229,175,3.0,24.0,False,False,False,False
pid_03706,seller_2679,Pharmaceuticals,ClassicWear,270.38,4.2,3043,4,466.0,27.0,0,2222,True,True,6,2024-02-01,GB,GB,2768,57,77,0.0,22.0,False,False,False,False
pid_03189,seller_9138,Pharmaceuticals,TechCorp,155.53,4.4,726,2,499.0,14.0,2,1023,True,True,2,2024-04-12,US,CA,3604,223,275,2.0,7.0,True,False,False,False
pid_01332,seller_8362,Fashion,BioMed Solutions,93.3,3.4,3638,4,465.0,14.0,1,1295,False,True,3,2025-08-11,FR,FR,1297,29,41,1.0,3.0,True,False,True,False
pid_01647,seller_5754,Pharmaceuticals,LuxuryBrand,185.7,4.5,5697,7,364.0,1.0,0,4000,True,True,6,2025-06-13,US,AU,2699,80,162,4.0,29.0,False,False,False,False
pid_03443,seller_7500,Automotive,CarTech,152.17,4.6,5108,2,675.0,14.0,0,2485,True,True,6,2024-12-15,AU,GB,2033,246,61,3.0,19.0,False,False,False,False
pid_04242,seller_3240,Pharmaceuticals,TrendSetter,118.08,3.8,3041,4,550.0,25.0,0,2674,True,True,5,2024-03-12,KR,GB,1334,188,32,3.0,10.0,False,False,False,False
pid_00688,seller_9471,Pharmaceuticals,PremiumCraft,207.57,4.8,3688,4,725.0,8.0,1,1055,True,True,1,2025-06-03,DE,AU,4205,455,170,2.0,9.0,False,False,False,False
pid_00822,seller_5586,Fashion,GlamourCo,5.0,3.9,2898,1,43.0,30.0,3,5,False,True,1,2024-06-23,KR,DE,2388,83,125,0.0,8.0,True,False,True,True
pid_02303,seller_9091,Fashion,ElectroMax,220.62,3.6,8,6,667.0,10.0,0,2437,True,True,4,2024-11-29,CN,GB,1109,90,29,2.0,13.0,False,False,False,False
pid_03259,seller_1526,Automotive,ExclusiveItems,161.34,3.9,766,4,609.0,8.0,1,2614,False,True,3,2024-09-28,JP,DE,3093,385,172,2.0,17.0,True,False,True,False
pid_03852,seller_7502,Cosmetics,ElectroMax,236.71,5.0,2614,4,289.0,3.0,0,3459,True,True,4,2024-08-02,JP,FR,336,29,7,5.0,,False,False,False,False
pid_01677,seller_4123,Fashion,StyleHouse,306.09,5.0,3703,2,,22.0,0,3011,True,True,3,2024-01-06,CA,KR,2983,372,96,4.0,21.0,False,False,False,False
pid_01149,seller_3411,Automotive,AutoPart5 Pro,54.47,3.5,0,3,20.0,,2,1478,True,False,2,2024-11-19,US,FR,4159,496,269,0.0,16.0,False,False,False,True
pid_03177,seller_1754,Automotive,El3ctroMax,79.3,3.9,47,1,91.0,18.0,1,5,False,False,4,2025-05-17,US,AU,2284,123,117,0.0,9.0,False,False,True,True
pid_03493,seller_9891,Automotive,DigitalPro,100.36,3.3,1874,1,228.0,23.0,2,5,True,True,1,2025-02-15,JP,DE,2375,353,180,0.0,0.0,False,True,True,True
pid_03121,seller_1797,Fashion,El3ctroMax,38.79,3.4,1609,3,306.0,17.0,1,508,True,True,4,2024-07-28,IN,GB,2412,326,157,3.0,5.0,False,False,False,True
pid_02114,seller_5333,Cosmetics,CarTech,142.8,3.8,4479,3,391.0,4.0,0,2235,True,True,5,2024-06-13,CN,FR,1424,113,97,2.0,9.0,True,False,False,False
pid_03399,seller_6858,Cosmetics,PureSkin,363.53,3.9,3269,6,749.0,15.0,0,3600,True,False,3,2024-09-29,IN,GB,691,9,53,4.0,24.0,False,False,False,False
pid_04397,seller_5266,Electronics,BeautyLux,110.92,3.3,1582,1,200.0,35.0,2,1491,False,True,5,2025-01-17,GB,CA,704,57,45,3.0,3.0,False,False,False,False
pid_03240,seller_3343,Fashion,CarTech,128.03,4.5,0,1,491.0,40.0,3,945,False,False,1,2024-06-02,CA,IN,1167,100,93,2.0,10.0,False,False,False,True
pid_03461,seller_2270,Electronics,MediPharm,92.64,3.6,3252,2,155.0,17.0,0,765,True,True,1,2025-04-27,CA,GB,899,76,10,2.0,5.0,False,True,False,False
pid_03163,seller_1664,Luxury Goods,BeautyLux,59.51,3.3,0,4,20.0,4.0,0,2557,False,False,2,2025-07-13,CN,US,1617,24,25,1.0,8.0,True,False,False,False
pid_04888,seller_2438,Electronics,Mot0rMax,173.17,3.9,0,3,465.0,11.0,1,1366,True,False,1,2025-01-18,DE,DE,453,62,6,3.0,4.0,False,True,False,False
pid_00917,seller_6332,Automotive,BeautyLux,303.27,4.4,5210,4,365.0,9.0,0,1392,True,True,3,2025-03-08,DE,CA,286,26,10,1.0,14.0,False,False,False,False
pid_02576,seller_5613,Automotive,NaturalGlow,27.71,3.8,0,2,216.0,33.0,2,2080,False,False,1,2024-05-12,CN,CA,514,73,33,2.0,14.0,False,False,False,False
pid_03505,seller_6994,Cosmetics,M3diPharm,67.75,4.1,1080,1,328.0,23.0,0,21,False,True,4,2024-06-28,JP,KR,2147,183,170,0.0,25.0,False,False,True,True
pid_02166,seller_6723,Cosmetics,StyleHouse,50.83,3.3,0,1,194.0,29.0,1,1788,True,False,4,2024-08-23,JP,CN,1119,125,65,2.0,,False,False,False,True
pid_00559,seller_9693,Cosmetics,BioMed Solutions,104.97,3.9,1047,1,825.0,1.0,0,364,True,False,1,2024-05-25,FR,GB,4449,402,69,4.0,16.0,True,False,False,True
pid_02538,seller_2643,Pharmaceuticals,DigitalPro,117.76,2.9,1366,2,213.0,24.0,1,1658,True,False,1,2025-02-28,GB,GB,2030,207,13,2.0,1.0,False,False,True,False
pid_00707,seller_1262,Pharmaceuticals,EliteDesign,228.88,5.0,3503,6,666.0,40.0,1,3494,True,False,5,2025-07-06,DE,US,1165,22,56,3.0,7.0,True,False,False,False
pid_02569,seller_4475,Automotive,DigitalPro,322.98,3.7,2682,3,384.0,20.0,0,2331,False,False,2,2025-07-14,KR,AU,1321,71,33,4.0,2.0,False,False,False,False
pid_00583,seller_8221,Fashion,HealthCare Plus,251.9,4.0,3398,5,716.0,25.0,0,1993,True,True,2,2024-07-06,CN,KR,2570,46,174,5.0,16.0,False,False,False,False
pid_01208,seller_4980,Fashion,He@lthCare Plus,5.0,3.3,0,2,218.0,30.0,2,5,True,True,3,2025-05-23,US,CN,4923,464,95,0.0,0.0,False,False,False,True
pid_03628,seller_7911,Pharmaceuticals,LuxuryBrand,28.52,4.6,0,7,304.0,25.0,1,1719,False,False,2,2025-05-16,FR,AU,4843,537,329,1.0,2.0,True,False,False,False
pid_00422,seller_9062,Electronics,TechCorp,7.85,3.9,0,3,359.0,18.0,1,5,False,True,1,2024-07-04,IN,CN,4812,107,160,0.0,21.0,False,True,False,True
pid_02768,seller_4888,Luxury Goods,Exclusiv3Items,221.95,4.6,0,6,275.0,33.0,0,2422,True,False,3,2024-11-10,IN,CN,1644,199,121,4.0,21.0,False,False,False,True
pid_00875,seller_8673,Electronics,ClassicWear,192.67,4.1,73,3,77.0,4.0,2,538,True,True,1,2024-03-25,US,AU,2318,261,62,2.0,21.0,False,False,False,False
pid_04502,seller_1255,Fashion,PureSkin,137.37,4.1,1020,4,334.0,21.0,0,2295,True,True,1,2024-04-21,AU,DE,1413,183,77,1.0,1.0,False,False,True,True
pid_04070,seller_8609,Fashion,BeautyLux,50.21,3.2,0,2,,28.0,1,5,True,True,1,2024-05-27,AU,CA,3142,280,170,0.0,0.0,False,False,False,False
pid_03133,seller_3185,Luxury Goods,PureSkin,84.32,4.0,1856,4,195.0,17.0,0,2049,True,True,4,2024-12-29,AU,US,2347,285,74,0.0,6.0,False,False,False,False
pid_01566,seller_9850,Cosmetics,C@rTech,74.2,5.0,0,2,368.0,17.0,1,1723,True,True,4,2025-12-22,CA,KR,1390,81,94,0.0,24.0,True,False,False,True
pid_03541,seller_8600,Pharmaceuticals,NaturalGlow,297.48,4.2,6943,7,878.0,1.0,0,1396,True,True,5,2025-02-04,KR,GB,4604,468,25,2.0,31.0,False,False,False,False
pid_00227,seller_4919,Fashion,BioMed Solutions,137.39,4.3,2142,3,632.0,25.0,3,5,True,True,4,2024-09-03,CA,CA,2902,256,151,0.0,10.0,False,False,False,False
pid_00826,seller_1382,Fashion,LuxuryBrand,157.05,3.8,1934,3,295.0,12.0,2,1304,False,True,1,2025-12-10,DE,DE,4791,513,75,2.0,9.0,True,False,False,False
pid_03703,seller_3678,Pharmaceuticals,ElectroMax,287.7,4.2,2868,6,703.0,1.0,0,3496,False,True,2,2024-09-29,CA,JP,3808,464,171,1.0,5.0,False,False,True,False
pid_02567,seller_5539,Fashion,MediPharm,301.6,4.2,0,9,598.0,15.0,3,2975,True,True,2,2025-09-05,FR,FR,3789,115,274,3.0,24.0,True,False,False,False
pid_04313,seller_1363,Automotive,ElectroMax,224.51,4.1,3861,8,547.0,25.0,0,2573,True,True,1,2025-12-17,CA,DE,1025,49,10,0.0,16.0,True,True,True,False
pid_01636,seller_5135,Fashion,PureSkin,261.55,3.5,1003,5,476.0,5.0,0,5,True,True,2,2025-05-19,CA,DE,941,116,27,1.0,,False,False,False,True
pid_03991,seller_7812,Electronics,ExclusiveItems,185.4,3.9,3587,4,673.0,1.0,0,2227,True,False,2,2025-08-23,CN,JP,4737,168,58,2.0,16.0,False,False,False,False
pid_03197,seller_4775,Automotive,ExclusiveItems,201.52,3.8,2627,3,255.0,14.0,0,3627,True,True,5,2024-08-07,IN,AU,4408,642,318,3.0,8.0,True,False,False,False
pid_02441,seller_2085,Luxury Goods,HealthCare Plus,311.66,4.9,2120,4,765.0,13.0,0,2338,True,False,6,2024-06-02,CA,IN,1633,228,120,2.0,16.0,False,False,False,False
pid_01190,seller_1678,Electronics,Exclu5iveItems,96.76,2.9,1001,1,,42.0,3,580,False,False,1,2025-04-07,JP,CN,1173,70,16,0.0,4.0,False,True,False,False
pid_04852,seller_2144,Pharmaceuticals,LuxuryBrand,183.39,3.0,2935,5,539.0,1.0,0,3347,False,False,1,2025-02-20,AU,IN,3770,339,279,4.0,22.0,True,False,False,True
pid_03868,seller_6183,Cosmetics,ExclusiveItems,99.98,4.3,1797,2,329.0,22.0,1,1591,True,True,4,2025-09-10,GB,IN,3268,404,34,1.0,4.0,True,False,True,False
pid_01569,seller_7110,Luxury Goods,WellnessLab,224.26,3.4,1117,3,166.0,16.0,1,188,False,False,1,2025-12-20,DE,GB,4897,603,346,1.0,0.0,False,True,True,True
pid_02984,seller_7981,Luxury Goods,AutoParts Pro,125.86,3.9,0,1,,35.0,1,369,True,True,2,2024-06-21,FR,CN,3496,303,273,4.0,0.0,False,False,False,True
pid_02134,seller_1329,Cosmetics,FashionForward,259.9,3.1,302,5,191.0,28.0,0,2123,False,True,1,2024-03-03,US,CN,1518,198,118,1.0,1.0,False,False,False,True
pid_03689,seller_6479,Electronics,StyleHouse,182.5,4.0,1695,4,251.0,35.0,0,850,True,False,3,2024-10-05,GB,GB,3945,150,287,4.0,18.0,True,False,False,False
pid_01808,seller_2454,Electronics,NaturalGlow,84.66,4.1,3628,4,577.0,10.0,0,2423,False,False,2,2025-12-23,AU,CN,1295,63,96,3.0,22.0,False,False,False,False
pid_00825,seller_2860,Automotive,LuxuryBrand,118.42,3.5,1115,4,307.0,25.0,4,2402,False,False,2,2025-03-17,JP,AU,3892,520,86,2.0,7.0,True,True,True,False
pid_00499,seller_5879,Automotive,NaturalGlow,152.85,3.4,0,4,,15.0,1,1276,True,True,3,2025-09-06,JP,CA,865,126,41,1.0,27.0,False,False,False,True
pid_04323,seller_8923,Luxury Goods,ExclusiveItems,143.68,,2958,2,215.0,18.0,0,1170,True,False,1,2024-08-31,IN,CN,2474,336,179,1.0,0.0,True,False,False,False
pid_03403,seller_7227,Fashion,LuxuryBrand,186.87,4.8,6421,9,849.0,10.0,0,523,True,False,5,2024-09-07,CA,US,2035,291,90,3.0,28.0,False,False,False,False
pid_00816,seller_3985,Cosmetics,T3chCorp,163.41,2.7,361,1,20.0,23.0,3,764,False,False,3,2025-08-17,GB,DE,257,18,9,2.0,12.0,False,False,False,False
pid_01316,seller_2530,Luxury Goods,BeautyLux,197.41,4.0,0,5,462.0,33.0,2,1333,True,True,6,2025-01-15,JP,IN,4106,489,245,0.0,22.0,True,False,False,True
pid_02943,seller_1329,Cosmetics,HealthCare Plus,276.25,5.0,0,5,283.0,21.0,1,2024,True,True,4,2025-06-03,US,IN,3398,402,122,0.0,12.0,True,False,False,False
pid_00509,seller_7228,Pharmaceuticals,FashionForward,247.93,4.3,4128,5,649.0,1.0,0,4000,True,True,6,2025-06-05,CN,US,2936,112,69,5.0,21.0,False,False,False,False
pid_00146,seller_6593,Cosmetics,PremiumCraft,75.49,,146,2,585.0,35.0,2,642,True,False,1,2025-09-11,JP,US,1995,209,111,0.0,9.0,False,False,False,False
pid_04198,seller_1471,Luxury Goods,ExclusiveItems,274.08,4.7,4486,4,889.0,4.0,0,2215,False,True,3,2024-10-15,KR,CA,2448,161,167,4.0,21.0,True,False,False,False
pid_04695,seller_5835,Automotive,TrendSetter,303.13,4.8,3657,5,705.0,11.0,0,1827,True,True,3,2025-10-12,GB,GB,1009,68,32,3.0,,False,False,False,True
pid_03891,seller_1184,Luxury Goods,El3ctroMax,204.3,4.1,2352,4,635.0,8.0,2,1113,True,True,3,2025-11-11,AU,AU,3553,483,90,3.0,8.0,True,False,True,True
pid_01536,seller_7060,Electronics,DigitalPro,187.6,5.0,3348,3,275.0,20.0,0,2780,True,True,4,2025-02-18,CA,FR,4255,60,299,3.0,,True,False,False,False
pid_04813,seller_5858,Luxury Goods,MotorMax,227.46,4.3,1158,6,169.0,6.0,0,1268,True,False,1,2025-03-19,IN,AU,1733,87,16,4.0,22.0,False,False,False,False
pid_01196,seller_9261,Automotive,NaturalGlow,185.81,3.9,2948,1,187.0,12.0,1,1673,True,False,2,2025-08-13,US,AU,3140,225,69,1.0,14.0,False,False,False,True
pid_04732,seller_6699,Pharmaceuticals,FashionF0rward,233.34,3.7,324,1,277.0,23.0,4,5,True,False,2,2025-08-11,JP,JP,2495,315,103,0.0,0.0,True,False,True,True
pid_00470,seller_6974,Electronics,AutoParts Pro,90.57,3.3,1275,4,20.0,22.0,1,5,False,True,2,2024-05-07,US,GB,2861,356,182,0.0,12.0,False,True,False,True
pid_04475,seller_4434,Luxury Goods,CarTech,108.56,3.4,267,5,321.0,17.0,2,5,True,False,1,2024-10-25,DE,DE,3345,433,144,1.0,1.0,True,False,False,False
pid_04990,seller_5916,Automotive,PremiumCraft,237.97,4.0,1375,4,330.0,,0,1978,True,True,1,2025-12-04,AU,US,3669,539,163,2.0,12.0,False,False,False,False
pid_01789,seller_9980,Luxury Goods,CircuitM@ster,195.77,3.7,402,2,397.0,15.0,2,5,False,True,4,2025-11-22,US,CA,1305,144,49,0.0,0.0,False,True,False,True
pid_04147,seller_8990,Fashion,EliteDesign,67.95,3.6,0,1,179.0,25.0,1,1249,False,False,1,2025-12-12,KR,GB,507,41,11,2.0,,True,False,False,False
pid_00204,seller_6055,Cosmetics,HealthCare Plus,126.15,5.0,2969,4,304.0,17.0,0,521,True,True,4,2025-11-28,GB,US,3029,310,182,2.0,12.0,False,False,False,False
pid_02005,seller_1168,Pharmaceuticals,StyleHous3,139.85,3.9,0,3,394.0,22.0,1,1676,False,True,3,2025-04-01,DE,US,3585,313,136,2.0,20.0,True,False,False,True
pid_04686,seller_3004,Electronics,NaturalG1ow,103.03,3.8,80,3,439.0,7.0,0,1695,False,True,1,2025-08-04,KR,AU,3081,419,33,2.0,20.0,False,False,False,True
pid_02354,seller_4980,Pharmaceuticals,TrendSetter,134.17,,181,5,20.0,11.0,0,2897,True,True,1,2024-12-17,DE,US,4771,523,295,1.0,12.0,True,False,True,False
pid_01754,seller_3691,Automotive,PureSk1n,77.12,5.0,1536,3,484.0,10.0,0,1484,False,False,2,2024-01-02,KR,FR,3634,499,238,5.0,19.0,False,False,False,True
pid_01215,seller_3617,Fashion,CircuitMast3r,5.0,3.9,3511,3,305.0,16.0,0,993,True,False,1,2025-06-08,JP,DE,1166,104,78,3.0,14.0,False,False,True,False
pid_04353,seller_2907,Automotive,CircuitMaster,104.35,3.5,0,2,368.0,16.0,0,1886,False,False,1,2024-11-06,IN,FR,708,85,55,2.0,17.0,False,True,False,False
pid_04443,seller_9459,Fashion,FashionForward,225.41,4.5,706,2,216.0,27.0,2,161,False,True,1,2024-08-15,KR,DE,1965,150,126,3.0,12.0,False,True,True,True
pid_04024,seller_9811,Cosmetics,NaturalGlow,134.1,4.1,3171,1,840.0,2.0,2,457,True,True,4,2025-07-08,KR,KR,2140,192,164,1.0,26.0,False,False,True,False
pid_01451,seller_7702,Cosmetics,ClassicWear,171.75,4.2,0,3,340.0,25.0,1,5,True,True,3,2025-11-28,CA,CA,4795,478,153,4.0,0.0,False,False,False,False
pid_02215,seller_3967,Fashion,ExclusiveItems,199.93,4.2,1271,1,366.0,2.0,0,1900,True,True,5,2025-05-08,JP,AU,3876,510,136,4.0,3.0,False,False,False,False
pid_02537,seller_2807,Electronics,LuxuryBrand,5.0,4.4,1465,3,397.0,1.0,0,2529,True,False,1,2025-05-24,JP,KR,4722,464,136,1.0,10.0,False,False,False,True
pid_01903,seller_2074,Electronics,VehicleCare,148.45,4.1,2878,5,119.0,15.0,0,519,False,True,2,2025-01-19,FR,KR,644,68,45,0.0,11.0,True,True,False,True
pid_00979,seller_7792,Cosmetics,FashionForward,234.07,4.2,2272,8,793.0,7.0,0,4000,False,True,3,2025-01-28,KR,CA,2360,96,120,3.0,10.0,True,False,False,False
pid_00549,seller_3424,Pharmaceuticals,WellnessLab,147.06,4.3,1176,3,520.0,17.0,0,2467,True,True,5,2024-04-26,FR,JP,4884,653,38,3.0,11.0,True,False,False,False
pid_04797,seller_1664,Pharmaceuticals,BioMed Solutions,286.72,5.0,4351,3,475.0,13.0,0,3213,True,True,3,2024-01-28,FR,JP,252,20,4,5.0,22.0,True,False,False,False
pid_03755,seller_2414,Electronics,LuxuryBrand,112.44,3.1,290,4,407.0,19.0,2,1006,True,True,3,2025-11-23,AU,FR,4067,404,198,1.0,,False,False,False,True
pid_02266,seller_2443,Cosmetics,TechCorp,242.11,4.5,0,2,347.0,18.0,0,1350,False,True,3,2024-12-21,US,US,1703,44,42,5.0,25.0,False,False,False,False
pid_04432,seller_2086,Luxury Goods,MediPharm,144.17,4.0,793,6,487.0,1.0,0,2558,True,True,3,2025-08-24,DE,FR,1728,80,18,0.0,6.0,False,False,False,False
pid_01425,seller_9872,Automotive,AutoPart5 Pro,196.72,4.0,425,2,525.0,19.0,3,438,True,False,3,2024-12-24,US,GB,1919,94,90,2.0,11.0,True,False,True,True
pid_03951,seller_1855,Pharmaceuticals,PremiumCraft,240.8,5.0,2179,6,516.0,1.0,0,4000,True,True,5,2025-08-29,KR,CN,1490,102,76,4.0,22.0,False,False,False,False
pid_00576,seller_6798,Electronics,VehicleCare,223.26,4.1,3464,2,528.0,21.0,1,2127,True,False,3,2025-09-04,JP,GB,4268,431,293,2.0,7.0,False,False,True,False
pid_01452,seller_8569,Automotive,LuxuryBrand,136.92,3.8,536,7,570.0,12.0,0,3476,True,True,5,2024-06-19,GB,DE,4203,265,331,2.0,10.0,False,False,False,False
pid_03227,seller_8294,Fashion,EliteD3sign,213.35,4.0,0,5,547.0,13.0,0,1746,True,True,2,2025-01-23,KR,JP,1190,96,49,1.0,0.0,True,False,True,True
pid_00445,seller_4035,Automotive,PureSkin,190.82,4.1,5474,5,427.0,3.0,0,1228,True,True,6,2024-05-19,US,JP,2660,270,203,4.0,13.0,False,False,False,True
pid_04129,seller_1109,Electronics,HealthCare Plus,5.0,4.3,2071,3,183.0,23.0,4,2028,False,False,1,2025-02-15,DE,JP,1982,233,128,1.0,8.0,False,False,False,True
pid_04826,seller_8233,Cosmetics,T3chCorp,235.73,3.6,0,4,402.0,35.0,0,1154,False,True,1,2025-12-25,GB,US,549,54,10,0.0,3.0,True,False,False,True
pid_00627,seller_8342,Pharmaceuticals,VehicleCare,250.08,4.0,47,1,604.0,8.0,0,972,True,True,4,2024-05-13,JP,DE,3159,375,239,5.0,2.0,True,False,False,False
pid_00347,seller_8768,Electronics,PureSkin,331.73,4.1,2784,5,774.0,9.0,1,1296,True,True,5,2025-01-22,DE,CA,976,28,21,1.0,6.0,False,False,False,False
pid_00341,seller_5948,Luxury Goods,ClassicWear,174.4,4.1,4784,6,422.0,8.0,0,2881,True,True,2,2024-02-22,AU,AU,3903,91,25,3.0,17.0,False,False,False,False
pid_04243,seller_5950,Luxury Goods,BioMed Solutions,91.66,3.0,0,1,170.0,37.0,2,1850,True,False,4,2024-12-09,KR,CN,3332,121,151,0.0,18.0,True,False,True,True
pid_04844,seller_4005,Electronics,MotorMax,162.58,4.0,4,6,463.0,2.0,0,799,False,True,3,2025-11-11,CA,GB,3171,98,69,2.0,0.0,True,False,False,True
pid_00777,seller_7042,Pharmaceuticals,ClassicWear,247.13,4.5,0,6,550.0,5.0,1,1549,True,False,5,2024-03-28,AU,KR,1577,63,60,2.0,22.0,False,False,False,False
pid_02836,seller_8327,Automotive,ClassicWear,198.11,5.0,4461,2,291.0,17.0,0,1521,False,True,1,2025-12-16,IN,KR,3901,557,227,1.0,11.0,False,False,False,True
pid_02940,seller_2177,Fashion,FashionForward,192.47,4.2,2205,5,156.0,3.0,0,1230,True,True,4,2025-12-12,CA,CA,1709,207,109,3.0,12.0,False,False,False,False
pid_00303,seller_2354,Cosmetics,AutoParts Pro,249.42,4.3,5194,5,474.0,3.0,1,1659,True,True,2,2024-07-02,US,FR,576,48,44,4.0,26.0,False,False,False,True
pid_00926,seller_5669,Fashion,StyleHouse,159.05,4.0,288,3,385.0,24.0,0,1244,True,True,2,2025-12-01,US,CN,4637,55,90,0.0,2.0,False,False,False,True
pid_03076,seller_1886,Automotive,PureSkin,256.26,4.6,1073,6,214.0,10.0,0,1417,True,False,3,2024-01-04,US,IN,1919,234,38,0.0,26.0,False,False,True,False
pid_00675,seller_6979,Automotive,B3autyLux,5.0,2.8,0,4,20.0,,1,5,False,True,3,2025-06-19,JP,FR,1012,113,42,2.0,6.0,False,True,False,True
pid_04189,seller_1536,Cosmetics,Exclus1veItems,222.94,4.3,2339,6,605.0,22.0,1,1801,False,False,4,2025-05-27,IN,AU,4910,498,341,3.0,14.0,True,False,False,True
pid_02308,seller_3741,Electronics,Be@utyLux,157.01,4.0,978,2,457.0,7.0,1,450,True,False,2,2024-04-06,US,JP,219,30,14,0.0,5.0,True,False,False,True
pid_00584,seller_8400,Cosmetics,MediPharm,86.78,4.9,1403,3,419.0,29.0,0,2461,True,True,2,2025-06-30,GB,IN,1741,177,97,3.0,15.0,False,True,True,True
pid_02012,seller_4400,Automotive,ClassicWear,98.95,4.3,1767,5,329.0,4.0,0,4000,True,False,4,2024-07-19,DE,IN,484,15,32,,20.0,False,False,True,True
pid_03157,seller_8169,Electronics,Styl3House,192.55,3.8,82,5,321.0,28.0,0,638,True,True,2,2024-11-10,US,IN,1653,100,17,0.0,14.0,False,False,False,True
pid_04616,seller_5499,Pharmaceuticals,GlamourCo,299.74,4.2,0,3,274.0,30.0,0,1208,True,True,1,2025-03-02,AU,CA,553,29,6,3.0,20.0,True,True,False,False
pid_03090,seller_7702,Luxury Goods,VehicleCare,121.72,3.3,0,2,223.0,15.0,2,1460,False,True,2,2025-12-11,JP,GB,528,69,17,1.0,14.0,False,False,False,True
pid_00241,seller_1625,Automotive,ClassicWear,84.83,4.4,0,4,122.0,18.0,0,2497,False,False,2,2024-10-26,DE,AU,3261,141,57,1.0,16.0,False,False,True,False
pid_01862,seller_1057,Electronics,NaturalGlow,15.19,3.2,2397,3,344.0,23.0,0,2176,True,True,5,2025-02-17,FR,CA,4169,443,105,0.0,18.0,True,False,False,False
pid_01479,seller_7455,Luxury Goods,GlamourCo,150.54,4.5,1145,3,316.0,13.0,0,276,False,False,2,2025-04-30,CN,CN,1033,51,9,5.0,10.0,False,False,False,False
pid_04009,seller_6371,Electronics,GlamourCo,145.18,3.6,2147,4,500.0,26.0,0,802,True,True,1,2024-10-26,AU,DE,4635,84,301,4.0,14.0,False,True,False,False
pid_03044,seller_2463,Pharmaceuticals,TrendSetter,183.75,4.8,5555,4,400.0,34.0,0,2967,True,True,2,2024-09-20,GB,AU,4973,578,229,0.0,13.0,False,False,False,False
pid_03778,seller_2410,Cosmetics,TechCorp,253.53,3.5,2599,4,246.0,16.0,0,51,True,False,2,2025-02-23,CN,CN,2489,192,192,2.0,4.0,True,False,False,True
pid_02650,seller_1841,Electronics,NaturalGlow,60.8,4.1,2750,2,528.0,26.0,1,1648,False,False,2,2024-04-13,CA,GB,3993,128,213,0.0,,True,False,False,True
pid_00170,seller_3319,Cosmetics,MediPharm,194.75,3.6,1250,2,20.0,5.0,2,5,False,True,2,2025-07-13,JP,US,4471,242,233,0.0,0.0,True,False,False,False
pid_03210,seller_8805,Electronics,FashionForward,205.77,4.4,1732,3,72.0,1.0,0,1987,False,False,5,2025-10-29,KR,FR,3180,398,182,0.0,17.0,False,False,False,False
pid_00896,seller_2532,Fashion,PremiumCraft,206.62,3.9,2752,5,50.0,11.0,0,113,True,True,2,2024-03-04,US,KR,783,87,19,0.0,0.0,True,False,False,False
pid_03230,seller_6713,Luxury Goods,EliteDesign,91.06,,314,2,20.0,6.0,0,1593,True,False,1,2025-06-30,US,IN,446,32,19,0.0,7.0,False,False,False,True
pid_01376,seller_8089,Luxury Goods,NaturalGlow,188.78,3.3,321,4,305.0,14.0,0,2591,False,True,3,2025-10-14,FR,US,702,88,14,0.0,15.0,False,False,False,False
pid_03327,seller_5788,Luxury Goods,GlamourCo,102.16,4.3,87,4,600.0,1.0,2,5,True,False,3,2025-11-06,KR,GB,4448,598,99,0.0,10.0,False,False,True,False
pid_04004,seller_9941,Electronics,NaturalGlow,149.43,4.3,2468,4,500.0,18.0,1,5,False,True,3,2025-02-09,IN,CA,1001,69,11,2.0,11.0,True,True,False,False
pid_03003,seller_4759,Cosmetics,PureSkin,184.0,4.7,252,2,568.0,7.0,1,765,True,False,2,2024-09-18,CA,JP,656,15,44,2.0,7.0,False,True,False,False
pid_03281,seller_6136,Electronics,LuxuryBr@nd,84.76,3.7,0,4,745.0,1.0,2,1439,True,False,2,2025-01-28,US,DE,2266,254,163,1.0,2.0,True,False,True,True
pid_00477,seller_5044,Luxury Goods,LuxuryBr@nd,134.25,2.9,1962,1,266.0,,0,890,True,True,1,2025-03-27,DE,FR,3855,356,285,3.0,13.0,True,False,False,True
pid_03165,seller_3431,Luxury Goods,PureSkin,156.09,4.5,2423,7,628.0,16.0,0,1098,False,False,1,2024-05-17,US,GB,4773,65,346,2.0,12.0,True,False,False,False
pid_00337,seller_5312,Cosmetics,ClassicWear,207.16,3.1,2409,4,346.0,27.0,1,3522,False,True,2,2025-07-27,FR,DE,1686,239,86,2.0,18.0,False,False,False,True
pid_01895,seller_5633,Pharmaceuticals,ClassicWear,181.94,3.6,0,4,,8.0,0,1494,True,True,3,2025-01-13,CN,CN,4468,453,194,,17.0,True,False,False,False
pid_00320,seller_7607,Luxury Goods,EliteDesign,264.55,3.7,3494,5,385.0,13.0,1,1631,True,False,2,2025-12-29,CN,CA,2525,372,109,2.0,15.0,False,False,False,False
pid_02129,seller_7724,Luxury Goods,BeautyLux,182.11,4.4,185,1,48.0,3.0,0,2025,False,True,2,2025-05-17,AU,US,1659,51,26,2.0,10.0,False,False,False,True
pid_03468,seller_5912,Pharmaceuticals,ElectroMax,185.67,4.1,684,5,721.0,27.0,2,2116,False,True,4,2025-08-04,AU,US,4898,665,172,1.0,15.0,False,True,False,True
pid_00635,seller_4231,Luxury Goods,MediPharm,344.08,4.7,472,3,123.0,3.0,2,1710,True,True,4,2024-12-14,FR,US,4135,472,276,1.0,6.0,True,False,False,False
pid_00620,seller_8294,Electronics,NaturalGlow,247.27,3.7,3141,3,253.0,5.0,0,3612,True,True,6,2025-07-12,KR,FR,1667,114,128,0.0,,True,False,False,False
pid_02655,seller_6852,Fashion,TrendSetter,204.92,5.0,4213,1,1016.0,23.0,0,1242,True,False,1,2025-11-13,GB,KR,4033,171,231,2.0,13.0,False,False,False,False
pid_00016,seller_1729,Fashion,MediPharm,166.03,3.3,43,7,505.0,13.0,1,3058,True,True,3,2024-06-07,KR,KR,1457,176,103,3.0,6.0,False,False,False,False
pid_01658,seller_1255,Fashion,BioMed Solutions,189.12,5.0,1912,3,760.0,13.0,0,1879,True,True,2,2025-07-03,KR,DE,3524,426,134,1.0,17.0,True,False,False,True
pid_02102,seller_6775,Electronics,StyleHouse,139.55,4.0,3640,4,505.0,2.0,0,2903,True,False,3,2024-11-21,KR,FR,2957,209,77,1.0,17.0,False,False,False,False
pid_04610,seller_9372,Fashion,FashionForward,76.85,3.1,893,1,134.0,13.0,1,5,True,True,1,2025-11-27,JP,CN,4985,391,337,0.0,9.0,False,False,False,True
pid_03846,seller_3835,Automotive,CarTech,238.41,3.8,3351,8,390.0,9.0,1,1766,False,True,3,2025-01-15,IN,JP,2526,148,73,4.0,25.0,False,False,False,False
pid_03289,seller_9880,Electronics,EliteDesign,155.61,5.0,4564,8,312.0,22.0,0,2642,False,True,4,2024-10-01,CN,CA,3408,78,175,4.0,16.0,False,False,False,False
pid_02735,seller_3979,Pharmaceuticals,LuxuryBrand,213.41,5.0,3083,5,201.0,17.0,0,2981,True,True,4,2025-06-03,JP,FR,1658,77,53,4.0,16.0,False,False,False,True
pid_02910,seller_6858,Fashion,HealthCare Plus,102.18,3.6,530,5,527.0,16.0,0,5,True,False,3,2024-10-14,IN,US,2893,291,213,3.0,5.0,False,False,False,True
pid_03903,seller_5760,Fashion,StyleHouse,70.36,3.1,0,4,185.0,23.0,1,5,True,False,4,2024-11-09,FR,DE,3730,137,147,0.0,14.0,False,False,False,True
pid_03667,seller_3267,Electronics,NaturalGlow,27.05,4.0,3662,1,604.0,5.0,0,1845,False,True,3,2024-09-06,AU,AU,304,29,20,0.0,26.0,True,False,False,False
pid_02968,seller_3677,Automotive,Exc1usiveItems,187.87,2.8,1465,6,40.0,1.0,2,2829,True,False,3,2024-10-22,JP,US,1530,158,69,3.0,1.0,False,False,False,True
pid_00681,seller_2930,Fashion,VehicleCare,83.91,4.4,1670,1,589.0,6.0,2,1202,True,True,1,2024-07-04,CA,US,2976,227,15,1.0,24.0,False,False,True,False
pid_02312,seller_7500,Luxury Goods,AutoParts Pro,130.71,4.3,0,6,588.0,17.0,0,578,True,True,3,2025-10-17,FR,KR,4919,607,72,1.0,23.0,False,False,False,False
pid_01709,seller_3020,Cosmetics,StyleHouse,127.99,3.8,3746,3,355.0,1.0,0,1615,True,True,3,2024-12-11,US,IN,1144,18,75,2.0,1.0,True,False,False,False
pid_02298,seller_5833,Electronics,NaturalG1ow,114.08,3.1,0,1,501.0,10.0,0,5,False,False,2,2024-09-24,AU,AU,2925,77,81,0.0,0.0,False,False,False,True
pid_03730,seller_8391,Electronics,DigitalPro,79.62,3.6,0,2,86.0,19.0,1,550,True,False,3,2024-10-13,IN,DE,1910,232,111,1.0,21.0,False,False,False,True
pid_01261,seller_4553,Pharmaceuticals,FashionForward,166.09,4.0,3635,2,545.0,9.0,0,1174,True,False,2,2024-05-20,CA,GB,3168,459,98,2.0,14.0,False,True,False,False
pid_03500,seller_2514,Fashion,BeautyLux,189.27,4.6,4128,5,784.0,1.0,0,3208,True,True,4,2025-07-15,FR,KR,2721,105,18,2.0,36.0,False,False,False,False
pid_03069,seller_5838,Cosmetics,NaturalGlow,117.95,,1568,4,397.0,20.0,3,1425,False,False,3,2025-06-08,CA,DE,4238,593,41,2.0,11.0,False,False,False,False
pid_01950,seller_5570,Electronics,CircuitMaster,132.42,3.6,97,4,,26.0,1,2477,True,True,5,2024-11-28,DE,DE,3701,238,66,1.0,1.0,False,True,True,False
pid_04406,seller_9043,Automotive,PureSk1n,207.62,4.7,1758,4,433.0,24.0,0,1386,True,True,4,2024-12-01,JP,CA,3203,164,64,2.0,12.0,False,False,False,True
pid_03312,seller_7028,Cosmetics,PureSkin,271.2,4.2,5108,2,502.0,29.0,0,2074,False,False,5,2024-01-25,DE,US,3959,453,69,4.0,17.0,False,False,False,False
pid_04383,seller_1216,Luxury Goods,T3chCorp,127.75,3.4,357,2,302.0,8.0,0,592,False,True,3,2025-03-17,FR,IN,3717,231,287,0.0,17.0,False,False,False,True
pid_00735,seller_4815,Automotive,StyleHouse,126.57,4.4,1708,1,470.0,8.0,2,515,False,True,4,2025-10-25,JP,CA,2486,267,61,2.0,0.0,False,False,False,True
pid_00536,seller_6441,Pharmaceuticals,TechCorp,32.53,3.9,2317,5,432.0,12.0,1,5,True,False,2,2024-10-25,JP,AU,1893,241,31,2.0,10.0,True,False,False,False
pid_02698,seller_3301,Pharmaceuticals,PremiumCr@ft,170.37,3.8,1473,5,754.0,1.0,2,1333,True,True,6,2024-09-04,US,CA,3149,467,109,1.0,16.0,False,False,False,True
pid_03779,seller_3754,Automotive,TrendSetter,66.02,3.8,2363,3,148.0,33.0,0,189,True,True,4,2025-04-06,CN,KR,2344,128,164,0.0,11.0,True,False,False,True
pid_01349,seller_7846,Electronics,HealthCare Plus,41.58,4.9,248,3,269.0,7.0,1,891,True,True,3,2025-01-03,US,IN,3094,159,149,0.0,11.0,False,False,False,False
pid_00866,seller_1169,Electronics,CircuitMaster,133.35,4.5,2640,2,412.0,22.0,1,326,False,True,3,2025-12-22,JP,IN,1692,128,57,4.0,19.0,False,False,False,False
pid_01127,seller_5882,Fashion,LuxuryBrand,293.01,4.5,1896,6,482.0,1.0,2,1002,True,False,4,2024-09-13,DE,CA,4731,125,155,0.0,5.0,True,False,False,False
pid_04892,seller_7853,Cosmetics,Digita1Pro,131.57,4.0,0,1,443.0,15.0,2,279,True,True,2,2024-08-13,GB,KR,4006,299,252,0.0,,False,True,False,True
pid_00122,seller_1566,Fashion,VehicleCare,329.1,5.0,2283,4,544.0,2.0,1,853,True,True,2,2025-10-21,GB,CA,4632,173,72,1.0,9.0,False,False,False,False
pid_04868,seller_9136,Cosmetics,GlamourCo,75.38,3.7,0,1,94.0,34.0,2,5,True,False,2,2024-02-04,KR,CN,1519,193,85,1.0,6.0,False,False,True,True
pid_04631,seller_3687,Fashion,StyleHouse,199.59,4.4,876,5,181.0,13.0,1,5,True,True,3,2024-08-15,JP,JP,2281,44,135,3.0,15.0,True,False,False,False
pid_01767,seller_5577,Luxury Goods,CircuitMa5ter,259.17,,87,3,672.0,13.0,0,4000,True,False,4,2025-03-31,KR,CA,1205,81,25,2.0,25.0,False,False,False,True
pid_03052,seller_4233,Fashion,GlamourCo,5.0,2.2,0,1,20.0,37.0,4,5,False,False,1,2024-06-28,GB,GB,2158,88,132,0.0,6.0,False,False,False,False
pid_03774,seller_2437,Cosmetics,BeautyLux,354.08,5.0,4405,7,1013.0,1.0,0,2541,True,True,3,2024-09-19,DE,IN,4098,354,145,3.0,20.0,False,False,False,False
pid_01607,seller_2068,Pharmaceuticals,PremiumCraft,5.0,3.6,0,3,505.0,36.0,1,2760,True,False,2,2025-11-15,AU,AU,2088,59,111,0.0,12.0,False,False,False,False
pid_02095,seller_1670,Pharmaceuticals,M0torMax,219.83,4.3,3091,5,356.0,1.0,0,2639,True,True,3,2025-05-02,CN,AU,1908,204,106,1.0,9.0,False,False,False,True
pid_04127,seller_3137,Automotive,Digita1Pro,77.97,3.2,0,5,126.0,22.0,0,295,False,True,2,2025-06-01,FR,CA,2785,69,24,0.0,0.0,False,False,False,True
pid_04496,seller_9136,Luxury Goods,VehicleCar3,82.41,3.9,0,2,427.0,29.0,3,1128,True,True,1,2025-06-25,JP,US,1390,25,13,1.0,9.0,False,False,True,True
pid_02421,seller_2734,Electronics,TechCorp,222.87,4.1,715,5,396.0,17.0,3,845,True,True,3,2025-11-30,IN,FR,3152,258,189,1.0,13.0,False,False,False,False
pid_01797,seller_4520,Electronics,LuxuryBrand,194.07,4.2,3247,3,262.0,1.0,0,405,True,True,3,2024-06-12,GB,IN,4337,603,274,3.0,19.0,True,False,False,False
pid_02796,seller_3507,Electronics,GlamourCo,222.67,4.1,4543,6,674.0,20.0,1,2647,False,False,5,2025-01-29,JP,AU,4752,198,62,1.0,7.0,False,False,True,True
pid_01506,seller_7386,Cosmetics,PureSkin,242.94,4.4,8344,2,309.0,1.0,0,2120,True,True,4,2025-09-03,CA,GB,2108,172,69,,14.0,False,False,False,False
pid_04177,seller_3521,Pharmaceuticals,BeautyLux,25.8,,0,3,328.0,10.0,1,1312,False,False,3,2024-03-27,JP,DE,4784,501,126,2.0,10.0,False,False,False,True
pid_02794,seller_6585,Luxury Goods,StyleHouse,106.49,2.7,2354,3,363.0,30.0,0,2167,True,False,2,2024-07-25,FR,US,4927,360,372,3.0,11.0,False,False,False,False
pid_03510,seller_5383,Fashion,TechCorp,161.24,4.1,1310,5,395.0,6.0,2,985,True,False,4,2024-08-08,JP,FR,140,14,6,1.0,,True,False,False,False
pid_01193,seller_7801,Cosmetics,PremiumCr@ft,51.6,2.5,0,1,87.0,5.0,4,5,False,True,2,2025-05-29,CA,KR,2174,187,11,1.0,12.0,False,True,False,True
pid_01220,seller_4917,Automotive,NaturalGlow,149.12,4.1,2224,3,125.0,5.0,0,736,False,True,2,2025-12-23,JP,CN,4134,390,107,4.0,4.0,False,False,False,False
pid_04588,seller_4465,Cosmetics,GlamourCo,202.23,4.2,108,6,705.0,20.0,0,1726,True,False,3,2024-11-05,DE,JP,1843,132,140,5.0,18.0,False,False,False,False
pid_01194,seller_2657,Electronics,DigitalPro,212.84,3.8,2302,1,134.0,30.0,0,241,False,True,2,2025-07-14,JP,AU,2193,130,87,1.0,11.0,True,False,True,False
pid_02364,seller_8443,Cosmetics,BioMed Solutions,179.86,3.9,239,4,527.0,14.0,0,2290,True,True,5,2024-05-24,DE,CN,3532,223,133,4.0,16.0,False,False,False,False
pid_00078,seller_8807,Fashion,Med1Pharm,146.85,,3553,1,439.0,17.0,1,315,False,False,4,2024-05-10,DE,FR,1677,55,89,2.0,15.0,False,False,False,False
pid_01698,seller_3696,Automotive,TrendSetter,150.77,,0,4,467.0,14.0,0,1108,True,True,3,2025-02-12,AU,CA,2038,73,117,0.0,11.0,True,False,True,True
pid_04938,seller_1652,Pharmaceuticals,AutoParts Pro,249.83,4.5,3485,5,510.0,5.0,0,3344,True,False,3,2024-05-23,IN,CA,2616,265,101,1.0,29.0,True,False,True,False
pid_03713,seller_9348,Cosmetics,LuxuryBrand,202.42,4.0,2405,3,789.0,10.0,0,1433,True,False,5,2025-04-20,IN,DE,895,88,22,2.0,16.0,False,False,False,False
pid_02190,seller_8129,Fashion,TechCorp,141.32,4.1,4578,4,769.0,1.0,1,734,True,True,2,2025-11-02,US,FR,3609,346,230,2.0,,False,False,False,False
pid_00370,seller_3372,Electronics,LuxuryBrand,147.13,4.5,3520,3,334.0,7.0,1,3400,True,False,2,2025-05-18,FR,JP,2301,41,177,1.0,0.0,True,False,False,False
pid_00485,seller_5575,Automotive,Prem1umCraft,176.2,3.6,2286,5,591.0,20.0,0,1208,False,True,4,2024-01-23,CN,CN,2222,267,80,3.0,3.0,False,False,False,True
pid_04048,seller_6852,Automotive,MediPharm,129.7,3.4,0,1,305.0,12.0,1,2812,True,True,2,2025-02-16,US,US,99,6,4,3.0,5.0,False,False,True,False
pid_00520,seller_2711,Cosmetics,FashionForward,287.58,4.9,3355,5,573.0,11.0,0,4000,True,False,2,2025-09-18,JP,US,937,112,6,2.0,3.0,False,True,False,False
pid_00571,seller_8746,Pharmaceuticals,DigitalPro,55.99,3.3,87,1,621.0,23.0,0,2374,True,True,1,2024-07-07,DE,US,4469,334,124,4.0,10.0,False,True,False,False
pid_02702,seller_9057,Electronics,LuxuryBr@nd,266.7,4.6,2196,4,106.0,7.0,2,201,True,False,6,2024-08-11,FR,JP,778,58,60,2.0,11.0,False,False,False,True
pid_02281,seller_7549,Fashion,BioMed Solutions,106.91,4.7,0,6,589.0,6.0,1,2936,True,True,5,2025-09-08,JP,JP,3028,160,154,0.0,11.0,False,False,False,False
pid_01943,seller_9781,Cosmetics,PureSkin,116.19,3.5,0,1,552.0,19.0,2,558,False,True,1,2025-12-20,CN,DE,1214,26,41,0.0,5.0,False,False,False,False
pid_00947,seller_8396,Automotive,PremiumCraft,109.09,,2802,3,613.0,13.0,2,87,False,True,2,2024-06-14,GB,GB,2488,361,75,1.0,19.0,False,False,False,False
pid_03617,seller_2354,Pharmaceuticals,BioMed Solutions,262.07,5.0,4940,2,569.0,5.0,0,3199,True,True,2,2024-06-26,FR,GB,1781,174,138,1.0,13.0,False,False,False,False
pid_04603,seller_6371,Fashion,FashionForward,90.19,4.0,2264,3,94.0,11.0,0,2074,True,True,1,2025-02-02,IN,AU,3312,360,51,0.0,0.0,False,False,False,True
pid_01489,seller_4972,Luxury Goods,BeautyLux,174.83,,1911,4,123.0,21.0,1,890,True,False,2,2025-05-03,IN,US,1674,148,11,2.0,25.0,True,False,False,False
pid_04501,seller_1723,Luxury Goods,PureSkin,95.83,3.5,2379,6,414.0,16.0,1,1910,False,True,4,2025-08-03,GB,JP,4235,122,89,3.0,24.0,False,False,True,False
pid_02684,seller_7050,Fashion,TechCorp,185.62,4.6,2647,5,190.0,6.0,1,1735,True,False,5,2025-09-10,CA,JP,3307,469,256,2.0,23.0,False,False,False,False
pid_01096,seller_5344,Fashion,TrendSett3r,185.98,4.1,2977,5,564.0,14.0,0,671,True,True,4,2024-11-13,DE,KR,4358,510,236,,17.0,False,False,False,True
pid_02124,seller_2503,Automotive,BeautyLux,189.23,3.8,5175,5,715.0,4.0,0,2697,True,False,4,2024-01-26,GB,KR,4784,573,140,1.0,17.0,False,False,False,False
pid_02646,seller_9328,Automotive,StyleHouse,216.42,3.7,145,3,40.0,21.0,0,2248,False,True,1,2024-10-21,GB,GB,1978,54,35,1.0,8.0,False,False,False,False
pid_03642,seller_9046,Luxury Goods,FashionForward,52.23,3.9,1879,7,76.0,26.0,1,2794,False,True,4,2024-01-06,GB,AU,857,87,25,2.0,15.0,False,False,True,False
pid_00510,seller_8553,Cosmetics,VehicleCare,39.0,3.5,0,3,374.0,24.0,3,419,True,False,4,2024-09-20,CN,DE,1452,144,99,2.0,13.0,True,False,False,False
pid_03899,seller_1647,Pharmaceuticals,ElectroMax,182.89,3.9,1878,5,696.0,1.0,0,782,True,True,1,2025-08-22,KR,CN,2904,153,193,1.0,16.0,True,False,False,False
pid_04143,seller_1555,Pharmaceuticals,StyleHouse,150.64,4.3,3965,4,494.0,13.0,2,1621,True,True,3,2024-05-15,KR,IN,4991,134,203,3.0,25.0,False,False,False,False
pid_01359,seller_6626,Cosmetics,HealthCare Plus,244.45,3.0,2756,1,195.0,16.0,1,5,False,True,5,2025-06-30,FR,KR,4582,626,314,2.0,2.0,False,False,False,False
pid_01107,seller_3940,Pharmaceuticals,BioMed Solutions,173.41,4.4,1482,2,235.0,4.0,1,3101,False,True,3,2025-01-12,DE,JP,2851,309,25,1.0,17.0,False,False,True,False
pid_00533,seller_7320,Luxury Goods,MotorMax,93.12,4.1,1630,3,386.0,,0,3691,True,True,3,2025-01-09,JP,KR,95,10,3,2.0,14.0,False,False,False,False
pid_02426,seller_1068,Electronics,TechCorp,201.41,3.9,0,9,747.0,13.0,0,639,True,True,3,2024-12-15,CN,CN,2937,36,74,3.0,2.0,False,False,False,False
pid_02618,seller_6923,Pharmaceuticals,ElectroMax,270.66,4.0,2202,1,36.0,1.0,2,1333,False,False,3,2025-05-14,US,CN,4543,242,207,2.0,14.0,False,True,False,False
pid_02168,seller_6342,Cosmetics,MediPh@rm,5.0,3.5,0,5,107.0,16.0,1,988,True,True,1,2024-04-23,AU,AU,3148,358,87,2.0,,False,False,False,True
pid_03530,seller_8749,Fashion,AutoParts Pro,228.43,4.7,0,2,277.0,11.0,0,1763,True,False,1,2025-03-29,FR,FR,2022,293,102,5.0,4.0,False,False,False,False
pid_04859,seller_1867,Automotive,BioMed Solutions,5.0,3.3,3020,2,226.0,5.0,0,169,True,True,1,2025-12-03,CN,KR,2862,64,192,0.0,10.0,False,True,False,True
pid_04355,seller_3116,Cosmetics,StyleHouse,100.42,3.7,2378,7,409.0,28.0,0,1231,False,False,1,2024-06-13,US,KR,4160,324,280,1.0,12.0,False,False,False,False
pid_04808,seller_3944,Fashion,VehicleCare,121.28,3.9,2900,1,582.0,34.0,0,1010,True,False,3,2025-08-13,AU,KR,4519,206,214,1.0,12.0,False,False,True,True
pid_02529,seller_4297,Automotive,TechCorp,370.67,4.8,4914,8,419.0,13.0,1,185,True,True,5,2025-05-26,KR,US,3869,43,188,3.0,22.0,False,False,False,False
pid_01730,seller_1168,Fashion,LuxuryBrand,260.2,3.3,0,2,292.0,1.0,2,2529,False,True,2,2024-03-07,IN,JP,3736,258,132,,25.0,False,False,False,False
pid_04482,seller_6042,Luxury Goods,NaturalGlow,231.74,4.3,0,4,659.0,12.0,1,2170,False,False,3,2025-01-21,FR,KR,3943,207,251,0.0,2.0,False,False,False,False
pid_01002,seller_7424,Automotive,CircuitMast3r,90.43,3.3,2268,1,311.0,29.0,1,1131,False,True,2,2024-04-28,KR,GB,986,45,39,0.0,12.0,False,False,True,True
pid_04598,seller_1399,Fashion,HealthCare Plus,190.38,3.5,1400,2,156.0,14.0,0,3801,True,True,3,2024-10-19,AU,FR,3420,489,96,2.0,23.0,False,False,False,False
pid_02753,seller_3076,Fashion,T3chCorp,144.79,3.9,1768,7,175.0,16.0,0,1866,True,True,4,2024-01-10,IN,IN,3295,378,146,2.0,0.0,False,False,False,False
pid_04634,seller_9440,Electronics,PremiumCraft,67.0,,9,4,487.0,8.0,1,2671,True,True,2,2025-07-25,GB,US,4919,220,64,3.0,0.0,True,False,False,False
pid_03786,seller_6782,Cosmetics,CircuitMaster,194.22,3.4,1985,3,383.0,18.0,0,3127,False,True,4,2025-02-10,GB,CA,3597,344,80,3.0,19.0,True,False,False,False
pid_00883,seller_2903,Electronics,ExclusiveItems,314.54,3.7,2841,3,681.0,12.0,0,2226,True,True,4,2024-07-22,AU,CA,1333,67,39,2.0,27.0,False,False,False,False
pid_01688,seller_8585,Cosmetics,BioMed Solutions,244.78,4.6,0,4,355.0,5.0,0,1590,True,True,3,2025-07-04,US,GB,3810,53,249,3.0,8.0,False,False,False,False
pid_01347,seller_5817,Fashion,PremiumCraft,213.2,3.9,2562,3,263.0,7.0,0,5,False,True,4,2024-02-16,CA,GB,273,28,16,1.0,5.0,False,False,False,False
pid_04103,seller_2117,Electronics,GlamourCo,244.99,4.5,648,4,859.0,20.0,1,1085,True,False,3,2024-10-31,DE,US,3072,150,98,2.0,16.0,False,False,False,False
pid_01708,seller_2621,Cosmetics,CircuitMaster,22.55,3.5,0,1,171.0,9.0,1,2055,True,True,2,2025-03-15,KR,KR,4102,405,215,3.0,11.0,False,False,False,False
pid_02821,seller_1214,Fashion,Fa5hionForward,216.82,3.8,3283,3,683.0,1.0,1,4000,True,True,2,2025-05-25,KR,IN,3615,402,204,2.0,20.0,False,False,False,True
pid_03892,seller_9993,Cosmetics,ClassicWear,41.2,,2505,4,614.0,3.0,0,2458,False,True,4,2025-12-23,AU,DE,2773,98,30,5.0,2.0,False,False,False,False
pid_00670,seller_8334,Electronics,ExclusiveItems,179.04,4.6,1214,7,628.0,5.0,0,1302,True,True,4,2024-02-19,FR,FR,3700,548,26,2.0,18.0,False,False,False,False
pid_01266,seller_1522,Fashion,BeautyLux,89.47,3.5,0,1,259.0,22.0,2,1439,True,True,1,2025-12-18,DE,JP,3976,320,189,2.0,7.0,True,False,True,False
pid_03123,seller_9405,Luxury Goods,CircuitMaster,129.25,4.3,4457,3,147.0,4.0,0,2005,False,True,2,2025-04-12,FR,GB,4401,455,260,5.0,20.0,True,True,False,False
pid_03116,seller_2333,Pharmaceuticals,B3autyLux,5.0,3.8,0,1,171.0,16.0,1,1361,False,False,2,2025-12-15,KR,DE,1200,174,40,0.0,4.0,False,False,False,True
pid_01551,seller_3784,Cosmetics,DigitalPro,222.4,4.5,615,4,661.0,3.0,0,2471,True,False,3,2025-08-08,FR,KR,2135,135,59,0.0,16.0,False,True,False,False
pid_02325,seller_3738,Automotive,VehicleCare,180.26,4.6,1611,1,392.0,1.0,0,2842,True,True,3,2025-02-20,JP,GB,2438,315,60,0.0,14.0,True,False,True,True
pid_04508,seller_2693,Cosmetics,FashionForward,223.64,5.0,3949,6,830.0,12.0,1,4000,True,True,3,2025-04-27,US,CA,2498,120,130,3.0,16.0,False,False,False,False
pid_04768,seller_6099,Cosmetics,MediPharm,234.82,4.2,168,9,251.0,19.0,0,1258,True,True,2,2025-08-12,GB,JP,2752,106,146,2.0,10.0,True,True,False,True
pid_03975,seller_3257,Automotive,PureSk1n,52.18,4.3,1604,6,402.0,26.0,0,1422,True,False,3,2025-08-08,JP,FR,1815,250,85,2.0,11.0,True,False,False,False
pid_04550,seller_5447,Automotive,BeautyLux,148.67,3.9,0,1,20.0,1.0,3,1818,False,False,3,2024-02-02,CA,IN,462,42,11,0.0,11.0,False,False,True,True
pid_02996,seller_3567,Electronics,CarTech,75.15,3.3,0,3,516.0,25.0,0,5,True,True,1,2024-10-01,CN,GB,3003,111,62,2.0,12.0,False,True,False,True
pid_04238,seller_9688,Cosmetics,FashionForward,29.76,4.6,0,2,163.0,17.0,1,1067,False,False,1,2025-01-29,IN,KR,768,46,25,1.0,4.0,True,False,False,False
pid_01365,seller_6376,Electronics,EliteDesign,209.34,4.1,430,4,20.0,46.0,2,434,True,False,2,2024-04-07,US,GB,4482,428,307,1.0,0.0,False,False,False,False
pid_02225,seller_1706,Luxury Goods,CarTech,157.69,4.1,1932,4,476.0,8.0,1,4000,True,True,3,2024-01-08,KR,CA,2864,122,37,,18.0,True,False,False,False
pid_04254,seller_9872,Electronics,MotorMax,216.36,4.1,0,5,654.0,1.0,0,2654,True,False,2,2024-12-27,US,CA,2254,225,173,5.0,23.0,False,False,False,False
pid_02577,seller_2553,Cosmetics,BioMed Solutions,78.9,3.6,2547,4,288.0,19.0,1,2501,True,True,3,2024-07-29,IN,KR,4425,555,279,3.0,7.0,False,False,False,False
pid_00363,seller_3954,Luxury Goods,MotorMax,172.2,4.5,4831,1,328.0,32.0,2,1989,False,True,1,2025-07-13,CN,CA,2409,273,118,1.0,0.0,False,False,True,False
pid_03353,seller_9121,Luxury Goods,HealthCare Plus,215.79,4.5,2070,2,75.0,22.0,3,3133,True,True,2,2024-07-01,DE,KR,2046,275,125,3.0,6.0,False,False,False,False
pid_02359,seller_3273,Electronics,CircuitMaster,120.06,4.4,5974,5,236.0,5.0,0,1225,True,True,5,2025-08-30,IN,KR,2879,257,213,0.0,19.0,False,False,False,False
pid_02333,seller_5239,Cosmetics,ExclusiveItems,19.57,4.1,2024,1,376.0,13.0,1,5,True,True,2,2025-08-04,GB,DE,2669,181,151,0.0,12.0,True,True,False,False
pid_04451,seller_2410,Cosmetics,N@turalGlow,81.8,3.8,1657,1,110.0,11.0,1,458,False,True,3,2024-12-20,AU,IN,1702,220,90,0.0,0.0,False,False,False,True
pid_00614,seller_2284,Automotive,ExclusiveItems,194.44,3.2,0,3,522.0,23.0,2,172,True,True,3,2025-04-12,US,GB,542,19,23,1.0,1.0,True,False,False,True
pid_01760,seller_7251,Luxury Goods,ClassicWear,53.37,3.4,794,4,377.0,22.0,0,2692,True,False,2,2024-03-08,US,GB,3732,249,59,1.0,6.0,True,False,False,True
pid_00091,seller_2420,Cosmetics,PureSkin,186.96,3.9,2318,3,576.0,11.0,2,1505,True,True,6,2025-03-06,JP,DE,1295,52,45,1.0,20.0,False,False,False,False
pid_01644,seller_9716,Electronics,CarTech,252.64,5.0,2124,7,985.0,1.0,0,3456,True,False,5,2025-03-02,CA,CA,4852,134,309,5.0,27.0,False,False,False,False
pid_04168,seller_3857,Fashion,FashionForward,230.64,4.7,2901,4,694.0,17.0,1,231,False,False,2,2025-10-14,CN,IN,4004,176,191,0.0,23.0,False,True,True,False
pid_01964,seller_3062,Cosmetics,E1ectroMax,165.68,3.0,74,4,124.0,23.0,1,2201,True,False,3,2025-10-28,IN,FR,3399,380,192,2.0,8.0,False,True,False,True
pid_04967,seller_5670,Cosmetics,TrendSetter,91.79,4.0,0,1,338.0,33.0,2,5,False,True,1,2024-12-09,KR,KR,4970,707,32,0.0,11.0,False,False,True,True
pid_04697,seller_6400,Luxury Goods,WellnessLab,233.07,3.6,2870,1,226.0,37.0,1,580,False,True,3,2024-05-11,KR,KR,3649,94,144,0.0,18.0,False,False,True,True
pid_03512,seller_7017,Automotive,M3diPharm,41.68,2.9,0,8,404.0,11.0,0,123,True,True,4,2024-09-07,US,US,579,16,38,1.0,21.0,False,False,False,True
pid_02785,seller_9321,Fashion,CircuitM@ster,171.59,3.8,2921,6,514.0,6.0,0,2128,True,False,2,2024-10-16,KR,FR,1434,64,64,2.0,13.0,False,False,False,True
pid_04795,seller_8386,Fashion,WellnessLab,150.03,4.3,872,4,447.0,25.0,0,24,True,True,2,2024-04-10,DE,JP,3517,414,197,0.0,1.0,False,False,False,False
pid_01661,seller_2380,Luxury Goods,G1amourCo,203.84,4.6,1923,5,707.0,2.0,2,1750,True,True,4,2024-12-25,KR,CA,2719,201,144,1.0,13.0,False,False,False,False
pid_02401,seller_1376,Electronics,CarT3ch,217.72,4.1,4264,1,652.0,25.0,2,3424,True,False,4,2024-10-02,KR,CN,1842,195,49,,5.0,True,False,False,True
pid_04489,seller_3431,Luxury Goods,ClassicWear,5.0,3.5,0,3,349.0,33.0,2,1238,False,True,1,2024-07-08,KR,DE,3724,494,234,1.0,2.0,True,True,True,False
pid_03743,seller_4998,Electronics,LuxuryBr@nd,83.21,3.7,916,4,118.0,24.0,2,1288,False,False,3,2024-09-06,GB,DE,581,48,45,2.0,5.0,True,False,True,True
pid_04394,seller_2597,Automotive,WellnessLab,96.25,,695,4,145.0,18.0,0,1121,True,True,3,2024-02-25,US,US,4340,190,34,2.0,2.0,False,False,True,False
pid_00258,seller_7920,Cosmetics,AutoPart5 Pro,155.76,4.1,1970,4,430.0,19.0,1,1720,True,True,3,2024-01-20,AU,CA,2951,330,146,3.0,,False,False,False,True
pid_01496,seller_3500,Cosmetics,CircuitMaster,81.34,4.0,1186,5,107.0,17.0,0,535,True,True,4,2025-01-29,DE,IN,1349,93,81,0.0,10.0,True,False,False,False
pid_01602,seller_7518,Fashion,LuxuryBr@nd,118.04,3.9,291,3,124.0,29.0,2,1928,True,False,2,2024-08-01,FR,AU,3035,297,162,2.0,8.0,False,True,False,True
pid_04248,seller_7180,Cosmetics,ExclusiveIt3ms,225.58,2.7,1084,3,336.0,8.0,0,1424,True,False,1,2024-07-31,DE,CA,550,75,41,0.0,1.0,False,False,False,True
pid_03231,seller_8394,Cosmetics,HealthCare Plus,167.35,4.2,287,3,497.0,25.0,1,2082,False,False,1,2024-03-12,KR,US,4241,252,182,1.0,16.0,False,False,False,False
pid_04093,seller_1376,Automotive,DigitalPro,212.05,4.0,3316,3,287.0,33.0,1,1028,True,True,1,2024-09-11,IN,GB,1736,192,60,4.0,4.0,False,False,True,False
pid_02323,seller_9936,Fashion,TrendSetter,179.8,4.0,1331,2,146.0,17.0,0,1832,False,True,1,2025-01-05,CN,JP,3041,249,79,2.0,7.0,True,False,False,False
pid_04169,seller_2957,Electronics,TechCorp,250.05,3.7,0,4,345.0,27.0,1,3301,True,True,3,2024-03-25,CN,CA,1102,35,40,2.0,0.0,True,False,False,True
pid_00970,seller_8017,Cosmetics,PureSkin,379.68,4.4,3974,4,632.0,30.0,3,2893,True,False,3,2025-10-17,US,CN,605,26,32,0.0,0.0,False,False,False,False
pid_02634,seller_9502,Cosmetics,BioMed Solution5,162.05,4.4,133,4,414.0,,0,1300,True,True,2,2025-05-25,FR,CA,615,72,27,2.0,17.0,False,True,False,True
pid_01305,seller_3316,Automotive,GlamourCo,80.01,4.1,1685,5,420.0,1.0,0,1881,False,False,1,2025-05-01,DE,US,2553,363,13,1.0,5.0,False,False,False,True
pid_03323,seller_5064,Cosmetics,C@rTech,5.0,2.8,0,1,240.0,26.0,1,499,False,True,1,2025-05-20,KR,AU,3455,414,67,0.0,7.0,True,True,False,True
pid_02284,seller_9856,Electronics,AutoParts Pro,110.19,4.3,92,3,259.0,1.0,2,713,True,False,3,2024-11-22,JP,GB,3146,400,68,2.0,11.0,True,False,False,False
pid_02500,seller_1236,Pharmaceuticals,V3hicleCare,137.81,3.6,0,4,728.0,4.0,0,1909,True,True,1,2024-08-16,US,GB,2131,266,125,2.0,9.0,False,False,False,True
pid_01782,seller_9618,Luxury Goods,AutoParts Pro,227.54,,0,3,436.0,7.0,2,2203,True,True,6,2025-03-19,DE,CA,4107,299,303,3.0,17.0,True,False,False,False
pid_01363,seller_8366,Cosmetics,EliteDesign,326.28,4.5,4356,1,510.0,1.0,0,1933,True,False,1,2024-11-23,KR,US,3537,316,229,4.0,15.0,False,False,False,False
pid_01468,seller_5079,Automotive,Vehicl3Care,232.97,3.5,3061,4,143.0,15.0,2,1938,True,False,3,2024-10-27,CN,CN,3979,564,34,3.0,13.0,False,False,False,True
pid_01945,seller_3871,Luxury Goods,CircuitMaster,260.77,3.3,405,3,56.0,32.0,0,1986,False,True,5,2025-12-16,GB,KR,2246,267,146,2.0,10.0,False,True,True,False
pid_04268,seller_4475,Pharmaceuticals,PureSkin,374.69,3.3,0,3,609.0,7.0,3,3400,False,True,2,2025-07-15,FR,AU,1331,88,26,1.0,17.0,False,False,False,False
pid_02686,seller_6625,Electronics,BioMed Solut1ons,220.95,4.0,843,3,163.0,15.0,1,1863,True,False,5,2024-08-25,KR,JP,3067,84,213,1.0,5.0,False,False,False,True
pid_00270,seller_5558,Pharmaceuticals,DigitalPro,233.54,3.5,3036,4,628.0,6.0,0,5,True,True,1,2024-06-04,GB,IN,3291,92,235,1.0,15.0,False,True,False,True
pid_04958,seller_7170,Electronics,DigitalPro,103.67,3.8,1257,6,449.0,1.0,0,1488,False,True,1,2024-09-29,JP,CN,4576,472,142,1.0,4.0,True,False,False,False
pid_04562,seller_5642,Automotive,EliteDesign,125.52,4.3,1680,6,236.0,5.0,0,2086,True,True,5,2024-06-12,AU,AU,930,56,67,1.0,0.0,False,False,False,True
pid_01696,seller_3916,Electronics,LuxuryBrand,139.37,3.2,1925,1,175.0,25.0,1,995,False,True,2,2024-11-02,DE,US,4475,511,77,2.0,0.0,True,False,False,True
pid_04395,seller_5866,Pharmaceuticals,MediPh@rm,104.92,4.1,3189,1,164.0,26.0,3,5,True,False,3,2024-09-09,GB,KR,773,84,7,0.0,14.0,False,False,False,True
pid_03929,seller_2189,Electronics,PureSkin,105.93,4.0,1910,5,250.0,22.0,0,1509,False,False,2,2024-11-07,CN,DE,1735,87,129,1.0,9.0,True,False,False,False
pid_01911,seller_2212,Automotive,TechCorp,61.92,5.0,67,5,493.0,16.0,1,1496,True,False,3,2024-05-06,GB,DE,2632,84,134,1.0,0.0,True,True,False,True
pid_02914,seller_5870,Fashion,GlamourCo,211.32,3.3,2232,3,583.0,7.0,0,887,False,False,1,2024-08-03,CN,CA,1435,18,110,1.0,5.0,False,False,False,True
pid_01819,seller_7775,Fashion,LuxuryBrand,58.83,3.6,0,1,377.0,37.0,1,1012,True,True,3,2025-12-26,GB,AU,2835,263,158,2.0,,False,False,False,True
pid_00406,seller_3791,Fashion,PureSkin,300.11,4.7,5606,9,871.0,6.0,0,3620,False,True,4,2025-09-10,FR,CN,742,20,34,2.0,22.0,False,False,True,False
pid_01805,seller_1933,Pharmaceuticals,VehicleCare,234.52,4.4,3783,5,575.0,14.0,0,1291,True,True,3,2024-06-09,DE,JP,2805,265,54,2.0,26.0,True,True,False,False
pid_02608,seller_6095,Cosmetics,StyleHouse,150.3,4.8,0,5,528.0,19.0,0,75,True,True,3,2025-12-10,DE,KR,4601,163,42,2.0,11.0,False,False,False,True
pid_02736,seller_8879,Automotive,StyleHouse,221.27,2.7,0,4,447.0,2.0,1,1056,False,True,2,2024-03-11,GB,FR,726,52,24,2.0,6.0,True,False,False,False
pid_02581,seller_7625,Automotive,MotorMax,239.93,3.1,2522,3,210.0,20.0,1,921,True,True,2,2024-10-29,GB,KR,139,18,2,2.0,13.0,True,False,False,False
pid_04464,seller_8071,Cosmetics,TrendSetter,186.77,4.4,4524,2,496.0,33.0,0,1838,False,True,4,2025-02-20,GB,DE,2977,352,197,2.0,13.0,False,False,False,False
pid_04661,seller_1139,Cosmetics,HealthCare P1us,76.57,3.2,0,6,139.0,31.0,2,5,True,True,1,2024-03-26,US,AU,2540,253,63,1.0,0.0,False,False,False,True
pid_03295,seller_2255,Electronics,BeautyLux,124.59,4.3,847,5,490.0,20.0,2,304,False,True,2,2025-12-19,AU,US,3145,189,223,4.0,22.0,False,False,True,False
pid_01544,seller_9906,Automotive,AutoParts Pro,219.03,5.0,3511,5,534.0,1.0,0,1066,False,True,5,2025-11-16,JP,IN,2561,27,103,2.0,17.0,True,False,False,True
pid_00463,seller_3410,Cosmetics,FashionForward,95.84,4.1,4468,2,20.0,17.0,0,5,True,False,3,2025-09-12,US,CA,3183,124,182,0.0,0.0,False,True,False,True
pid_01223,seller_9057,Automotive,CarTech,60.24,3.7,2149,3,582.0,7.0,0,2127,True,True,3,2025-02-16,AU,FR,1643,16,67,3.0,5.0,False,False,False,False
pid_04360,seller_8910,Electronics,TrendSetter,163.95,3.5,1537,6,101.0,19.0,2,1157,True,False,4,2025-06-13,JP,CA,2767,375,159,0.0,30.0,False,False,False,False
pid_03977,seller_2510,Luxury Goods,GlamourCo,259.67,3.8,2247,3,367.0,1.0,0,2658,False,False,4,2025-03-16,DE,JP,1733,54,34,1.0,26.0,False,False,False,True
pid_01091,seller_2111,Cosmetics,PureSkin,225.32,4.2,3739,9,480.0,1.0,0,3449,True,False,5,2025-05-14,DE,KR,4341,380,227,0.0,16.0,False,False,True,False
pid_00691,seller_1154,Luxury Goods,CarT3ch,166.25,4.6,904,7,133.0,17.0,2,430,True,False,1,2024-05-21,JP,DE,3148,333,153,0.0,21.0,False,False,False,True
pid_01241,seller_1302,Pharmaceuticals,AutoParts Pro,145.12,4.1,1201,1,513.0,12.0,0,2612,True,True,1,2025-03-22,AU,US,3174,283,158,2.0,18.0,False,False,False,False
pid_00103,seller_2659,Luxury Goods,FashionForward,103.88,3.2,2589,2,203.0,11.0,0,83,True,False,2,2025-07-21,IN,IN,1867,167,25,3.0,8.0,True,False,True,False
pid_03306,seller_2374,Fashion,HealthCare Plus,349.39,3.7,0,5,355.0,1.0,0,967,True,False,3,2024-11-24,CN,CN,1116,14,63,3.0,21.0,False,False,False,False
pid_01631,seller_9948,Fashion,DigitalPro,234.67,4.7,2292,3,448.0,15.0,0,2648,True,True,3,2025-05-25,KR,JP,79,3,5,1.0,12.0,False,True,False,False
pid_02916,seller_5739,Pharmaceuticals,DigitalPr0,31.27,3.4,0,2,20.0,14.0,4,338,True,False,1,2025-03-01,CA,US,2354,259,90,2.0,,False,False,True,True
pid_00683,seller_1302,Cosmetics,PureSkin,111.7,5.0,2365,6,668.0,6.0,0,3842,True,True,5,2025-07-31,US,CN,2142,157,132,5.0,21.0,False,False,False,False
pid_03807,seller_1982,Fashion,ElectroMax,152.33,2.4,1154,5,929.0,15.0,0,286,False,False,1,2024-06-23,FR,IN,2801,221,219,1.0,0.0,False,False,True,False
pid_03196,seller_3368,Automotive,MediPharm,158.97,4.1,2873,5,266.0,26.0,2,2339,False,True,4,2024-03-12,AU,AU,4150,51,297,0.0,11.0,False,False,False,False
pid_00597,seller_3806,Electronics,BioMed Solution5,116.46,3.8,244,5,431.0,31.0,0,5,True,True,3,2025-06-13,CA,US,727,23,50,1.0,0.0,False,True,False,True
pid_03193,seller_3454,Fashion,ClassicWe@r,158.18,4.5,2998,4,376.0,37.0,2,5,True,True,1,2025-07-03,IN,KR,4780,360,25,1.0,16.0,True,True,True,True
pid_03565,seller_9233,Pharmaceuticals,T3chCorp,211.48,4.3,257,4,643.0,18.0,2,1673,True,True,5,2024-11-21,CA,US,2245,187,101,2.0,16.0,False,False,False,True
pid_03810,seller_5468,Cosmetics,ClassicWear,272.2,4.9,354,8,380.0,1.0,0,2665,True,True,2,2024-06-06,JP,IN,965,99,50,3.0,9.0,True,False,False,True
pid_02176,seller_6406,Fashion,PremiumCr@ft,172.71,4.3,4458,5,735.0,5.0,1,3239,True,True,1,2025-02-24,IN,AU,1023,111,49,2.0,28.0,True,False,False,False
pid_02080,seller_6994,Electronics,DigitalPro,266.02,,5667,5,726.0,1.0,0,2594,True,True,3,2025-09-02,JP,KR,3674,73,211,3.0,31.0,True,False,False,False
pid_00199,seller_7872,Pharmaceuticals,HealthCare Plus,142.53,4.5,2503,4,502.0,35.0,0,2765,False,False,3,2025-12-04,CA,US,643,22,21,1.0,7.0,False,False,False,False
pid_03793,seller_6498,Pharmaceuticals,WellnessLab,226.69,4.6,261,4,462.0,16.0,0,2239,True,True,5,2025-11-24,KR,IN,608,40,40,,19.0,False,False,False,False
pid_04161,seller_3389,Electronics,NaturalGlow,101.22,4.2,0,4,220.0,24.0,0,1666,True,True,4,2025-11-17,CA,AU,4999,602,147,0.0,12.0,False,False,False,False
pid_02121,seller_8305,Luxury Goods,M0torMax,198.49,3.9,0,1,469.0,10.0,3,5,False,True,2,2024-10-25,CA,FR,3358,357,65,0.0,0.0,True,True,False,True
pid_03705,seller_3547,Automotive,VehicleCare,5.0,3.6,1295,4,716.0,34.0,4,2965,True,True,1,2025-11-06,GB,AU,4796,492,367,1.0,7.0,True,False,False,True
pid_01813,seller_8341,Electronics,AutoParts Pro,200.2,4.2,5886,5,860.0,4.0,0,1561,True,True,1,2024-04-20,AU,KR,4349,219,141,5.0,19.0,False,False,False,False
pid_02350,seller_1152,Cosmetics,EliteDesign,182.56,,1461,4,427.0,15.0,0,1137,True,True,3,2025-02-24,US,IN,3223,223,29,0.0,9.0,False,False,False,False
pid_00039,seller_9199,Luxury Goods,WellnessLab,163.21,3.2,5189,1,380.0,15.0,1,2158,True,True,1,2025-10-28,US,IN,4122,188,23,0.0,16.0,False,False,False,True
pid_00068,seller_7152,Electronics,TechCorp,58.3,4.1,0,7,523.0,6.0,0,3181,True,True,4,2025-08-12,DE,KR,4762,378,161,0.0,1.0,False,False,False,False
pid_02410,seller_1235,Cosmetics,PureSkin,207.15,3.1,2100,4,334.0,1.0,1,2451,True,False,1,2024-01-27,JP,GB,512,15,2,0.0,0.0,False,False,True,True
pid_02182,seller_3136,Electronics,TrendSetter,194.73,4.2,4183,5,386.0,1.0,0,2488,True,True,3,2025-12-22,US,CA,3226,173,137,1.0,32.0,False,False,False,False
pid_03769,seller_7828,Electronics,ClassicWe@r,194.32,4.7,3040,4,238.0,1.0,0,235,True,True,3,2025-11-09,IN,KR,4283,239,273,3.0,31.0,True,False,False,True
pid_00679,seller_7636,Automotive,TrendSetter,345.66,4.6,2733,6,438.0,11.0,0,2194,True,True,4,2024-07-17,KR,CA,2688,354,99,2.0,20.0,False,False,False,False
pid_04156,seller_9569,Luxury Goods,MotorMax,123.89,5.0,3443,2,562.0,15.0,3,5,True,True,2,2024-08-29,DE,US,313,12,15,3.0,17.0,False,False,False,True
pid_04090,seller_5052,Pharmaceuticals,TrendSetter,45.38,3.7,452,4,462.0,15.0,0,3560,True,False,6,2025-05-17,GB,GB,932,129,40,4.0,11.0,False,False,False,True
pid_04257,seller_4054,Luxury Goods,FashionForward,124.3,4.0,2478,3,158.0,2.0,0,977,False,True,2,2025-05-07,IN,US,3819,175,230,2.0,18.0,True,False,False,True
pid_02528,seller_6199,Electronics,StyleHouse,241.44,4.1,1945,4,569.0,11.0,0,1129,False,False,5,2025-10-25,FR,KR,2785,321,152,0.0,15.0,True,False,False,True
pid_00365,seller_4559,Fashion,PremiumCraft,55.09,3.3,0,4,59.0,16.0,0,1087,False,False,1,2024-04-24,DE,GB,2933,71,208,2.0,2.0,False,True,False,True
pid_00733,seller_9069,Luxury Goods,EliteDesign,199.11,4.9,4749,4,256.0,10.0,0,1354,False,True,3,2024-12-22,GB,AU,1473,186,85,3.0,1.0,False,False,False,False
pid_04290,seller_3541,Luxury Goods,DigitalPr0,228.36,4.5,3380,7,565.0,1.0,0,2697,True,False,4,2024-03-02,CA,IN,3443,425,23,3.0,22.0,False,False,False,False
pid_02341,seller_1746,Electronics,VehicleCare,182.34,5.0,1998,7,616.0,1.0,0,551,True,True,6,2025-12-21,AU,CN,1817,200,85,1.0,31.0,True,False,False,False
pid_02071,seller_2587,Luxury Goods,ExclusiveItems,88.99,3.4,3545,3,771.0,8.0,0,3191,True,True,2,2024-04-09,JP,US,1700,204,77,2.0,12.0,False,False,False,False
pid_00954,seller_2314,Fashion,ElectroM@x,146.68,4.7,0,5,110.0,11.0,2,1149,True,False,5,2025-12-17,JP,KR,837,97,23,2.0,16.0,False,True,False,True
pid_00287,seller_3240,Luxury Goods,WellnessLab,193.17,4.8,1060,8,477.0,16.0,0,2589,True,False,1,2024-08-21,CN,JP,1817,168,53,1.0,23.0,False,False,False,False
pid_04936,seller_2463,Automotive,AutoParts Pro,110.88,2.9,5339,1,538.0,1.0,0,5,True,True,1,2024-01-24,GB,DE,511,21,34,1.0,28.0,True,False,True,False
pid_02549,seller_3631,Electronics,TechC0rp,234.4,3.8,2875,4,540.0,17.0,0,5,False,False,1,2025-09-13,DE,FR,1047,81,73,0.0,0.0,True,False,False,True
pid_02167,seller_7500,Electronics,TrendSetter,94.98,4.0,2956,2,323.0,12.0,0,2326,False,True,2,2025-04-17,FR,KR,3696,78,116,0.0,29.0,False,False,False,True
pid_03201,seller_4928,Luxury Goods,MediPharm,177.68,3.5,1015,5,267.0,19.0,2,1382,True,False,1,2024-01-06,CN,KR,3696,515,156,3.0,8.0,False,False,False,False
pid_02425,seller_7677,Automotive,VehicleCare,254.0,4.7,3140,2,119.0,17.0,0,2444,True,True,3,2024-10-13,IN,IN,602,85,9,3.0,29.0,False,False,False,False
pid_01581,seller_3902,Fashion,AutoParts Pr0,118.98,3.7,4052,5,240.0,35.0,1,1053,True,False,2,2025-06-07,FR,US,1361,198,38,1.0,15.0,True,False,False,True
pid_02028,seller_2658,Fashion,CarTech,213.51,,2006,4,327.0,20.0,0,536,True,True,3,2024-10-24,IN,KR,3085,139,156,2.0,18.0,False,False,False,False
pid_02062,seller_5442,Pharmaceuticals,BioMed Solutions,248.59,3.9,3652,2,,18.0,0,1946,True,True,5,2025-12-19,FR,CN,3623,402,20,2.0,23.0,True,True,False,False
pid_03168,seller_1263,Pharmaceuticals,ExclusiveItems,115.47,3.5,4230,6,164.0,25.0,0,2160,True,False,4,2024-04-27,JP,CN,982,131,23,2.0,19.0,False,False,False,False
pid_02609,seller_8694,Electronics,LuxuryBr@nd,136.3,4.1,1389,2,469.0,26.0,3,973,False,True,1,2025-01-10,KR,DE,2372,38,37,0.0,0.0,True,True,True,True
pid_04431,seller_3672,Luxury Goods,BeautyLux,102.3,5.0,2806,4,647.0,12.0,0,782,True,True,1,2024-01-07,DE,JP,4821,212,293,3.0,7.0,False,False,False,False
pid_02556,seller_5355,Luxury Goods,StyleHouse,204.99,3.3,0,1,20.0,22.0,0,1432,True,False,1,2025-07-21,FR,DE,4129,78,54,2.0,11.0,False,False,False,True
pid_02311,seller_9543,Automotive,TechC0rp,297.64,4.8,2053,5,543.0,17.0,0,5,True,True,4,2025-04-06,US,KR,1099,161,23,3.0,19.0,True,False,False,True
pid_04681,seller_8040,Fashion,AutoParts Pr0,51.61,2.8,0,3,268.0,46.0,0,120,True,False,2,2024-12-17,CA,IN,905,24,7,1.0,0.0,False,False,False,True
pid_02673,seller_6543,Electronics,PureSkin,171.88,3.7,4111,1,396.0,1.0,0,1616,True,True,2,2025-02-27,KR,GB,1426,110,86,1.0,16.0,False,False,False,False
pid_02066,seller_1133,Electronics,NaturalGl0w,97.12,3.2,0,1,29.0,31.0,0,849,False,True,1,2024-11-19,DE,JP,2083,188,25,1.0,0.0,True,False,True,True
pid_01057,seller_7813,Fashion,ElectroM@x,273.06,4.5,4092,2,598.0,23.0,1,2991,False,True,1,2024-02-21,CN,GB,2364,326,74,2.0,9.0,True,False,False,True
pid_00793,seller_4988,Cosmetics,Dig1talPro,185.39,3.7,1198,5,161.0,19.0,1,1380,False,False,1,2025-11-17,KR,DE,1444,59,67,0.0,7.0,True,True,False,False
pid_03469,seller_2597,Electronics,BeautyLux,83.54,3.2,48,4,104.0,23.0,1,1436,True,True,1,2024-07-10,IN,CN,4300,62,201,,13.0,False,False,False,False
pid_04267,seller_8136,Electronics,LuxuryBr@nd,152.86,,2023,4,235.0,32.0,1,1111,True,True,2,2025-01-15,IN,KR,1110,63,31,3.0,14.0,False,False,False,True
pid_01732,seller_5490,Luxury Goods,DigitalPro,27.0,3.8,964,4,311.0,26.0,2,442,False,True,1,2025-03-18,JP,US,2693,60,79,2.0,0.0,False,True,False,False
pid_03411,seller_9109,Electronics,ClassicWear,5.0,3.5,0,1,420.0,23.0,1,158,True,True,3,2025-01-27,AU,US,4489,333,235,0.0,28.0,True,False,True,True
pid_01097,seller_1966,Electronics,WellnessLab,338.69,3.8,3672,4,411.0,14.0,1,3048,True,True,3,2025-07-24,CN,DE,4362,317,226,5.0,0.0,True,False,False,False
pid_01597,seller_2113,Electronics,NaturalGlow,286.38,3.2,1943,4,636.0,15.0,0,542,True,True,2,2025-08-25,IN,JP,620,57,42,0.0,15.0,False,False,False,False
pid_01293,seller_2367,Cosmetics,Veh1cleCare,5.0,3.1,2557,2,106.0,23.0,0,5,False,False,1,2025-02-03,CN,KR,4197,197,309,2.0,10.0,False,True,True,True
pid_03963,seller_3869,Cosmetics,PremiumCr@ft,170.92,4.0,3569,5,161.0,25.0,4,1613,True,False,3,2024-12-15,DE,KR,2419,130,178,,31.0,False,True,False,True
pid_04364,seller_6505,Fashion,LuxuryBr@nd,5.0,4.1,218,4,284.0,11.0,0,1857,True,True,3,2025-10-04,FR,GB,562,69,29,1.0,23.0,False,False,False,True
pid_03539,seller_2075,Electronics,M3diPharm,5.0,3.1,0,2,182.0,29.0,0,5,True,False,1,2025-05-04,IN,GB,3067,71,92,0.0,0.0,False,False,False,True
pid_02805,seller_6857,Automotive,BioMed Solutions,166.28,4.3,6313,6,676.0,1.0,0,3668,True,True,2,2025-06-05,AU,JP,2799,164,127,,21.0,False,False,False,False
pid_02056,seller_4250,Luxury Goods,PureSkin,78.62,2.5,0,4,65.0,15.0,2,1819,False,False,3,2025-02-16,CN,JP,1317,156,44,0.0,0.0,True,False,False,True
pid_02130,seller_1897,Electronics,Welln3ssLab,5.0,3.3,0,1,405.0,32.0,0,1428,True,False,1,2024-03-05,DE,JP,1278,43,77,1.0,7.0,True,False,False,True
pid_04896,seller_1000,Electronics,VehicleCare,187.51,4.5,0,5,185.0,10.0,0,1975,True,True,3,2024-04-17,CA,AU,2753,238,165,2.0,18.0,False,False,False,False
pid_00828,seller_2957,Pharmaceuticals,CarTech,245.1,4.6,2852,3,734.0,13.0,2,1546,True,True,4,2024-03-18,KR,AU,1293,165,44,1.0,16.0,True,False,False,False
pid_04700,seller_5256,Fashion,MediPharm,201.74,3.5,1427,4,482.0,15.0,1,24,False,True,3,2025-03-15,KR,IN,3187,99,180,1.0,6.0,False,False,True,False
pid_03508,seller_7680,Pharmaceuticals,ClassicWear,131.92,4.5,0,2,435.0,16.0,0,2166,False,True,3,2025-03-15,KR,GB,1028,85,78,2.0,16.0,True,False,False,True
pid_03950,seller_5218,Electronics,BeautyLux,137.91,4.4,1122,4,280.0,19.0,0,2165,False,False,2,2025-03-27,FR,AU,3385,227,34,0.0,12.0,False,False,False,False
pid_04894,seller_2980,Fashion,DigitalPro,257.05,5.0,241,2,318.0,23.0,0,1027,True,True,4,2024-01-03,CN,US,867,23,15,5.0,22.0,False,False,False,True
pid_03832,seller_2441,Pharmaceuticals,PremiumCr@ft,188.06,3.3,0,3,389.0,22.0,0,5,True,False,2,2025-09-11,KR,IN,4636,488,131,1.0,19.0,False,False,False,True
pid_01595,seller_8490,Cosmetics,PureSkin,112.38,4.3,918,4,101.0,23.0,2,5,True,False,1,2025-05-28,AU,US,3120,116,189,0.0,0.0,False,False,False,False
pid_03138,seller_8379,Luxury Goods,EliteDesign,206.2,3.7,3264,4,706.0,18.0,0,452,True,False,2,2024-07-22,CN,US,1175,86,86,,18.0,False,False,False,False
pid_04287,seller_9561,Cosmetics,BeautyLux,133.59,4.8,1820,5,289.0,1.0,1,2262,False,False,3,2025-11-02,GB,CA,2770,404,205,2.0,7.0,False,False,False,True
pid_00764,seller_5112,Electronics,CarT3ch,121.74,3.2,0,1,277.0,20.0,3,665,True,True,2,2025-08-08,GB,DE,4312,147,280,4.0,5.0,True,True,False,True
pid_04113,seller_8736,Electronics,BioMed Solutions,156.97,4.6,0,2,615.0,17.0,1,40,True,True,1,2025-11-12,GB,KR,4348,508,210,4.0,4.0,True,False,False,False
pid_02591,seller_3768,Pharmaceuticals,GlamourCo,172.4,4.3,1302,4,875.0,27.0,2,479,True,False,3,2024-08-20,CN,AU,4385,537,132,3.0,14.0,False,False,False,False
pid_02525,seller_2503,Fashion,BioMed Solutions,101.47,4.0,738,6,458.0,31.0,3,1987,False,True,1,2024-03-28,KR,FR,4614,510,148,0.0,0.0,False,True,False,True
pid_01592,seller_9082,Electronics,TechCorp,147.68,4.1,3919,1,373.0,20.0,0,2397,True,True,1,2025-12-08,DE,US,3012,76,28,0.0,12.0,True,False,False,False
pid_03620,seller_2736,Cosmetics,CircuitMa5ter,262.28,3.6,619,3,,36.0,2,144,False,True,2,2024-07-03,CA,KR,3596,144,123,1.0,3.0,True,False,True,True
pid_01421,seller_3372,Luxury Goods,AutoParts Pro,114.84,,6575,4,664.0,1.0,2,3257,True,True,4,2025-12-03,JP,KR,3701,293,165,4.0,9.0,True,False,False,False
pid_00654,seller_1746,Luxury Goods,MotorM@x,158.12,4.2,2668,5,281.0,9.0,1,1055,True,False,4,2024-01-04,AU,DE,2248,202,158,1.0,6.0,False,True,False,False
pid_03454,seller_9356,Automotive,Class1cWear,43.4,3.0,0,4,107.0,33.0,1,644,False,False,1,2024-11-27,FR,US,4541,432,134,0.0,,False,False,False,True
pid_00283,seller_2903,Electronics,StyleHouse,28.95,3.4,1574,4,645.0,25.0,0,5,False,True,2,2024-10-23,CN,IN,2138,318,93,1.0,0.0,True,True,True,False
pid_02973,seller_3091,Pharmaceuticals,HealthCare Plus,255.06,4.4,2200,5,608.0,18.0,0,2027,True,True,2,2025-03-14,IN,CA,4713,572,341,2.0,16.0,False,False,False,True
pid_04098,seller_4683,Fashion,GlamourCo,58.86,3.8,0,1,444.0,19.0,0,5,False,False,1,2025-04-19,CA,US,3290,100,128,1.0,12.0,False,True,False,False
pid_02259,seller_9673,Luxury Goods,TrendSetter,5.0,2.7,2319,4,344.0,5.0,0,5,False,False,2,2025-09-17,KR,JP,2868,283,117,4.0,12.0,False,False,False,False
pid_02026,seller_5342,Pharmaceuticals,ExclusiveItems,181.84,3.4,3286,6,897.0,9.0,0,1643,True,True,4,2025-04-15,CA,AU,1245,90,71,5.0,16.0,False,False,False,True
pid_04908,seller_8766,Pharmaceuticals,HealthCare Plu5,26.36,2.8,830,3,140.0,40.0,1,5,True,False,1,2024-09-19,US,CN,3334,401,125,0.0,1.0,False,False,False,True
pid_04886,seller_8367,Fashion,GlamourC0,88.26,4.0,76,3,199.0,1.0,1,1567,False,True,3,2024-12-23,US,GB,731,99,32,0.0,15.0,False,False,False,True
pid_04650,seller_9659,Electronics,PremiumCraft,164.97,4.9,4379,9,1065.0,1.0,0,4000,True,False,4,2024-02-04,IN,DE,3271,36,80,4.0,14.0,False,False,True,False
pid_01445,seller_4279,Electronics,CarT3ch,104.53,4.2,3180,2,1038.0,30.0,0,5,True,True,4,2024-10-20,CN,CN,4460,114,113,4.0,16.0,False,False,False,True
pid_00981,seller_3011,Pharmaceuticals,WellnessLab,205.9,,671,2,781.0,16.0,1,1465,True,False,3,2024-02-22,DE,DE,1235,54,69,2.0,15.0,False,False,True,False
pid_03104,seller_4400,Fashion,StyleHouse,12.8,4.1,0,1,303.0,24.0,1,5,True,True,1,2024-08-18,JP,AU,2869,426,126,1.0,0.0,True,False,False,False
pid_01153,seller_2938,Cosmetics,VehicleCare,103.2,4.6,608,1,418.0,13.0,2,124,True,True,2,2025-02-10,AU,IN,2662,56,23,4.0,13.0,True,True,False,False
pid_02775,seller_8962,Luxury Goods,VehicleCare,5.0,4.9,1876,1,,23.0,1,571,False,True,2,2024-01-06,CA,CN,4351,358,266,0.0,10.0,False,False,True,True
pid_00674,seller_8749,Fashion,CarTech,68.66,3.8,0,1,97.0,45.0,4,5,True,True,1,2025-12-21,JP,FR,3519,134,213,0.0,5.0,False,False,False,True
pid_00468,seller_4872,Fashion,Dig1talPro,94.79,3.4,461,1,344.0,37.0,3,5,True,True,1,2025-09-12,JP,IN,4049,306,155,0.0,,False,True,False,True
pid_03611,seller_7042,Electronics,ElectroMax,5.0,2.9,752,1,,16.0,2,5,False,True,1,2024-03-17,DE,US,1801,131,106,0.0,0.0,True,False,False,True
pid_02917,seller_9635,Pharmaceuticals,ExclusiveItems,5.0,4.6,0,2,114.0,18.0,3,1424,True,True,2,2024-07-18,US,CN,1021,66,31,0.0,15.0,True,True,True,True
pid_00429,seller_3293,Electronics,CircuitMaster,56.06,3.6,0,3,393.0,29.0,2,703,False,False,1,2024-05-02,KR,IN,366,49,18,1.0,15.0,False,False,False,True
pid_03857,seller_5234,Luxury Goods,PremiumCraft,297.84,4.0,1418,4,528.0,,2,1293,True,True,3,2025-08-12,US,KR,403,53,24,2.0,26.0,False,False,False,False
pid_01555,seller_1678,Electronics,Elit3Design,115.59,3.7,1948,3,385.0,23.0,1,622,False,True,2,2025-08-30,AU,GB,640,26,24,1.0,16.0,False,True,False,True
pid_01129,seller_8391,Fashion,NaturalGlow,249.86,,0,8,358.0,13.0,0,1192,False,True,3,2024-11-29,DE,CN,4904,566,126,3.0,20.0,False,False,False,False
pid_01210,seller_5914,Luxury Goods,TechCorp,134.32,4.2,2789,7,485.0,25.0,1,1117,True,False,1,2024-09-01,KR,JP,2654,29,43,0.0,6.0,True,False,False,False
pid_00916,seller_6869,Fashion,Natura1Glow,5.0,4.6,512,2,300.0,1.0,1,941,True,False,2,2024-09-05,US,CA,2483,133,107,1.0,16.0,True,True,False,True
pid_00166,seller_4417,Fashion,BeautyLux,87.42,3.8,1461,5,209.0,5.0,0,3119,False,True,3,2024-05-16,DE,AU,492,30,7,0.0,9.0,False,False,True,False
pid_03127,seller_3935,Electronics,NaturalGlow,168.1,3.9,0,4,304.0,30.0,2,85,True,True,4,2024-12-16,JP,KR,691,49,11,0.0,13.0,False,False,False,False
pid_03137,seller_1604,Pharmaceuticals,Natura1Glow,40.99,4.2,3041,3,228.0,20.0,2,2126,True,True,1,2025-09-14,GB,US,1261,35,64,1.0,2.0,False,False,True,True
pid_04740,seller_1678,Cosmetics,ClassicWear,158.63,4.6,1600,7,207.0,16.0,0,1924,False,True,1,2025-08-09,FR,DE,1655,122,113,3.0,8.0,False,False,False,False
pid_02987,seller_6925,Luxury Goods,StyleHouse,173.1,4.0,1155,1,754.0,3.0,0,931,True,True,2,2025-05-11,US,US,3379,291,246,3.0,10.0,False,False,False,True
pid_02494,seller_6994,Luxury Goods,PremiumCraft,177.29,4.4,3255,5,418.0,13.0,0,2437,True,False,2,2024-12-18,GB,AU,1406,29,65,3.0,12.0,False,False,False,False
pid_01000,seller_9353,Electronics,LuxuryBrand,124.39,4.0,616,4,300.0,19.0,0,2212,False,True,1,2024-01-14,CN,CN,2790,294,168,3.0,13.0,True,True,False,False
pid_01178,seller_2466,Pharmaceuticals,ExclusiveItems,191.39,3.3,0,2,20.0,21.0,1,770,False,False,2,2025-10-22,AU,KR,4434,402,157,4.0,10.0,False,True,True,False
pid_00056,seller_5716,Electronics,LuxuryBr@nd,108.16,3.2,0,1,216.0,5.0,3,204,False,False,1,2024-12-23,CN,AU,518,65,19,1.0,4.0,False,False,True,True
pid_00208,seller_2176,Electronics,ExclusiveItems,53.38,3.7,1408,4,146.0,12.0,2,291,True,False,3,2024-01-06,AU,KR,2570,68,70,0.0,15.0,False,False,False,False
pid_02111,seller_5773,Electronics,VehicleCare,54.04,4.1,0,5,557.0,39.0,1,1734,False,True,1,2025-11-22,AU,CA,232,30,5,0.0,,False,False,False,False
pid_03398,seller_5311,Fashion,ClassicWear,114.3,3.6,289,1,140.0,32.0,1,793,False,False,2,2024-09-18,IN,CN,4493,95,233,0.0,14.0,False,False,False,True
pid_01307,seller_3185,Pharmaceuticals,Be@utyLux,140.63,4.2,2649,3,332.0,12.0,0,2245,True,False,4,2025-01-10,KR,AU,4135,277,222,2.0,23.0,True,False,False,False
pid_01440,seller_4414,Automotive,FashionForward,204.15,3.6,0,2,500.0,7.0,0,877,True,True,3,2025-11-07,AU,CA,2901,219,25,1.0,,True,False,False,True
pid_00425,seller_1652,Luxury Goods,Sty1eHouse,179.48,3.9,3956,4,765.0,2.0,0,1849,True,True,1,2024-05-10,IN,CA,1657,103,118,3.0,9.0,True,False,False,True
pid_00697,seller_4149,Cosmetics,MediPharm,212.08,4.4,1108,7,565.0,7.0,0,3837,False,True,3,2024-10-29,AU,US,1048,88,77,5.0,18.0,False,False,False,False
pid_03651,seller_4636,Fashion,HealthCare Plus,25.77,4.5,2910,4,652.0,19.0,0,1088,True,True,1,2025-05-10,IN,GB,420,55,10,0.0,0.0,False,False,False,False
pid_01265,seller_8038,Electronics,StyleHou5e,116.72,3.8,3336,4,579.0,,0,58,True,False,6,2025-04-15,KR,KR,3545,165,261,4.0,9.0,False,False,True,True
pid_02881,seller_6170,Automotive,WellnessLab,308.14,5.0,4227,4,466.0,9.0,3,1266,True,True,1,2024-02-28,AU,KR,3557,409,270,2.0,16.0,False,False,False,False
pid_04043,seller_1744,Cosmetics,ElectroMax,239.58,3.6,484,4,540.0,13.0,0,1006,True,True,3,2024-02-16,CA,FR,3723,519,62,0.0,17.0,False,False,False,False
pid_01593,seller_2566,Electronics,MotorMax,56.75,5.0,0,3,414.0,14.0,1,1491,True,False,2,2025-10-04,IN,GB,2165,186,125,3.0,,False,False,False,False
pid_02301,seller_4668,Cosmetics,C@rTech,163.95,4.0,1909,5,418.0,10.0,0,1867,True,True,3,2024-09-10,CN,CN,2778,147,213,2.0,3.0,True,False,False,True
pid_00492,seller_2606,Fashion,MediPharm,5.0,3.8,1262,1,313.0,25.0,2,5,False,False,4,2025-10-03,IN,CA,3459,253,254,1.0,5.0,True,False,False,True
pid_00961,seller_5430,Cosmetics,BeautyLux,160.92,4.1,2420,1,141.0,16.0,0,2170,True,True,1,2025-03-30,AU,CN,4331,75,87,0.0,0.0,False,False,False,True
pid_01860,seller_3314,Pharmaceuticals,DigitalPro,290.51,4.3,5168,3,405.0,4.0,0,3540,True,True,2,2024-02-17,US,CN,4038,305,187,0.0,12.0,True,False,False,False
pid_02887,seller_6901,Fashion,VehicleCare,187.41,4.2,448,6,366.0,10.0,0,3141,True,False,1,2025-11-24,US,US,995,124,5,1.0,9.0,False,False,False,True
pid_04467,seller_9888,Electronics,Exc1usiveItems,106.01,3.2,1345,1,144.0,9.0,1,808,False,True,1,2024-07-27,FR,GB,444,12,5,4.0,33.0,False,True,False,False
pid_00978,seller_3857,Luxury Goods,ExclusiveItem5,18.58,3.3,2835,3,575.0,23.0,2,5,True,False,4,2025-05-23,IN,CN,1804,177,114,2.0,18.0,True,False,False,True
pid_04930,seller_5880,Luxury Goods,C@rTech,155.98,3.1,1545,1,224.0,27.0,1,1573,False,True,1,2025-04-15,CA,DE,4356,174,67,2.0,26.0,False,False,False,False
pid_00819,seller_2946,Fashion,GlamourCo,188.59,4.5,3606,5,102.0,1.0,0,1872,True,True,5,2024-08-15,JP,US,3255,305,232,1.0,19.0,False,False,False,False
pid_01826,seller_9686,Electronics,StyleHouse,171.56,4.0,505,5,523.0,28.0,0,1106,True,False,3,2024-07-27,DE,CA,433,62,2,1.0,17.0,False,False,False,False
pid_04952,seller_9980,Fashion,LuxuryBrand,146.95,3.4,251,4,363.0,13.0,0,1729,True,True,2,2024-01-07,FR,IN,3772,496,290,2.0,4.0,True,False,False,False
pid_04199,seller_7395,Cosmetics,VehicleCare,178.24,4.3,1137,2,566.0,20.0,1,615,True,True,3,2024-01-11,CA,FR,2715,349,96,2.0,19.0,True,True,False,False
pid_01467,seller_4744,Fashion,MotorMax,162.24,4.4,3331,2,344.0,25.0,0,5,True,False,3,2024-07-18,AU,US,3266,121,256,2.0,16.0,True,False,False,True
pid_04240,seller_4286,Cosmetics,MotorMax,99.24,3.9,0,1,20.0,1.0,0,734,False,False,1,2024-11-21,DE,CN,1384,76,101,3.0,0.0,False,True,False,True
pid_00621,seller_6326,Electronics,AutoParts Pro,274.7,4.1,1499,4,865.0,17.0,1,2014,True,False,5,2024-11-23,CN,JP,4431,181,203,1.0,24.0,False,False,False,True
pid_03794,seller_7716,Electronics,PureSkin,5.0,3.3,423,1,20.0,31.0,2,5,False,False,1,2025-01-01,FR,CN,2695,85,117,0.0,0.0,False,True,True,True
pid_03575,seller_7823,Fashion,ExclusiveItems,5.0,2.0,1330,4,204.0,29.0,1,5,True,True,1,2024-04-21,AU,IN,3243,356,101,0.0,3.0,False,False,False,False
pid_01778,seller_4930,Fashion,NaturalGlow,237.7,4.1,1307,3,562.0,1.0,0,2038,True,True,5,2024-11-26,FR,CN,3711,284,62,3.0,,False,False,False,False
pid_02936,seller_6817,Pharmaceuticals,AutoP@rts Pro,113.93,3.0,1340,3,453.0,20.0,0,2526,True,False,1,2025-10-15,JP,CN,4711,352,324,1.0,2.0,False,True,True,True
pid_00336,seller_3996,Automotive,MotorM@x,172.27,3.5,1645,2,543.0,1.0,0,1210,False,True,2,2025-05-24,US,IN,696,32,43,0.0,15.0,False,False,False,True
pid_03048,seller_9333,Fashion,DigitalPro,114.42,4.5,102,1,142.0,11.0,0,5,True,True,4,2025-06-20,IN,CN,4543,564,131,2.0,1.0,False,False,False,False
pid_01083,seller_7800,Automotive,StyleHouse,160.33,5.0,1332,6,630.0,15.0,3,2762,True,True,2,2024-05-05,AU,CN,1398,122,85,2.0,15.0,True,False,False,False
pid_02607,seller_2566,Fashion,LuxuryBrand,127.16,3.5,4811,5,362.0,1.0,0,455,True,False,3,2025-03-31,DE,CN,2162,69,67,4.0,7.0,False,False,False,True
pid_00390,seller_5425,Automotive,ElectroMax,132.78,3.6,1443,6,218.0,15.0,0,2528,False,False,4,2025-03-22,GB,DE,1792,146,42,2.0,5.0,False,False,False,False
pid_00737,seller_5200,Pharmaceuticals,FashionForward,233.36,4.9,4499,3,551.0,13.0,2,3281,True,True,5,2025-06-22,US,CN,896,22,17,5.0,22.0,False,True,False,False
pid_00113,seller_8865,Pharmaceuticals,MotorMax,65.09,3.2,0,1,692.0,24.0,2,488,False,True,3,2025-11-07,CA,IN,1679,75,15,3.0,6.0,False,False,True,True
pid_01068,seller_8221,Fashion,HealthCare Plus,288.97,4.4,1591,3,279.0,14.0,0,3026,True,True,5,2024-06-10,CN,DE,1476,185,34,1.0,24.0,False,True,True,False
pid_00937,seller_1879,Automotive,V3hicleCare,164.93,3.8,1382,1,321.0,20.0,0,355,False,False,2,2024-10-06,DE,JP,2297,80,126,0.0,,False,False,False,True
pid_02299,seller_2692,Fashion,MediPharm,175.41,4.4,1758,5,671.0,1.0,0,2344,False,True,3,2024-10-28,FR,CN,2211,246,70,3.0,23.0,False,False,False,False
pid_01873,seller_5448,Pharmaceuticals,ElectroMax,5.0,3.8,0,1,236.0,22.0,3,173,False,True,1,2024-02-09,AU,IN,3385,317,156,0.0,9.0,False,False,False,False
pid_04924,seller_4925,Electronics,MediPh@rm,173.94,3.1,1164,4,452.0,5.0,0,1807,True,True,2,2024-06-01,FR,CN,4003,391,264,3.0,19.0,False,True,False,True
pid_01015,seller_7532,Automotive,CarTech,225.35,5.0,6497,8,497.0,25.0,0,1481,True,True,2,2025-08-26,IN,GB,769,24,36,3.0,28.0,False,False,False,False
pid_00257,seller_6596,Cosmetics,C@rTech,256.78,4.5,4602,6,423.0,4.0,1,200,True,False,1,2025-08-19,IN,JP,4347,557,312,2.0,9.0,False,False,False,True
pid_03078,seller_8669,Electronics,GlamourCo,138.07,3.3,2105,5,488.0,1.0,1,1230,False,True,1,2025-08-24,IN,KR,4150,64,214,0.0,5.0,False,True,False,False
pid_01339,seller_5216,Electronics,VehicleCare,116.76,4.1,3539,4,778.0,14.0,0,2123,True,False,3,2025-01-29,CN,CN,1382,25,102,0.0,7.0,True,False,False,False
pid_01152,seller_7261,Cosmetics,ExclusiveItems,35.69,3.2,853,4,20.0,50.0,2,196,True,True,2,2025-09-08,JP,CA,477,63,20,1.0,0.0,True,True,False,True
pid_02264,seller_6751,Cosmetics,EliteDesign,235.01,5.0,4429,4,295.0,8.0,0,3264,True,False,4,2024-07-07,KR,DE,3580,512,50,4.0,10.0,True,False,False,False
pid_00992,seller_7935,Fashion,ClassicWear,216.54,4.5,1418,4,265.0,7.0,0,660,False,True,5,2024-08-15,US,GB,774,20,37,0.0,16.0,False,False,False,False
pid_04324,seller_6986,Pharmaceuticals,CarTech,332.76,,3401,2,369.0,8.0,1,1675,False,True,4,2025-06-14,DE,KR,4246,531,183,3.0,10.0,False,False,False,False
pid_02558,seller_2375,Electronics,FashionForward,235.31,4.4,1731,6,306.0,3.0,1,634,True,True,2,2025-01-05,DE,CN,271,38,9,2.0,14.0,True,False,False,False
pid_01009,seller_2756,Luxury Goods,EliteDesign,125.43,3.9,2716,3,79.0,22.0,0,5,True,False,1,2025-10-01,CN,US,3631,315,65,3.0,,True,False,False,True
pid_04761,seller_7192,Automotive,FashionForward,149.51,4.2,2556,5,893.0,24.0,0,2220,True,True,2,2024-11-16,DE,FR,2580,286,197,2.0,28.0,False,False,True,True
pid_02852,seller_8725,Electronics,MediPharm,110.76,4.2,3003,2,283.0,27.0,2,5,True,True,1,2024-05-26,CA,FR,65,1,3,2.0,21.0,False,False,False,False
pid_00526,seller_3339,Fashion,ElectroMax,216.47,3.7,2681,4,513.0,7.0,1,1180,True,False,4,2024-03-02,CN,JP,3430,492,176,1.0,8.0,True,False,False,False
pid_03383,seller_6959,Fashion,VehicleCare,204.31,5.0,6738,6,661.0,4.0,0,1679,True,False,4,2025-01-11,DE,AU,228,7,16,3.0,21.0,False,False,False,False
pid_00132,seller_4419,Electronics,CarTech,135.4,4.4,3806,5,617.0,1.0,0,4000,True,True,3,2025-03-25,FR,KR,4647,572,33,2.0,22.0,True,False,False,False
pid_02462,seller_9050,Cosmetics,EliteD3sign,155.12,4.6,5818,4,456.0,23.0,1,2390,True,True,3,2025-11-13,GB,CN,924,88,73,1.0,13.0,False,False,True,True
pid_00035,seller_3454,Pharmaceuticals,ExclusiveItems,208.27,3.6,3532,4,273.0,4.0,1,684,True,True,2,2024-05-02,CN,IN,446,25,8,3.0,13.0,False,False,False,False
pid_00441,seller_5344,Automotive,CarTech,307.62,4.1,1033,7,568.0,13.0,0,1982,True,False,1,2024-06-26,FR,AU,611,54,23,3.0,18.0,True,False,False,False
pid_00064,seller_2189,Fashion,BioMed Solutions,280.71,4.2,5524,9,822.0,6.0,0,3422,True,True,3,2025-04-04,KR,DE,2853,69,59,1.0,32.0,True,False,False,True
pid_02029,seller_8394,Cosmetics,ExclusiveItems,175.53,3.6,0,4,383.0,18.0,0,1831,False,False,3,2025-11-02,KR,US,1839,229,137,4.0,23.0,True,False,False,True
pid_01668,seller_1030,Electronics,VehicleCare,200.23,,3742,4,104.0,28.0,0,874,True,True,1,2025-04-27,JP,DE,4972,653,244,1.0,0.0,False,False,True,False
pid_04393,seller_9473,Electronics,BioMed Solutions,217.2,3.8,3178,5,594.0,1.0,2,3195,True,True,1,2025-12-09,DE,GB,1308,57,16,3.0,18.0,True,False,False,True
pid_01282,seller_9906,Luxury Goods,ClassicWear,121.38,3.8,0,6,531.0,20.0,2,1167,True,False,3,2024-07-26,CN,AU,2565,51,43,2.0,10.0,True,False,False,False
pid_02175,seller_8869,Pharmaceuticals,MediPharm,242.79,4.5,2131,4,349.0,20.0,2,2610,True,False,3,2024-09-17,AU,US,1670,92,72,,15.0,False,False,False,False
pid_00638,seller_6930,Fashion,TrendSetter,259.57,5.0,2815,7,548.0,1.0,0,1854,True,True,5,2025-05-06,KR,DE,4669,118,246,4.0,13.0,False,False,False,False
pid_03976,seller_9728,Fashion,Cl@ssicWear,79.19,4.0,1297,4,257.0,22.0,1,2981,False,False,3,2025-03-11,US,CN,3023,358,70,0.0,7.0,False,False,True,True
pid_01224,seller_8333,Fashion,GlamourCo,152.28,4.6,0,3,525.0,1.0,1,1656,False,True,2,2025-05-22,US,KR,3544,76,131,0.0,9.0,True,False,False,False
pid_03216,seller_4758,Electronics,StyleHouse,311.54,4.9,3583,4,249.0,1.0,0,2791,False,True,1,2024-05-05,CA,DE,3497,65,135,2.0,10.0,False,False,False,False
pid_04786,seller_5268,Automotive,TrendSetter,212.71,3.6,3550,4,717.0,8.0,0,3663,True,True,3,2024-09-26,DE,DE,4207,382,268,1.0,36.0,False,False,False,True
pid_01218,seller_4297,Cosmetics,VehicleCare,5.0,3.3,0,3,93.0,20.0,3,586,True,False,2,2024-12-24,AU,CN,986,57,18,0.0,19.0,False,False,False,True
pid_01598,seller_2882,Electronics,VehicleCare,190.38,5.0,1814,4,605.0,12.0,0,1750,True,True,4,2024-09-25,CA,GB,2702,111,189,1.0,11.0,False,False,False,False
pid_02725,seller_8722,Fashion,H3althCare Plus,152.2,3.9,3014,2,401.0,21.0,1,795,False,True,2,2025-11-14,JP,AU,1999,226,91,0.0,18.0,False,False,False,True
pid_03866,seller_4647,Fashion,EliteDesign,110.82,2.9,0,1,235.0,41.0,2,1625,True,True,1,2024-10-03,FR,CA,2777,48,184,1.0,9.0,False,True,False,True
pid_04696,seller_2598,Luxury Goods,ElectroMax,119.67,,1153,7,20.0,24.0,0,1697,True,False,3,2024-12-14,CA,KR,712,71,52,0.0,11.0,False,False,False,False
pid_00767,seller_3116,Automotive,PremiumCraft,130.04,4.1,0,4,450.0,40.0,2,163,False,True,1,2024-07-28,US,CN,305,45,22,0.0,7.0,False,False,True,True
pid_02572,seller_6906,Fashion,VehicleCare,196.23,4.6,1932,8,540.0,8.0,0,874,True,True,2,2024-02-09,US,GB,1051,42,7,0.0,29.0,True,False,False,False
pid_04207,seller_2577,Luxury Goods,HealthCare Plus,216.14,4.0,2344,3,213.0,2.0,0,246,True,True,3,2024-02-04,DE,US,1131,113,74,4.0,0.0,False,False,False,True
pid_01294,seller_1525,Pharmaceuticals,ElectroMax,104.38,3.9,4140,5,,26.0,0,1362,True,False,1,2024-04-06,KR,US,4514,301,138,3.0,1.0,True,True,False,False
pid_03158,seller_6331,Pharmaceuticals,BioMed Solutions,113.45,3.8,1654,5,186.0,30.0,1,5,True,False,1,2024-07-03,DE,FR,769,33,16,0.0,0.0,False,False,False,True
pid_03190,seller_3967,Fashion,TrendSetter,93.57,5.0,1416,7,378.0,17.0,0,994,True,True,3,2025-10-05,AU,CA,3070,249,190,5.0,0.0,False,False,False,True
pid_01108,seller_8286,Cosmetics,ExclusiveItem5,178.13,4.3,3505,5,374.0,6.0,0,2766,True,True,2,2025-12-11,CA,CN,1526,32,60,5.0,24.0,False,False,False,False
pid_01659,seller_2212,Luxury Goods,DigitalPro,64.42,3.5,3395,2,415.0,18.0,0,2024,False,False,1,2025-03-03,AU,CA,4293,597,342,2.0,22.0,False,False,False,False
pid_01744,seller_3407,Fashion,DigitalPro,14.47,3.3,1793,5,95.0,17.0,1,928,True,True,4,2024-06-10,FR,AU,4400,152,118,0.0,10.0,False,False,False,False
pid_01278,seller_7248,Electronics,EliteDesign,128.77,4.4,2223,5,359.0,9.0,0,1286,True,True,6,2024-03-05,CN,CA,1546,72,40,2.0,24.0,False,False,False,False
pid_04861,seller_7314,Pharmaceuticals,AutoParts Pro,148.87,4.2,0,2,664.0,12.0,1,1638,True,True,3,2025-03-03,CN,IN,1845,160,131,4.0,4.0,True,True,False,False
pid_04256,seller_8743,Automotive,PremiumCraft,58.81,3.4,2045,1,385.0,33.0,0,834,False,True,1,2025-08-07,JP,CA,4107,92,122,2.0,10.0,True,True,True,True
pid_00129,seller_2869,Luxury Goods,DigitalPro,38.31,3.0,180,1,270.0,31.0,2,1509,False,True,1,2025-01-11,KR,DE,3039,242,21,0.0,7.0,False,False,False,False
pid_02700,seller_7246,Luxury Goods,MotorMax,117.91,3.9,0,5,664.0,17.0,1,2967,True,True,3,2024-06-19,CN,FR,4413,108,153,0.0,13.0,False,False,False,False
pid_02255,seller_9047,Cosmetics,HealthCare Plus,146.71,4.4,1848,4,371.0,25.0,1,1538,False,False,5,2025-04-26,FR,KR,2337,34,176,1.0,19.0,True,False,False,False
pid_03943,seller_2113,Fashion,ElectroMax,206.31,4.3,0,8,791.0,1.0,0,995,False,True,6,2025-01-15,IN,AU,1081,133,63,2.0,20.0,False,False,False,False
pid_04484,seller_3407,Electronics,BioMed Solutions,135.67,3.7,408,4,151.0,23.0,0,5,True,False,1,2024-12-29,AU,IN,2566,287,195,0.0,3.0,False,True,False,False
pid_04222,seller_8548,Automotive,StyleHouse,53.3,3.8,173,5,325.0,22.0,2,2330,True,True,2,2025-03-04,KR,DE,600,66,8,3.0,11.0,False,False,False,False
pid_03313,seller_5642,Electronics,EliteD3sign,152.66,4.5,142,1,227.0,18.0,0,357,True,True,5,2024-12-30,KR,KR,3271,143,47,3.0,1.0,False,False,False,True
pid_00452,seller_1373,Luxury Goods,AutoParts Pro,184.81,3.8,1845,6,356.0,24.0,0,200,True,False,2,2025-11-23,CA,KR,405,12,19,0.0,,True,False,True,False
pid_01234,seller_1399,Cosmetics,BeautyLux,194.13,3.8,1190,4,372.0,11.0,0,5,True,True,2,2025-12-19,IN,IN,2890,327,84,3.0,14.0,False,False,False,False
pid_04517,seller_4803,Automotive,ExclusiveItems,156.64,4.0,0,6,547.0,10.0,0,2568,True,True,4,2025-01-06,IN,KR,574,66,40,2.0,26.0,False,False,False,False
pid_01719,seller_3485,Fashion,PureSkin,97.37,4.3,1023,5,815.0,1.0,0,3083,True,True,4,2024-08-02,FR,CA,3035,42,239,4.0,15.0,False,False,False,False
pid_04784,seller_7032,Fashion,CircuitMaster,145.39,4.0,0,3,375.0,15.0,1,1271,True,True,2,2024-12-08,GB,GB,435,13,23,1.0,8.0,False,False,True,False
pid_04780,seller_4053,Electronics,ClassicWear,245.53,4.1,0,3,358.0,20.0,2,5,True,True,2,2025-01-29,CN,JP,3295,119,250,0.0,28.0,True,False,False,False
pid_00459,seller_4362,Electronics,CarTech,86.87,,0,5,492.0,20.0,1,5,True,False,1,2024-07-01,US,CN,3144,348,20,5.0,9.0,True,False,False,False
pid_04252,seller_6766,Fashion,ExclusiveItems,112.12,4.6,270,6,376.0,6.0,1,1914,True,False,4,2025-02-26,JP,GB,4718,465,327,0.0,19.0,False,True,True,True
pid_00680,seller_2920,Pharmaceuticals,HealthCare Plus,232.22,3.9,4797,6,288.0,1.0,0,1190,True,False,2,2025-04-29,US,IN,4393,453,74,2.0,30.0,False,False,False,False
pid_02009,seller_4525,Luxury Goods,T3chCorp,136.38,4.1,494,4,516.0,26.0,0,5,True,True,2,2025-07-27,GB,FR,350,8,7,3.0,17.0,False,False,True,True
pid_02466,seller_3028,Fashion,PremiumCr@ft,5.0,3.4,889,3,244.0,28.0,0,424,True,False,1,2025-07-02,GB,GB,1952,70,31,0.0,8.0,True,False,False,True
pid_01747,seller_9755,Fashion,FashionForward,67.78,4.1,1733,3,,15.0,0,1494,True,False,2,2024-03-16,CA,DE,554,39,17,1.0,6.0,True,False,False,True
pid_02972,seller_3602,Pharmaceuticals,MotorMax,198.67,4.8,3961,8,1039.0,1.0,1,3060,True,True,3,2025-11-01,US,AU,2835,323,144,5.0,1.0,False,True,False,False
pid_01954,seller_3791,Automotive,ClassicWear,73.92,3.0,0,3,392.0,23.0,1,1625,False,False,1,2024-01-29,CA,GB,1600,92,29,1.0,29.0,True,False,False,True
pid_00361,seller_9253,Cosmetics,PremiumCraft,253.84,4.3,1367,8,1122.0,11.0,0,1291,True,True,1,2024-12-11,DE,GB,3856,101,219,3.0,36.0,False,False,False,False
pid_01804,seller_2752,Fashion,TrendSetter,252.94,5.0,5602,5,524.0,14.0,0,2043,False,True,3,2025-10-12,JP,KR,1291,129,15,4.0,28.0,False,False,False,False
pid_03851,seller_5879,Electronics,TrendSetter,79.14,3.9,723,5,388.0,20.0,2,396,False,True,3,2024-02-13,CA,IN,4420,227,212,1.0,10.0,False,False,False,True
pid_03060,seller_1165,Fashion,BeautyLux,128.84,4.0,401,1,462.0,35.0,1,1422,False,False,3,2024-03-03,DE,KR,978,54,7,0.0,2.0,True,False,False,False
pid_00202,seller_1844,Electronics,TechC0rp,173.28,3.5,1664,4,356.0,38.0,1,1479,True,False,3,2025-11-17,DE,AU,3930,46,159,2.0,10.0,False,False,False,False
pid_00934,seller_8693,Electronics,Glam0urCo,260.92,4.6,0,6,252.0,18.0,1,3716,True,True,4,2024-09-27,AU,KR,226,33,11,4.0,3.0,True,False,False,False
pid_03486,seller_5471,Fashion,TechCorp,109.8,4.9,3379,2,496.0,4.0,0,1981,True,True,1,2024-12-29,KR,AU,3916,164,51,4.0,0.0,False,False,False,False
pid_04731,seller_7674,Electronics,MediPharm,129.67,4.5,3630,4,678.0,1.0,2,2615,False,False,2,2024-04-13,AU,FR,1405,190,24,2.0,10.0,False,False,False,True
pid_04044,seller_6505,Fashion,ElectroMax,222.1,3.7,1680,3,924.0,11.0,0,1783,True,True,2,2024-05-06,CA,KR,4413,241,241,2.0,13.0,True,False,True,False
pid_00124,seller_6400,Fashion,TrendSetter,171.55,2.9,2796,4,537.0,19.0,0,2075,False,True,4,2025-04-13,AU,DE,3451,302,59,2.0,0.0,False,False,False,True
pid_04524,seller_5171,Pharmaceuticals,NaturalGl0w,286.63,4.1,0,5,550.0,7.0,0,417,True,True,2,2024-03-21,KR,CA,704,104,53,2.0,20.0,True,False,False,True
pid_04757,seller_9906,Pharmaceuticals,DigitalPro,214.78,4.4,2029,7,317.0,11.0,1,4000,False,True,6,2025-08-07,FR,CA,3126,316,76,3.0,19.0,False,False,False,False
pid_01965,seller_9109,Cosmetics,NaturalGlow,244.15,3.9,2653,3,352.0,25.0,1,812,False,True,3,2024-04-20,JP,GB,2737,143,24,1.0,9.0,False,False,True,False
pid_02515,seller_3346,Automotive,HealthC@re Plus,202.68,3.9,419,3,512.0,26.0,0,3193,False,True,4,2024-03-30,KR,CA,1028,131,46,5.0,13.0,True,False,False,True
pid_04126,seller_9054,Cosmetics,TechCorp,346.64,4.2,1298,4,,1.0,0,1259,True,True,3,2025-12-28,AU,US,1432,175,49,3.0,10.0,False,True,False,False
pid_00446,seller_9150,Automotive,WellnessLab,113.75,4.7,0,3,300.0,1.0,0,738,True,True,3,2025-06-17,FR,CA,1147,96,27,0.0,10.0,False,False,False,False
pid_04021,seller_6238,Fashion,FashionForward,58.14,3.8,0,1,433.0,21.0,1,2480,True,False,1,2025-03-19,CA,FR,781,55,54,1.0,0.0,False,False,True,True
pid_04057,seller_7631,Electronics,Natura1Glow,326.79,4.0,462,3,477.0,15.0,0,1026,True,True,4,2025-06-30,CN,CN,3198,193,69,1.0,15.0,True,False,False,True
pid_03953,seller_2710,Electronics,F@shionForward,70.94,4.2,0,4,359.0,12.0,1,1716,True,True,2,2024-08-10,KR,DE,2224,277,144,2.0,,False,False,True,True
pid_04119,seller_5383,Cosmetics,GlamourCo,70.94,4.4,2803,5,579.0,1.0,0,1434,False,False,2,2024-02-03,FR,GB,1570,172,115,1.0,,False,False,False,False
pid_03258,seller_6434,Fashion,CarTech,138.57,4.3,844,7,499.0,20.0,1,1863,False,False,2,2025-09-23,KR,CA,3735,249,192,4.0,0.0,True,False,False,False
pid_01757,seller_7376,Luxury Goods,MediPharm,64.32,4.3,2978,6,605.0,18.0,2,2312,True,False,5,2024-01-15,CN,CN,1956,280,101,1.0,25.0,False,False,False,False
pid_01588,seller_1668,Luxury Goods,CircuitMaster,255.95,4.7,417,4,794.0,1.0,0,5,True,True,2,2025-06-22,CN,FR,542,79,12,2.0,17.0,True,False,False,False
pid_00935,seller_9782,Fashion,StyleHouse,5.0,3.9,0,5,304.0,15.0,1,5,False,True,1,2025-12-11,IN,DE,3238,360,74,3.0,6.0,False,False,True,False
pid_01450,seller_4241,Luxury Goods,EliteDesign,139.34,4.0,1613,6,356.0,16.0,1,1453,True,True,2,2025-05-17,IN,CA,3643,189,49,3.0,14.0,False,False,True,True
pid_04174,seller_6259,Automotive,E1ectroMax,106.38,4.9,522,4,664.0,21.0,0,800,True,False,2,2024-08-18,JP,GB,2481,298,111,5.0,,True,False,False,True
pid_03278,seller_3570,Fashion,ClassicWear,228.7,4.5,4752,1,461.0,12.0,0,2434,True,False,4,2025-05-02,KR,IN,4095,309,107,3.0,25.0,False,False,False,False
pid_01353,seller_9392,Pharmaceuticals,FashionForward,183.21,3.3,74,4,370.0,34.0,1,2043,False,False,1,2025-08-09,AU,CN,3892,198,72,1.0,13.0,False,False,True,True
pid_02855,seller_8531,Luxury Goods,BioMed Solutions,135.25,3.9,4356,2,445.0,17.0,0,576,False,True,3,2024-01-09,US,IN,3331,101,175,1.0,8.0,False,False,True,False
pid_01188,seller_5652,Fashion,PureSkin,145.69,3.8,1986,1,398.0,25.0,2,5,True,False,1,2024-07-18,CN,GB,4612,308,82,0.0,3.0,False,False,True,True
pid_00217,seller_4431,Pharmaceuticals,LuxuryBr@nd,125.65,3.6,0,3,295.0,17.0,0,5,True,True,2,2024-12-29,GB,US,1313,153,100,0.0,17.0,True,False,False,True
pid_01415,seller_7025,Automotive,VehicleCare,181.96,5.0,532,3,408.0,6.0,3,1470,False,True,3,2025-01-13,CN,CA,1470,115,80,5.0,21.0,False,False,False,False
pid_04247,seller_9505,Electronics,ExclusiveItems,188.99,4.0,2024,3,588.0,3.0,0,1246,False,True,3,2025-11-04,JP,KR,453,25,18,2.0,13.0,False,False,False,False
pid_04652,seller_5901,Luxury Goods,Digita1Pro,92.63,,3761,2,419.0,21.0,2,1042,True,False,4,2025-08-05,CA,IN,3673,57,98,,6.0,False,False,False,True
pid_04384,seller_5778,Automotive,AutoParts Pro,178.78,4.1,7744,3,488.0,12.0,0,3658,True,True,4,2025-05-08,CA,FR,3212,203,39,5.0,13.0,False,True,False,False
pid_00877,seller_3919,Cosmetics,CarTech,197.81,3.1,2483,1,550.0,13.0,0,1754,True,True,3,2025-01-26,GB,IN,4887,531,328,3.0,17.0,False,True,False,False
pid_03252,seller_6994,Cosmetics,ClassicWear,228.13,3.8,1159,2,196.0,21.0,0,2027,True,True,3,2025-11-02,DE,DE,2819,271,154,4.0,13.0,True,True,False,False
pid_02022,seller_5392,Automotive,VehicleCare,463.68,3.5,3600,6,402.0,3.0,1,2602,True,True,2,2024-05-10,US,CN,2382,177,62,5.0,20.0,False,True,False,True
pid_00066,seller_3509,Electronics,LuxuryBrand,112.64,4.1,2836,1,183.0,17.0,1,2080,True,True,3,2025-08-27,CA,CN,79,5,2,2.0,7.0,False,True,False,False
pid_04806,seller_8626,Electronics,LuxuryBrand,164.4,4.0,660,1,20.0,33.0,0,599,True,False,1,2024-03-07,JP,IN,4420,611,122,0.0,9.0,False,False,False,True
pid_01481,seller_2454,Electronics,ExclusiveItems,102.23,4.3,1466,3,519.0,4.0,3,1564,True,True,3,2025-01-07,DE,AU,3769,224,110,0.0,9.0,False,False,False,False
pid_04481,seller_2083,Luxury Goods,CircuitMaster,279.2,4.6,6262,5,842.0,2.0,0,3525,True,True,4,2024-05-01,GB,CA,200,5,13,4.0,30.0,False,False,False,False
pid_00736,seller_2752,Fashion,PureSkin,105.32,2.6,77,3,35.0,35.0,3,1047,False,False,1,2025-07-26,AU,JP,3748,334,273,2.0,2.0,False,True,True,False
pid_01846,seller_3927,Electronics,LuxuryBrand,5.0,3.1,1914,1,20.0,29.0,2,5,True,False,1,2025-11-18,GB,DE,4961,90,211,2.0,,True,False,False,True
pid_00272,seller_1355,Automotive,BeautyLux,56.17,4.1,3701,2,275.0,26.0,0,228,True,True,2,2024-08-13,FR,IN,2375,38,180,2.0,18.0,False,False,False,False
pid_01490,seller_4806,Fashion,MotorMax,212.95,4.3,2061,1,273.0,14.0,0,2889,False,False,1,2025-11-06,IN,FR,3033,290,174,2.0,12.0,False,False,False,False
pid_04346,seller_2550,Pharmaceuticals,PremiumCraft,71.73,4.1,2079,4,162.0,20.0,3,239,True,False,2,2024-05-21,IN,CA,3869,518,117,1.0,10.0,True,False,False,False
pid_03687,seller_8736,Fashion,EliteDesign,208.03,,639,3,367.0,24.0,1,5,False,False,2,2024-01-25,AU,US,4364,120,235,0.0,9.0,False,False,False,True
pid_04149,seller_3572,Pharmaceuticals,NaturalGlow,15.25,4.1,0,1,417.0,4.0,0,1340,True,True,3,2025-11-25,IN,FR,1541,192,106,3.0,21.0,False,False,False,False
pid_04108,seller_8129,Automotive,DigitalPro,5.0,3.2,1290,3,313.0,24.0,1,2795,True,False,1,2024-03-15,GB,JP,3384,54,199,0.0,0.0,False,False,True,True
pid_01944,seller_2916,Pharmaceuticals,EliteDe5ign,166.0,3.5,285,2,85.0,22.0,0,678,True,False,3,2024-04-23,FR,US,934,74,59,0.0,12.0,False,False,True,True
pid_00660,seller_8462,Fashion,WellnessLab,210.74,4.9,1588,8,801.0,1.0,0,3980,True,True,4,2025-09-30,FR,GB,376,37,3,1.0,,True,False,False,False
pid_01446,seller_2756,Cosmetics,N@turalGlow,29.82,2.5,816,4,129.0,12.0,2,3066,True,False,1,2024-11-25,CN,FR,872,115,28,1.0,3.0,True,False,True,True
pid_02801,seller_8746,Automotive,BioMed Solutions,181.78,4.2,809,6,549.0,19.0,0,2468,True,True,3,2025-11-01,FR,FR,50,4,1,5.0,17.0,True,False,False,False
pid_02941,seller_5059,Cosmetics,StyleH0use,48.08,3.2,1747,1,345.0,34.0,1,1468,True,True,2,2025-09-14,KR,JP,3947,566,56,2.0,0.0,True,False,False,True
pid_00288,seller_3305,Fashion,GlamourCo,204.62,4.4,3702,5,454.0,6.0,0,1943,True,False,3,2025-12-12,AU,AU,1567,162,76,2.0,7.0,False,False,False,False
pid_01776,seller_7539,Cosmetics,PureSkin,55.83,4.4,3191,1,173.0,26.0,1,379,False,True,4,2025-04-07,IN,US,435,6,31,3.0,8.0,False,False,False,False
pid_01357,seller_1931,Luxury Goods,PureSkin,145.08,3.3,3118,5,835.0,1.0,0,1736,True,True,1,2024-08-21,AU,CN,2961,120,164,,0.0,False,False,False,False
pid_03725,seller_1631,Automotive,NaturalGlow,99.53,4.1,4757,5,535.0,12.0,1,1906,True,False,2,2024-07-12,AU,IN,838,106,34,1.0,27.0,False,False,False,False
pid_03729,seller_1658,Cosmetics,EliteDesign,69.9,,0,5,314.0,11.0,2,2418,False,True,4,2025-08-04,GB,KR,1255,68,31,0.0,12.0,True,False,False,True
pid_03195,seller_8367,Luxury Goods,MediPharm,224.43,3.6,5156,1,416.0,1.0,0,377,True,True,3,2024-01-05,KR,FR,343,45,2,2.0,0.0,False,False,False,True
pid_03925,seller_8288,Electronics,ExclusiveItems,194.0,4.4,1068,5,118.0,16.0,0,903,True,False,2,2025-07-17,IN,CA,4587,315,353,0.0,5.0,False,False,False,False
pid_03026,seller_8036,Automotive,TrendSetter,5.0,3.7,2391,1,412.0,28.0,4,5,True,True,2,2024-01-26,US,KR,3466,374,107,2.0,,False,True,False,True
pid_00226,seller_5326,Automotive,GlamourCo,112.18,3.9,5571,6,527.0,32.0,1,184,True,True,3,2024-06-17,GB,DE,465,33,28,2.0,,True,False,False,False
pid_00760,seller_6685,Electronics,WellnessLab,147.37,4.6,3001,3,522.0,33.0,1,958,True,False,3,2025-05-17,CN,AU,2579,262,104,1.0,12.0,True,True,False,True
pid_00514,seller_9424,Electronics,MediPharm,205.97,3.6,1091,3,409.0,1.0,0,3035,True,True,4,2025-07-21,CA,JP,3934,553,189,5.0,31.0,True,False,False,False
pid_03948,seller_6103,Electronics,ElectroMax,54.89,3.7,2371,4,273.0,1.0,2,586,True,True,2,2024-04-11,DE,DE,3301,82,238,2.0,17.0,False,False,False,False
pid_01605,seller_9872,Luxury Goods,GlamourCo,185.33,4.1,0,4,264.0,26.0,1,1074,True,False,1,2024-09-17,AU,IN,3583,340,264,3.0,15.0,False,False,False,False
pid_04889,seller_5330,Cosmetics,TechCorp,5.0,3.0,3006,3,667.0,19.0,3,448,True,False,2,2025-10-06,FR,DE,126,12,7,0.0,5.0,False,False,False,False
pid_04893,seller_4226,Fashion,GlamourCo,162.64,4.0,2526,1,888.0,23.0,0,1701,True,True,4,2024-03-19,GB,KR,2758,88,216,2.0,26.0,False,False,False,False
pid_03458,seller_4788,Cosmetics,WellnessL@b,52.34,3.5,0,1,95.0,,2,620,False,False,4,2025-04-03,CA,FR,1601,224,18,0.0,,False,False,True,True
pid_04928,seller_6566,Pharmaceuticals,PureSkin,108.46,4.5,1952,7,670.0,22.0,1,2104,True,True,4,2024-01-12,CN,AU,1325,191,17,3.0,22.0,False,False,False,False
pid_00800,seller_4805,Cosmetics,VehicleCare,83.36,4.2,779,1,303.0,19.0,0,1802,False,False,3,2025-01-07,DE,IN,3019,224,139,0.0,14.0,False,True,True,True
pid_00768,seller_5848,Fashion,ExclusiveItems,5.0,4.0,1819,3,309.0,17.0,1,774,True,True,3,2024-07-24,JP,US,3651,400,110,0.0,0.0,False,False,False,True
pid_00193,seller_6039,Cosmetics,M0torMax,109.29,4.9,0,1,222.0,10.0,0,54,False,True,1,2025-04-04,DE,CA,843,47,15,0.0,1.0,False,True,False,True
pid_03522,seller_8636,Fashion,BeautyLux,135.07,3.6,149,4,433.0,32.0,2,2740,False,True,2,2025-02-27,AU,GB,3053,369,163,1.0,10.0,False,True,False,False
pid_00742,seller_8022,Pharmaceuticals,CircuitMaster,164.63,3.7,4988,2,348.0,12.0,0,2151,True,True,2,2024-12-02,GB,DE,268,16,16,2.0,9.0,False,False,False,False
pid_02928,seller_3116,Pharmaceuticals,CircuitMaster,123.53,3.6,1090,3,387.0,21.0,1,142,False,True,1,2025-11-04,CN,IN,3142,61,93,1.0,7.0,True,False,False,True
pid_01454,seller_3004,Electronics,HealthCare P1us,12.04,3.4,98,2,20.0,16.0,2,840,True,True,2,2025-06-15,AU,IN,3761,424,264,1.0,0.0,False,False,False,False
pid_00612,seller_5778,Cosmetics,ExclusiveItems,208.76,4.0,4285,6,854.0,14.0,0,1200,True,False,4,2024-03-10,GB,CA,1825,19,29,1.0,12.0,True,False,False,False
pid_03600,seller_1482,Electronics,TrendSetter,110.03,3.8,0,2,,1.0,2,533,False,True,1,2025-09-22,IN,AU,616,31,26,2.0,14.0,False,False,False,True
pid_01870,seller_6979,Pharmaceuticals,FashionForward,215.99,3.6,972,4,328.0,38.0,1,1361,True,True,1,2024-07-13,CN,IN,2328,75,71,0.0,15.0,False,False,True,True
pid_03676,seller_5055,Electronics,Med1Pharm,74.46,4.1,3768,4,,22.0,0,5,True,True,3,2025-09-16,KR,US,1930,46,116,5.0,3.0,False,False,False,True
pid_00401,seller_3603,Automotive,HealthCare Plus,312.38,4.5,3185,4,349.0,15.0,0,734,True,True,6,2025-12-24,AU,GB,4485,654,47,3.0,9.0,False,False,False,False
pid_03902,seller_9717,Automotive,WellnessLab,136.27,3.9,2608,5,601.0,12.0,1,150,True,True,4,2025-07-04,US,IN,981,117,25,2.0,14.0,False,False,False,False
pid_00849,seller_9739,Cosmetics,WellnessLab,189.32,4.3,0,4,375.0,26.0,1,2317,True,False,5,2025-02-24,FR,JP,2471,234,17,1.0,14.0,True,False,False,False
pid_03816,seller_7338,Fashion,GlamourC0,128.28,3.4,0,1,340.0,25.0,1,2472,False,True,2,2025-11-15,FR,IN,820,103,10,0.0,2.0,False,False,False,True
pid_01728,seller_8526,Pharmaceuticals,LuxuryBrand,187.48,4.4,1085,3,462.0,3.0,0,1995,True,False,3,2025-04-25,GB,KR,2138,148,121,2.0,14.0,True,False,False,True
pid_00374,seller_1077,Electronics,EliteDesign,215.14,4.6,0,10,948.0,1.0,0,1103,True,True,2,2025-08-18,AU,JP,3244,90,188,4.0,16.0,False,False,False,False
pid_00537,seller_3490,Fashion,BioMed Solutions,183.48,4.5,4339,3,772.0,11.0,0,2254,True,True,4,2025-09-29,FR,GB,2667,350,15,2.0,19.0,False,False,False,False
pid_03970,seller_7303,Automotive,B3autyLux,60.55,3.5,3884,1,487.0,1.0,0,1213,False,False,3,2025-05-13,AU,FR,2192,52,130,0.0,12.0,True,True,True,True
pid_04692,seller_3451,Fashion,TechCorp,200.76,3.8,2650,4,257.0,18.0,1,5,True,True,1,2024-11-29,CA,KR,1793,50,88,2.0,28.0,True,True,False,True
pid_01007,seller_5023,Pharmaceuticals,VehicleCare,45.69,3.6,1156,3,95.0,27.0,1,1623,True,True,2,2024-03-12,AU,IN,2162,196,84,0.0,13.0,False,False,False,False
pid_04815,seller_4414,Automotive,ClassicWear,243.8,3.7,2463,5,673.0,4.0,2,388,True,False,3,2024-09-15,JP,JP,1552,200,54,1.0,9.0,False,False,False,False
pid_04272,seller_2055,Electronics,MediPh@rm,162.02,3.8,1305,1,471.0,12.0,0,445,True,False,1,2025-04-15,CA,US,2397,82,99,3.0,4.0,True,False,False,True
pid_03406,seller_5520,Automotive,ExclusiveItems,113.89,2.9,0,3,125.0,32.0,1,5,True,False,2,2025-03-27,CN,GB,3967,134,35,0.0,0.0,False,False,False,True
pid_00578,seller_1730,Luxury Goods,HealthCare Plus,109.31,4.4,3624,3,263.0,21.0,1,1745,True,False,1,2024-09-25,IN,GB,2620,327,186,3.0,19.0,True,False,False,False
pid_00692,seller_2335,Luxury Goods,TechC0rp,5.0,3.4,832,2,291.0,44.0,1,5,True,True,1,2025-03-20,JP,CN,3177,265,77,0.0,13.0,False,True,False,True
pid_01611,seller_2597,Cosmetics,ExclusiveItems,227.54,4.3,2747,1,429.0,1.0,0,3457,True,True,2,2025-11-15,KR,GB,2998,276,92,,23.0,False,True,False,False
pid_02734,seller_9294,Automotive,StyleH0use,197.93,4.2,2445,7,426.0,11.0,0,1860,True,True,5,2025-04-02,IN,CA,2489,87,66,4.0,15.0,False,False,False,True
pid_04906,seller_8626,Automotive,TrendSetter,223.48,2.9,0,4,128.0,32.0,2,924,False,False,3,2024-02-27,AU,KR,1174,21,47,0.0,11.0,False,True,True,False
pid_04176,seller_9669,Cosmetics,PremiumCraft,169.71,,932,4,420.0,31.0,2,850,True,True,5,2024-11-05,US,GB,747,84,47,3.0,22.0,False,True,False,False
pid_00655,seller_4662,Electronics,ExclusiveItems,184.95,3.4,88,1,330.0,17.0,1,319,True,False,2,2025-11-03,AU,KR,4661,654,51,1.0,16.0,False,False,False,True
pid_00444,seller_7020,Pharmaceuticals,ClassicWear,197.33,4.0,1605,2,602.0,22.0,1,629,True,False,3,2025-01-02,DE,KR,1079,110,38,4.0,6.0,False,False,False,False
pid_01829,seller_2214,Fashion,CircuitMaster,200.28,4.2,3837,1,669.0,1.0,2,5,True,True,2,2024-06-09,KR,KR,2414,241,169,2.0,0.0,True,False,True,False
pid_03092,seller_9610,Fashion,Be@utyLux,112.73,3.3,990,3,105.0,21.0,3,936,True,False,2,2024-01-15,FR,US,1574,169,118,0.0,17.0,False,False,False,True
pid_01228,seller_7118,Automotive,DigitalPro,5.0,3.3,2390,4,533.0,19.0,4,1192,True,False,1,2024-08-18,FR,CN,3230,143,254,0.0,14.0,True,False,False,True
pid_04076,seller_7879,Luxury Goods,HealthCare P1us,226.78,5.0,942,5,560.0,8.0,0,3384,True,True,3,2025-01-21,US,KR,4591,142,42,3.0,13.0,False,False,False,False
pid_03535,seller_8752,Electronics,HealthCar3 Plus,5.0,2.1,0,3,20.0,44.0,2,5,True,False,1,2025-08-23,IN,CN,1295,132,73,0.0,0.0,True,False,True,True
pid_02934,seller_5948,Cosmetics,AutoParts Pro,93.7,3.1,1780,4,364.0,22.0,2,1736,True,False,2,2025-03-22,JP,AU,4056,109,244,0.0,0.0,True,True,True,True
pid_00590,seller_5184,Electronics,E1iteDesign,163.06,4.2,1362,4,227.0,8.0,0,3493,True,True,2,2024-05-27,JP,CA,2893,198,41,3.0,19.0,False,False,True,True
pid_02906,seller_3857,Automotive,Fash1onForward,143.29,4.1,1118,1,775.0,20.0,3,2735,True,False,4,2024-11-01,KR,CA,4904,473,157,2.0,20.0,False,False,False,True
pid_01575,seller_9383,Electronics,EliteDesign,235.5,4.7,0,6,266.0,7.0,3,2673,True,True,2,2025-11-12,AU,AU,4606,557,258,2.0,20.0,False,False,False,False
pid_00478,seller_7372,Automotive,HealthCare Plus,49.04,3.8,0,2,20.0,34.0,1,751,True,True,2,2025-03-25,GB,AU,3092,196,153,0.0,1.0,False,True,False,True
pid_04339,seller_9292,Electronics,TrendSetter,155.46,4.6,3541,5,525.0,16.0,1,3016,False,True,3,2024-07-13,US,DE,3716,80,161,4.0,11.0,True,False,False,False
pid_04422,seller_6406,Cosmetics,Class1cWear,191.21,5.0,2611,7,115.0,3.0,0,751,False,False,4,2024-12-29,DE,GB,3686,171,137,3.0,13.0,False,True,False,True
pid_02656,seller_7029,Pharmaceuticals,GlamourCo,178.33,4.7,3549,6,503.0,,1,5,True,True,2,2025-06-11,US,JP,1868,259,123,0.0,1.0,False,False,False,True
pid_02396,seller_5570,Electronics,TrendSetter,144.94,3.7,3400,1,42.0,18.0,0,25,False,True,2,2025-02-12,GB,CA,1875,135,143,0.0,16.0,False,False,False,True
pid_03897,seller_6864,Pharmaceuticals,PremiumCraft,174.13,4.1,3185,1,481.0,22.0,1,1096,False,True,1,2025-08-06,CN,CN,2834,337,32,0.0,0.0,False,True,False,False
pid_04672,seller_6668,Pharmaceuticals,EliteDesign,207.87,4.7,1602,6,871.0,9.0,1,915,True,True,4,2024-09-18,AU,IN,2390,188,77,5.0,7.0,False,False,False,False
pid_02660,seller_8342,Luxury Goods,AutoParts Pro,205.71,5.0,2489,3,120.0,10.0,0,2828,True,True,4,2024-08-07,CN,AU,1060,112,38,2.0,27.0,True,False,False,False
pid_01871,seller_9756,Electronics,MediPharm,6.0,,0,1,543.0,16.0,1,969,True,False,1,2025-05-02,US,GB,509,51,21,0.0,9.0,False,False,False,True
pid_03400,seller_8053,Electronics,TrendSetter,81.44,3.9,1758,1,163.0,31.0,3,5,False,False,2,2024-07-24,FR,CN,3645,521,212,0.0,3.0,False,False,False,False
pid_02620,seller_5917,Pharmaceuticals,HealthCare Plus,196.48,3.8,1350,1,115.0,23.0,2,1669,False,True,1,2024-04-15,AU,CN,3271,348,199,1.0,4.0,True,False,True,False
pid_00465,seller_2710,Fashion,PureSkin,210.85,4.9,2104,6,739.0,6.0,0,185,True,True,3,2025-02-26,FR,CA,3441,436,77,2.0,16.0,True,False,False,False
pid_00743,seller_7197,Luxury Goods,CircuitMaster,86.23,3.6,4198,5,723.0,9.0,1,1780,True,False,1,2024-07-30,CN,AU,3140,189,37,1.0,,False,False,True,False
pid_02751,seller_4694,Cosmetics,TechCorp,60.73,4.1,0,1,100.0,22.0,1,5,False,False,2,2024-09-30,CA,CA,534,16,33,0.0,0.0,True,False,False,False
pid_03586,seller_5836,Luxury Goods,CarTech,118.15,3.8,1381,6,777.0,5.0,0,2582,True,False,4,2025-08-19,JP,JP,4068,140,229,4.0,25.0,False,False,False,False
pid_00182,seller_9455,Automotive,M3diPharm,223.35,4.0,0,2,,31.0,1,359,False,False,3,2025-11-26,IN,CA,4994,657,150,0.0,0.0,False,False,True,True
pid_00242,seller_1471,Automotive,HealthCare Plus,161.88,3.9,3616,5,269.0,3.0,0,1925,True,False,4,2024-10-10,CN,US,4351,550,213,3.0,3.0,True,False,False,True
pid_02716,seller_2634,Cosmetics,ClassicWear,163.48,3.9,0,3,507.0,21.0,2,2224,True,True,1,2024-01-25,IN,CN,1382,156,89,2.0,1.0,False,True,False,True
pid_01394,seller_3668,Fashion,GlamourCo,20.93,5.0,0,1,566.0,5.0,0,335,True,True,1,2024-01-22,AU,IN,3164,103,189,2.0,34.0,False,False,False,True
pid_01053,seller_1879,Pharmaceuticals,V3hicleCare,193.56,3.5,1557,1,307.0,29.0,1,499,True,True,1,2025-01-28,IN,DE,4631,213,324,1.0,8.0,True,True,True,True
pid_03788,seller_9120,Electronics,EliteDesign,212.55,3.6,168,4,479.0,15.0,1,2046,False,True,5,2025-09-08,CN,DE,3051,58,16,0.0,11.0,False,False,False,True
pid_00653,seller_5848,Pharmaceuticals,PureSk1n,74.67,3.7,0,4,239.0,24.0,1,5,False,False,1,2025-04-15,CA,CN,612,7,23,0.0,9.0,False,False,False,True
pid_00148,seller_4830,Electronics,ElectroMax,330.75,4.4,176,4,255.0,14.0,0,909,True,True,3,2024-03-02,CA,JP,1122,136,21,0.0,26.0,True,False,False,True
pid_00708,seller_6476,Fashion,ClassicWe@r,36.87,2.8,0,1,452.0,38.0,2,2034,True,False,1,2024-12-31,FR,FR,3990,120,24,0.0,7.0,True,False,False,True
pid_04566,seller_5200,Fashion,EliteDesign,263.88,4.7,3051,4,387.0,12.0,0,2501,True,True,6,2025-12-21,JP,US,2862,235,59,4.0,16.0,False,False,False,False
pid_00023,seller_4394,Fashion,C1assicWear,110.2,4.0,696,1,20.0,,3,1129,False,True,1,2024-10-29,DE,KR,4237,270,230,0.0,0.0,False,False,False,True
pid_01285,seller_5216,Luxury Goods,Clas5icWear,222.15,4.1,2523,1,20.0,31.0,0,3754,True,False,3,2025-01-04,DE,FR,4169,318,290,3.0,25.0,False,False,False,True
pid_01957,seller_3741,Luxury Goods,ElectroMax,130.6,3.1,0,3,183.0,8.0,1,5,True,False,2,2024-06-29,KR,AU,1514,155,22,4.0,5.0,False,False,False,True
pid_02260,seller_6188,Pharmaceuticals,FashionForward,113.72,4.4,2602,5,273.0,3.0,0,3545,True,True,3,2024-07-22,KR,KR,2298,222,44,1.0,36.0,False,False,True,False
pid_01532,seller_3188,Cosmetics,StyleHouse,146.6,4.1,844,7,331.0,25.0,0,1174,False,True,4,2025-07-28,IN,JP,1729,227,111,3.0,,True,False,False,True
pid_01436,seller_4708,Fashion,HealthCare Plus,349.82,5.0,6004,5,668.0,1.0,0,3234,True,True,3,2025-06-05,AU,FR,4898,482,90,5.0,32.0,True,False,False,False
pid_00919,seller_3460,Electronics,PremiumCraft,47.84,3.6,1356,5,453.0,32.0,3,900,False,False,2,2024-11-17,KR,AU,4675,691,266,0.0,3.0,False,True,False,False
pid_01199,seller_2902,Electronics,ClassicWear,165.92,4.6,822,1,289.0,22.0,2,2313,False,False,1,2024-02-15,CN,CA,3785,114,102,1.0,0.0,False,True,False,False
pid_02216,seller_2905,Pharmaceuticals,VehicleCare,330.43,4.7,2667,3,602.0,3.0,1,1906,True,True,4,2025-01-07,DE,GB,1128,60,45,2.0,19.0,False,False,False,False
pid_04549,seller_1723,Pharmaceuticals,GlamourCo,205.06,4.6,1719,4,512.0,21.0,0,2827,True,True,2,2025-10-10,IN,CA,1920,264,27,2.0,5.0,False,False,False,False
pid_00469,seller_1117,Automotive,EliteDesign,71.11,4.7,2866,5,528.0,24.0,0,2540,True,True,5,2024-10-21,FR,CN,647,78,29,5.0,12.0,False,True,False,False
pid_04835,seller_6183,Electronics,PureSkin,91.24,3.3,0,1,20.0,12.0,3,5,True,False,1,2025-01-31,KR,AU,3299,106,103,0.0,1.0,False,True,False,True
pid_03376,seller_5190,Pharmaceuticals,CircuitMast3r,206.37,5.0,2234,6,406.0,4.0,1,1983,True,True,2,2024-01-05,DE,KR,3668,66,148,5.0,28.0,True,True,False,False
pid_00106,seller_5922,Fashion,CarTech,262.31,4.0,813,5,379.0,8.0,0,2051,True,True,3,2024-02-24,CA,CN,4133,606,74,3.0,28.0,False,False,False,False
pid_01484,seller_2737,Fashion,BioMed Solutions,115.25,4.1,1271,5,569.0,25.0,0,227,True,True,2,2025-05-06,CN,CA,405,22,18,0.0,15.0,False,False,False,True
pid_04120,seller_9486,Fashion,WellnessLab,9.5,3.7,0,1,20.0,10.0,0,861,True,False,1,2025-06-12,KR,GB,4113,573,142,0.0,11.0,True,False,False,False
pid_00350,seller_3302,Luxury Goods,TechCorp,174.15,3.8,1184,2,325.0,3.0,0,1715,True,True,4,2024-11-03,CN,GB,3972,504,148,2.0,14.0,False,False,False,False
pid_01509,seller_4395,Pharmaceuticals,PureSkin,201.04,4.2,485,4,691.0,11.0,2,855,True,False,1,2025-09-02,IN,DE,225,9,12,2.0,,False,True,True,False
pid_01260,seller_5773,Fashion,EliteDesign,174.22,4.8,3534,7,468.0,3.0,0,2796,True,False,3,2025-08-26,CN,FR,3327,162,265,4.0,13.0,False,False,False,False
pid_00048,seller_6351,Luxury Goods,MediPharm,102.9,4.3,2459,5,397.0,1.0,0,3866,False,True,4,2024-02-06,AU,CN,4162,78,59,0.0,17.0,True,False,False,False
pid_00238,seller_3354,Cosmetics,El1teDesign,5.0,3.9,0,1,23.0,29.0,1,5,False,False,1,2024-09-27,JP,KR,151,17,6,0.0,0.0,False,True,False,True
pid_00712,seller_4463,Luxury Goods,TrendS3tter,176.89,3.8,0,2,20.0,15.0,2,889,False,False,1,2024-11-18,CA,JP,2373,211,37,0.0,0.0,False,False,False,True
pid_01443,seller_9505,Luxury Goods,HealthCare Plus,135.16,3.4,0,1,77.0,11.0,0,1284,False,False,1,2025-03-28,KR,GB,1572,60,15,4.0,12.0,True,False,False,True
pid_04665,seller_3404,Cosmetics,MediPharm,203.3,5.0,1549,6,693.0,6.0,0,2949,True,True,2,2024-05-13,CA,CN,2669,138,35,0.0,6.0,True,False,True,False
pid_04951,seller_9062,Electronics,TechCorp,180.18,3.6,3476,3,621.0,1.0,0,592,False,True,4,2025-02-23,CN,IN,4999,717,120,2.0,14.0,True,False,False,False
pid_03446,seller_1449,Pharmaceuticals,PremiumCr@ft,241.73,4.0,1243,4,321.0,33.0,1,2181,True,True,2,2025-05-08,CN,IN,2134,210,152,1.0,14.0,False,False,False,True
pid_03839,seller_9454,Cosmetics,Wellne5sLab,39.2,4.7,2015,3,60.0,17.0,0,685,True,True,3,2025-08-05,AU,CN,1726,101,136,2.0,29.0,False,False,False,False
pid_04711,seller_9501,Luxury Goods,ExclusiveItems,49.99,3.8,0,1,149.0,19.0,1,404,True,False,1,2024-05-02,DE,CN,3072,76,143,0.0,17.0,False,True,True,True
pid_02663,seller_8981,Cosmetics,WellnessLab,130.87,2.7,2797,5,582.0,13.0,0,1841,True,True,1,2025-09-10,US,AU,4443,123,35,1.0,31.0,False,False,False,False
pid_02718,seller_2671,Pharmaceuticals,BeautyLux,158.42,3.3,313,4,630.0,16.0,1,886,True,True,2,2025-01-16,US,DE,127,13,0,3.0,13.0,False,False,False,True
pid_02613,seller_9424,Pharmaceuticals,VehicleCare,206.34,2.6,0,3,55.0,,0,1245,False,True,3,2024-04-19,KR,CN,4274,454,75,4.0,12.0,False,False,False,False
pid_04871,seller_8569,Electronics,PureSkin,73.07,4.2,719,2,604.0,13.0,0,1955,False,True,2,2025-03-12,AU,US,523,19,7,1.0,7.0,False,False,False,False
pid_02511,seller_8743,Automotive,TechCorp,256.16,4.8,2323,4,158.0,1.0,0,1981,False,True,1,2025-09-01,KR,DE,4608,389,50,2.0,22.0,False,False,False,False
pid_00900,seller_5976,Electronics,BioMed Solutions,7.62,2.9,0,1,27.0,26.0,3,5,False,False,1,2024-01-25,DE,AU,375,21,8,0.0,0.0,False,True,True,True
pid_03391,seller_5866,Automotive,EliteDesign,117.48,3.7,833,1,20.0,13.0,1,115,False,False,2,2024-11-10,AU,DE,487,14,23,1.0,5.0,True,True,True,True
pid_03982,seller_2410,Fashion,FashionForward,311.95,5.0,4777,5,419.0,1.0,0,1306,True,False,1,2025-07-02,IN,US,3557,264,220,1.0,33.0,False,False,False,False
pid_01931,seller_7658,Luxury Goods,LuxuryBrand,298.91,4.2,1640,5,420.0,8.0,0,1827,True,False,1,2024-04-17,FR,CN,4997,504,391,3.0,27.0,True,False,False,False
pid_04709,seller_6174,Cosmetics,HealthCare Plus,187.92,3.7,0,4,205.0,18.0,1,1776,False,False,1,2024-07-29,GB,FR,3730,160,69,0.0,8.0,False,False,False,True
pid_04065,seller_1567,Electronics,CarTech,205.22,4.1,639,4,328.0,1.0,0,2153,True,True,1,2024-08-30,GB,CN,2733,47,50,2.0,13.0,False,False,False,True
pid_02771,seller_8609,Fashion,StyleHouse,63.24,2.7,0,5,269.0,15.0,2,1149,True,True,4,2024-06-28,KR,GB,1284,79,6,3.0,0.0,False,True,False,False
pid_04052,seller_6342,Pharmaceuticals,GlamourCo,76.91,,1350,1,161.0,16.0,1,2468,True,False,1,2024-02-25,DE,IN,2878,387,39,4.0,3.0,True,False,False,False
pid_04817,seller_5841,Pharmaceuticals,MediPharm,121.19,3.4,95,3,378.0,15.0,0,1424,True,True,3,2024-07-22,FR,CA,283,9,7,3.0,19.0,False,False,False,True
pid_04537,seller_9353,Cosmetics,TechCorp,155.32,3.6,3249,3,416.0,1.0,2,1132,False,True,4,2024-11-11,KR,FR,2857,33,16,1.0,2.0,False,False,False,False
pid_03132,seller_7932,Automotive,TrendSetter,125.82,3.8,2289,5,710.0,13.0,0,3267,True,False,4,2024-10-12,CA,IN,1561,29,97,2.0,,False,False,False,False
pid_02254,seller_2957,Automotive,StyleHouse,57.01,4.3,336,1,42.0,37.0,3,1911,False,False,3,2025-01-02,KR,AU,89,6,0,4.0,8.0,False,True,False,False
pid_02125,seller_4509,Cosmetics,ExclusiveItems,223.77,4.6,0,4,275.0,8.0,3,168,True,True,3,2025-07-13,CN,FR,4805,656,65,0.0,3.0,True,False,False,False
pid_00030,seller_8844,Cosmetics,CircuitMaster,273.99,4.5,755,6,560.0,16.0,0,5,True,True,5,2025-09-09,FR,IN,353,24,26,3.0,14.0,False,False,False,False
pid_02306,seller_3383,Electronics,WellnessLab,242.56,4.3,4790,6,705.0,1.0,0,3754,True,True,4,2024-05-20,JP,KR,2343,336,88,3.0,25.0,False,False,False,False
pid_01226,seller_9506,Fashion,BeautyLux,236.78,4.8,2939,2,578.0,9.0,0,656,True,True,6,2025-09-17,CN,FR,633,46,17,3.0,6.0,True,False,False,False
pid_03746,seller_6693,Cosmetics,Sty1eHouse,76.21,3.8,853,1,446.0,15.0,1,2057,False,False,1,2024-07-11,DE,GB,4173,55,198,0.0,14.0,False,False,True,True
pid_02329,seller_7381,Electronics,DigitalPr0,75.59,3.8,1953,3,265.0,5.0,0,2975,True,True,2,2024-12-15,CN,US,497,38,14,2.0,9.0,True,False,False,True
pid_00173,seller_1019,Fashion,HealthCare Plus,151.33,4.4,1288,5,709.0,13.0,0,500,False,True,3,2025-04-20,CN,DE,3737,105,266,2.0,19.0,True,False,False,True
pid_02676,seller_2692,Fashion,T3chCorp,150.69,3.8,4291,3,509.0,3.0,0,2964,True,True,4,2025-04-21,FR,DE,2270,183,64,0.0,14.0,False,False,True,True
pid_03275,seller_4546,Pharmaceuticals,CircuitMaster,57.72,3.9,0,4,305.0,13.0,3,545,True,True,1,2025-03-15,KR,GB,559,29,42,2.0,15.0,False,False,False,True
pid_04614,seller_5720,Fashion,ExclusiveItems,168.16,3.7,1079,1,565.0,5.0,2,1865,True,True,1,2024-07-23,IN,KR,100,6,3,4.0,8.0,False,False,False,False
pid_00859,seller_1968,Electronics,PureSkin,286.99,4.2,1317,4,693.0,1.0,1,1391,True,True,4,2024-02-20,DE,GB,181,17,13,3.0,5.0,True,False,False,False
pid_01972,seller_1387,Fashion,MediPharm,231.76,4.2,5610,4,457.0,26.0,0,2334,True,False,3,2025-01-12,US,US,3330,225,240,4.0,10.0,False,False,False,False
pid_01917,seller_2550,Cosmetics,ClassicWear,250.54,4.7,749,6,668.0,3.0,0,195,True,False,3,2025-01-29,KR,KR,198,20,3,4.0,23.0,True,False,False,False
pid_03225,seller_7899,Automotive,LuxuryBrand,96.76,3.6,4091,4,284.0,1.0,1,2623,True,True,3,2024-06-22,GB,AU,4751,171,180,4.0,8.0,False,True,False,False
pid_04040,seller_2097,Automotive,ElectroMax,72.0,4.3,0,1,404.0,11.0,1,122,True,True,1,2025-03-07,AU,CA,1154,169,27,3.0,7.0,True,False,True,False
pid_03716,seller_9201,Fashion,WellnessLab,236.37,4.0,840,2,664.0,13.0,0,3318,True,True,2,2025-02-07,FR,US,3725,400,99,3.0,13.0,False,False,False,False
pid_02491,seller_4727,Electronics,TrendSetter,127.52,3.3,641,3,922.0,13.0,2,2273,True,True,1,2025-02-13,CA,US,1897,144,85,1.0,13.0,False,False,False,False
pid_04900,seller_6869,Electronics,MediPharm,117.38,4.5,147,5,455.0,5.0,0,1900,False,False,5,2025-02-24,CN,US,3267,288,23,4.0,26.0,True,True,False,False
pid_00807,seller_7851,Automotive,HealthCare Plu5,5.0,3.3,0,1,109.0,31.0,1,5,False,True,2,2024-06-18,CA,FR,3956,398,255,0.0,4.0,False,False,False,True
pid_01469,seller_7452,Pharmaceuticals,MediPharm,171.55,4.7,446,4,121.0,6.0,0,1475,True,True,1,2025-11-19,GB,CA,1743,17,91,3.0,18.0,False,True,False,False
pid_02006,seller_4482,Luxury Goods,Circu1tMaster,81.8,4.0,3872,4,637.0,,0,2052,True,True,3,2025-10-21,GB,DE,2589,89,38,4.0,18.0,True,False,True,True
pid_03194,seller_2514,Fashion,TechCorp,254.53,4.2,3461,7,160.0,13.0,0,1187,True,True,3,2024-11-08,AU,GB,1358,202,76,3.0,17.0,False,False,False,False
pid_03204,seller_8617,Cosmetics,BioMed Solutions,89.02,3.9,1685,1,20.0,33.0,4,5,True,True,4,2024-05-25,CA,GB,492,21,26,0.0,0.0,False,True,True,True
pid_00493,seller_6608,Electronics,CarTech,266.16,3.7,4281,7,482.0,1.0,0,3044,True,True,3,2025-11-19,FR,JP,4172,322,101,,11.0,True,False,False,True
pid_01623,seller_6068,Automotive,StyleHouse,139.77,3.7,4688,7,405.0,23.0,2,1519,True,True,1,2025-01-27,IN,KR,4753,325,25,0.0,7.0,False,False,True,False
pid_02651,seller_1684,Fashion,TrendSetter,117.01,3.4,1655,3,507.0,9.0,1,1112,False,True,1,2025-08-01,JP,GB,2463,167,142,0.0,9.0,False,False,False,True
pid_04419,seller_7070,Electronics,NaturalGlow,66.06,4.1,3196,6,504.0,19.0,0,4000,False,True,2,2025-07-28,FR,JP,4728,305,274,3.0,3.0,False,False,False,False
pid_01001,seller_8367,Luxury Goods,ElectroMax,121.18,4.3,3888,5,651.0,28.0,1,5,True,True,2,2025-03-15,KR,KR,4979,253,117,1.0,22.0,False,False,False,True
pid_02317,seller_5474,Fashion,VehicleCare,185.89,3.6,0,5,328.0,24.0,1,1386,True,True,4,2025-04-29,IN,IN,508,9,8,2.0,23.0,True,False,True,False
pid_03544,seller_5064,Automotive,WellnessLab,115.86,4.7,2967,4,595.0,7.0,2,2454,True,True,5,2024-06-28,JP,FR,4513,441,234,1.0,10.0,False,False,False,False
pid_01951,seller_7383,Fashion,NaturalGlow,130.85,4.5,3318,2,547.0,1.0,0,766,True,True,4,2025-05-09,IN,JP,2632,233,52,0.0,11.0,True,False,False,False
pid_04261,seller_7410,Automotive,Welln3ssLab,119.69,3.0,59,5,502.0,25.0,2,805,False,False,2,2024-11-21,CN,DE,1220,113,8,1.0,1.0,False,True,False,True
pid_03357,seller_7948,Fashion,FashionForward,79.51,3.9,320,2,650.0,27.0,1,1702,True,False,3,2024-07-09,JP,CN,4097,68,231,1.0,,True,False,False,True
pid_00972,seller_8232,Pharmaceuticals,EliteDesign,210.31,4.8,142,5,380.0,21.0,0,2298,True,False,6,2025-01-23,AU,CN,1552,18,74,2.0,14.0,False,False,False,False
pid_01308,seller_7803,Fashion,D1gitalPro,160.46,4.8,356,6,344.0,24.0,1,524,True,True,2,2025-11-04,KR,CA,3063,397,57,0.0,21.0,False,True,False,True
pid_03884,seller_2145,Automotive,Med1Pharm,125.09,2.6,0,4,244.0,14.0,1,860,True,True,4,2024-03-29,AU,DE,2513,242,26,0.0,0.0,False,False,True,True
pid_02489,seller_9486,Fashion,ClassicWear,5.0,3.6,0,2,236.0,39.0,0,5,False,False,1,2024-12-27,CN,JP,1342,42,63,2.0,0.0,False,True,True,True
pid_03205,seller_4500,Pharmaceuticals,BeautyLux,118.67,3.3,0,1,20.0,48.0,5,775,False,True,1,2025-10-17,KR,JP,4971,217,222,0.0,0.0,True,False,True,True
pid_03696,seller_1502,Automotive,PureSkin,171.34,,0,1,297.0,40.0,1,5,True,True,2,2025-07-22,IN,JP,3828,389,78,1.0,14.0,False,False,False,False
pid_04389,seller_1668,Electronics,GlamourCo,206.71,4.2,4802,7,299.0,1.0,0,2722,True,True,2,2024-09-10,GB,CN,628,63,36,,13.0,True,False,False,False
pid_04348,seller_1358,Pharmaceuticals,AutoParts Pro,143.98,3.8,0,2,592.0,16.0,2,968,False,True,1,2025-06-16,KR,JP,1799,220,74,0.0,17.0,False,False,False,False
pid_02811,seller_6519,Cosmetics,Natur@lGlow,108.29,4.2,752,3,431.0,1.0,2,1017,False,True,2,2024-01-21,CA,IN,3918,480,194,0.0,19.0,False,False,False,True
pid_03847,seller_4301,Luxury Goods,ElectroM@x,112.22,3.8,2935,7,201.0,17.0,0,1852,False,False,5,2024-07-30,US,IN,3448,437,195,2.0,15.0,False,False,False,True
pid_03124,seller_7872,Pharmaceuticals,AutoParts Pro,299.18,4.7,967,5,744.0,6.0,1,2207,True,False,3,2025-05-25,US,AU,1194,68,13,4.0,0.0,False,False,False,False
pid_04599,seller_9335,Fashion,MediPharm,177.58,3.1,0,2,76.0,,0,738,False,True,3,2025-01-02,CN,DE,1128,38,49,2.0,10.0,False,True,False,False
pid_04523,seller_2427,Cosmetics,MediPharm,143.29,4.5,4409,2,567.0,1.0,2,2959,False,True,1,2024-08-04,US,CA,1683,241,77,2.0,20.0,True,False,False,False
pid_02642,seller_4381,Pharmaceuticals,NaturalGlow,140.15,3.9,2854,8,551.0,9.0,1,2134,False,True,4,2025-04-16,AU,KR,168,2,3,0.0,3.0,True,False,False,False
pid_01663,seller_4151,Luxury Goods,HealthCare Plus,183.29,3.9,0,1,309.0,12.0,0,1274,True,False,1,2024-02-12,FR,CA,1587,59,91,1.0,10.0,True,False,False,True
pid_01701,seller_9003,Luxury Goods,GlamourCo,153.68,,3408,1,685.0,8.0,0,4000,True,True,5,2025-03-15,IN,CN,2276,205,123,3.0,24.0,False,False,False,False
pid_00016,seller_1729,Fashion,MediPharm,166.03,3.3,43,7,505.0,13.0,1,3058,True,True,3,2024-06-07,KR,KR,1457,176,103,3.0,6.0,False,False,False,False
pid_04787,seller_7253,Automotive,GlamourCo,247.96,3.6,866,3,160.0,11.0,1,1283,True,True,3,2024-07-30,KR,US,1209,56,92,0.0,18.0,False,False,False,False
pid_01058,seller_5384,Luxury Goods,BeautyLux,137.98,3.2,969,2,380.0,27.0,0,1504,True,False,4,2024-04-25,JP,US,4344,473,70,0.0,25.0,False,False,False,False
pid_00640,seller_4750,Electronics,HealthCare Plus,174.97,4.2,0,3,568.0,8.0,0,2322,True,True,4,2025-02-13,CA,US,2794,239,146,,12.0,False,True,False,True
pid_02659,seller_6412,Cosmetics,Fa5hionForward,42.21,4.2,1254,2,20.0,35.0,0,90,True,False,2,2025-07-10,DE,IN,1545,141,37,0.0,8.0,False,True,False,True
pid_03010,seller_4756,Luxury Goods,ElectroMax,91.34,3.9,3450,2,129.0,10.0,1,634,False,True,2,2025-11-04,JP,GB,1505,171,119,3.0,10.0,False,False,False,True
pid_02169,seller_3269,Fashion,LuxuryBr@nd,164.86,3.3,0,4,158.0,13.0,1,1747,True,False,1,2024-08-09,IN,CA,1935,150,63,3.0,9.0,False,False,False,True
pid_02813,seller_8147,Electronics,NaturalGlow,167.22,2.9,1781,3,86.0,21.0,2,2583,True,True,1,2024-02-23,JP,DE,4131,234,210,0.0,0.0,False,False,True,False
pid_04495,seller_8523,Cosmetics,GlamourCo,105.69,3.7,380,3,155.0,10.0,2,433,False,True,1,2025-03-13,DE,DE,88,12,6,0.0,,False,True,False,False
pid_04718,seller_9010,Luxury Goods,CircuitMaster,222.64,4.2,500,4,443.0,18.0,1,1867,True,True,1,2024-06-25,US,DE,3757,207,143,3.0,17.0,True,True,False,False
pid_01186,seller_5814,Cosmetics,FashionForward,176.9,5.0,8047,7,434.0,1.0,0,4000,True,True,4,2024-01-04,IN,CA,3313,347,170,5.0,24.0,False,False,False,False
pid_02662,seller_9593,Electronics,DigitalPro,237.54,3.5,150,2,166.0,20.0,5,1328,False,False,1,2025-01-11,FR,US,855,110,51,0.0,0.0,False,True,False,False
pid_04172,seller_2427,Luxury Goods,BioMed Solutions,130.94,3.3,0,3,,13.0,2,22,False,True,3,2025-12-13,AU,JP,2837,374,36,1.0,12.0,False,True,False,False
pid_03607,seller_2255,Fashion,MediPharm,222.9,,424,6,547.0,30.0,1,50,True,True,2,2024-10-30,KR,KR,4005,439,135,1.0,6.0,True,False,False,False
pid_01716,seller_8306,Electronics,BeautyLux,142.33,4.5,2707,2,198.0,1.0,0,216,False,True,1,2025-10-21,KR,JP,3001,235,229,3.0,18.0,True,False,False,False
pid_02960,seller_2019,Electronics,TechCorp,155.33,3.7,613,4,401.0,24.0,2,1193,True,False,1,2025-11-23,GB,FR,4549,126,26,0.0,4.0,False,False,False,True
pid_02469,seller_8622,Luxury Goods,FashionForward,216.02,3.9,3293,1,678.0,20.0,0,2595,True,False,2,2025-10-01,JP,US,4910,78,145,5.0,6.0,True,False,False,False
pid_01966,seller_3890,Electronics,ExclusiveItems,204.39,4.6,2377,7,860.0,1.0,0,3565,True,True,6,2025-07-19,FR,IN,4515,123,84,3.0,,False,False,False,False
pid_01920,seller_9846,Cosmetics,BeautyLux,5.0,4.5,1775,3,357.0,29.0,0,1618,False,True,2,2024-12-28,US,US,2309,225,40,2.0,6.0,False,False,True,False
pid_04476,seller_9626,Fashion,PureSkin,60.56,4.8,3333,4,363.0,,1,1787,True,False,3,2025-08-19,GB,DE,1264,66,28,1.0,9.0,True,False,False,False
pid_03910,seller_4927,Electronics,DigitalPro,73.03,4.9,3707,2,377.0,16.0,0,2109,False,True,3,2025-06-27,JP,FR,787,66,47,0.0,0.0,False,False,False,False
pid_02965,seller_9321,Cosmetics,PremiumCraft,108.67,2.6,0,1,256.0,30.0,2,1139,False,False,1,2024-09-01,IN,IN,298,33,16,0.0,0.0,False,False,False,True
pid_00585,seller_6994,Fashion,Exclus1veItems,75.39,2.5,0,1,781.0,25.0,2,803,True,False,1,2024-07-24,AU,GB,3460,379,263,1.0,15.0,False,True,False,True
pid_03147,seller_9294,Cosmetics,DigitalPr0,125.4,4.0,1976,4,324.0,31.0,2,2592,False,True,3,2024-08-10,CA,KR,192,21,2,2.0,6.0,False,True,False,True
pid_00036,seller_5356,Fashion,Pur3Skin,264.5,3.9,2102,4,581.0,7.0,0,108,True,True,2,2024-02-05,KR,FR,3403,253,135,1.0,19.0,False,False,False,True
pid_01072,seller_3946,Electronics,BeautyLux,5.0,4.2,2144,5,799.0,15.0,0,1780,False,True,1,2025-12-12,JP,IN,2270,136,106,1.0,12.0,True,False,False,False
pid_00076,seller_8490,Pharmaceuticals,StyleHouse,103.06,3.8,3761,4,594.0,,0,2364,True,False,2,2025-12-08,JP,CA,2651,277,208,5.0,10.0,False,False,False,False
pid_02238,seller_8526,Electronics,VehicleCare,147.01,4.0,2429,4,384.0,24.0,0,1152,True,True,4,2025-09-06,IN,AU,782,48,51,3.0,17.0,True,False,False,True
pid_03269,seller_5246,Cosmetics,DigitalPro,192.27,4.0,930,6,330.0,29.0,1,1062,True,False,4,2025-08-14,GB,JP,1951,255,147,2.0,11.0,False,False,False,False
pid_03946,seller_2454,Cosmetics,Fash1onForward,5.0,3.8,4456,4,473.0,1.0,3,5,False,True,6,2025-01-12,CN,IN,693,92,39,1.0,8.0,True,False,False,True
pid_00997,seller_3668,Electronics,StyleHouse,319.83,4.4,2661,8,562.0,1.0,0,905,True,False,5,2024-09-04,US,KR,4172,572,318,3.0,12.0,False,False,False,False
pid_03409,seller_7475,Electronics,Wel1nessLab,153.41,4.6,4575,3,20.0,22.0,1,2109,True,True,2,2025-04-20,CA,CN,2349,82,57,3.0,11.0,True,False,False,False
pid_02368,seller_6290,Fashion,EliteDesign,230.44,3.3,256,6,216.0,1.0,0,2329,False,True,4,2025-01-16,AU,FR,4293,212,104,5.0,19.0,True,False,True,False
pid_03639,seller_5810,Electronics,TrendSetter,127.4,4.0,569,9,744.0,1.0,0,2124,False,True,4,2024-11-29,JP,GB,3929,72,58,2.0,14.0,False,False,False,False
pid_03297,seller_1519,Electronics,MotorMax,131.38,4.6,0,1,391.0,12.0,0,2233,False,True,2,2024-05-19,AU,GB,91,9,3,2.0,13.0,True,False,False,True
pid_02049,seller_3163,Electronics,FashionForward,299.93,4.1,2728,3,200.0,1.0,2,2580,True,True,3,2025-08-28,US,CA,524,24,32,4.0,13.0,True,False,False,False
pid_01407,seller_8832,Pharmaceuticals,HealthCare Plus,201.04,5.0,2707,4,968.0,1.0,0,2235,True,True,6,2024-04-11,CN,CA,4022,151,84,5.0,21.0,False,False,False,False
pid_01905,seller_9057,Electronics,LuxuryBrand,221.22,5.0,1008,4,972.0,1.0,0,3040,True,True,4,2024-09-11,US,FR,542,18,42,4.0,8.0,True,False,False,False
pid_00639,seller_7730,Fashion,Circu1tMaster,5.0,2.8,0,1,272.0,25.0,2,212,False,False,2,2024-08-18,DE,CN,1255,41,41,,1.0,True,False,False,True
pid_00375,seller_5111,Fashion,DigitalPro,172.14,3.9,3036,2,720.0,26.0,0,2562,True,False,2,2024-10-09,JP,IN,1167,117,68,3.0,3.0,False,False,False,True
pid_04942,seller_1647,Pharmaceuticals,GlamourCo,202.99,3.5,945,6,151.0,3.0,0,1573,True,True,3,2024-08-28,FR,CA,3710,446,280,5.0,10.0,False,False,False,False
pid_02170,seller_7494,Cosmetics,MotorMax,93.32,4.4,0,3,362.0,27.0,1,5,True,True,4,2024-07-04,GB,KR,1108,29,53,2.0,15.0,True,True,True,True
pid_04068,seller_2056,Cosmetics,CarTech,290.36,3.8,2166,6,621.0,9.0,0,438,True,False,2,2025-07-03,AU,IN,3833,297,40,1.0,5.0,False,False,False,True
pid_01327,seller_3821,Pharmaceuticals,Hea1thCare Plus,236.07,4.7,1596,2,395.0,24.0,1,3154,True,True,4,2024-03-19,CN,IN,243,11,6,1.0,1.0,True,False,True,True
pid_02786,seller_5235,Automotive,TechCorp,98.35,4.4,0,3,69.0,17.0,1,402,False,True,2,2025-05-08,DE,DE,2986,322,207,1.0,3.0,True,True,False,True
pid_02793,seller_9765,Fashion,MotorMax,35.87,4.2,0,1,277.0,24.0,3,51,False,True,3,2025-05-10,AU,IN,3534,293,30,0.0,14.0,False,False,False,False
pid_04276,seller_7212,Fashion,VehicleCare,123.07,3.4,0,2,219.0,29.0,3,595,False,False,1,2025-02-10,JP,AU,3753,203,136,1.0,0.0,True,False,True,True
pid_04855,seller_1569,Electronics,StyleHouse,157.21,4.6,4631,3,816.0,25.0,2,2214,True,True,6,2025-03-03,DE,IN,2513,29,95,2.0,7.0,False,False,False,True
pid_01384,seller_5434,Cosmetics,ClassicWear,122.45,4.0,3155,1,20.0,19.0,0,2722,True,True,4,2025-03-15,US,CA,1611,158,58,1.0,21.0,False,False,False,True
pid_00189,seller_5523,Fashion,ClassicW3ar,103.52,4.6,1673,4,832.0,23.0,2,3661,True,True,5,2025-02-28,CN,DE,4997,84,106,1.0,4.0,False,False,False,True
pid_01515,seller_2110,Electronics,CarTech,236.78,4.3,1470,3,69.0,29.0,0,1606,True,False,3,2024-01-31,US,CN,4139,506,60,4.0,15.0,False,False,False,True
pid_04819,seller_9749,Electronics,Class1cWear,84.0,4.3,70,1,315.0,3.0,1,2542,True,False,2,2025-09-23,DE,JP,2197,249,92,3.0,17.0,False,False,False,True
pid_04648,seller_9642,Automotive,BeautyLux,250.7,3.6,585,7,200.0,35.0,1,1463,True,False,2,2024-06-12,US,CA,4808,689,179,0.0,0.0,False,False,False,False
pid_03618,seller_5836,Pharmaceuticals,LuxuryBrand,182.31,5.0,2667,7,754.0,2.0,0,2746,False,True,6,2024-11-28,AU,GB,2317,291,62,5.0,21.0,False,False,False,False
pid_02059,seller_5438,Luxury Goods,LuxuryBr@nd,69.73,3.5,0,1,281.0,13.0,0,2175,True,True,2,2024-03-23,JP,CA,1684,218,133,2.0,0.0,False,False,False,True
pid_00353,seller_4664,Electronics,ClassicWear,293.72,3.6,0,3,631.0,2.0,2,3482,False,False,2,2025-02-18,CN,GB,2770,106,190,0.0,16.0,False,False,False,True
pid_04075,seller_8786,Cosmetics,CarTech,171.28,3.5,3895,3,416.0,1.0,0,2087,True,True,5,2024-08-28,IN,KR,3228,79,101,1.0,33.0,True,False,False,False
pid_03081,seller_5180,Automotive,BioMed Solutions,79.0,3.4,582,4,455.0,1.0,0,1099,True,True,4,2024-10-03,KR,CN,2138,107,108,3.0,3.0,False,False,True,False
pid_03426,seller_5504,Luxury Goods,MediPharm,249.72,4.2,3313,5,239.0,1.0,0,825,True,False,5,2024-10-14,FR,DE,2860,80,72,1.0,9.0,False,False,False,False
pid_02248,seller_6924,Cosmetics,MotorMax,159.19,,2850,2,649.0,,0,2295,True,True,1,2024-06-19,IN,CN,1021,117,57,0.0,14.0,False,False,False,True
pid_04619,seller_9667,Automotive,ClassicW3ar,137.33,4.5,0,6,571.0,2.0,1,3697,True,False,5,2025-10-29,CN,GB,2138,69,127,2.0,0.0,False,False,False,False
pid_01383,seller_8548,Fashion,PureSkin,177.4,4.2,5327,6,573.0,26.0,0,3480,True,True,2,2024-05-08,JP,CN,145,5,1,4.0,14.0,True,False,False,False
pid_01628,seller_1495,Electronics,AutoP@rts Pro,150.22,3.6,0,4,581.0,22.0,0,1235,False,True,1,2024-02-08,JP,JP,1540,18,80,1.0,0.0,False,False,False,True
pid_03801,seller_2679,Automotive,DigitalPro,208.46,4.0,552,6,299.0,,0,724,False,False,2,2025-10-01,KR,FR,1405,197,77,0.0,11.0,False,False,False,True
pid_03134,seller_6813,Electronics,C1rcuitMaster,172.9,2.9,300,4,145.0,32.0,2,5,True,False,1,2025-10-31,KR,CN,3842,390,200,3.0,19.0,False,False,True,False
pid_02495,seller_6863,Luxury Goods,StyleHouse,196.06,5.0,383,5,209.0,18.0,0,3417,False,False,1,2024-11-09,DE,CA,1346,171,35,1.0,19.0,True,True,False,False
pid_04213,seller_5389,Fashion,CircuitMaster,59.62,4.4,0,4,390.0,16.0,1,1916,False,True,3,2025-06-18,DE,IN,1887,124,66,1.0,11.0,False,False,False,False
pid_02326,seller_2418,Pharmaceuticals,AutoParts Pro,63.32,3.9,4358,7,504.0,8.0,0,759,True,True,5,2024-02-13,US,CA,4071,345,84,2.0,19.0,False,False,False,False
pid_03283,seller_8805,Automotive,ClassicWear,116.23,3.5,1830,4,354.0,6.0,0,2092,True,False,2,2025-05-07,JP,JP,1562,89,40,2.0,21.0,False,False,False,False
pid_04105,seller_2514,Cosmetics,CircuitMaster,150.22,5.0,1242,4,589.0,11.0,0,1589,True,False,3,2024-06-14,DE,FR,3875,463,101,1.0,16.0,True,True,False,False
pid_02929,seller_1579,Fashion,CircuitMaster,58.74,3.2,1550,3,20.0,28.0,2,466,True,False,2,2025-01-26,DE,US,2922,72,174,1.0,9.0,False,False,True,True
pid_04377,seller_5804,Pharmaceuticals,VehicleCare,77.22,3.9,2122,3,212.0,22.0,1,3228,True,True,2,2024-08-07,FR,JP,2344,34,110,1.0,7.0,False,True,True,False
pid_03106,seller_5833,Pharmaceuticals,AutoParts Pro,93.61,4.1,833,3,681.0,2.0,2,655,True,True,4,2024-10-01,KR,IN,355,16,21,2.0,5.0,True,False,False,True
pid_01470,seller_1394,Luxury Goods,TechCorp,116.42,4.4,5849,5,717.0,1.0,0,2164,True,True,2,2025-02-12,GB,JP,1043,64,53,2.0,17.0,False,True,False,False
pid_01839,seller_7197,Fashion,TrendSetter,259.62,5.0,4361,5,537.0,11.0,0,4000,True,True,5,2024-10-23,DE,AU,4454,376,249,5.0,14.0,False,False,False,False
pid_03880,seller_4354,Luxury Goods,BeautyLux,285.4,4.6,4517,5,450.0,3.0,0,2907,False,True,3,2025-10-30,FR,AU,2617,191,111,,16.0,False,False,False,False
pid_00240,seller_5186,Automotive,Sty1eHouse,51.29,2.7,0,6,145.0,21.0,0,451,False,True,2,2024-03-04,IN,JP,1084,92,9,2.0,4.0,False,False,False,True
pid_01517,seller_1363,Automotive,ExclusiveItems,232.72,4.5,1726,5,406.0,2.0,2,334,False,True,3,2025-06-21,IN,IN,4787,484,97,1.0,11.0,False,False,False,False
pid_02163,seller_4542,Pharmaceuticals,AutoParts Pro,188.8,3.4,3516,3,222.0,4.0,1,2317,True,True,2,2025-02-07,DE,KR,1448,188,84,0.0,21.0,False,False,False,False
pid_00676,seller_2040,Electronics,Styl3House,97.73,3.8,741,3,367.0,34.0,2,1609,False,True,1,2024-02-11,CN,JP,2509,85,63,4.0,7.0,True,True,False,True
pid_04058,seller_1198,Automotive,FashionForward,98.7,4.2,338,6,471.0,9.0,0,5,False,False,1,2025-05-17,FR,AU,3211,279,44,4.0,23.0,True,False,False,False
pid_04693,seller_1169,Luxury Goods,AutoParts Pro,127.26,3.4,870,5,45.0,43.0,2,2210,True,True,1,2024-01-24,AU,KR,328,9,5,2.0,7.0,True,False,False,True
pid_03290,seller_9863,Electronics,El1teDesign,205.97,4.0,0,4,500.0,18.0,0,3124,True,True,1,2025-07-21,US,FR,1456,49,113,1.0,13.0,False,False,True,True
pid_04864,seller_1212,Fashion,MediPharm,5.0,3.6,0,1,47.0,48.0,0,5,True,False,1,2024-02-13,AU,DE,4044,324,159,0.0,9.0,True,True,False,False
pid_01382,seller_7977,Automotive,VehicleCare,139.9,3.0,235,2,306.0,29.0,0,1786,False,True,2,2024-07-26,US,FR,885,63,18,0.0,0.0,False,False,False,False
pid_01205,seller_8163,Pharmaceuticals,BioMed Solutions,195.98,5.0,1606,5,491.0,7.0,0,3668,False,False,3,2024-03-23,KR,KR,1507,145,57,4.0,19.0,False,False,False,False
pid_02454,seller_6192,Cosmetics,FashionForward,157.4,4.0,378,4,33.0,11.0,1,1102,False,True,3,2025-02-21,IN,AU,3451,488,97,0.0,16.0,True,False,False,False
pid_02919,seller_3758,Fashion,LuxuryBr@nd,95.0,3.8,678,6,685.0,11.0,0,2817,False,True,2,2025-08-22,US,KR,365,6,18,0.0,1.0,False,False,False,False
pid_03432,seller_1870,Pharmaceuticals,FashionForward,289.9,3.9,649,6,183.0,16.0,0,1909,True,True,1,2025-06-22,JP,CN,1636,36,119,0.0,14.0,False,False,False,False
pid_01027,seller_7545,Pharmaceuticals,VehicleCare,95.24,2.9,1154,6,,20.0,2,203,True,True,4,2025-12-06,GB,CN,4755,244,198,1.0,20.0,True,False,True,False
pid_01019,seller_5511,Electronics,StyleHouse,131.93,3.7,2220,5,425.0,6.0,0,605,True,True,1,2025-11-03,AU,FR,2513,201,39,2.0,14.0,False,False,False,False
pid_01816,seller_7459,Fashion,TrendSetter,130.08,4.6,783,3,197.0,6.0,0,2824,True,False,3,2025-04-09,CN,CA,3038,150,55,2.0,18.0,False,True,False,False
pid_03105,seller_3813,Luxury Goods,FashionForward,111.55,5.0,701,1,644.0,5.0,0,3051,True,False,5,2025-04-15,CA,GB,3925,524,161,1.0,10.0,True,False,False,False
pid_04077,seller_6267,Fashion,PureSkin,195.97,5.0,0,4,218.0,11.0,2,1557,False,True,2,2025-11-21,AU,IN,634,41,6,0.0,2.0,True,False,False,False
pid_03585,seller_2441,Fashion,DigitalPro,80.02,5.0,4493,1,290.0,12.0,1,1469,True,False,3,2024-05-20,GB,CA,2494,167,88,3.0,0.0,False,False,False,False
pid_04413,seller_5576,Cosmetics,EliteDesign,258.65,3.8,462,4,245.0,5.0,0,1394,True,True,2,2025-12-11,CA,CN,896,11,60,3.0,13.0,False,False,False,True
pid_02830,seller_5538,Luxury Goods,Fash1onForward,145.65,,641,1,462.0,33.0,2,1200,False,True,1,2024-11-11,CN,US,2643,80,130,0.0,28.0,True,False,False,True
pid_03274,seller_9243,Pharmaceuticals,DigitalPro,5.0,3.5,0,1,246.0,20.0,1,1041,False,False,1,2024-06-15,KR,CN,3205,80,149,1.0,2.0,False,True,False,False
pid_02392,seller_8709,Luxury Goods,DigitalPro,188.28,3.7,0,2,252.0,6.0,0,1491,False,True,3,2024-03-20,IN,AU,3911,167,182,1.0,1.0,False,False,False,False
pid_03055,seller_3317,Automotive,LuxuryBrand,348.9,4.6,6599,4,470.0,1.0,0,2623,True,True,5,2024-04-14,AU,GB,4946,387,360,,24.0,True,False,False,False
pid_01483,seller_3456,Electronics,Med1Pharm,276.68,3.6,1640,5,392.0,22.0,0,1614,True,True,6,2025-10-12,FR,JP,55,6,1,1.0,12.0,False,False,False,True
pid_03198,seller_9121,Electronics,Mot0rMax,185.9,3.5,1910,6,495.0,27.0,3,1886,False,True,5,2024-08-12,CA,US,4028,304,54,1.0,13.0,True,False,True,True
pid_02373,seller_2753,Luxury Goods,HealthCare Plus,192.72,4.6,1726,5,788.0,11.0,0,2754,True,True,3,2024-06-28,AU,IN,2459,190,175,3.0,15.0,True,False,True,False
pid_04204,seller_6014,Electronics,PremiumCraft,5.0,3.3,0,4,81.0,26.0,0,416,True,False,1,2025-06-19,IN,CN,3679,391,286,0.0,17.0,False,True,False,True
pid_03343,seller_6371,Electronics,MotorMax,47.25,3.9,0,1,20.0,23.0,4,696,True,True,1,2025-07-30,FR,KR,3933,121,151,3.0,1.0,False,False,False,True
pid_02367,seller_8035,Luxury Goods,FashionForward,180.04,4.8,4112,6,763.0,8.0,0,2172,True,True,5,2025-08-08,CN,US,3725,552,198,4.0,18.0,False,False,False,False
pid_03142,seller_4465,Cosmetics,TechCorp,211.24,5.0,3230,6,390.0,2.0,1,2851,True,True,2,2024-01-25,US,JP,1609,45,90,2.0,15.0,True,False,True,False
pid_03829,seller_7150,Fashion,AutoParts Pro,127.78,4.3,0,4,286.0,29.0,1,5,False,True,4,2024-02-08,CN,DE,1449,126,73,1.0,0.0,False,False,False,False
pid_02623,seller_4830,Automotive,MotorMax,49.48,3.6,986,4,421.0,4.0,0,1793,True,False,2,2024-05-12,CA,GB,161,18,8,2.0,10.0,True,False,False,True
pid_01292,seller_6577,Luxury Goods,AutoParts Pro,145.6,4.1,1479,3,611.0,4.0,0,413,True,True,6,2024-07-15,GB,JP,2792,259,141,4.0,22.0,False,False,False,False
pid_00852,seller_5732,Electronics,StyleHouse,196.72,4.6,3789,7,510.0,1.0,0,1734,True,False,1,2024-01-08,GB,CA,3854,276,279,2.0,12.0,True,False,False,False
pid_02814,seller_1038,Luxury Goods,ExclusiveItems,12.68,4.8,0,2,106.0,40.0,1,5,True,False,1,2024-04-04,KR,JP,1638,55,97,1.0,4.0,False,True,False,False
pid_03150,seller_1792,Cosmetics,CircuitMaster,5.0,3.1,1853,1,318.0,34.0,4,5,True,True,2,2024-08-09,CA,FR,504,64,5,0.0,10.0,True,True,True,False
pid_03873,seller_5791,Pharmaceuticals,AutoP@rts Pro,198.58,4.4,4576,3,291.0,1.0,0,4000,True,True,3,2024-02-07,KR,AU,1450,100,7,1.0,5.0,False,True,False,True
pid_01617,seller_6083,Cosmetics,TechCorp,158.79,3.2,0,2,218.0,17.0,1,5,True,False,4,2024-01-19,FR,AU,4662,419,166,2.0,24.0,False,False,False,False
pid_02826,seller_9463,Pharmaceuticals,Pur3Skin,265.12,4.5,3169,4,629.0,12.0,0,3450,True,False,4,2024-09-16,AU,JP,988,39,45,,19.0,True,False,False,False
pid_02614,seller_5570,Fashion,E1iteDesign,5.0,2.4,0,4,20.0,19.0,0,5,True,False,1,2024-08-24,JP,US,898,83,29,1.0,4.0,True,True,False,True
pid_04654,seller_2083,Fashion,LuxuryBrand,286.33,5.0,5846,6,1020.0,3.0,0,3343,True,True,3,2025-12-26,IN,JP,2207,157,65,2.0,3.0,False,False,False,False
pid_04585,seller_5264,Automotive,MotorMax,49.63,3.9,963,1,540.0,17.0,0,1883,True,False,1,2024-07-19,FR,DE,3300,63,118,1.0,2.0,False,True,False,False
pid_02867,seller_2503,Pharmaceuticals,VehicleCare,253.69,4.9,1295,4,513.0,12.0,0,3599,True,True,2,2024-04-10,JP,GB,4693,304,132,3.0,22.0,False,False,False,False
pid_04572,seller_9480,Fashion,EliteDesign,183.92,4.7,590,3,508.0,13.0,1,815,False,False,3,2024-05-14,IN,JP,2061,98,116,1.0,9.0,True,False,False,False
pid_03244,seller_9884,Cosmetics,TrendSetter,287.06,4.1,1944,7,696.0,3.0,0,2079,True,True,1,2024-01-16,DE,CN,3065,337,60,3.0,32.0,True,False,False,True
pid_04968,seller_7530,Automotive,CarTech,283.32,4.2,2726,5,212.0,11.0,0,713,True,True,4,2024-12-15,KR,FR,4460,460,200,3.0,21.0,False,False,False,False
pid_00140,seller_5751,Automotive,GlamourC0,40.99,3.7,1252,1,20.0,36.0,1,5,True,False,3,2025-01-09,DE,FR,1519,203,43,3.0,2.0,False,False,True,True
pid_01589,seller_4388,Cosmetics,CarT3ch,199.29,4.0,3809,4,181.0,8.0,0,454,False,True,2,2025-02-04,KR,CA,4575,332,241,2.0,20.0,False,False,False,True
pid_04436,seller_7494,Fashion,MotorMax,180.32,4.5,3957,6,840.0,,0,2086,False,True,2,2024-08-13,AU,CA,2115,262,146,2.0,15.0,False,False,False,False
pid_03867,seller_8778,Cosmetics,LuxuryBrand,131.66,4.0,635,8,320.0,29.0,0,777,True,False,4,2025-05-16,GB,CN,843,32,62,4.0,5.0,True,False,True,False
pid_02437,seller_7730,Fashion,HealthCare Plus,355.14,5.0,1183,7,543.0,12.0,0,3394,True,True,5,2025-10-22,AU,AU,1163,123,72,3.0,13.0,False,False,False,False
pid_04946,seller_2070,Cosmetics,DigitalPro,153.25,3.8,0,3,499.0,1.0,2,2686,False,False,3,2024-02-19,AU,KR,73,1,2,3.0,6.0,False,False,True,False
pid_00820,seller_3196,Pharmaceuticals,StyleHouse,47.47,4.0,922,2,246.0,39.0,1,5,False,False,1,2025-11-07,FR,CA,3127,88,110,0.0,9.0,False,False,True,True
pid_04270,seller_8108,Cosmetics,GlamourCo,64.95,3.3,0,4,41.0,18.0,1,5,True,True,2,2024-01-26,IN,IN,1308,144,87,0.0,0.0,False,False,False,True
pid_02745,seller_2149,Pharmaceuticals,He@lthCare Plus,29.92,4.2,644,3,20.0,17.0,1,209,True,False,1,2024-04-30,IN,GB,1477,142,18,1.0,1.0,False,False,True,True
pid_04487,seller_5901,Fashion,PremiumCraft,190.73,3.8,0,3,119.0,22.0,1,953,False,True,1,2024-05-10,DE,JP,1778,161,53,0.0,9.0,True,False,False,False
pid_03237,seller_6566,Automotive,AutoParts Pro,120.2,3.3,4490,4,246.0,26.0,2,1461,False,False,2,2024-08-05,IN,CA,4985,487,43,3.0,16.0,True,False,False,True
pid_02532,seller_4980,Fashion,CarTech,194.67,4.5,3082,5,512.0,12.0,1,1984,True,False,2,2024-02-06,GB,AU,4630,135,210,1.0,18.0,True,False,False,False
pid_01136,seller_2807,Automotive,WellnessLab,129.4,4.0,3620,3,788.0,10.0,0,3254,True,False,1,2025-03-15,FR,KR,282,13,6,2.0,0.0,False,False,False,True
pid_01817,seller_4152,Pharmaceuticals,Natura1Glow,155.41,4.0,1321,4,664.0,27.0,0,5,False,True,3,2025-07-23,JP,CA,227,2,12,0.0,7.0,False,True,False,False
pid_00229,seller_5746,Cosmetics,CarTech,86.24,4.2,2409,1,778.0,13.0,0,2506,True,False,5,2025-08-12,AU,DE,4913,572,67,2.0,4.0,True,False,False,False
pid_00999,seller_1304,Luxury Goods,StyleHouse,163.64,3.9,1247,1,341.0,7.0,0,823,True,False,1,2025-12-30,GB,GB,736,35,46,1.0,16.0,False,False,True,False
pid_02715,seller_5244,Fashion,MediPharm,234.14,4.8,1909,4,634.0,1.0,0,3979,False,True,4,2024-11-29,AU,GB,4698,554,63,1.0,12.0,True,False,False,False
pid_03570,seller_9213,Fashion,GlamourCo,273.24,4.5,5182,8,721.0,10.0,0,4000,True,True,4,2025-11-09,CN,AU,2056,220,56,4.0,23.0,False,False,False,False
pid_04563,seller_8554,Electronics,MediPharm,63.84,3.4,0,4,20.0,26.0,1,2156,True,True,1,2025-08-22,FR,US,598,20,31,2.0,9.0,False,False,False,True
pid_02580,seller_7277,Electronics,VehicleCare,160.81,4.9,3208,4,575.0,11.0,0,2906,False,True,5,2025-12-29,FR,KR,1534,165,43,2.0,26.0,True,False,False,True
pid_04607,seller_8526,Electronics,HealthCare Plus,5.0,4.1,3065,5,167.0,6.0,2,1077,True,False,1,2024-05-01,CA,US,1605,146,43,3.0,4.0,False,True,False,True
pid_00024,seller_9990,Luxury Goods,HealthCare Plus,103.56,3.7,0,4,116.0,2.0,2,2096,False,True,1,2024-07-17,KR,IN,1811,118,90,0.0,8.0,False,False,False,True
pid_01118,seller_8136,Fashion,BioMed Solutions,117.2,4.7,3863,4,664.0,12.0,1,2393,True,False,3,2025-09-23,US,JP,1944,223,148,5.0,,False,False,True,False
pid_02149,seller_6418,Pharmaceuticals,AutoParts Pro,317.93,4.9,4647,8,564.0,15.0,0,641,True,True,5,2025-04-02,GB,CN,1437,175,64,3.0,19.0,False,False,False,False
pid_00628,seller_3954,Electronics,BioM3d Solutions,169.85,4.1,838,3,303.0,18.0,3,1214,True,True,4,2025-05-05,FR,CN,4524,393,241,3.0,17.0,False,False,False,True
pid_01471,seller_3819,Pharmaceuticals,BeautyLux,137.67,4.5,3757,9,902.0,27.0,0,2853,True,True,3,2025-04-30,GB,KR,4683,131,153,1.0,13.0,False,False,False,True
pid_00261,seller_9136,Automotive,DigitalPro,99.82,3.5,1725,1,197.0,16.0,1,1337,True,True,4,2025-03-28,DE,US,2468,273,163,1.0,6.0,True,False,False,True
pid_01388,seller_7876,Automotive,ElectroM@x,56.11,2.6,0,2,128.0,30.0,4,492,False,True,1,2025-10-21,CA,GB,898,29,8,0.0,7.0,False,True,False,True
pid_03040,seller_7463,Electronics,NaturalGlow,132.84,3.8,2514,4,558.0,25.0,2,1463,True,True,4,2024-08-19,KR,AU,4702,420,30,0.0,3.0,False,False,False,False
pid_02553,seller_2815,Automotive,WellnessLab,313.93,5.0,4956,6,379.0,14.0,0,2999,True,True,4,2024-08-30,CA,GB,4491,601,204,1.0,28.0,False,False,False,False
pid_02422,seller_9267,Pharmaceuticals,ElectroMax,173.56,3.4,0,2,20.0,8.0,0,2324,True,True,3,2025-09-28,AU,CA,1934,35,22,0.0,19.0,False,True,True,False
pid_01695,seller_6906,Electronics,NaturalGlow,144.61,3.6,770,6,612.0,14.0,0,2998,True,True,1,2024-05-03,AU,GB,2776,45,26,0.0,9.0,False,False,True,False
pid_00008,seller_1051,Cosmetics,Pr3miumCraft,220.14,,0,2,540.0,14.0,3,1011,True,False,1,2025-04-18,FR,US,437,31,26,1.0,5.0,False,False,False,True
pid_01606,seller_3951,Electronics,Veh1cleCare,204.75,3.9,0,3,532.0,13.0,1,3209,True,True,4,2024-01-28,IN,DE,1043,108,53,0.0,7.0,False,False,False,True
pid_01066,seller_2560,Fashion,CarTech,93.09,4.5,1424,3,529.0,26.0,2,1011,True,False,1,2025-08-22,CA,DE,1380,48,36,0.0,0.0,False,False,False,False
pid_01902,seller_6460,Pharmaceuticals,Be@utyLux,266.98,5.0,3641,5,708.0,11.0,0,3059,True,False,2,2025-09-15,GB,JP,2947,80,25,3.0,25.0,False,False,False,True
pid_02411,seller_7395,Electronics,BeautyLux,219.81,4.3,1834,2,741.0,8.0,1,3242,True,True,3,2024-08-27,JP,GB,1215,66,44,2.0,21.0,False,False,False,False
pid_04915,seller_8725,Automotive,AutoParts Pro,147.94,3.1,714,2,192.0,12.0,2,5,False,True,1,2025-11-21,KR,IN,1297,159,22,2.0,29.0,False,False,False,True
pid_01713,seller_4841,Luxury Goods,ElectroMax,252.07,4.7,1860,3,571.0,11.0,0,3631,True,True,4,2024-09-09,KR,AU,573,33,11,5.0,15.0,False,False,False,False
pid_03061,seller_3962,Electronics,TrendSett3r,300.73,3.4,2014,4,410.0,28.0,0,658,True,False,1,2024-01-28,GB,US,2003,75,37,0.0,10.0,True,False,False,True
pid_00400,seller_9300,Electronics,BeautyLux,224.9,4.6,3247,6,290.0,1.0,0,1843,True,True,1,2024-10-13,GB,CA,1375,190,80,1.0,7.0,True,False,False,True
pid_04298,seller_3677,Luxury Goods,AutoParts Pro,73.78,3.5,4443,1,370.0,17.0,1,5,True,False,3,2025-11-01,GB,DE,4452,586,331,4.0,3.0,False,True,False,True
pid_01994,seller_2581,Pharmaceuticals,FashionForward,184.78,4.2,3857,4,693.0,11.0,1,926,False,True,2,2024-11-14,FR,JP,4647,485,213,5.0,18.0,False,True,True,False
pid_01539,seller_4107,Luxury Goods,BeautyLux,166.56,4.3,2358,7,283.0,5.0,2,3142,False,True,3,2025-02-07,CA,GB,2682,216,208,0.0,11.0,True,False,False,False
pid_03499,seller_3235,Pharmaceuticals,G1amourCo,86.65,4.1,800,2,366.0,21.0,1,193,True,True,3,2025-10-11,CA,GB,4167,431,155,0.0,1.0,False,False,False,True
pid_03665,seller_5125,Luxury Goods,GlamourCo,56.46,3.7,2815,3,600.0,10.0,2,1214,True,True,1,2025-09-09,GB,KR,1360,167,87,2.0,19.0,True,False,False,True
pid_04727,seller_6478,Pharmaceuticals,PureSkin,164.87,4.0,4158,5,404.0,28.0,0,1859,True,True,2,2025-03-02,FR,US,3994,526,128,0.0,8.0,False,False,False,False
pid_00038,seller_7070,Cosmetics,StyleHouse,5.0,3.5,280,4,47.0,34.0,2,913,True,False,2,2024-02-05,AU,GB,4384,569,43,0.0,16.0,True,False,False,True
pid_02292,seller_7828,Electronics,Electr0Max,244.98,4.3,3378,7,853.0,3.0,0,1680,True,True,3,2024-06-23,US,JP,532,62,35,1.0,9.0,False,False,False,True
pid_03263,seller_9266,Electronics,PureSkin,229.06,4.8,2753,3,748.0,18.0,0,2099,True,True,3,2024-08-23,GB,DE,1315,54,67,1.0,17.0,False,False,False,False
pid_00864,seller_3282,Fashion,CircuitMaster,192.91,3.5,4273,4,503.0,6.0,1,2236,True,False,4,2025-12-11,FR,AU,1080,132,17,1.0,4.0,True,False,False,True
pid_04825,seller_9810,Electronics,CarTech,121.52,3.3,2781,3,548.0,15.0,0,1414,True,True,3,2024-03-29,CN,GB,2966,317,127,1.0,2.0,False,False,False,True
pid_04269,seller_6913,Automotive,PureSkin,123.78,4.6,2670,4,424.0,3.0,0,5,False,True,5,2025-09-18,CA,GB,4203,419,174,3.0,14.0,True,False,False,False
pid_03609,seller_5553,Automotive,VehicleCare,356.54,4.8,2852,7,657.0,9.0,0,2936,True,True,1,2025-07-27,CA,US,4186,405,98,5.0,19.0,True,False,False,False
pid_01434,seller_7649,Electronics,PremiumCr@ft,200.33,4.7,1438,5,371.0,19.0,0,3182,False,False,2,2024-04-25,AU,JP,904,26,4,0.0,35.0,False,True,False,True
pid_02440,seller_8688,Luxury Goods,FashionForward,162.46,3.3,0,2,755.0,6.0,0,689,False,True,2,2025-06-06,IN,IN,1941,167,70,1.0,10.0,True,False,True,False
pid_02433,seller_7502,Fashion,GlamourCo,148.05,4.0,3864,3,577.0,1.0,1,2322,True,True,1,2025-03-22,JP,US,2215,51,85,2.0,13.0,False,False,False,False
pid_02375,seller_7730,Fashion,EliteDesign,251.76,4.0,1074,4,609.0,1.0,2,1176,True,False,5,2024-01-06,GB,IN,2633,112,143,0.0,6.0,False,False,True,True
pid_04251,seller_5494,Electronics,EliteDesign,200.14,,1420,3,341.0,18.0,1,3237,False,False,4,2025-03-08,CN,GB,2920,389,108,0.0,,False,False,False,False
pid_04378,seller_9261,Electronics,BioMed Solutions,254.1,5.0,927,5,206.0,5.0,0,2389,True,True,2,2024-12-29,JP,FR,4342,556,297,2.0,11.0,False,False,False,False
pid_00207,seller_9846,Cosmetics,StyleHouse,154.88,2.7,0,6,217.0,2.0,0,1965,False,True,1,2025-05-13,CN,DE,3784,209,198,0.0,18.0,False,False,False,False
pid_03101,seller_2778,Pharmaceuticals,GlamourCo,264.74,4.3,0,3,658.0,5.0,2,567,True,True,1,2025-04-18,KR,FR,3403,433,188,2.0,21.0,False,False,False,False
pid_02568,seller_3148,Pharmaceuticals,BioMed Solutions,73.52,3.2,2103,5,20.0,22.0,1,54,True,True,1,2025-12-22,DE,IN,4488,530,140,0.0,19.0,False,False,False,False
pid_01069,seller_2514,Fashion,MediPharm,153.23,3.8,576,2,331.0,28.0,1,5,True,True,2,2024-05-21,DE,US,3900,541,299,0.0,0.0,True,False,False,False
pid_03396,seller_6116,Pharmaceuticals,TrendSetter,72.49,,0,1,425.0,21.0,3,2082,True,False,1,2025-02-24,FR,AU,523,10,26,1.0,2.0,False,False,False,False
pid_02096,seller_9300,Cosmetics,Fa5hionForward,117.96,3.5,0,4,,38.0,2,80,True,False,3,2025-11-12,KR,AU,1163,59,41,1.0,7.0,True,False,False,False
pid_00890,seller_1236,Pharmaceuticals,DigitalPro,115.39,3.1,2790,1,317.0,1.0,1,2677,True,True,3,2025-02-28,CA,JP,328,41,1,3.0,20.0,False,False,True,False
pid_00669,seller_5538,Fashion,GlamourCo,296.74,3.2,1578,8,643.0,14.0,1,1924,True,True,2,2025-07-29,FR,GB,3325,480,85,0.0,16.0,False,True,False,False
pid_00851,seller_5613,Pharmaceuticals,LuxuryBrand,313.89,4.8,2639,3,725.0,1.0,0,1832,True,True,4,2025-07-28,AU,GB,738,19,8,1.0,21.0,True,True,False,False
pid_03927,seller_7770,Cosmetics,Cl@ssicWear,87.05,3.1,0,3,233.0,28.0,1,1262,False,True,1,2024-06-27,AU,IN,3281,177,90,0.0,0.0,True,True,False,True
pid_01654,seller_1689,Electronics,CarTech,86.46,3.4,0,5,196.0,22.0,1,917,True,True,3,2024-09-03,CA,KR,4280,203,283,3.0,23.0,False,False,False,True
pid_00698,seller_6347,Electronics,NaturalGlow,281.75,4.2,1229,4,843.0,17.0,0,2343,True,True,2,2025-10-22,CN,DE,2378,61,48,1.0,26.0,False,True,False,True
pid_04260,seller_1931,Electronics,BioMed Solutions,180.1,4.1,4161,1,399.0,16.0,3,1834,False,True,5,2025-08-04,KR,CA,1253,171,33,0.0,,True,True,False,True
pid_00293,seller_5570,Fashion,CircuitMaster,172.52,3.8,1981,8,455.0,25.0,0,2241,True,True,4,2024-07-07,US,GB,1571,77,63,2.0,,False,False,False,False
pid_04771,seller_4147,Fashion,VehicleCare,11.19,3.1,536,1,20.0,35.0,0,5,False,True,1,2025-01-26,CN,CN,2008,94,141,0.0,4.0,True,False,False,False
pid_00894,seller_1996,Cosmetics,HealthCare Plus,111.37,4.5,744,4,745.0,2.0,1,2491,True,True,4,2024-05-01,KR,CN,3819,225,156,4.0,15.0,True,False,False,False
pid_02724,seller_2270,Fashion,HealthCare Plu5,85.32,4.0,2122,2,246.0,31.0,0,5,True,False,3,2024-11-12,CA,IN,3289,446,73,0.0,28.0,False,False,True,True
pid_01325,seller_7674,Fashion,AutoParts Pro,206.37,3.1,0,1,209.0,24.0,1,1924,True,False,4,2024-08-30,CA,JP,3869,333,288,1.0,0.0,False,False,False,False
pid_02297,seller_7323,Electronics,FashionForward,155.69,4.5,1280,2,599.0,3.0,0,3879,True,True,3,2024-04-17,GB,GB,1557,119,86,1.0,20.0,True,False,False,True
pid_00983,seller_7126,Electronics,StyleHous3,174.51,5.0,5182,7,985.0,1.0,0,2859,True,True,5,2025-07-12,GB,US,3604,213,51,3.0,23.0,True,False,False,True
pid_01112,seller_2466,Fashion,PureSkin,289.14,4.2,4067,6,389.0,3.0,0,1271,True,True,5,2024-05-12,AU,US,3623,149,46,0.0,9.0,True,False,False,False
pid_00631,seller_4422,Automotive,ExclusiveItems,34.19,3.6,2739,1,20.0,21.0,3,1737,True,False,2,2025-06-28,AU,DE,3541,228,265,1.0,10.0,False,False,False,False
pid_01967,seller_3471,Fashion,BioMed S0lutions,213.31,3.3,500,5,190.0,20.0,0,1855,False,False,1,2025-05-17,CN,FR,2796,72,30,1.0,12.0,True,True,False,True
pid_04984,seller_9163,Luxury Goods,CarTech,227.37,4.3,0,4,430.0,22.0,0,1171,True,True,2,2024-06-29,JP,CN,4872,216,81,2.0,11.0,True,False,False,False
pid_00212,seller_3317,Cosmetics,ExclusiveItems,243.7,4.3,4361,3,833.0,7.0,0,2906,True,False,2,2025-01-31,IN,KR,496,43,32,4.0,12.0,False,False,False,False
pid_04593,seller_1870,Fashion,FashionForward,172.46,4.4,0,3,435.0,27.0,2,2701,True,True,4,2025-05-31,KR,GB,2441,251,44,2.0,25.0,True,False,False,False
pid_01609,seller_7675,Luxury Goods,ClassicWear,156.41,3.5,0,1,380.0,23.0,3,5,False,True,4,2025-01-11,IN,KR,1928,32,66,0.0,0.0,False,True,False,True
pid_04903,seller_6369,Fashion,VehicleCare,62.92,4.1,814,5,455.0,8.0,1,3420,True,True,2,2025-12-18,CA,GB,204,5,7,2.0,0.0,True,True,False,False
pid_03004,seller_6608,Cosmetics,EliteDe5ign,111.98,4.0,4752,4,559.0,20.0,0,912,True,True,3,2024-05-08,IN,FR,1029,59,60,3.0,12.0,True,True,False,False
pid_01287,seller_7641,Fashion,HealthCare Plus,90.12,4.2,136,5,516.0,16.0,0,1411,True,True,6,2025-10-05,DE,CA,906,26,61,4.0,19.0,False,False,False,False
pid_02990,seller_4434,Electronics,PureSkin,170.74,3.6,3161,7,278.0,5.0,0,2806,False,False,2,2025-05-04,CN,JP,2132,104,83,0.0,15.0,True,False,True,False
pid_03382,seller_3405,Electronics,ExclusiveItems,129.24,3.9,342,4,457.0,9.0,2,451,True,True,4,2025-12-25,IN,CA,1324,31,102,3.0,4.0,False,False,False,True
pid_02376,seller_2404,Fashion,C1assicWear,117.58,3.4,672,3,20.0,18.0,1,3132,True,False,1,2024-12-18,JP,JP,4144,388,103,2.0,8.0,True,False,False,True
pid_00198,seller_3895,Automotive,ExclusiveItems,216.77,3.5,1785,4,555.0,6.0,1,1669,True,True,1,2024-08-27,FR,FR,4714,304,25,2.0,16.0,False,True,False,False
pid_03553,seller_4759,Luxury Goods,CarTech,68.52,4.1,48,1,597.0,20.0,2,476,True,False,3,2025-12-01,DE,FR,2064,95,161,0.0,0.0,False,False,False,True
pid_03998,seller_2510,Luxury Goods,MediPharm,214.04,3.8,0,5,452.0,27.0,0,2633,True,True,3,2024-02-10,US,AU,4154,164,190,4.0,0.0,True,False,False,True
pid_03894,seller_1216,Pharmaceuticals,GlamourCo,105.78,4.4,1611,6,517.0,17.0,0,3052,True,False,6,2024-11-26,FR,CN,4910,90,163,2.0,23.0,False,False,False,False
pid_03727,seller_9004,Electronics,BioMed Solutions,270.57,3.1,0,1,309.0,17.0,0,783,True,True,1,2025-12-25,IN,CN,2861,266,102,0.0,14.0,True,False,True,True
pid_02666,seller_1870,Electronics,PureSkin,108.93,4.4,0,4,211.0,11.0,0,2475,True,True,1,2024-05-30,DE,IN,1863,101,70,0.0,0.0,True,False,False,True
pid_04932,seller_3377,Automotive,Be@utyLux,43.96,3.3,0,1,20.0,42.0,3,779,True,True,2,2024-05-05,CA,AU,817,106,54,0.0,12.0,True,False,False,True
pid_01442,seller_3383,Cosmetics,PremiumCraft,275.62,3.9,1110,3,324.0,1.0,2,997,True,True,4,2024-05-02,JP,GB,1254,44,48,1.0,13.0,False,False,True,False
pid_04437,seller_2753,Pharmaceuticals,StyleHouse,197.86,4.3,1724,5,53.0,5.0,0,275,True,True,2,2024-01-27,CA,IN,3070,425,170,0.0,0.0,True,False,False,True
pid_02271,seller_5578,Fashion,BeautyLux,172.77,3.6,2805,3,66.0,22.0,0,3496,False,True,3,2025-02-01,KR,US,3321,278,227,2.0,11.0,False,True,False,False
pid_03336,seller_8996,Automotive,WellnessLab,185.76,4.3,2889,6,726.0,1.0,0,1675,False,False,4,2025-09-17,GB,CN,4615,257,57,5.0,30.0,True,False,False,False
pid_00523,seller_4172,Pharmaceuticals,WellnessLab,284.33,4.8,5043,6,913.0,2.0,0,134,True,True,4,2025-12-14,CA,IN,1331,132,88,4.0,24.0,False,False,False,False
pid_04822,seller_5332,Fashion,BeautyLux,101.86,4.4,48,7,711.0,7.0,1,2899,True,True,2,2024-07-08,US,CA,2970,174,57,2.0,13.0,False,False,True,True
pid_04307,seller_2349,Cosmetics,VehicleCare,18.09,4.6,0,3,250.0,23.0,1,5,False,True,1,2024-12-28,GB,IN,1714,192,47,1.0,9.0,True,False,False,True
pid_01934,seller_8699,Cosmetics,WellnessLab,130.8,4.7,6021,4,535.0,5.0,0,3871,True,False,5,2024-02-07,DE,DE,3131,356,76,4.0,7.0,False,False,False,False
pid_04088,seller_1329,Pharmaceuticals,BioMed Solutions,5.0,3.3,588,1,510.0,3.0,2,751,True,True,2,2024-02-12,DE,AU,4459,105,302,4.0,14.0,False,False,False,False
pid_04801,seller_5184,Electronics,CarTech,82.32,4.5,4682,2,797.0,12.0,0,5,True,True,4,2024-03-30,JP,IN,1421,212,13,0.0,0.0,False,False,False,True
pid_03475,seller_9863,Pharmaceuticals,NaturalGlow,166.94,4.5,0,6,298.0,19.0,1,607,False,False,3,2025-02-02,CA,FR,1547,231,46,0.0,13.0,True,False,False,False
pid_03830,seller_5309,Fashion,TechCorp,111.9,3.2,0,1,132.0,34.0,3,5,True,False,3,2025-01-30,IN,IN,4406,146,289,0.0,10.0,False,True,False,True
pid_04210,seller_8418,Electronics,AutoParts Pro,144.93,4.0,1459,4,73.0,25.0,1,2935,True,True,4,2024-08-22,FR,JP,4389,578,302,2.0,16.0,False,False,False,False
pid_03792,seller_8980,Cosmetics,ElectroMax,350.02,4.7,1277,7,555.0,1.0,0,2925,True,True,4,2025-12-28,CA,JP,4628,546,218,,,True,False,False,False
pid_02631,seller_7484,Cosmetics,CircuitMaster,155.95,4.5,1563,6,142.0,12.0,2,1938,True,True,4,2024-04-11,FR,JP,3748,129,109,1.0,11.0,False,False,False,False
pid_03936,seller_3923,Fashion,ExclusiveItems,229.8,4.3,4513,6,644.0,1.0,2,387,False,True,2,2024-01-22,US,GB,3261,380,54,3.0,14.0,False,False,False,False
pid_03171,seller_4470,Fashion,StyleHouse,46.82,4.4,3786,3,438.0,17.0,0,2159,True,False,3,2025-04-17,AU,AU,3185,477,241,3.0,22.0,True,True,False,False
pid_02876,seller_9356,Luxury Goods,LuxuryBrand,133.06,3.1,391,1,231.0,43.0,1,643,False,True,1,2025-10-06,DE,CN,875,12,56,0.0,0.0,False,False,False,True
pid_04152,seller_9865,Cosmetics,Gl@mourCo,41.34,3.7,1381,3,318.0,7.0,0,27,True,True,1,2025-10-28,CN,JP,3627,348,34,0.0,25.0,False,False,True,True
pid_03485,seller_5603,Cosmetics,CircuitMast3r,34.31,3.7,0,3,567.0,23.0,3,5,False,False,2,2025-05-28,GB,DE,1842,220,63,0.0,8.0,False,False,False,True
pid_02757,seller_4597,Automotive,ExclusiveItems,77.41,3.3,0,5,345.0,16.0,2,5,True,False,1,2025-12-25,CA,KR,4791,358,177,2.0,4.0,False,False,False,True
pid_04184,seller_5743,Electronics,CircuitMaster,133.17,3.4,2567,4,435.0,32.0,0,515,False,True,1,2025-11-26,AU,JP,4113,541,212,0.0,15.0,False,False,False,False
pid_00821,seller_8012,Electronics,DigitalPro,135.01,4.6,3273,3,363.0,13.0,1,1362,True,True,1,2025-01-12,FR,AU,3044,320,197,1.0,9.0,True,False,False,False
pid_01204,seller_5739,Luxury Goods,LuxuryBrand,207.35,2.7,977,3,177.0,15.0,1,638,False,True,3,2025-11-17,IN,DE,1508,158,39,1.0,,False,True,False,True
pid_04480,seller_9275,Electronics,NaturalGlow,264.1,3.9,337,2,546.0,7.0,1,2405,True,False,3,2024-10-13,CA,FR,3497,293,120,5.0,18.0,True,False,False,False
pid_04605,seller_8778,Automotive,MotorMax,103.47,3.7,0,1,324.0,20.0,0,5,True,False,2,2024-11-18,GB,GB,927,78,33,2.0,18.0,False,False,True,True
pid_02446,seller_8585,Fashion,C1rcuitMaster,201.27,3.2,1165,3,246.0,20.0,0,322,False,True,2,2025-11-01,US,CA,3135,39,94,3.0,,False,False,False,True
pid_03000,seller_6434,Cosmetics,TechCorp,118.97,4.5,1240,2,556.0,18.0,3,1182,False,False,2,2024-08-03,KR,IN,3475,42,25,1.0,12.0,True,True,False,False
pid_01664,seller_8242,Automotive,BioMed Solut1ons,5.0,4.2,2089,2,591.0,8.0,1,373,True,False,2,2024-12-01,IN,DE,3334,249,96,1.0,13.0,False,False,False,True
pid_02439,seller_5186,Electronics,CircuitMaster,298.22,3.8,2540,1,219.0,21.0,0,67,True,False,3,2025-07-21,KR,JP,3848,185,143,0.0,12.0,False,True,False,False
pid_02939,seller_7948,Electronics,MediPharm,67.8,3.5,0,3,108.0,30.0,2,385,False,True,1,2025-08-15,CA,AU,2755,280,72,,,True,True,True,False
pid_04552,seller_3697,Electronics,TrendSetter,240.14,4.4,4775,4,506.0,2.0,1,2324,True,False,4,2024-07-09,AU,US,888,87,34,3.0,23.0,True,False,False,True
pid_03540,seller_2903,Electronics,PremiumCraft,230.98,5.0,2859,8,498.0,1.0,1,2309,True,False,5,2024-12-21,GB,GB,1647,196,80,2.0,11.0,False,True,False,False
pid_04640,seller_9863,Automotive,Wel1nessLab,143.21,3.5,788,3,382.0,8.0,0,2471,True,True,1,2024-08-09,CN,JP,1842,230,130,3.0,14.0,False,False,True,True
pid_02085,seller_4418,Luxury Goods,AutoP@rts Pro,35.77,3.8,0,4,77.0,10.0,2,399,True,True,3,2024-08-23,GB,AU,251,3,5,2.0,0.0,True,False,True,False
pid_02509,seller_4060,Automotive,DigitalPro,82.31,4.3,252,5,348.0,1.0,0,2039,False,True,2,2025-06-22,KR,KR,1744,42,57,4.0,21.0,False,False,False,True
pid_02307,seller_9830,Cosmetics,MotorMax,134.15,4.7,744,2,515.0,1.0,0,1207,False,True,3,2024-06-01,GB,AU,1797,35,25,0.0,10.0,False,False,False,False
pid_03677,seller_5341,Fashion,GlamourCo,34.73,3.1,528,1,255.0,23.0,1,2354,False,True,2,2025-02-01,FR,CA,1624,235,95,1.0,12.0,False,True,False,True
pid_01645,seller_1287,Pharmaceuticals,MotorMax,182.41,4.9,333,2,461.0,9.0,1,2423,True,True,3,2024-03-25,DE,IN,2753,273,70,0.0,8.0,False,False,False,False
pid_03978,seller_6157,Electronics,ExclusiveItems,176.83,4.7,3849,4,294.0,11.0,0,2780,True,True,2,2025-05-15,AU,CN,1147,134,63,3.0,12.0,False,False,False,False
pid_03909,seller_6031,Fashion,GlamourCo,102.53,4.3,7593,1,802.0,6.0,0,2321,True,True,4,2025-05-28,GB,FR,1997,25,108,2.0,22.0,False,False,True,False
pid_04434,seller_1619,Electronics,MediPharm,129.54,3.9,2542,2,349.0,20.0,2,1337,False,True,2,2024-08-01,FR,IN,4259,627,130,0.0,0.0,True,False,False,False
pid_00750,seller_1553,Electronics,FashionForward,106.02,4.4,3194,7,351.0,1.0,0,1026,True,True,1,2024-07-01,JP,CN,1193,69,39,2.0,0.0,False,False,False,True
pid_02420,seller_7465,Electronics,TechCorp,111.11,3.0,1088,5,168.0,21.0,0,1224,True,True,2,2024-07-20,GB,DE,275,22,15,2.0,23.0,True,False,False,False
pid_01161,seller_6678,Electronics,HealthCare Plus,166.89,5.0,2328,2,254.0,33.0,1,1971,True,True,1,2025-09-13,AU,US,840,105,18,0.0,8.0,False,False,False,True
pid_02596,seller_1213,Fashion,BioMed Solutions,252.23,3.9,412,6,731.0,20.0,0,2663,True,False,4,2024-12-01,KR,CA,418,9,31,4.0,11.0,True,False,False,False
pid_02885,seller_1698,Automotive,GlamourCo,139.29,4.8,1825,3,311.0,1.0,0,2718,False,True,3,2024-05-18,DE,KR,446,63,34,2.0,24.0,True,True,False,False
pid_02570,seller_3671,Fashion,MediPharm,214.72,4.9,6997,6,855.0,18.0,0,2994,True,True,2,2024-04-26,IN,JP,2419,99,66,4.0,21.0,True,False,False,False
pid_04637,seller_3498,Cosmetics,StyleH0use,116.28,3.5,1220,1,284.0,15.0,0,939,False,True,5,2024-09-17,FR,US,2501,75,181,0.0,0.0,False,False,False,True
pid_02074,seller_9967,Automotive,GlamourCo,96.42,5.0,582,4,667.0,17.0,0,1510,True,False,3,2025-06-27,KR,AU,1031,57,21,1.0,21.0,False,False,False,False
pid_00277,seller_9138,Cosmetics,Wellnes5Lab,92.65,4.4,2633,4,345.0,1.0,0,84,True,True,1,2024-03-30,KR,KR,525,60,22,3.0,6.0,False,False,True,True
pid_00158,seller_8822,Fashion,M3diPharm,97.43,2.2,856,2,179.0,31.0,3,1798,True,True,1,2025-01-01,GB,CA,2171,118,53,0.0,0.0,True,False,True,True
pid_04215,seller_1777,Pharmaceuticals,LuxuryBrand,111.72,4.0,1354,4,163.0,12.0,1,1526,False,False,2,2024-05-22,CN,CA,1177,91,56,2.0,8.0,False,False,True,False
pid_01146,seller_4053,Pharmaceuticals,MediPharm,90.37,3.9,3052,5,538.0,25.0,0,1909,True,True,3,2024-05-03,US,GB,4954,441,37,1.0,8.0,False,False,False,True
pid_00294,seller_2439,Electronics,WellnessLab,72.63,3.1,4433,4,459.0,13.0,0,1948,False,True,1,2024-12-29,FR,JP,2779,151,180,1.0,19.0,True,False,True,False
pid_03861,seller_2222,Cosmetics,WellnessLab,203.28,4.2,0,6,386.0,15.0,0,116,True,False,3,2025-06-18,GB,US,1613,225,65,0.0,13.0,False,False,False,True
pid_00977,seller_8227,Electronics,PremiumCraft,141.18,4.2,3521,9,163.0,28.0,0,1510,True,True,3,2025-02-09,CN,FR,2043,306,89,2.0,36.0,False,False,False,False
pid_00259,seller_2429,Electronics,FashionForward,103.5,4.0,647,4,345.0,24.0,1,2125,True,False,1,2024-11-11,KR,GB,1225,158,18,0.0,7.0,False,True,True,True
pid_02206,seller_7775,Fashion,EliteDes1gn,149.91,4.4,4977,6,443.0,11.0,1,1949,False,True,3,2025-07-25,JP,IN,397,49,2,4.0,10.0,True,False,False,True
pid_03200,seller_9360,Luxury Goods,F@shionForward,221.69,4.2,1251,2,602.0,29.0,0,224,True,True,1,2024-05-30,IN,CN,1100,151,60,2.0,12.0,True,False,False,True
pid_01761,seller_2323,Pharmaceuticals,Fashi0nForward,100.4,3.9,1883,8,835.0,1.0,0,1497,True,True,1,2025-08-08,GB,CN,874,105,19,1.0,13.0,True,False,False,True
pid_03018,seller_2426,Electronics,WellnessLab,242.7,5.0,5381,6,779.0,1.0,0,3214,True,True,1,2025-08-29,US,JP,3164,100,245,1.0,6.0,False,False,False,False
pid_02639,seller_9846,Cosmetics,ClassicWear,90.49,3.2,3654,3,539.0,18.0,0,2906,True,True,2,2024-07-30,GB,CA,539,28,7,2.0,14.0,False,True,False,False
pid_01168,seller_8006,Electronics,TrendSetter,244.79,3.7,4443,5,695.0,8.0,0,2041,True,True,5,2025-02-15,IN,US,821,22,22,4.0,23.0,False,False,False,True
pid_02314,seller_8129,Automotive,B3autyLux,140.58,3.8,1491,3,220.0,28.0,1,1624,True,False,2,2025-06-04,US,DE,4238,282,300,0.0,2.0,True,False,False,True
pid_02893,seller_8624,Cosmetics,TechCorp,169.88,3.6,1215,1,119.0,15.0,1,1894,True,False,2,2025-05-22,DE,CN,2454,193,131,1.0,3.0,False,False,False,False
pid_03324,seller_2776,Pharmaceuticals,BioMed Solutions,181.77,3.8,3007,1,129.0,11.0,2,3317,True,True,2,2025-11-05,IN,FR,4042,69,292,4.0,21.0,False,False,False,False
pid_00413,seller_1184,Cosmetics,CircuitMaster,235.97,4.3,1015,1,55.0,15.0,1,3051,True,True,4,2025-11-10,JP,CN,813,100,17,0.0,11.0,False,False,False,False
pid_04095,seller_6617,Luxury Goods,CarTech,196.4,4.3,1061,1,,24.0,1,1628,True,False,1,2025-07-28,CN,JP,1059,146,25,3.0,8.0,False,False,True,True
pid_03070,seller_8805,Cosmetics,ElectroMax,261.33,4.6,2393,1,593.0,1.0,2,2213,True,True,3,2024-12-23,FR,CN,3507,68,71,2.0,16.0,False,False,True,True
pid_04688,seller_8885,Luxury Goods,BioMed Solutions,200.52,4.9,2851,7,563.0,1.0,0,3074,False,True,3,2024-05-19,GB,US,891,128,40,3.0,20.0,False,False,False,False
pid_01369,seller_1776,Fashion,BeautyLux,168.36,4.2,3542,4,55.0,14.0,1,486,True,True,2,2025-04-01,AU,FR,1812,125,87,0.0,3.0,False,False,False,False
pid_03923,seller_2438,Fashion,ClassicWear,44.42,3.7,1074,2,147.0,28.0,0,2108,True,False,1,2025-09-11,FR,IN,4370,621,27,1.0,0.0,False,False,False,True
pid_00904,seller_1015,Luxury Goods,TrendSetter,205.05,4.4,1410,1,553.0,7.0,0,883,False,True,3,2025-10-30,CN,DE,3205,428,139,2.0,15.0,False,False,True,False
pid_02530,seller_2586,Cosmetics,MotorMax,219.22,3.8,2120,5,556.0,10.0,2,1815,False,True,4,2025-03-08,CA,AU,2487,270,103,1.0,21.0,False,False,False,False
pid_00513,seller_4320,Automotive,Fa5hionForward,162.15,3.4,0,6,619.0,32.0,2,1740,False,False,1,2024-05-06,CN,FR,3577,282,82,0.0,2.0,False,False,True,True
pid_00067,seller_9180,Pharmaceuticals,StyleHouse,183.97,4.5,2727,4,594.0,14.0,0,2466,True,False,1,2024-11-24,AU,CN,1634,94,24,4.0,0.0,False,False,False,False
pid_02585,seller_1019,Cosmetics,BioMed Solutions,96.32,2.8,0,2,266.0,30.0,3,348,True,False,1,2025-11-28,IN,CA,4874,309,130,1.0,6.0,False,False,False,False
pid_04201,seller_9207,Electronics,TrendSetter,118.8,3.9,4427,2,280.0,24.0,0,1164,False,False,6,2024-12-12,KR,GB,3609,280,81,1.0,17.0,False,False,False,True
pid_04895,seller_9226,Electronics,HealthCare Plus,5.0,3.9,0,4,136.0,17.0,2,902,False,False,2,2025-07-06,IN,US,3464,497,262,1.0,15.0,True,False,False,False
pid_04051,seller_6212,Cosmetics,BioMed Solutions,57.85,3.6,2859,2,629.0,27.0,1,1345,False,False,3,2024-09-23,AU,IN,855,78,39,3.0,3.0,False,False,True,False
pid_04907,seller_8822,Electronics,CircuitMaster,177.38,3.6,3566,3,525.0,11.0,0,5,False,False,3,2024-10-21,CA,KR,909,36,48,1.0,6.0,False,True,True,False
pid_01726,seller_8116,Luxury Goods,BeautyLux,120.45,4.7,2953,4,328.0,12.0,0,1416,False,True,5,2024-06-29,CA,JP,4116,346,106,1.0,21.0,False,False,False,False
pid_02357,seller_6994,Electronics,DigitalPr0,146.79,4.1,3960,4,844.0,10.0,0,2363,True,False,2,2025-01-18,DE,US,431,61,33,2.0,8.0,True,False,False,True
pid_04459,seller_9392,Luxury Goods,ClassicWear,242.59,3.7,3879,6,358.0,1.0,0,1387,True,True,4,2024-11-20,DE,GB,688,44,16,4.0,14.0,True,False,True,False
pid_03310,seller_2019,Pharmaceuticals,Welln3ssLab,158.48,4.0,2919,5,,18.0,1,607,True,True,2,2024-05-08,KR,CA,330,34,17,1.0,30.0,True,True,False,True
pid_01790,seller_6397,Electronics,MediPharm,235.03,3.8,937,3,346.0,11.0,0,1771,True,True,4,2025-04-10,US,GB,1495,217,27,1.0,0.0,False,True,False,False
pid_04365,seller_1844,Cosmetics,TrendSetter,13.97,3.9,1148,1,170.0,7.0,3,63,True,True,1,2025-02-21,IN,JP,4548,436,275,2.0,8.0,True,False,False,False
pid_03798,seller_1051,Electronics,PremiumCr@ft,62.39,3.2,0,2,345.0,18.0,0,5,False,True,4,2025-05-31,CN,DE,2223,132,164,0.0,0.0,False,False,False,True
pid_03921,seller_9077,Fashion,ElectroMax,112.18,3.2,0,3,292.0,21.0,1,5,True,True,3,2024-09-19,CA,DE,457,8,8,1.0,17.0,True,False,False,True
pid_04190,seller_5901,Pharmaceuticals,FashionForward,200.79,3.1,1298,3,376.0,16.0,0,1493,True,True,3,2024-04-11,AU,DE,4057,484,112,0.0,11.0,True,False,False,True
pid_04974,seller_6344,Fashion,Elit3Design,99.35,2.6,2241,4,361.0,22.0,1,5,True,True,1,2025-04-29,JP,AU,3359,144,146,2.0,19.0,False,False,False,True
pid_02173,seller_6585,Automotive,TechCorp,118.44,4.0,797,6,332.0,14.0,1,2123,False,True,3,2025-06-01,AU,CN,1283,43,49,0.0,11.0,True,False,True,False
pid_01936,seller_7905,Fashion,FashionForward,205.88,4.2,0,2,28.0,7.0,0,1313,True,False,3,2024-11-18,CA,JP,2722,307,143,0.0,1.0,True,False,False,True
pid_02116,seller_6706,Luxury Goods,PureSkin,250.26,5.0,3838,5,749.0,15.0,0,2280,True,False,2,2024-10-04,FR,FR,170,19,4,1.0,24.0,False,True,False,True
pid_03623,seller_3663,Automotive,BioMed Solutions,125.82,3.4,0,6,382.0,1.0,0,1418,True,True,4,2024-08-01,AU,US,4285,47,141,4.0,,False,False,False,True
pid_01397,seller_4051,Fashion,ClassicWear,114.87,3.7,2133,3,93.0,16.0,1,822,False,True,3,2025-08-10,DE,US,3923,345,140,3.0,0.0,False,False,False,False
pid_01244,seller_5593,Pharmaceuticals,FashionForward,134.18,3.7,0,4,436.0,21.0,2,1232,False,True,2,2025-07-04,JP,IN,317,3,3,0.0,15.0,False,True,False,True
pid_03878,seller_3668,Luxury Goods,HealthCare Plus,224.22,4.1,2320,4,486.0,12.0,0,1705,True,False,3,2024-08-03,GB,IN,2518,202,182,3.0,27.0,False,False,False,False
pid_00149,seller_6620,Fashion,AutoParts Pro,12.78,3.2,187,1,20.0,33.0,1,2769,True,False,1,2025-05-31,CA,DE,4140,404,182,1.0,22.0,True,False,True,False
pid_01172,seller_9319,Cosmetics,Bi0Med Solutions,188.4,3.5,0,3,287.0,37.0,0,659,False,False,1,2024-01-16,FR,US,746,74,6,0.0,10.0,True,False,False,True
pid_02348,seller_2420,Cosmetics,CarTech,110.72,4.2,4391,3,20.0,27.0,1,436,True,False,3,2025-12-27,CN,JP,407,55,28,0.0,0.0,False,False,False,True
pid_01192,seller_8757,Fashion,BioMed Solutions,207.44,3.5,2269,4,535.0,24.0,1,5,True,True,2,2024-04-26,AU,CN,3605,180,91,1.0,25.0,False,False,False,False
pid_00184,seller_2786,Fashion,El1teDesign,70.26,4.0,0,2,95.0,12.0,2,5,False,False,1,2025-11-23,AU,AU,4914,149,327,0.0,16.0,False,True,True,True
pid_00887,seller_1535,Fashion,Dig1talPro,184.78,3.4,95,1,20.0,11.0,2,5,True,True,3,2025-11-20,IN,GB,2883,214,103,3.0,8.0,True,True,False,True
pid_00920,seller_3806,Automotive,FashionForward,193.86,4.9,2647,6,590.0,16.0,0,2536,True,False,4,2025-05-08,FR,JP,1401,174,86,1.0,16.0,False,False,False,True
pid_01818,seller_3562,Cosmetics,WellnessLab,177.55,3.3,2871,7,371.0,5.0,0,2167,True,True,4,2025-03-21,AU,FR,2824,236,117,0.0,22.0,True,False,False,True
pid_01487,seller_8167,Cosmetics,MotorMax,79.24,2.6,2658,1,430.0,20.0,0,2098,False,True,1,2024-10-21,IN,FR,3990,265,99,0.0,7.0,False,False,False,False
pid_02926,seller_6556,Pharmaceuticals,CircuitMaster,184.49,5.0,7683,4,495.0,1.0,0,1961,True,True,2,2025-09-08,GB,US,4963,371,348,5.0,,False,False,False,False
pid_04488,seller_2271,Pharmaceuticals,B3autyLux,310.79,,4587,7,557.0,13.0,0,2682,True,True,4,2024-11-29,KR,AU,3700,387,163,5.0,18.0,True,False,True,False
pid_03584,seller_9906,Fashion,TechC0rp,45.64,3.8,1488,1,,26.0,0,750,False,True,1,2025-06-28,CN,CA,4953,154,336,1.0,0.0,False,True,False,True
pid_01872,seller_4855,Luxury Goods,ElectroMax,351.5,5.0,4656,6,253.0,3.0,0,3430,True,True,4,2024-11-04,US,KR,872,16,56,0.0,24.0,True,False,False,False
pid_04165,seller_9001,Fashion,LuxuryBrand,223.32,4.2,4866,6,576.0,7.0,0,1506,True,False,5,2024-07-13,IN,US,1544,42,97,2.0,21.0,True,False,False,False
pid_04317,seller_6382,Electronics,ExclusiveItems,58.65,3.3,750,1,424.0,,0,5,True,False,2,2024-11-15,GB,CN,3997,306,154,2.0,2.0,False,False,False,False
pid_00667,seller_9589,Electronics,HealthCare Plus,125.66,3.8,375,5,493.0,1.0,0,2311,True,False,2,2024-07-31,CN,IN,3269,214,180,3.0,11.0,False,False,False,False
pid_02899,seller_9141,Electronics,AutoParts Pr0,302.74,3.8,1474,1,342.0,22.0,1,892,False,True,5,2025-05-25,CA,CA,4326,478,342,2.0,7.0,False,True,True,True
pid_00672,seller_5217,Electronics,AutoParts Pro,235.46,4.6,4264,6,862.0,15.0,0,194,True,False,3,2025-08-15,JP,CN,1139,93,52,3.0,14.0,False,False,False,False
pid_01908,seller_4842,Fashion,TrendSetter,188.42,4.0,5243,5,565.0,19.0,3,2717,True,True,1,2024-01-19,FR,DE,4430,420,228,0.0,8.0,True,False,False,False
pid_02108,seller_9996,Fashion,FashionForward,158.16,4.6,3569,3,273.0,7.0,0,3186,True,True,3,2024-06-02,IN,FR,1768,172,52,0.0,18.0,False,False,False,False
pid_01646,seller_8523,Electronics,PureSkin,177.49,4.4,4463,2,378.0,19.0,0,1332,True,False,4,2024-07-02,JP,JP,3036,325,206,0.0,0.0,False,False,False,True
pid_02035,seller_3823,Fashion,ExclusiveItems,260.43,3.6,1578,3,423.0,24.0,0,1400,True,False,1,2025-06-10,CN,KR,3061,53,237,0.0,5.0,False,False,False,True
pid_01681,seller_7031,Automotive,LuxuryBrand,195.47,,4494,6,538.0,16.0,0,1727,True,True,6,2024-04-28,JP,AU,4716,286,212,2.0,22.0,False,False,True,False
pid_02231,seller_8115,Electronics,ClassicWear,86.2,3.6,0,1,280.0,10.0,1,5,True,False,1,2024-01-12,GB,IN,1398,191,16,2.0,2.0,True,True,False,False
pid_00264,seller_8334,Automotive,StyleHouse,123.91,3.8,0,2,359.0,13.0,1,434,False,False,1,2024-02-14,IN,GB,2074,124,92,2.0,11.0,False,False,False,False
pid_03299,seller_7344,Pharmaceuticals,BeautyLux,94.45,4.1,6204,2,822.0,1.0,0,2526,True,True,2,2025-12-24,FR,AU,4420,169,263,0.0,19.0,False,False,False,False
pid_01323,seller_4868,Electronics,NaturalG1ow,188.15,,2596,2,,14.0,1,2875,False,False,1,2024-11-26,JP,CN,4710,521,249,0.0,0.0,False,False,False,True
pid_02504,seller_4090,Electronics,ExclusiveItems,229.36,4.5,4955,1,417.0,10.0,1,3290,True,False,1,2025-02-15,FR,AU,3901,317,26,2.0,16.0,False,True,False,False
pid_00596,seller_3388,Cosmetics,TechCorp,143.77,2.1,0,1,20.0,27.0,2,5,False,True,1,2025-12-18,DE,IN,2705,376,71,1.0,0.0,True,False,False,True
pid_00092,seller_8116,Pharmaceuticals,BeautyLux,135.4,3.5,3854,3,69.0,21.0,0,565,True,True,1,2024-12-11,JP,CA,4825,548,207,1.0,3.0,True,False,False,False
pid_01411,seller_9967,Electronics,ElectroMax,328.57,5.0,4998,4,501.0,20.0,0,3078,True,False,2,2024-10-11,JP,JP,827,27,19,3.0,3.0,False,False,False,False
pid_04689,seller_6123,Automotive,BioMed Solutions,199.27,3.3,0,6,492.0,25.0,0,2958,True,True,1,2024-09-17,CA,IN,1518,96,92,0.0,21.0,True,False,False,False
pid_03030,seller_6495,Electronics,MediPharm,194.2,4.7,785,5,424.0,8.0,0,1223,True,True,1,2024-10-04,FR,GB,2832,71,122,1.0,0.0,False,False,False,False
pid_04007,seller_7034,Fashion,VehicleCare,80.66,4.3,3043,3,605.0,31.0,1,2082,True,True,4,2025-12-16,GB,JP,326,3,25,3.0,10.0,False,False,False,True
pid_01691,seller_7617,Luxury Goods,HealthCare Plus,83.82,4.0,1287,2,162.0,21.0,0,2785,True,True,4,2024-01-14,KR,AU,3090,62,106,2.0,16.0,False,False,False,False
pid_00209,seller_1010,Electronics,ElectroMax,181.79,4.0,4025,3,509.0,24.0,0,1976,True,True,4,2024-09-08,CA,US,2086,58,157,2.0,12.0,False,False,False,False
pid_04921,seller_8244,Pharmaceuticals,Circu1tMaster,5.0,3.6,3013,2,355.0,21.0,1,5,False,True,3,2024-10-03,KR,JP,833,48,11,1.0,4.0,True,False,False,False
pid_02696,seller_9285,Cosmetics,MotorMax,5.0,2.9,0,5,45.0,23.0,3,897,False,True,2,2024-12-17,US,AU,3200,379,148,1.0,6.0,False,False,False,True
pid_02250,seller_9781,Electronics,PureSkin,266.59,4.2,1677,2,334.0,6.0,0,3089,True,True,3,2024-03-27,DE,KR,3241,167,202,2.0,19.0,False,False,False,False
pid_02395,seller_6740,Fashion,EliteDesign,126.6,3.5,0,1,116.0,31.0,1,747,True,True,1,2024-11-19,KR,JP,316,20,11,0.0,,False,True,False,False
pid_03813,seller_9743,Cosmetics,EliteDe5ign,24.87,2.6,552,4,393.0,14.0,2,1720,False,True,3,2024-11-10,DE,DE,1688,114,44,2.0,17.0,False,False,False,True
pid_01500,seller_3282,Luxury Goods,HealthCare Plus,202.45,4.6,2360,5,624.0,3.0,0,3272,True,True,4,2025-01-25,DE,CN,998,76,54,2.0,24.0,True,False,False,False
pid_04594,seller_3046,Luxury Goods,LuxuryBrand,93.63,4.2,2281,1,554.0,21.0,2,1261,True,True,2,2024-12-27,GB,DE,4397,532,207,1.0,24.0,False,True,True,False
pid_03906,seller_3460,Luxury Goods,ClassicWear,125.6,3.8,4454,5,741.0,11.0,1,2750,True,True,3,2024-04-03,GB,GB,2773,231,24,3.0,7.0,False,False,False,False
pid_01084,seller_6596,Automotive,StyleHous3,106.69,3.7,25,3,301.0,11.0,1,2018,False,True,5,2024-08-30,US,CA,849,47,44,1.0,11.0,True,True,False,True
pid_01267,seller_2322,Luxury Goods,GlamourCo,5.0,4.3,2410,3,197.0,23.0,0,1658,True,False,1,2025-11-12,DE,US,3532,399,76,0.0,27.0,True,False,True,False
pid_01109,seller_3915,Electronics,VehicleCare,227.2,4.2,0,4,352.0,34.0,0,2596,True,True,4,2025-12-21,IN,FR,3973,256,37,2.0,5.0,False,False,False,False
pid_02749,seller_6342,Cosmetics,BeautyLux,94.56,3.2,1618,1,276.0,27.0,3,1267,True,False,2,2025-11-03,JP,AU,1027,102,51,2.0,10.0,False,False,False,True
pid_02978,seller_5961,Cosmetics,GlamourCo,5.0,3.6,0,3,312.0,20.0,0,2126,False,True,1,2025-12-16,GB,DE,4687,650,150,0.0,19.0,False,False,False,False
pid_03780,seller_2736,Fashion,TrendSetter,113.03,4.0,1454,3,399.0,9.0,1,1705,False,True,2,2025-01-06,IN,US,1669,23,84,3.0,25.0,False,False,False,False
pid_00634,seller_3150,Electronics,M0torMax,188.58,3.8,766,4,609.0,1.0,0,3673,True,True,5,2025-04-10,GB,CN,3887,468,105,2.0,22.0,False,False,False,True
pid_03525,seller_1933,Electronics,PureSkin,235.75,4.6,1945,5,581.0,7.0,0,2017,True,True,6,2024-02-05,CA,CA,4519,270,69,1.0,9.0,True,False,False,False
pid_02882,seller_9303,Electronics,ElectroMax,5.0,3.8,225,5,460.0,22.0,0,703,True,True,1,2024-06-07,AU,KR,427,61,22,0.0,15.0,False,True,False,True
pid_03537,seller_6395,Fashion,HealthCare Plus,109.24,3.5,0,2,301.0,16.0,2,823,True,False,2,2025-12-20,GB,KR,2898,180,114,0.0,10.0,False,False,True,False
pid_02315,seller_3850,Electronics,PremiumCraft,80.5,5.0,0,2,398.0,11.0,0,5,False,False,2,2024-10-16,CN,IN,2589,134,46,1.0,4.0,True,False,False,False
pid_03322,seller_4708,Pharmaceuticals,HealthCare Plus,171.84,4.3,0,4,670.0,1.0,0,1975,True,False,4,2024-04-11,DE,CA,3526,359,156,3.0,19.0,True,False,False,False
pid_02232,seller_2907,Automotive,MotorMax,25.99,4.2,120,3,332.0,27.0,1,5,False,True,1,2024-02-04,KR,FR,3057,293,96,0.0,8.0,False,False,False,True
pid_02162,seller_8357,Fashion,StyleHouse,125.53,4.1,5393,4,426.0,9.0,0,1645,True,False,1,2024-11-14,IN,FR,3684,156,115,2.0,17.0,False,False,False,False
pid_03107,seller_3490,Electronics,VehicleCare,5.0,3.0,0,3,382.0,27.0,3,5,False,False,2,2025-10-28,FR,KR,3153,103,194,0.0,15.0,False,False,False,True
pid_00809,seller_1212,Electronics,NaturalGlow,300.96,3.9,1715,4,247.0,1.0,2,1620,False,True,2,2024-10-08,CN,CN,2529,326,45,2.0,16.0,False,False,True,False
pid_03170,seller_2238,Cosmetics,GlamourC0,5.0,3.0,723,2,26.0,39.0,2,5,True,False,3,2024-05-15,AU,CN,1862,233,133,0.0,,False,True,False,True
pid_03028,seller_9031,Cosmetics,StyleHouse,80.7,3.0,0,1,95.0,30.0,2,5,False,True,1,2025-02-02,CN,AU,3051,343,145,0.0,18.0,False,False,False,False
pid_02875,seller_2165,Luxury Goods,BioMed So1utions,71.42,3.2,1498,2,157.0,28.0,3,1027,True,False,1,2025-04-19,AU,DE,1831,179,52,3.0,,False,True,False,True
pid_03254,seller_6553,Fashion,MediPharm,117.55,3.8,80,3,207.0,2.0,1,1628,True,True,1,2025-07-04,US,CN,2612,115,138,2.0,13.0,True,False,False,False
pid_03332,seller_9587,Electronics,GlamourCo,107.99,3.0,3117,7,202.0,12.0,2,1249,True,True,2,2024-10-01,KR,IN,946,97,5,0.0,5.0,False,False,False,False
pid_03029,seller_6183,Cosmetics,PureSkin,184.94,3.7,1537,1,511.0,4.0,0,1799,True,False,3,2025-08-31,US,AU,3760,184,182,5.0,18.0,False,False,True,False
pid_04890,seller_1156,Fashion,MotorMax,211.46,5.0,0,3,661.0,16.0,1,3230,True,True,5,2024-05-30,KR,IN,1776,204,32,2.0,18.0,False,False,False,False
pid_04856,seller_8446,Electronics,DigitalPro,5.0,3.5,0,1,37.0,33.0,3,5,True,True,1,2024-01-19,CA,AU,1717,60,74,0.0,8.0,True,True,True,True
pid_04148,seller_5002,Pharmaceuticals,El3ctroMax,68.42,3.1,0,4,20.0,18.0,3,918,True,True,2,2024-02-02,FR,JP,865,72,46,1.0,19.0,False,False,True,True
pid_00051,seller_1577,Pharmaceuticals,MotorMax,227.7,4.0,2414,7,492.0,12.0,0,1917,True,True,5,2025-08-31,KR,AU,1779,148,8,2.0,21.0,True,False,False,False
pid_02353,seller_5385,Automotive,W3llnessLab,195.03,4.3,1265,4,325.0,1.0,0,1479,True,True,4,2024-10-20,CN,CA,3083,206,152,,2.0,False,True,True,True
pid_04756,seller_6014,Electronics,VehicleCare,6.79,4.1,1798,1,148.0,22.0,0,751,True,True,1,2025-09-18,CA,GB,2597,311,117,2.0,26.0,True,False,True,False
pid_02128,seller_8693,Automotive,MotorMax,102.35,4.6,2356,7,32.0,1.0,2,3608,True,True,3,2024-07-06,JP,US,3677,185,229,0.0,8.0,False,False,False,False
pid_04087,seller_3040,Cosmetics,Pur3Skin,5.0,3.1,0,4,153.0,19.0,3,385,True,True,3,2024-04-26,KR,GB,3788,114,156,0.0,13.0,True,False,False,True
pid_01037,seller_3505,Pharmaceuticals,Clas5icWear,79.39,3.9,2090,2,589.0,4.0,1,5,True,False,1,2025-04-10,KR,AU,2085,225,121,2.0,18.0,False,False,False,True
pid_04716,seller_7704,Cosmetics,VehicleCare,87.95,3.8,1705,2,258.0,6.0,1,954,True,True,3,2025-10-04,DE,CN,3360,357,19,4.0,0.0,False,False,False,False
pid_02774,seller_5880,Luxury Goods,HealthCare Plus,179.59,4.6,4504,7,695.0,22.0,2,1326,True,False,4,2024-12-17,AU,JP,2177,169,136,4.0,0.0,False,False,False,False
pid_00369,seller_9463,Electronics,BioMed Solutions,271.05,4.1,4597,6,459.0,15.0,1,1297,True,False,6,2024-10-12,KR,DE,4074,505,316,3.0,27.0,False,False,False,False
pid_03154,seller_4712,Luxury Goods,EliteDesign,217.6,3.9,730,3,488.0,24.0,0,832,True,True,4,2024-01-04,CA,FR,4684,156,45,0.0,20.0,False,True,False,True
pid_01969,seller_4946,Electronics,FashionForward,132.93,4.3,1157,5,257.0,23.0,1,1717,True,True,2,2025-02-22,GB,GB,1174,74,56,1.0,10.0,False,True,True,False
pid_03268,seller_7781,Cosmetics,ClassicWear,189.51,4.6,3318,5,423.0,15.0,0,3579,True,True,5,2024-09-16,GB,US,2764,152,132,0.0,29.0,False,False,False,False
pid_02713,seller_8035,Fashion,FashionForward,296.7,4.3,3337,8,552.0,1.0,0,1503,True,False,3,2025-10-29,FR,KR,4612,344,356,1.0,33.0,False,False,False,False
pid_01482,seller_9154,Luxury Goods,NaturalGlow,69.27,3.8,3269,4,398.0,9.0,0,2484,True,True,1,2024-03-01,CN,CA,2539,257,201,0.0,4.0,True,False,False,False
pid_01362,seller_8012,Cosmetics,ElectroMax,223.8,4.0,2247,7,515.0,9.0,0,1652,True,True,1,2024-05-04,US,JP,2679,266,110,4.0,22.0,True,False,False,False
pid_01514,seller_3317,Electronics,ElectroMax,119.22,3.7,0,2,112.0,18.0,1,1159,True,False,2,2024-10-12,CN,IN,1929,230,135,0.0,13.0,False,False,False,True
pid_02152,seller_2102,Cosmetics,ExclusiveItem5,5.0,4.0,2996,1,305.0,27.0,0,1853,True,False,3,2025-09-02,FR,US,3808,558,200,0.0,0.0,False,True,False,True
pid_00112,seller_9148,Automotive,Tr3ndSetter,107.6,3.5,0,5,540.0,28.0,2,263,False,False,3,2024-08-24,FR,CN,3308,174,128,3.0,17.0,True,False,True,True
pid_04258,seller_6598,Fashion,ExclusiveIt3ms,283.07,4.7,0,2,366.0,18.0,2,3012,False,True,3,2025-04-26,US,KR,671,63,40,1.0,16.0,False,False,True,True
pid_00168,seller_2518,Electronics,NaturalGlow,265.69,4.4,4567,5,346.0,,0,1232,True,False,1,2025-07-04,AU,FR,2155,207,113,2.0,0.0,True,False,False,False
pid_02322,seller_6371,Cosmetics,BioMed Solution5,157.43,4.5,3579,9,268.0,14.0,0,707,True,False,2,2025-03-22,DE,FR,4225,98,157,,14.0,True,False,False,False
pid_03905,seller_2125,Luxury Goods,TrendSetter,110.07,3.8,0,2,123.0,30.0,1,1100,False,False,1,2025-03-16,AU,US,3428,67,247,0.0,2.0,True,False,False,True
pid_01599,seller_5601,Automotive,Exclus1veItems,198.11,4.1,887,8,352.0,21.0,0,2797,True,True,3,2025-02-01,IN,IN,2303,291,87,3.0,20.0,True,False,False,True
pid_00575,seller_3351,Automotive,StyleHouse,201.89,5.0,2824,2,276.0,7.0,1,3014,True,True,5,2025-11-08,JP,DE,2196,183,19,2.0,19.0,False,True,False,True
pid_03579,seller_2553,Luxury Goods,LuxuryBrand,230.16,4.6,2677,6,258.0,12.0,0,829,True,True,2,2025-10-12,IN,KR,1861,104,127,2.0,19.0,False,False,False,False
pid_04382,seller_8736,Cosmetics,FashionF0rward,276.8,4.3,4982,8,675.0,23.0,0,1308,True,True,4,2025-01-20,DE,US,148,10,7,,9.0,False,False,False,True
pid_04319,seller_2873,Luxury Goods,CircuitMaster,103.83,3.8,0,4,404.0,2.0,0,261,True,True,2,2025-05-03,JP,IN,636,84,47,1.0,9.0,True,False,True,False
pid_02879,seller_4805,Electronics,BeautyLux,173.61,4.9,2241,4,492.0,10.0,0,4000,True,True,4,2024-03-06,CN,CN,3014,440,86,2.0,24.0,False,False,True,False
pid_02602,seller_4323,Pharmaceuticals,MotorMax,229.91,3.4,347,6,316.0,17.0,2,1736,True,False,3,2025-03-24,US,US,1627,236,23,,11.0,False,False,False,True
pid_00160,seller_9834,Fashion,TrendSetter,250.28,3.2,445,4,261.0,4.0,0,401,True,True,5,2024-07-01,CA,CN,3942,356,143,0.0,0.0,False,False,True,True
pid_01245,seller_1604,Cosmetics,AutoParts Pro,182.9,4.2,3782,7,532.0,1.0,3,3358,True,True,4,2025-05-16,FR,FR,1527,200,8,4.0,10.0,True,True,False,False
pid_01354,seller_7159,Luxury Goods,El3ctroMax,206.81,5.0,2504,5,495.0,1.0,0,1899,True,True,4,2024-11-21,DE,FR,4873,538,80,3.0,14.0,False,False,False,True
pid_01289,seller_1723,Electronics,EliteDesign,211.61,4.4,2697,5,623.0,15.0,0,2287,True,False,2,2024-11-23,DE,CN,4818,145,360,3.0,28.0,False,False,False,False
pid_03141,seller_8616,Automotive,VehicleCare,179.17,5.0,2385,8,232.0,1.0,0,1063,True,False,6,2024-06-26,FR,JP,2069,174,147,1.0,20.0,False,False,False,False
pid_00139,seller_4787,Automotive,BioMed S0lutions,133.5,4.5,4698,7,251.0,14.0,2,2594,True,True,2,2024-03-09,US,IN,2660,35,94,4.0,14.0,False,False,False,True
pid_01157,seller_1588,Automotive,ExclusiveItems,198.65,2.8,0,2,150.0,25.0,1,481,True,False,2,2025-03-08,CA,JP,3521,111,120,0.0,9.0,True,False,False,False
pid_03450,seller_8938,Luxury Goods,HealthCare Plus,206.76,5.0,3476,3,488.0,6.0,1,1756,True,True,5,2024-10-16,JP,IN,4447,585,341,5.0,21.0,False,True,False,False
pid_04284,seller_4281,Luxury Goods,CarTech,231.09,4.2,506,4,337.0,15.0,0,3732,True,True,6,2025-07-18,GB,US,3095,112,191,2.0,14.0,True,False,False,False
pid_03326,seller_8736,Pharmaceuticals,DigitalPro,167.29,3.7,572,4,364.0,29.0,2,3458,True,False,4,2024-05-20,US,AU,3103,128,217,1.0,16.0,False,False,True,False
pid_04972,seller_4497,Luxury Goods,HealthCare P1us,175.55,3.6,123,1,351.0,13.0,1,1760,False,True,5,2024-04-08,FR,DE,3138,124,113,3.0,10.0,True,False,False,False
pid_01115,seller_6818,Cosmetics,ClassicWear,327.06,4.1,5204,7,931.0,1.0,0,1583,True,True,4,2024-08-13,AU,US,2134,88,121,4.0,32.0,False,False,False,True
pid_02483,seller_3431,Electronics,HealthCare Plus,232.96,4.4,589,2,632.0,10.0,1,2471,False,True,4,2024-07-22,KR,JP,4072,541,102,3.0,18.0,False,False,False,True
pid_00853,seller_2606,Automotive,GlamourCo,148.67,3.1,758,2,362.0,7.0,1,1158,True,True,2,2024-10-18,KR,CN,136,12,1,2.0,0.0,False,False,False,False
pid_03581,seller_6942,Pharmaceuticals,TrendSetter,223.31,3.9,602,3,383.0,13.0,1,899,True,True,1,2025-07-20,GB,AU,687,9,14,0.0,9.0,True,True,False,False
pid_04545,seller_8443,Pharmaceuticals,FashionForward,267.26,4.3,578,8,577.0,1.0,0,1982,True,True,2,2024-04-01,DE,GB,1218,43,85,0.0,26.0,False,False,False,False
pid_02435,seller_8194,Fashion,ClassicWear,214.23,3.7,0,1,267.0,14.0,2,1922,True,True,1,2024-04-28,CA,IN,2071,293,93,0.0,15.0,False,False,False,True
pid_04577,seller_5894,Electronics,VehicleCare,54.6,3.4,0,2,76.0,24.0,2,5,True,True,2,2024-09-19,DE,IN,4483,363,84,0.0,15.0,False,True,False,False
pid_04329,seller_8759,Pharmaceuticals,FashionForward,96.02,3.9,0,4,160.0,11.0,1,410,True,False,4,2024-11-10,KR,US,3895,225,34,2.0,5.0,False,False,False,False
pid_02258,seller_8956,Fashion,B3autyLux,101.81,4.1,777,3,298.0,9.0,0,809,True,True,1,2025-03-27,FR,AU,4899,589,115,0.0,2.0,True,False,False,True
pid_00053,seller_9379,Automotive,EliteDesign,195.7,3.6,844,2,329.0,22.0,1,5,True,False,1,2024-10-22,CN,IN,4569,409,208,0.0,13.0,True,False,True,True
pid_02827,seller_1109,Electronics,DigitalPro,121.99,3.9,1372,5,442.0,15.0,0,2162,True,True,3,2024-05-04,GB,US,4615,294,37,2.0,12.0,False,True,True,False
pid_01493,seller_4417,Electronics,StyleH0use,27.09,3.7,271,2,403.0,9.0,2,286,True,True,1,2025-10-31,CA,FR,1735,109,17,0.0,8.0,False,False,True,True
pid_02705,seller_8722,Pharmaceuticals,TechCorp,116.87,4.0,3263,3,487.0,9.0,2,851,False,False,3,2024-08-07,CA,DE,3024,101,27,0.0,6.0,False,False,False,False
pid_02434,seller_5392,Automotive,ClassicWear,362.48,3.7,4854,7,672.0,34.0,0,2787,True,True,2,2024-01-23,AU,CN,3914,364,52,3.0,19.0,True,False,False,False
pid_04505,seller_3687,Fashion,MediPharm,111.3,4.6,0,3,820.0,1.0,1,4000,True,True,3,2024-05-12,IN,KR,115,2,2,2.0,16.0,True,False,False,True
pid_02177,seller_5414,Cosmetics,WellnessLab,170.06,4.8,5427,7,923.0,11.0,0,29,True,True,5,2024-02-13,US,GB,852,83,26,5.0,22.0,False,False,False,False
pid_02194,seller_8554,Electronics,WellnessLab,83.57,3.9,0,1,20.0,25.0,2,912,True,False,2,2024-12-14,DE,IN,498,51,2,2.0,0.0,True,False,False,True
pid_04154,seller_1897,Fashion,VehicleCare,244.21,5.0,4674,5,853.0,1.0,0,2565,True,True,3,2025-10-03,AU,JP,697,63,42,3.0,12.0,False,False,False,False
pid_04535,seller_6342,Cosmetics,HealthCare P1us,189.15,4.3,2240,1,612.0,8.0,2,362,True,True,5,2024-05-13,KR,FR,2691,223,84,0.0,7.0,True,False,False,False
pid_00619,seller_6282,Pharmaceuticals,EliteDesign,139.98,4.1,1327,5,482.0,6.0,1,1863,False,True,2,2025-07-14,US,US,4459,408,243,0.0,15.0,False,True,False,False
pid_00995,seller_8430,Electronics,BeautyLux,140.39,4.6,0,4,,23.0,2,856,False,True,3,2024-01-10,KR,US,4465,411,233,2.0,6.0,False,False,False,False
pid_04848,seller_6360,Pharmaceuticals,MediPharm,174.23,2.9,1073,1,370.0,33.0,1,404,True,False,1,2024-04-03,IN,FR,2871,165,153,1.0,1.0,False,False,False,False
pid_03990,seller_5835,Electronics,TrendSetter,195.04,3.0,0,1,20.0,21.0,3,5,False,False,1,2024-11-27,AU,JP,429,51,25,,22.0,False,True,False,True
pid_01601,seller_6616,Fashion,MotorMax,86.06,5.0,506,5,487.0,35.0,0,5,True,True,4,2024-01-13,FR,KR,3676,412,158,4.0,22.0,False,False,False,True
pid_02841,seller_6052,Pharmaceuticals,TrendSetter,38.56,4.0,1268,6,519.0,17.0,2,965,False,True,3,2025-12-29,CN,CA,2788,144,125,4.0,8.0,False,False,False,True
pid_02557,seller_5882,Fashion,HealthCar3 Plus,279.74,4.0,2507,2,634.0,11.0,1,1920,True,True,3,2024-10-20,GB,DE,4139,121,75,0.0,10.0,True,False,False,True
pid_01212,seller_5520,Electronics,VehicleCare,159.13,4.0,0,2,458.0,1.0,2,3608,True,False,3,2024-10-31,DE,CN,2723,316,100,0.0,0.0,False,False,False,False
pid_03983,seller_4675,Fashion,CarTech,119.24,4.1,0,6,380.0,1.0,1,3305,True,True,2,2024-02-12,CN,FR,4574,92,45,0.0,19.0,False,False,False,True
pid_00167,seller_7801,Electronics,TechCorp,215.9,3.8,1427,6,709.0,4.0,0,1455,True,True,2,2024-02-29,IN,CA,2605,222,118,1.0,8.0,True,False,True,True
pid_04013,seller_8552,Electronics,AutoParts Pro,180.85,4.7,1982,4,296.0,18.0,0,3136,False,True,4,2025-06-02,FR,IN,1483,76,13,1.0,19.0,True,False,False,False
pid_02001,seller_4778,Fashion,ExclusiveItems,175.5,3.7,1424,6,788.0,1.0,1,3681,True,False,5,2024-03-15,KR,US,1351,17,103,1.0,17.0,True,False,False,False
pid_03702,seller_5190,Fashion,PremiumCraft,165.22,3.2,0,3,446.0,33.0,2,544,True,True,3,2024-05-03,DE,GB,2751,370,194,1.0,14.0,False,True,False,False
pid_03828,seller_2860,Pharmaceuticals,StyleHouse,122.5,3.7,1260,1,345.0,1.0,0,3354,False,True,4,2024-11-17,JP,JP,2590,162,40,3.0,22.0,True,False,False,False
pid_04426,seller_4648,Fashion,ClassicWear,151.53,4.6,0,5,482.0,11.0,1,861,False,True,1,2024-10-08,IN,KR,4786,381,301,1.0,24.0,True,False,False,False
pid_04753,seller_4125,Luxury Goods,C@rTech,135.74,3.9,111,1,326.0,8.0,0,223,True,True,3,2025-06-05,AU,DE,118,15,8,2.0,6.0,True,True,False,True
pid_04428,seller_9213,Electronics,N@turalGlow,41.74,4.1,200,1,330.0,8.0,1,566,True,False,4,2024-07-21,DE,FR,2910,134,168,5.0,9.0,False,False,False,True
pid_04909,seller_4405,Luxury Goods,ClassicWear,154.45,3.2,0,1,20.0,23.0,1,368,False,False,1,2024-05-06,KR,US,2619,111,17,0.0,23.0,False,True,True,False
pid_04734,seller_4708,Luxury Goods,WellnessLab,321.98,4.0,1606,4,349.0,1.0,1,1333,True,True,3,2024-11-27,US,US,2051,244,68,3.0,0.0,False,False,False,False
pid_02765,seller_2333,Automotive,GlamourC0,20.24,3.2,1639,1,34.0,33.0,2,821,False,True,2,2024-11-28,GB,GB,3155,113,51,0.0,19.0,False,False,False,True
pid_02828,seller_7336,Luxury Goods,ClassicWear,185.51,5.0,1186,5,600.0,3.0,0,2901,True,False,4,2024-05-03,US,KR,925,106,61,0.0,7.0,False,False,False,False
pid_00663,seller_1770,Fashion,MotorMax,106.61,4.1,0,2,604.0,2.0,0,1426,False,False,1,2025-11-17,KR,IN,2713,30,138,1.0,5.0,False,True,False,True
pid_00515,seller_2864,Electronics,Exclus1veItems,143.72,4.5,1362,6,528.0,3.0,0,2641,True,True,5,2025-08-01,JP,KR,1245,182,96,4.0,30.0,True,False,False,True
pid_04581,seller_4456,Fashion,WellnessLab,182.98,3.9,1562,2,562.0,16.0,1,726,True,False,1,2025-03-12,US,JP,4979,515,31,3.0,8.0,False,False,False,False
pid_02709,seller_7636,Fashion,BioMed Solutions,168.72,4.0,1316,6,402.0,24.0,0,1324,False,True,3,2024-03-01,JP,KR,1869,129,59,3.0,0.0,True,False,True,True
pid_00356,seller_8286,Electronics,ClassicWear,106.15,4.6,3860,1,158.0,38.0,1,454,False,True,2,2024-04-06,GB,JP,1591,42,62,1.0,10.0,True,False,False,False
pid_02866,seller_2365,Luxury Goods,CircuitMaster,148.43,4.2,4686,5,278.0,3.0,0,1625,True,True,1,2024-10-05,US,FR,3378,374,61,3.0,19.0,False,False,False,False
pid_01431,seller_6646,Luxury Goods,PureSkin,193.43,3.2,3984,4,240.0,12.0,0,1803,False,False,2,2025-05-14,AU,CA,1665,197,124,4.0,21.0,False,False,False,False
pid_04571,seller_8580,Cosmetics,MotorMax,95.8,4.2,3342,3,246.0,1.0,0,4000,True,True,3,2025-03-03,IN,KR,1919,133,43,2.0,19.0,False,False,False,False
pid_03341,seller_5936,Cosmetics,MotorMax,199.7,5.0,4088,6,410.0,12.0,0,3883,True,True,1,2024-08-27,DE,DE,415,16,5,2.0,20.0,False,False,False,False
pid_02710,seller_5059,Pharmaceuticals,NaturalGlow,49.5,4.1,2729,4,444.0,15.0,0,1388,True,True,1,2024-07-04,AU,IN,4260,403,261,2.0,20.0,False,False,True,False
pid_03715,seller_9363,Fashion,MotorM@x,144.24,3.9,2956,2,159.0,38.0,2,600,True,True,3,2025-06-09,CA,CA,3350,58,254,0.0,16.0,False,False,False,True
pid_00529,seller_4817,Automotive,AutoParts Pr0,5.0,3.5,0,1,87.0,41.0,2,5,False,False,2,2025-02-22,FR,CA,1575,62,68,0.0,0.0,True,True,True,True
pid_03320,seller_4788,Luxury Goods,MotorMax,213.79,4.2,2707,4,495.0,5.0,0,1994,True,True,4,2024-06-28,CA,CA,114,15,5,5.0,19.0,False,True,True,False
pid_04078,seller_4498,Pharmaceuticals,ClassicWear,194.18,4.2,0,4,142.0,6.0,0,478,True,True,2,2024-06-10,IN,GB,3608,179,204,0.0,24.0,False,False,False,True
pid_00059,seller_6116,Fashion,CarTech,212.99,4.2,2127,1,266.0,11.0,1,2622,True,True,4,2024-12-09,CN,US,2479,215,38,3.0,21.0,False,False,True,False
pid_00948,seller_1621,Automotive,GlamourCo,102.31,3.6,0,3,232.0,23.0,2,5,True,False,1,2025-01-17,GB,JP,2400,69,61,2.0,2.0,True,False,True,True
pid_03753,seller_6118,Cosmetics,AutoParts Pro,169.37,5.0,3839,4,321.0,6.0,0,2248,False,False,3,2024-05-20,DE,JP,4034,411,159,5.0,19.0,False,False,False,False
pid_03669,seller_4130,Luxury Goods,AutoPart5 Pro,206.03,4.4,38,3,570.0,23.0,1,1181,False,False,3,2025-01-21,IN,CA,2201,49,76,3.0,13.0,False,False,False,True
pid_00281,seller_4787,Fashion,BioM3d Solutions,197.13,4.6,676,7,573.0,18.0,0,2204,True,True,1,2024-09-25,KR,JP,2792,241,25,0.0,23.0,False,False,False,True
pid_01183,seller_7294,Automotive,GlamourCo,224.22,4.0,5327,4,551.0,11.0,2,1693,True,True,3,2024-10-07,CN,GB,838,109,32,0.0,20.0,False,False,False,False
pid_03348,seller_9590,Fashion,Pr3miumCraft,165.88,4.8,6187,3,770.0,15.0,0,2206,True,True,2,2025-09-25,AU,GB,4596,159,227,2.0,14.0,False,False,False,False
pid_01629,seller_1233,Luxury Goods,TechCorp,97.94,3.5,2357,3,170.0,27.0,0,1520,False,False,1,2025-08-02,IN,FR,4104,88,31,1.0,0.0,False,False,False,False
pid_02782,seller_8431,Automotive,CarTech,229.07,3.7,1587,3,862.0,20.0,2,2345,True,True,4,2024-06-23,IN,GB,1169,17,45,3.0,20.0,True,False,False,True
pid_04528,seller_4775,Cosmetics,AutoParts Pro,177.56,4.5,0,7,599.0,1.0,3,464,False,False,4,2024-01-07,IN,IN,2774,153,110,0.0,25.0,True,False,False,True
pid_04735,seller_7977,Electronics,FashionForward,50.17,3.5,148,7,356.0,20.0,0,2183,True,False,2,2025-12-27,DE,KR,2671,344,22,1.0,0.0,True,True,False,False
pid_03624,seller_8402,Fashion,W3llnessLab,70.05,4.3,627,4,460.0,3.0,1,2078,False,False,2,2025-07-26,CN,GB,4633,357,173,0.0,,True,False,False,True
pid_04851,seller_9864,Fashion,CircuitMa5ter,187.24,,5853,4,322.0,12.0,1,204,True,False,4,2024-02-20,AU,GB,4104,434,166,0.0,11.0,False,False,False,True
pid_04322,seller_2802,Cosmetics,Fa5hionForward,5.0,3.0,0,1,20.0,24.0,0,1360,True,False,2,2024-11-08,CA,US,4778,80,318,0.0,0.0,True,True,False,True
pid_00451,seller_7935,Luxury Goods,AutoParts Pro,257.1,4.4,0,7,438.0,27.0,0,91,True,False,2,2024-05-13,IN,IN,1589,153,8,3.0,8.0,True,False,False,False
pid_01326,seller_1836,Electronics,Dig1talPro,191.84,3.4,0,3,414.0,3.0,1,461,False,True,2,2025-09-08,CA,CN,1529,154,8,2.0,13.0,False,True,False,True
pid_03229,seller_3006,Fashion,Pur3Skin,85.97,4.8,1721,1,673.0,14.0,3,260,False,True,3,2025-08-24,JP,AU,3680,230,113,1.0,15.0,False,False,False,True
pid_02732,seller_4705,Electronics,MediPharm,234.6,4.6,1470,3,522.0,22.0,0,1759,True,False,2,2025-08-23,JP,AU,2990,390,86,1.0,14.0,False,False,False,False
pid_02901,seller_2429,Pharmaceuticals,ExclusiveItems,78.99,4.1,235,5,590.0,17.0,1,845,True,True,2,2024-02-17,DE,FR,4934,297,115,0.0,8.0,True,False,False,False
pid_03738,seller_2573,Pharmaceuticals,StyleHouse,198.83,,1627,1,471.0,15.0,1,2571,False,False,4,2024-10-13,FR,JP,737,37,37,2.0,5.0,False,False,False,False
pid_01276,seller_7475,Fashion,Be@utyLux,38.05,4.8,1854,3,352.0,14.0,0,1491,False,True,2,2024-08-06,FR,CA,4200,504,159,0.0,5.0,False,False,False,True
pid_01283,seller_5938,Electronics,MediPharm,339.35,5.0,3150,4,632.0,1.0,0,2551,False,True,6,2025-03-29,FR,AU,4564,367,232,2.0,10.0,True,False,False,False
pid_04703,seller_7752,Cosmetics,GlamourCo,120.27,4.6,1067,6,548.0,1.0,0,5,True,True,4,2024-10-31,IN,US,3564,390,39,0.0,14.0,False,False,True,False
pid_01530,seller_9275,Fashion,TrendSetter,5.0,3.1,0,1,251.0,7.0,3,392,True,True,1,2024-01-16,US,FR,2457,264,70,0.0,,False,False,True,True
pid_04250,seller_8164,Fashion,TechCorp,142.77,4.4,1954,3,411.0,14.0,0,1155,False,True,4,2024-06-02,GB,KR,4841,188,281,1.0,21.0,False,False,True,True
pid_00805,seller_9049,Pharmaceuticals,HealthCare Plus,210.86,5.0,226,3,671.0,22.0,0,2796,True,True,2,2025-08-13,CA,AU,4225,297,189,2.0,18.0,False,False,False,False
pid_04748,seller_9717,Fashion,MediPharm,258.2,3.2,1403,1,64.0,22.0,2,5,True,True,5,2025-12-14,KR,CN,4252,333,30,4.0,12.0,True,True,False,False
pid_01529,seller_2725,Luxury Goods,VehicleCare,186.38,3.8,4286,1,358.0,12.0,0,1195,True,True,4,2025-04-13,FR,GB,876,85,24,,21.0,False,False,True,True
pid_02554,seller_7168,Electronics,FashionF0rward,180.57,4.5,145,1,20.0,16.0,1,1921,True,True,1,2025-04-18,IN,US,3131,172,36,2.0,14.0,False,False,True,True
pid_04423,seller_8892,Pharmaceuticals,VehicleCare,128.69,4.7,1105,3,539.0,25.0,1,5,True,True,2,2025-11-11,KR,CN,3123,172,233,4.0,31.0,True,False,False,False
pid_04236,seller_7658,Electronics,TechCorp,202.82,2.9,497,1,642.0,12.0,0,789,True,True,2,2025-05-12,US,IN,1118,128,34,5.0,12.0,True,False,False,True
pid_00049,seller_3339,Electronics,AutoParts Pro,305.07,4.1,1844,2,431.0,12.0,0,3391,True,True,4,2025-02-17,DE,GB,3373,372,177,3.0,9.0,True,False,False,True
pid_01570,seller_4411,Cosmetics,BioMed Solut1ons,199.45,,2867,3,316.0,15.0,0,817,True,False,2,2025-07-31,US,IN,2587,67,142,3.0,2.0,False,True,False,True
pid_02691,seller_9356,Cosmetics,FashionForward,125.17,4.9,186,5,722.0,29.0,0,612,True,True,4,2025-02-23,JP,JP,885,38,6,3.0,14.0,False,False,True,False
pid_01558,seller_8398,Pharmaceuticals,StyleHouse,49.44,3.7,0,4,235.0,32.0,0,5,True,False,2,2025-10-03,AU,DE,3914,135,116,2.0,0.0,False,False,False,False
pid_03054,seller_1200,Cosmetics,MotorMax,214.08,4.7,1281,1,275.0,10.0,2,223,True,False,1,2025-01-10,US,DE,3346,271,224,2.0,0.0,False,False,False,False
pid_01746,seller_5357,Electronics,LuxuryBrand,421.95,4.9,3716,4,690.0,10.0,0,2196,False,False,5,2025-12-04,AU,KR,1822,207,57,5.0,8.0,False,False,False,False
pid_00801,seller_9041,Electronics,GlamourCo,60.22,3.6,0,3,375.0,17.0,1,2253,True,False,2,2024-08-18,CA,CA,1718,145,40,1.0,9.0,False,False,True,False
pid_04401,seller_4476,Luxury Goods,ClassicWear,49.94,4.6,2422,5,658.0,18.0,0,5,True,False,2,2024-12-24,FR,CN,867,94,25,2.0,4.0,False,False,False,True
pid_01367,seller_2653,Automotive,ExclusiveItems,174.71,4.2,848,6,305.0,11.0,0,202,True,True,3,2024-06-27,KR,US,3047,62,147,1.0,9.0,True,False,False,False
pid_01310,seller_8749,Electronics,NaturalGlow,77.5,4.1,0,4,226.0,12.0,1,1030,False,True,1,2025-04-01,IN,IN,2130,188,158,3.0,12.0,False,False,False,False
pid_03913,seller_5374,Automotive,T3chCorp,160.66,3.6,4444,7,829.0,3.0,0,191,True,True,3,2025-11-16,IN,CN,2216,96,79,3.0,14.0,False,False,True,True
pid_02897,seller_3101,Fashion,HealthCare Plus,180.07,4.0,909,5,95.0,9.0,1,1159,False,False,2,2024-03-17,CA,AU,3301,178,176,1.0,0.0,False,False,True,False
pid_00424,seller_8862,Electronics,AutoParts Pro,70.35,2.7,109,2,230.0,16.0,0,5,True,False,3,2024-11-07,US,GB,4166,485,77,1.0,3.0,False,True,False,False
pid_04818,seller_2380,Automotive,ClassicWear,166.81,4.7,566,3,88.0,15.0,2,323,False,False,5,2025-12-22,FR,JP,4695,346,304,2.0,0.0,False,False,False,False
pid_00000,seller_2594,Fashion,ClassicWear,145.24,4.5,0,1,402.0,1.0,1,1047,True,False,1,2025-12-20,IN,DE,1768,115,18,2.0,11.0,True,False,False,True
pid_03756,seller_4479,Electronics,CircuitMaster,235.33,5.0,3740,3,328.0,15.0,0,3715,True,False,2,2025-04-06,FR,CN,247,19,19,4.0,24.0,False,False,False,False
pid_03529,seller_2905,Luxury Goods,BeautyLux,165.2,4.2,2146,2,313.0,20.0,0,909,False,True,3,2024-09-06,FR,JP,2177,115,78,2.0,9.0,False,False,False,False
pid_03457,seller_7302,Cosmetics,MediPharm,193.97,3.6,718,4,146.0,30.0,1,378,True,True,2,2025-11-25,IN,CN,3918,359,198,3.0,8.0,False,False,True,True
pid_04367,seller_4781,Luxury Goods,EliteDe5ign,240.33,4.8,850,4,106.0,1.0,0,1611,True,True,2,2024-07-02,FR,CN,1736,245,13,1.0,18.0,True,False,True,True
pid_04418,seller_9653,Fashion,StyleHouse,148.35,3.4,3087,3,753.0,1.0,0,2430,True,False,2,2025-03-28,CA,CN,2238,284,87,1.0,13.0,True,True,True,False
pid_00976,seller_7640,Cosmetics,TechC0rp,5.0,3.0,1561,2,256.0,22.0,0,5,True,True,2,2024-05-07,GB,IN,927,106,63,0.0,9.0,True,True,True,True
pid_02034,seller_7959,Cosmetics,VehicleCare,195.83,4.5,0,3,313.0,33.0,0,5,True,True,2,2024-11-12,AU,IN,1005,42,44,1.0,0.0,False,False,False,False
pid_01269,seller_9671,Fashion,BeautyLux,219.83,4.1,5847,7,282.0,1.0,0,1100,True,False,2,2025-11-16,US,GB,2589,99,150,1.0,23.0,True,False,False,True
pid_00176,seller_5123,Cosmetics,EliteDesign,225.09,3.9,3357,4,316.0,22.0,0,5,False,True,4,2024-10-04,CA,AU,3927,267,64,3.0,0.0,False,False,False,False
pid_04483,seller_5145,Cosmetics,StyleHouse,163.17,4.1,1589,7,593.0,30.0,2,1525,False,True,5,2024-09-13,DE,DE,4626,199,360,4.0,12.0,False,False,False,False
pid_03657,seller_4522,Luxury Goods,HealthCare Plus,124.13,3.7,0,5,709.0,28.0,0,5,True,True,2,2025-06-02,IN,AU,2873,200,183,2.0,2.0,False,False,False,False
pid_00512,seller_5218,Automotive,HealthCare Plus,67.15,3.5,0,2,541.0,26.0,1,5,False,False,2,2025-08-19,US,DE,4587,299,327,0.0,14.0,False,False,True,False
pid_02584,seller_2634,Cosmetics,PureSkin,241.82,5.0,4054,4,592.0,1.0,0,4000,True,False,5,2024-10-26,GB,JP,4228,115,278,5.0,20.0,False,False,False,False
pid_01286,seller_8699,Electronics,WellnessLab,105.1,4.0,3037,7,403.0,11.0,1,759,True,True,2,2024-02-29,AU,CA,4878,136,202,3.0,10.0,False,False,False,False
pid_02967,seller_5755,Luxury Goods,ClassicWear,165.83,3.3,2526,6,646.0,14.0,0,2000,False,True,2,2024-05-04,JP,JP,1325,130,42,0.0,1.0,True,False,False,False
pid_01462,seller_8056,Electronics,PureSkin,242.69,3.3,0,5,439.0,10.0,1,2131,True,True,1,2024-04-19,FR,IN,4253,87,257,5.0,12.0,False,False,False,False
pid_02409,seller_8968,Luxury Goods,CarTech,173.42,4.1,2367,4,543.0,19.0,0,5,True,True,2,2024-12-26,CN,FR,1721,169,115,2.0,2.0,False,False,False,False
pid_01812,seller_9218,Fashion,PremiumCraft,166.27,3.9,3364,4,356.0,18.0,0,40,False,False,1,2024-07-17,FR,GB,4432,419,96,3.0,0.0,False,False,False,False
pid_03291,seller_8968,Automotive,HealthCare Plus,148.39,4.5,1171,6,289.0,8.0,0,1312,True,True,1,2024-02-18,IN,JP,333,35,17,0.0,0.0,False,True,True,False
pid_01139,seller_3738,Cosmetics,StyleHouse,102.68,4.3,3896,3,432.0,28.0,2,970,True,True,1,2025-10-20,CN,AU,4873,236,254,3.0,0.0,False,False,False,False
pid_04515,seller_9120,Fashion,ElectroMax,98.79,4.6,5252,4,362.0,18.0,0,99,True,True,1,2024-04-08,DE,IN,4654,91,169,3.0,12.0,False,True,False,True
pid_01855,seller_9253,Fashion,CarTech,229.69,4.4,3336,8,742.0,38.0,2,2176,True,True,3,2024-02-24,JP,CA,2824,351,214,0.0,2.0,False,False,False,False
pid_03765,seller_9273,Fashion,EliteDesign,232.04,4.6,2015,3,381.0,,2,882,True,True,4,2025-07-24,IN,AU,2707,131,57,4.0,21.0,True,True,False,False
pid_02384,seller_3671,Fashion,CarT3ch,47.85,3.4,3065,2,337.0,6.0,0,2407,True,False,2,2024-01-29,JP,CA,3068,229,206,0.0,6.0,False,False,True,True
pid_00766,seller_1066,Pharmaceuticals,DigitalPro,151.22,3.7,3473,5,,9.0,1,1306,False,True,2,2024-10-31,DE,US,1857,118,23,1.0,25.0,False,False,False,False
pid_01348,seller_8334,Automotive,MediPharm,247.19,3.9,1911,5,258.0,21.0,1,774,True,True,2,2025-12-30,CN,JP,1957,130,31,3.0,17.0,False,False,False,False
pid_02482,seller_1768,Automotive,V3hicleCare,57.31,3.9,392,4,516.0,22.0,1,5,True,True,1,2025-09-30,AU,CN,3149,395,205,1.0,4.0,False,False,True,True
pid_04097,seller_7367,Electronics,BeautyLux,5.0,3.7,206,2,600.0,20.0,4,379,True,True,2,2025-02-11,CA,FR,4542,290,233,2.0,18.0,False,False,False,False
pid_01054,seller_2380,Automotive,GlamourC0,27.4,3.0,0,2,20.0,36.0,2,811,False,True,1,2024-12-12,FR,AU,3332,160,248,2.0,0.0,False,True,False,True
pid_01317,seller_7323,Pharmaceuticals,WellnessLab,112.32,4.3,2084,5,521.0,7.0,0,756,True,True,3,2024-07-11,IN,DE,176,10,7,5.0,17.0,False,False,False,True
pid_00179,seller_9379,Electronics,HealthCare Plus,167.33,4.0,2579,6,136.0,3.0,0,2295,True,True,3,2025-09-18,DE,FR,2066,61,24,2.0,0.0,False,False,False,False
pid_03636,seller_9811,Automotive,PureSkin,112.72,4.7,2186,3,368.0,9.0,2,3154,True,False,2,2025-02-12,CN,US,3566,503,42,1.0,20.0,True,False,True,False
pid_02578,seller_5280,Fashion,BioMed Solutions,136.12,3.9,579,3,434.0,14.0,0,490,True,False,3,2024-12-18,KR,CN,405,26,12,3.0,0.0,False,False,True,False
pid_02455,seller_2270,Electronics,NaturalGlow,248.88,4.6,1657,8,638.0,1.0,1,3245,True,False,3,2025-05-28,DE,DE,3703,174,293,4.0,13.0,False,False,False,False
pid_01262,seller_3835,Fashion,BeautyLux,180.96,5.0,2923,4,285.0,30.0,1,1018,True,False,2,2024-05-18,JP,CN,4017,438,99,1.0,11.0,False,True,True,True
pid_02356,seller_5713,Automotive,TrendSetter,159.61,5.0,3391,3,482.0,12.0,0,1522,False,False,3,2025-12-07,AU,CA,421,38,9,2.0,20.0,False,False,True,False
pid_02344,seller_6519,Automotive,CircuitMaster,131.06,,0,6,557.0,50.0,1,762,True,False,1,2025-01-05,JP,CA,1202,41,43,4.0,11.0,True,False,False,False
pid_00532,seller_8514,Automotive,PureSkin,152.44,5.0,667,5,557.0,1.0,2,1715,True,True,4,2024-05-31,CN,US,3639,162,21,4.0,20.0,False,False,False,False
pid_04792,seller_4372,Electronics,TrendSetter,201.13,4.0,1807,5,645.0,28.0,2,1301,True,True,3,2024-01-13,US,CN,2112,256,45,3.0,24.0,False,False,True,False
pid_04557,seller_1836,Cosmetics,MotorMax,227.18,3.3,1299,6,592.0,23.0,0,2091,False,True,4,2025-07-23,IN,IN,4991,747,352,2.0,22.0,False,False,False,False
pid_04455,seller_6923,Electronics,Cl@ssicWear,155.23,4.8,0,2,468.0,1.0,3,601,True,False,3,2024-08-17,CN,FR,3561,330,103,0.0,0.0,False,True,False,True
pid_04514,seller_1262,Luxury Goods,ElectroMax,271.31,4.4,0,3,575.0,13.0,1,2698,True,True,3,2025-03-10,KR,DE,1932,141,45,1.0,11.0,False,False,False,True
pid_00380,seller_2962,Electronics,TrendSett3r,8.56,2.9,1820,4,547.0,31.0,2,532,True,True,1,2025-02-15,US,DE,2144,208,163,2.0,8.0,False,False,False,True
pid_01866,seller_4788,Electronics,PremiumCraft,151.04,3.9,5003,3,273.0,2.0,0,3076,True,True,1,2024-08-27,KR,JP,4013,481,55,1.0,8.0,False,True,True,False
pid_04530,seller_2687,Fashion,TrendSetter,117.95,4.4,1845,4,594.0,17.0,0,1342,False,True,4,2024-11-10,DE,AU,1004,103,66,2.0,11.0,True,False,False,False
pid_03346,seller_4364,Fashion,ElectroMax,157.38,3.3,2457,8,,,0,1750,False,True,6,2024-01-23,FR,IN,1205,172,14,3.0,7.0,False,False,True,True
pid_03037,seller_5912,Automotive,BeautyLux,119.07,3.6,4738,2,836.0,1.0,0,2750,True,True,4,2025-12-09,AU,FR,1627,87,91,1.0,14.0,False,False,False,False
pid_02681,seller_5342,Pharmaceuticals,Fa5hionForward,191.7,4.5,1992,2,432.0,13.0,0,570,True,True,3,2025-05-20,DE,KR,3813,238,245,2.0,24.0,True,True,False,True
pid_04253,seller_8455,Luxury Goods,ClassicWear,234.12,4.3,4155,5,383.0,1.0,1,1257,True,True,1,2024-04-27,KR,KR,1718,61,32,3.0,12.0,True,False,False,False
pid_00930,seller_9335,Electronics,StyleHouse,179.95,4.7,3364,4,622.0,7.0,0,1509,True,False,2,2025-07-28,GB,IN,403,31,21,1.0,9.0,True,False,False,False
pid_02626,seller_8470,Electronics,AutoParts Pro,37.47,3.7,0,2,129.0,16.0,2,5,False,False,1,2024-12-02,CA,FR,2831,213,140,1.0,8.0,True,False,False,True
pid_02526,seller_6057,Electronics,ElectroM@x,149.92,4.0,2305,3,393.0,23.0,0,5,True,True,2,2025-02-05,FR,JP,4355,351,48,2.0,13.0,False,False,False,True
pid_03641,seller_5356,Automotive,AutoParts Pro,157.88,4.3,2796,3,618.0,2.0,0,2134,True,False,4,2024-02-23,KR,FR,901,47,18,3.0,12.0,True,False,False,False
pid_04965,seller_6646,Electronics,ElectroMax,110.03,3.4,1233,1,20.0,11.0,1,5,True,True,1,2024-12-03,AU,CA,707,31,20,2.0,4.0,True,False,True,True
pid_03085,seller_3008,Cosmetics,ElectroMax,137.02,2.9,0,2,449.0,31.0,1,1825,False,True,1,2024-07-22,AU,KR,3736,69,204,0.0,9.0,True,True,False,True
pid_03719,seller_8981,Fashion,StyleHouse,204.79,3.9,0,5,330.0,26.0,0,320,True,False,1,2024-11-20,KR,US,2406,108,38,1.0,21.0,True,True,False,False
pid_00419,seller_3431,Pharmaceuticals,MediPharm,238.69,5.0,1170,3,701.0,1.0,0,3010,True,True,2,2025-12-09,CN,DE,2879,195,213,3.0,22.0,True,False,False,False
pid_00625,seller_4915,Fashion,CircuitMaster,70.26,4.1,0,3,191.0,33.0,0,606,True,False,3,2025-08-18,GB,DE,4622,653,131,1.0,9.0,False,False,False,True
pid_02087,seller_5977,Cosmetics,EliteDesign,102.25,3.5,482,1,158.0,15.0,1,499,False,False,4,2025-08-03,JP,FR,1700,102,86,1.0,0.0,True,True,False,True
pid_03215,seller_1845,Electronics,BeautyLux,90.32,3.6,0,4,582.0,31.0,1,1397,True,False,5,2025-01-25,GB,KR,4187,486,173,2.0,20.0,False,False,False,False
pid_01480,seller_2597,Pharmaceuticals,TechCorp,117.27,3.9,2098,4,522.0,15.0,0,1927,False,True,2,2025-03-27,CA,FR,4822,265,313,2.0,13.0,False,False,False,False
pid_04666,seller_2189,Electronics,LuxuryBr@nd,177.41,3.7,553,4,20.0,6.0,1,2261,True,False,3,2024-03-26,DE,GB,2859,95,58,4.0,0.0,True,False,True,True
pid_01059,seller_7212,Cosmetics,Welln3ssLab,78.0,3.9,0,2,135.0,27.0,0,5,True,False,2,2024-01-19,KR,FR,3259,70,184,0.0,8.0,False,False,False,True
pid_01970,seller_2692,Electronics,Be@utyLux,85.37,3.0,0,3,146.0,40.0,2,5,False,True,1,2024-09-13,AU,FR,4929,209,327,1.0,0.0,True,False,False,True
pid_00080,seller_5933,Automotive,AutoParts Pro,103.9,3.9,0,3,167.0,24.0,1,2180,True,False,1,2024-05-01,DE,JP,1657,23,110,0.0,1.0,True,False,False,True
pid_04653,seller_8849,Pharmaceuticals,ElectroMax,252.83,4.6,2097,6,846.0,3.0,0,2568,True,True,5,2025-08-07,GB,FR,1821,111,47,0.0,23.0,False,False,False,False
pid_00073,seller_7082,Pharmaceuticals,C1rcuitMaster,135.11,4.2,4429,4,435.0,16.0,0,958,False,True,4,2025-09-13,CA,GB,1492,200,75,1.0,19.0,False,False,False,False
pid_03695,seller_1889,Electronics,WellnessLab,178.06,3.2,377,1,62.0,22.0,0,733,False,True,1,2025-09-16,FR,DE,2327,275,48,0.0,,False,False,False,True
pid_03173,seller_2040,Electronics,BioMed Solutions,5.0,3.3,0,2,199.0,35.0,4,5,False,False,1,2025-03-31,GB,CA,813,15,36,0.0,0.0,False,False,False,True
pid_02604,seller_4182,Electronics,HealthCar3 Plus,160.48,3.6,817,2,313.0,22.0,1,1001,False,True,1,2024-01-03,US,JP,962,39,17,0.0,10.0,True,True,True,False
pid_03140,seller_3282,Fashion,El1teDesign,196.83,3.8,0,2,650.0,13.0,0,2874,True,True,4,2024-07-05,IN,GB,592,70,43,0.0,13.0,False,False,False,True
pid_02880,seller_4915,Fashion,AutoParts Pro,194.37,2.7,601,4,387.0,13.0,1,293,True,True,4,2025-03-14,FR,FR,3453,77,135,0.0,12.0,True,True,False,False
pid_01252,seller_2596,Electronics,DigitalPro,165.02,4.9,1805,6,493.0,11.0,0,1075,False,True,2,2024-12-17,FR,US,2230,287,43,2.0,,True,False,False,False
pid_03841,seller_2628,Electronics,NaturalGlow,154.79,4.3,994,3,413.0,16.0,1,1857,True,False,3,2025-09-15,US,JP,2483,221,70,4.0,11.0,False,False,False,False
pid_03735,seller_7009,Luxury Goods,WellnessLab,88.54,4.1,1421,3,284.0,18.0,0,1666,True,False,2,2025-03-26,IN,CA,1620,19,59,0.0,22.0,False,False,False,False
pid_03683,seller_6597,Fashion,CarTech,79.62,4.7,5044,2,,28.0,0,2148,False,False,2,2024-09-25,FR,AU,2398,332,105,2.0,0.0,False,True,False,True
pid_03690,seller_2176,Pharmaceuticals,PremiumCraft,201.93,4.6,6008,5,518.0,1.0,0,1305,False,True,3,2025-01-25,JP,GB,4769,93,76,2.0,24.0,True,False,False,False
pid_01894,seller_1443,Luxury Goods,TrendSetter,107.97,4.2,2116,4,507.0,11.0,0,1647,True,False,2,2025-06-29,IN,AU,1530,219,107,4.0,1.0,False,False,True,True
pid_02598,seller_8611,Fashion,NaturalGlow,86.9,3.7,0,2,337.0,3.0,0,647,True,False,1,2024-07-01,CN,CN,1611,75,83,0.0,0.0,False,True,True,False
pid_02589,seller_8220,Cosmetics,EliteDesign,163.28,4.4,4198,3,133.0,26.0,0,2767,False,True,1,2024-02-20,GB,DE,536,77,25,4.0,10.0,False,True,False,False
pid_01864,seller_3206,Automotive,Mot0rMax,233.54,4.3,3914,5,863.0,2.0,2,3338,True,True,3,2025-03-23,FR,IN,1635,64,52,2.0,24.0,False,False,False,False
pid_01461,seller_3819,Cosmetics,LuxuryBrand,193.31,4.7,2028,3,950.0,15.0,0,774,True,False,2,2025-12-11,GB,CN,3071,324,204,0.0,26.0,False,False,False,False
pid_00507,seller_3796,Pharmaceuticals,BioMed Solutions,130.67,4.1,0,2,502.0,46.0,2,5,True,True,1,2024-02-18,FR,US,4386,474,177,1.0,4.0,False,False,True,True
pid_01181,seller_8700,Fashion,FashionF0rward,161.22,4.2,0,4,640.0,1.0,0,1327,True,False,2,2024-10-11,KR,CA,1382,71,20,2.0,14.0,False,True,False,True
pid_00214,seller_7155,Cosmetics,LuxuryBrand,90.1,3.6,0,3,44.0,32.0,2,215,True,True,1,2024-07-19,DE,CN,626,82,11,0.0,3.0,False,False,True,False
pid_00488,seller_2593,Automotive,MediPharm,109.15,3.8,835,3,642.0,24.0,0,1553,True,True,4,2025-04-11,IN,DE,1281,29,41,0.0,20.0,True,False,False,False
pid_01124,seller_4007,Cosmetics,CarTech,109.84,4.6,2885,5,468.0,23.0,1,920,False,True,2,2025-01-05,FR,GB,2484,30,57,4.0,,True,False,True,False
pid_01257,seller_4557,Luxury Goods,WellnessLab,162.94,4.3,1991,5,716.0,3.0,1,677,True,False,3,2025-06-25,GB,DE,196,16,5,3.0,11.0,True,False,False,True
pid_01541,seller_3960,Electronics,B3autyLux,117.54,4.3,3318,1,378.0,34.0,1,2560,True,True,3,2025-05-29,CN,CN,2488,250,38,1.0,9.0,False,True,False,True
pid_00388,seller_1797,Pharmaceuticals,EliteDesign,180.23,3.9,2110,2,150.0,14.0,1,372,True,True,4,2024-05-19,AU,FR,2583,314,173,0.0,11.0,False,True,False,False
pid_02265,seller_9064,Cosmetics,VehicleCare,137.35,4.6,525,4,234.0,20.0,0,2148,True,True,2,2025-04-19,US,AU,2333,36,51,2.0,18.0,False,False,True,False
pid_03065,seller_2333,Fashion,Prem1umCraft,198.57,3.7,897,3,20.0,33.0,0,817,True,True,1,2025-01-08,US,JP,86,4,5,1.0,10.0,False,False,True,True
pid_03293,seller_3819,Luxury Goods,MediPharm,129.28,4.1,3036,6,198.0,7.0,0,2204,True,False,4,2025-01-07,CA,FR,704,8,49,1.0,2.0,False,True,False,False
pid_03834,seller_5463,Luxury Goods,DigitalPro,122.25,4.0,2993,1,128.0,35.0,0,1735,True,False,1,2025-06-02,DE,IN,1733,90,123,2.0,5.0,False,True,False,True
pid_02211,seller_4838,Pharmaceuticals,Natura1Glow,36.56,3.3,1105,4,66.0,1.0,1,730,True,False,3,2025-10-06,IN,KR,2753,105,200,3.0,13.0,False,False,False,False
pid_01290,seller_5814,Fashion,AutoParts Pro,139.74,3.5,613,5,584.0,1.0,1,2306,True,True,2,2025-05-28,GB,KR,4249,223,223,1.0,20.0,True,False,True,False
pid_02510,seller_7341,Electronics,MotorMax,23.83,3.6,1810,1,20.0,44.0,2,5,False,True,1,2024-07-12,JP,KR,3589,49,44,,4.0,True,True,True,True
pid_02450,seller_2749,Fashion,ElectroMax,5.0,3.3,400,2,20.0,21.0,1,869,False,False,2,2024-02-24,KR,DE,4392,48,76,0.0,10.0,False,True,False,False
pid_02995,seller_8803,Automotive,BioMed Solutions,186.0,3.6,2799,2,245.0,25.0,2,1245,True,False,2,2025-08-31,KR,CA,4014,419,135,1.0,13.0,False,False,False,False
pid_00861,seller_8968,Luxury Goods,DigitalPro,154.86,,0,4,339.0,27.0,0,1239,True,True,2,2025-05-25,AU,GB,601,72,40,2.0,0.0,True,False,False,False
pid_04785,seller_1525,Fashion,BioMed Solutions,207.23,5.0,3103,3,543.0,7.0,1,2249,False,True,3,2025-03-22,JP,DE,857,37,30,3.0,20.0,False,False,False,False
pid_02552,seller_5547,Pharmaceuticals,EliteDesign,133.52,4.1,3852,4,,14.0,0,1763,True,False,5,2024-01-21,KR,GB,1630,152,58,2.0,20.0,False,False,True,False
pid_00455,seller_3116,Luxury Goods,GlamourCo,127.87,4.5,0,4,357.0,27.0,3,2010,True,False,2,2025-09-26,AU,CA,3429,434,82,0.0,5.0,False,False,False,False
pid_02331,seller_4515,Electronics,ExclusiveItems,132.21,3.6,436,3,223.0,23.0,0,1690,True,True,5,2024-02-23,US,US,1867,274,93,2.0,5.0,False,False,False,False
pid_00815,seller_4759,Luxury Goods,WellnessLab,293.4,4.7,5496,3,743.0,4.0,0,2234,True,True,3,2024-02-15,GB,FR,1691,52,10,1.0,19.0,True,False,False,False
pid_03518,seller_5357,Electronics,MediPharm,73.99,3.7,2688,4,20.0,25.0,1,5,False,False,3,2024-05-13,IN,US,3109,431,161,1.0,16.0,True,True,True,False
pid_01086,seller_7216,Cosmetics,HealthCare Plus,188.5,4.0,735,5,428.0,17.0,1,1926,True,True,1,2025-12-28,CN,JP,2527,207,166,0.0,7.0,False,False,False,False
pid_02920,seller_7126,Fashion,G1amourCo,145.9,3.1,987,4,273.0,30.0,2,1468,True,False,3,2024-01-05,US,KR,4304,497,50,0.0,1.0,False,False,False,False
pid_02638,seller_2972,Automotive,NaturalGlow,5.0,4.1,0,2,39.0,31.0,1,5,False,True,1,2024-07-31,US,FR,2221,277,146,0.0,15.0,False,True,False,True
pid_01358,seller_8202,Fashion,GlamourCo,296.05,4.6,4040,3,502.0,23.0,0,3429,True,True,4,2025-07-29,CN,AU,953,49,48,1.0,20.0,False,False,False,False
pid_01576,seller_3346,Electronics,StyleHouse,160.16,3.8,0,6,573.0,14.0,0,1719,True,True,3,2025-12-09,KR,DE,2033,234,159,0.0,9.0,False,False,False,False
pid_02112,seller_8280,Electronics,HealthCare Plus,108.2,,0,1,373.0,14.0,1,253,False,False,2,2025-08-12,JP,US,2269,294,23,2.0,0.0,False,True,False,False
pid_03130,seller_8221,Pharmaceuticals,B3autyLux,168.03,4.0,1462,2,508.0,19.0,0,2719,True,False,3,2025-10-19,GB,AU,3277,338,39,4.0,2.0,False,False,False,True
pid_04891,seller_4123,Electronics,Tr3ndSetter,234.39,3.7,5673,4,685.0,1.0,0,3871,True,True,2,2024-12-24,CN,FR,2882,388,198,4.0,,False,False,False,True
pid_00611,seller_3687,Pharmaceuticals,AutoParts Pro,8.12,4.0,3391,2,400.0,37.0,0,20,True,True,4,2024-06-08,CA,DE,1914,48,21,1.0,1.0,False,False,False,True
pid_01279,seller_7501,Luxury Goods,HealthCare Plus,238.88,4.6,1605,7,316.0,13.0,0,1239,True,False,1,2025-01-16,CA,JP,1314,137,89,0.0,19.0,False,False,False,False
pid_00604,seller_4354,Electronics,EliteDesign,67.68,3.7,1514,3,393.0,7.0,2,912,True,False,2,2024-12-01,KR,KR,2765,388,39,0.0,7.0,True,False,False,False
pid_03924,seller_2902,Automotive,ElectroMax,203.97,4.0,240,5,119.0,28.0,0,1045,True,True,3,2025-05-08,AU,FR,1159,23,44,0.0,7.0,False,True,True,True
pid_02777,seller_8270,Electronics,VehicleCare,145.7,4.6,1455,3,399.0,16.0,2,2622,False,True,3,2025-02-16,KR,JP,2805,133,49,0.0,0.0,False,False,True,False
pid_02222,seller_3790,Electronics,Digita1Pro,191.9,4.4,3680,1,20.0,39.0,3,5,True,False,1,2025-01-24,CN,DE,1620,126,111,2.0,0.0,False,False,False,True
pid_00352,seller_5736,Cosmetics,HealthCare Plus,223.59,4.0,1136,2,20.0,15.0,1,5,False,False,1,2025-09-06,IN,US,1259,180,38,3.0,6.0,False,False,False,False
pid_03001,seller_6815,Pharmaceuticals,GlamourCo,193.92,3.8,1436,3,355.0,15.0,0,2358,True,True,2,2025-02-20,US,DE,4622,339,169,3.0,12.0,False,False,False,True
pid_03448,seller_3638,Cosmetics,Mot0rMax,146.91,3.9,0,1,20.0,30.0,3,932,True,True,3,2025-04-04,US,US,237,34,17,2.0,0.0,False,False,False,True
pid_00323,seller_4059,Fashion,EliteDesign,121.36,4.3,2338,4,587.0,17.0,1,3711,True,True,2,2025-09-26,US,AU,1127,43,75,3.0,6.0,False,True,False,False
pid_04651,seller_4074,Cosmetics,BeautyLux,233.56,3.8,2239,5,340.0,1.0,0,244,True,True,3,2025-02-11,FR,AU,4803,66,230,2.0,,False,False,False,True
pid_04279,seller_3249,Fashion,Digit@lPro,54.12,3.9,1039,3,413.0,28.0,0,961,True,True,3,2025-01-16,FR,CN,1041,18,58,3.0,25.0,True,False,True,True
pid_01998,seller_9484,Electronics,Wellne5sLab,71.45,3.7,0,6,320.0,21.0,1,1220,False,False,1,2024-09-16,DE,CA,3237,225,46,0.0,3.0,False,True,True,True
pid_03389,seller_3674,Cosmetics,PureSkin,167.7,3.6,0,5,466.0,24.0,1,1640,False,True,1,2024-06-03,CA,GB,775,22,12,0.0,16.0,True,False,False,False
pid_03427,seller_1382,Cosmetics,CarT3ch,257.97,4.1,2076,3,367.0,13.0,0,2007,True,False,1,2024-01-21,CA,DE,4095,456,40,4.0,7.0,False,False,False,True
pid_01655,seller_9107,Automotive,FashionForward,5.0,3.2,561,2,20.0,41.0,2,208,True,False,1,2025-01-02,DE,US,1894,266,97,0.0,5.0,True,False,False,False
pid_02198,seller_6058,Luxury Goods,CircuitMast3r,275.78,3.6,827,5,853.0,1.0,0,3239,False,True,2,2025-11-01,GB,US,2837,364,202,0.0,25.0,False,True,False,True
pid_02082,seller_4570,Luxury Goods,NaturalGlow,189.05,4.1,762,3,559.0,1.0,0,2639,True,True,2,2025-03-14,IN,DE,2569,182,86,5.0,7.0,False,False,False,False
pid_03871,seller_2905,Electronics,VehicleCare,140.73,3.1,2425,6,218.0,11.0,0,3092,True,False,4,2025-08-08,DE,DE,2464,38,151,1.0,7.0,True,True,False,False
pid_01405,seller_1519,Luxury Goods,StyleH0use,178.54,3.9,0,1,264.0,36.0,1,487,True,False,3,2024-09-02,US,JP,1667,20,39,2.0,9.0,False,True,False,True
pid_00025,seller_6543,Pharmaceuticals,CircuitMaster,143.1,4.0,1990,3,100.0,12.0,3,1551,True,False,5,2025-07-15,JP,US,820,31,32,0.0,0.0,True,False,True,False
pid_01699,seller_2189,Luxury Goods,E1ectroMax,94.84,3.7,0,1,236.0,27.0,0,5,False,True,1,2024-07-05,JP,AU,1024,70,55,0.0,2.0,False,False,False,True
pid_01705,seller_5754,Electronics,PremiumCraft,115.57,3.5,1452,3,20.0,13.0,0,1516,True,True,2,2025-07-16,KR,GB,4375,144,195,3.0,7.0,False,False,False,False
pid_02913,seller_7808,Automotive,DigitalPro,209.64,3.9,2533,2,374.0,1.0,2,1323,True,False,2,2024-08-18,CN,US,3727,406,155,0.0,9.0,False,False,False,False
pid_02067,seller_9635,Fashion,PureSkin,196.57,4.0,383,3,582.0,16.0,1,628,True,True,3,2024-10-31,JP,KR,2720,170,137,4.0,8.0,True,False,False,True
pid_00622,seller_3821,Fashion,FashionForward,156.33,3.7,2309,5,531.0,10.0,0,1045,True,True,4,2025-08-28,KR,CN,4986,490,124,3.0,17.0,False,False,False,False
pid_02992,seller_1579,Luxury Goods,HealthCare Plus,31.68,3.3,168,3,597.0,27.0,1,2565,True,False,3,2024-11-27,CA,AU,2935,40,185,2.0,2.0,False,False,False,True
pid_04180,seller_7464,Fashion,Exclu5iveItems,202.8,3.8,0,2,153.0,5.0,2,2156,False,False,3,2025-05-27,IN,CA,860,100,27,0.0,0.0,False,False,True,True
pid_04142,seller_7464,Electronics,GlamourCo,36.75,,2462,1,120.0,35.0,1,2044,True,False,1,2025-05-28,US,FR,3998,419,271,3.0,25.0,True,False,False,True
pid_00782,seller_1698,Fashion,LuxuryBrand,91.05,4.8,1311,6,852.0,17.0,0,446,True,True,1,2025-12-16,IN,JP,2683,395,178,1.0,14.0,False,False,False,False
pid_01831,seller_5002,Cosmetics,StyleH0use,120.48,4.3,0,3,596.0,12.0,2,2253,True,False,3,2024-07-08,GB,KR,4130,580,126,0.0,4.0,False,False,False,True
pid_01274,seller_3703,Luxury Goods,EliteDesign,169.97,3.9,2362,3,445.0,7.0,0,3488,True,True,5,2024-01-05,DE,CA,330,11,4,1.0,12.0,False,False,False,False
pid_02207,seller_4297,Automotive,BeautyLux,25.3,3.7,0,3,20.0,5.0,2,5,True,True,1,2024-10-07,IN,JP,132,11,9,0.0,9.0,False,False,False,True
pid_03129,seller_1940,Pharmaceuticals,GlamourCo,190.74,3.6,1049,5,341.0,1.0,2,1749,False,False,1,2024-10-12,US,DE,1339,117,76,1.0,14.0,True,False,False,True
pid_00163,seller_5008,Luxury Goods,TrendSetter,146.03,4.6,362,2,422.0,16.0,2,403,False,False,1,2025-12-10,AU,US,4629,482,259,0.0,16.0,False,True,False,False
pid_01753,seller_1548,Fashion,VehicleCare,363.98,4.0,3208,5,640.0,1.0,0,2214,True,False,3,2025-03-13,GB,DE,2396,238,84,4.0,22.0,True,False,False,False
pid_02047,seller_7879,Cosmetics,MotorMax,81.47,3.8,0,3,464.0,25.0,0,1707,True,True,1,2025-06-30,US,FR,3430,137,185,1.0,0.0,False,False,False,True
pid_03994,seller_4285,Luxury Goods,LuxuryBrand,165.04,2.7,0,2,,20.0,2,1684,False,True,1,2025-09-07,DE,FR,2333,211,41,0.0,6.0,True,False,False,False
pid_03224,seller_5705,Electronics,ElectroMax,170.69,4.6,1875,6,620.0,24.0,0,2296,True,True,3,2024-03-01,IN,IN,1580,75,51,4.0,18.0,False,False,False,False
pid_02870,seller_6818,Automotive,PureSkin,194.03,4.4,2288,4,549.0,4.0,0,2923,True,True,4,2025-09-12,CA,GB,3866,465,84,3.0,13.0,True,False,False,False
pid_02246,seller_6876,Electronics,Electr0Max,179.1,,1020,3,59.0,,0,1761,True,True,3,2025-07-27,DE,GB,1128,40,25,,14.0,False,False,False,True
pid_03280,seller_4050,Luxury Goods,AutoParts Pro,31.3,2.6,938,1,216.0,33.0,1,5,True,True,1,2025-03-23,CN,IN,3669,91,21,3.0,7.0,False,False,True,False
pid_03360,seller_3823,Pharmaceuticals,WellnessLab,325.15,5.0,4959,6,296.0,3.0,0,3130,True,True,4,2025-04-23,KR,FR,1434,160,77,2.0,11.0,False,False,False,False
pid_03688,seller_2710,Electronics,LuxuryBrand,223.11,4.0,2242,4,287.0,12.0,0,2075,False,True,4,2025-07-19,FR,DE,2645,349,172,5.0,20.0,False,False,False,True
pid_03563,seller_9880,Fashion,HealthCare Plus,89.3,2.5,0,2,531.0,46.0,3,5,True,False,4,2025-03-08,US,FR,2576,184,63,0.0,14.0,False,False,True,True
pid_01198,seller_6248,Pharmaceuticals,MotorMax,287.24,4.3,449,7,756.0,9.0,0,1490,True,True,3,2024-08-24,IN,AU,1123,20,33,2.0,28.0,False,False,False,False
pid_00408,seller_1906,Automotive,B1oMed Solutions,68.37,3.6,3446,3,749.0,14.0,1,1804,True,True,2,2025-03-06,DE,JP,1234,80,82,0.0,1.0,False,False,False,True
pid_00142,seller_1680,Luxury Goods,DigitalPro,168.23,4.1,14,3,,9.0,0,2989,True,False,1,2024-12-12,GB,FR,3526,92,181,2.0,17.0,False,False,False,True
pid_00022,seller_8129,Fashion,LuxuryBrand,54.05,3.4,0,1,200.0,12.0,3,5,True,False,1,2025-08-14,CA,US,4662,411,67,0.0,5.0,False,False,False,True
pid_02252,seller_2577,Cosmetics,MediPharm,137.66,4.5,0,7,465.0,,0,2060,True,True,4,2025-04-19,AU,JP,2308,47,35,4.0,15.0,False,False,False,False
pid_03260,seller_7944,Electronics,PremiumCraft,140.64,3.3,4830,3,510.0,15.0,0,1031,True,True,1,2025-08-18,JP,JP,1989,34,70,3.0,13.0,True,False,False,True
pid_01770,seller_5703,Luxury Goods,CircuitMaster,75.36,4.6,1337,6,20.0,21.0,2,2207,True,True,3,2025-10-14,DE,CA,1941,118,36,3.0,10.0,False,False,False,False
pid_04273,seller_5558,Luxury Goods,ExclusiveItems,137.2,3.5,1560,5,296.0,33.0,0,1373,True,False,4,2025-03-19,IN,DE,4428,207,352,4.0,5.0,False,False,False,False
pid_01005,seller_6913,Cosmetics,CircuitMaster,7.34,,0,5,402.0,9.0,2,649,False,True,4,2024-07-03,JP,KR,4190,164,298,3.0,6.0,True,False,False,False
pid_00641,seller_4366,Fashion,TechCorp,71.58,3.7,2672,3,153.0,31.0,1,1624,True,True,2,2025-05-29,AU,US,2623,228,83,1.0,9.0,True,True,False,False
pid_03815,seller_2270,Cosmetics,BioMed Solutions,170.44,4.1,272,5,348.0,23.0,0,790,False,True,2,2024-09-15,AU,CN,3728,182,272,0.0,0.0,False,False,False,False
pid_02654,seller_6918,Pharmaceuticals,Fash1onForward,50.24,4.5,966,1,45.0,13.0,2,1381,False,True,4,2024-05-21,KR,FR,3169,297,111,4.0,19.0,False,False,False,True
pid_01343,seller_1798,Pharmaceuticals,FashionForward,82.63,3.9,1709,6,263.0,5.0,2,1593,False,True,2,2024-12-22,DE,DE,4418,274,342,0.0,16.0,True,True,False,False
pid_00384,seller_2680,Pharmaceuticals,T3chCorp,157.07,3.1,1380,1,99.0,21.0,0,1852,False,False,2,2024-02-04,US,AU,2643,82,142,1.0,0.0,False,False,False,True
pid_00888,seller_3621,Electronics,PureSkin,348.58,3.9,3208,7,368.0,1.0,0,1556,True,True,5,2024-04-18,CA,GB,1192,111,61,3.0,9.0,False,False,False,False
pid_01557,seller_5234,Fashion,TrendSetter,180.35,4.2,1629,9,283.0,6.0,0,4000,True,True,3,2024-09-25,GB,DE,556,37,39,2.0,29.0,False,False,False,False
pid_01085,seller_5948,Luxury Goods,ClassicWear,95.54,4.8,363,1,323.0,14.0,2,5,True,False,1,2024-11-24,GB,FR,4899,604,205,0.0,0.0,True,False,False,False
pid_04460,seller_9825,Fashion,CircuitMaster,164.89,4.0,2207,2,706.0,8.0,1,5,True,False,1,2024-02-06,JP,DE,279,26,15,4.0,2.0,False,False,False,True
pid_00531,seller_5746,Automotive,WellnessLab,235.03,4.0,3812,1,648.0,18.0,0,743,True,False,1,2025-02-28,KR,CN,2853,215,65,0.0,24.0,False,False,False,False
pid_03826,seller_8284,Luxury Goods,HealthCare Plus,167.25,4.7,2271,8,230.0,16.0,3,1473,True,False,5,2025-05-30,CA,JP,1039,150,80,2.0,18.0,False,False,False,False
pid_01853,seller_2951,Pharmaceuticals,TrendSetter,189.64,4.4,1227,1,428.0,14.0,2,2076,False,True,5,2025-01-10,CA,IN,2077,229,33,,26.0,False,False,False,False
pid_01935,seller_2679,Pharmaceuticals,PureSkin,5.0,4.3,2123,2,706.0,24.0,1,876,True,False,2,2025-03-21,FR,DE,896,54,11,2.0,5.0,True,False,False,True
pid_03387,seller_9484,Luxury Goods,FashionForward,137.29,4.3,290,3,391.0,1.0,1,583,True,True,4,2024-09-02,CA,FR,2885,239,191,0.0,27.0,False,False,True,True
pid_03153,seller_7459,Luxury Goods,BeautyLux,120.67,4.1,5031,3,684.0,5.0,0,2851,True,True,3,2024-02-22,CN,JP,2423,134,166,3.0,9.0,True,False,False,True
pid_02447,seller_2305,Electronics,HealthCare Plus,202.29,3.8,1263,6,702.0,32.0,3,2117,True,False,1,2025-02-11,GB,CA,1348,44,68,0.0,4.0,False,True,False,False
pid_01075,seller_8609,Luxury Goods,StyleHouse,313.43,5.0,4426,8,732.0,1.0,0,3514,True,True,5,2025-12-16,IN,FR,2699,230,18,5.0,30.0,True,False,False,False
pid_04935,seller_4043,Fashion,DigitalPro,167.28,4.7,4467,5,511.0,20.0,1,1217,False,True,5,2024-11-13,CN,FR,3413,487,103,2.0,15.0,False,True,False,False
pid_02688,seller_7810,Luxury Goods,PureSkin,216.84,4.5,3431,4,648.0,,0,1245,True,True,4,2024-06-22,AU,CA,3291,310,42,2.0,5.0,True,False,False,False
pid_02931,seller_1011,Cosmetics,MediPharm,5.0,3.5,0,3,331.0,27.0,2,1698,False,True,3,2025-07-22,US,US,2116,208,146,4.0,1.0,False,True,False,False
pid_01932,seller_3697,Luxury Goods,Wellnes5Lab,78.85,4.4,3061,4,318.0,5.0,0,1283,False,False,4,2024-12-01,IN,IN,2682,235,109,2.0,22.0,False,True,True,True
pid_02767,seller_3621,Fashion,TrendSetter,109.91,3.7,6798,1,364.0,19.0,0,287,True,False,2,2025-04-30,KR,DE,2463,37,38,3.0,26.0,True,False,False,True
pid_01671,seller_3710,Automotive,CarTech,301.1,4.2,938,3,60.0,7.0,0,867,True,True,4,2025-01-22,KR,JP,4047,310,282,3.0,19.0,False,False,True,False
pid_02438,seller_2797,Luxury Goods,FashionForward,161.06,2.5,2443,7,155.0,18.0,3,5,False,False,2,2024-01-22,CN,US,2502,120,28,0.0,21.0,True,True,False,False
pid_02983,seller_7204,Pharmaceuticals,CarTech,160.32,2.6,2823,1,309.0,31.0,3,5,False,True,2,2025-04-05,JP,GB,4279,409,263,5.0,6.0,True,False,False,True
pid_02109,seller_6357,Automotive,TrendSetter,12.6,3.3,123,1,358.0,22.0,2,203,True,True,2,2024-12-17,CA,FR,3120,307,63,0.0,,False,False,False,True
pid_02186,seller_1508,Automotive,StyleHou5e,15.94,3.8,1400,6,186.0,15.0,1,5,True,True,3,2025-04-11,GB,FR,4809,466,334,1.0,10.0,True,False,False,True
pid_01148,seller_2663,Automotive,HealthCare Plus,166.83,4.3,1698,3,202.0,15.0,0,5,False,False,2,2025-04-01,CN,CA,140,3,5,2.0,8.0,False,False,False,False
pid_00786,seller_5065,Cosmetics,GlamourCo,223.69,4.4,2519,2,628.0,12.0,0,3242,True,True,2,2025-07-24,DE,IN,2830,311,45,3.0,29.0,True,False,False,False
pid_01585,seller_8437,Electronics,Welln3ssLab,98.14,3.3,732,5,304.0,34.0,1,532,True,True,2,2024-01-21,JP,CN,604,45,41,0.0,8.0,False,True,False,True
pid_03166,seller_2269,Automotive,EliteDesign,220.42,3.7,774,5,610.0,13.0,0,246,False,False,3,2024-04-27,KR,FR,2672,208,149,0.0,0.0,True,False,False,False
pid_00266,seller_9069,Cosmetics,LuxuryBrand,271.95,,1825,4,270.0,1.0,0,1872,True,True,2,2025-06-20,JP,IN,4903,527,117,0.0,34.0,True,False,False,True
pid_03763,seller_9990,Fashion,EliteDesign,70.06,4.6,925,8,614.0,1.0,1,2863,False,True,5,2025-09-24,JP,DE,269,14,16,3.0,,True,False,False,False
pid_04882,seller_6948,Pharmaceuticals,VehicleCare,5.0,3.8,2039,1,304.0,14.0,0,3011,True,False,2,2025-02-17,GB,AU,1232,105,53,1.0,0.0,True,False,True,True
pid_03736,seller_6394,Cosmetics,ExclusiveItems,116.43,3.7,2103,1,214.0,47.0,3,343,True,True,1,2024-01-26,JP,GB,3071,341,217,3.0,0.0,True,False,False,False
pid_00360,seller_4142,Fashion,MediPharm,83.18,4.7,3430,4,683.0,8.0,0,1295,True,False,5,2025-07-27,KR,KR,4321,562,281,4.0,18.0,False,False,False,False
pid_01460,seller_4182,Fashion,AutoParts Pro,92.86,4.6,3945,1,539.0,30.0,1,1545,True,True,2,2024-10-04,FR,FR,4146,183,243,0.0,10.0,False,True,False,True
pid_03421,seller_7819,Cosmetics,ExclusiveItems,234.38,4.9,2829,5,793.0,17.0,0,2216,True,True,2,2024-09-05,US,IN,2443,317,131,2.0,32.0,False,False,False,False
pid_03680,seller_4361,Pharmaceuticals,BeautyLux,194.71,3.6,1132,4,247.0,20.0,0,208,False,False,3,2025-05-19,JP,DE,368,21,20,4.0,0.0,True,False,False,False
pid_00952,seller_4152,Electronics,PureSkin,91.1,4.1,3585,1,454.0,23.0,2,1014,True,True,2,2025-12-07,KR,US,935,29,37,0.0,16.0,True,True,False,True
pid_02160,seller_4429,Cosmetics,StyleHous3,117.99,5.0,387,5,350.0,15.0,0,1064,True,False,3,2025-09-27,US,CA,3329,108,65,0.0,12.0,False,False,False,True
pid_04228,seller_4482,Luxury Goods,StyleHouse,206.26,4.1,4284,4,674.0,9.0,2,434,True,True,3,2025-12-09,JP,CA,4427,82,128,2.0,12.0,False,False,False,False
pid_04922,seller_3431,Cosmetics,LuxuryBrand,192.68,4.3,2736,3,510.0,9.0,0,1505,True,False,5,2024-12-24,FR,CN,574,58,6,0.0,10.0,False,False,False,True
pid_03243,seller_9591,Cosmetics,HealthCare Plus,185.57,4.6,2620,4,935.0,8.0,0,1192,True,True,2,2025-06-02,US,KR,4563,607,191,2.0,14.0,False,False,False,True
pid_03372,seller_6360,Fashion,CarTech,106.1,,4161,7,484.0,20.0,0,3117,True,True,3,2024-10-16,KR,KR,1079,68,58,1.0,10.0,True,True,False,False
pid_02699,seller_8740,Pharmaceuticals,Vehic1eCare,166.31,4.2,284,1,474.0,24.0,0,1726,True,False,2,2025-04-24,KR,AU,1037,122,32,1.0,0.0,False,False,False,True
pid_01574,seller_4893,Electronics,DigitalPro,227.58,4.7,630,8,435.0,9.0,1,1248,True,True,4,2025-04-14,FR,GB,898,103,6,2.0,25.0,True,False,False,False
pid_04235,seller_2896,Fashion,LuxuryBrand,219.61,4.7,4206,7,582.0,9.0,1,3451,True,True,6,2025-03-09,AU,US,4469,267,248,3.0,26.0,False,False,False,False
pid_01955,seller_6873,Automotive,TrendSetter,168.41,4.2,1736,4,498.0,4.0,1,744,True,False,3,2025-10-06,DE,KR,3518,427,20,3.0,7.0,False,False,False,True
pid_04644,seller_4897,Cosmetics,DigitalPro,83.24,,3820,2,426.0,18.0,1,1888,True,True,4,2024-09-17,US,CN,272,15,1,1.0,22.0,False,False,False,False
pid_03337,seller_4509,Pharmaceuticals,VehicleCar3,21.72,3.4,0,4,211.0,19.0,1,5,False,True,1,2024-01-11,US,US,542,32,34,1.0,9.0,False,True,False,True
pid_02176,seller_6406,Fashion,PremiumCr@ft,172.71,4.3,4458,5,735.0,5.0,1,3239,True,True,1,2025-02-24,IN,AU,1023,111,49,2.0,28.0,True,False,False,False
pid_01313,seller_6884,Pharmaceuticals,FashionForward,169.6,4.1,3650,2,396.0,16.0,2,1720,True,False,2,2024-09-30,JP,GB,584,19,15,2.0,20.0,False,False,False,False
pid_04326,seller_5976,Electronics,Sty1eHouse,64.13,3.6,1192,3,20.0,27.0,0,5,True,True,1,2024-08-11,JP,KR,1036,62,62,1.0,21.0,True,False,False,True
pid_01331,seller_4668,Cosmetics,ExclusiveItems,228.94,4.6,2196,4,544.0,12.0,2,2375,True,True,2,2025-10-02,AU,CN,1999,29,137,1.0,10.0,False,False,False,False
pid_01842,seller_7336,Luxury Goods,MediPharm,237.06,5.0,3447,6,712.0,4.0,0,3065,True,True,1,2025-08-03,AU,JP,1425,207,37,5.0,,True,False,False,False
pid_02208,seller_6479,Fashion,M0torMax,92.92,4.9,677,3,272.0,10.0,1,2441,False,True,2,2024-05-29,FR,FR,3286,179,29,1.0,8.0,False,False,False,True
pid_02979,seller_5471,Automotive,AutoParts Pro,274.66,4.2,3887,3,638.0,1.0,1,2138,True,False,6,2025-07-29,IN,AU,4300,453,90,2.0,14.0,False,False,False,True
pid_03436,seller_5510,Fashion,Med1Pharm,204.63,4.1,738,2,154.0,7.0,0,259,True,True,1,2024-06-19,DE,DE,3362,126,246,1.0,0.0,False,False,True,True
pid_04060,seller_2471,Fashion,StyleHouse,249.26,5.0,1784,5,401.0,1.0,0,3968,True,True,4,2024-06-09,GB,US,4239,161,109,3.0,30.0,True,False,False,False
pid_04167,seller_8421,Electronics,CircuitMaster,246.5,3.5,738,4,321.0,4.0,2,3381,True,True,3,2024-12-03,JP,IN,4533,657,108,3.0,13.0,False,False,False,False
pid_00754,seller_9062,Electronics,LuxuryBrand,294.98,5.0,1302,4,697.0,1.0,1,2868,True,False,4,2025-05-29,CN,CN,4397,537,116,,21.0,False,False,False,True
pid_03964,seller_2780,Electronics,EliteDesign,204.69,3.8,1838,2,534.0,30.0,1,3111,True,True,2,2024-01-02,GB,JP,1921,217,102,,19.0,False,False,True,False
pid_01378,seller_5668,Fashion,GlamourCo,5.0,3.8,3661,5,487.0,18.0,2,726,True,False,3,2025-07-19,FR,GB,3265,468,70,1.0,2.0,False,False,True,False
pid_04875,seller_6064,Cosmetics,HealthCare Plus,93.04,3.9,638,4,558.0,25.0,1,1531,True,True,3,2025-04-26,KR,FR,4171,352,31,1.0,6.0,False,False,False,False
pid_00980,seller_1148,Fashion,MotorM@x,118.02,4.3,0,5,587.0,32.0,2,5,False,True,1,2025-02-20,IN,FR,613,55,37,3.0,19.0,True,True,False,True
pid_02100,seller_2789,Automotive,FashionForward,35.85,4.3,2403,4,659.0,1.0,0,383,False,True,4,2025-06-07,KR,CN,2167,167,64,1.0,10.0,True,False,True,False
pid_00286,seller_2737,Luxury Goods,BeautyLux,422.27,5.0,2866,3,,23.0,0,1738,True,True,4,2024-11-14,KR,CA,2871,71,217,4.0,20.0,False,False,False,False
pid_04626,seller_1776,Fashion,MotorMax,107.54,3.8,276,3,568.0,16.0,0,1929,True,True,3,2024-05-16,IN,CN,2294,120,163,1.0,32.0,False,False,False,False
pid_03533,seller_7494,Fashion,HealthCare Plus,214.29,4.3,2823,3,313.0,2.0,0,3391,True,True,1,2025-12-05,DE,CA,3032,353,15,3.0,10.0,False,True,False,True
pid_03088,seller_5234,Cosmetics,Cla5sicWear,166.03,3.9,501,4,657.0,11.0,1,2819,True,True,4,2025-02-23,CN,CA,3064,429,219,4.0,15.0,False,False,False,True
pid_04504,seller_4882,Luxury Goods,LuxuryBrand,148.19,4.3,2835,2,561.0,2.0,0,2281,True,False,3,2024-06-19,IN,JP,1635,241,47,4.0,0.0,False,False,False,True
pid_03571,seller_2625,Luxury Goods,MotorMax,56.17,,1425,3,110.0,22.0,0,1115,True,True,4,2025-09-15,US,US,511,64,8,2.0,19.0,False,False,False,False
pid_04274,seller_3723,Cosmetics,PureSk1n,104.01,4.1,1794,4,209.0,16.0,3,1741,False,True,1,2024-07-03,FR,FR,2572,58,159,0.0,12.0,False,False,False,True
pid_01154,seller_6244,Cosmetics,BioMed Solutions,94.7,3.8,559,3,20.0,1.0,2,432,True,True,4,2024-03-22,CA,KR,2579,357,81,3.0,12.0,False,False,False,False
pid_01079,seller_2621,Automotive,Pr3miumCraft,193.28,3.1,1024,1,484.0,9.0,2,1663,False,True,5,2024-07-09,DE,DE,2578,179,53,0.0,28.0,False,False,False,True
pid_03008,seller_1676,Cosmetics,EliteDe5ign,5.0,3.4,0,4,67.0,36.0,2,221,False,False,2,2024-09-03,KR,IN,3145,344,42,0.0,11.0,True,True,True,True
pid_01511,seller_2872,Cosmetics,PureSkin,216.1,4.7,4550,8,802.0,1.0,0,1343,False,True,3,2024-05-09,DE,DE,2794,304,138,3.0,24.0,False,False,False,False
pid_00892,seller_3873,Pharmaceuticals,VehicleCare,152.84,4.0,1355,1,604.0,10.0,0,1510,True,True,3,2024-10-30,IN,AU,160,21,4,1.0,24.0,False,False,True,False
pid_00135,seller_3927,Fashion,ClassicWear,158.18,3.3,5046,3,407.0,19.0,0,1351,True,True,4,2025-09-22,US,GB,874,110,30,4.0,22.0,False,True,False,False
pid_03261,seller_9300,Luxury Goods,LuxuryBrand,243.37,3.9,1700,3,302.0,1.0,0,3169,True,True,3,2024-04-21,CN,CA,3948,413,267,3.0,4.0,False,True,False,False
pid_03922,seller_5161,Pharmaceuticals,BeautyLux,93.12,3.4,0,6,655.0,4.0,0,2531,True,False,2,2024-08-05,GB,US,1068,29,22,2.0,18.0,False,False,False,False
pid_02191,seller_6399,Automotive,CarTech,99.29,3.4,4830,1,289.0,13.0,0,1565,True,True,3,2025-10-13,US,CN,4488,572,228,2.0,17.0,True,False,False,False
pid_00211,seller_2334,Cosmetics,Pur3Skin,324.82,4.7,4936,5,337.0,2.0,2,2512,True,False,6,2024-01-09,CA,CN,2594,68,190,3.0,23.0,True,False,True,False
pid_00433,seller_6516,Electronics,CarTech,94.47,4.0,2933,2,173.0,1.0,0,1500,True,False,5,2024-01-01,JP,KR,3292,482,113,1.0,10.0,False,False,False,False
pid_03164,seller_9049,Electronics,VehicleCare,98.73,4.5,6012,5,541.0,6.0,0,2255,True,True,4,2024-11-26,DE,AU,1578,170,42,1.0,20.0,False,False,False,False
pid_00274,seller_6857,Luxury Goods,EliteDesign,119.91,4.3,6272,4,451.0,3.0,1,1477,False,True,3,2025-12-05,GB,JP,2275,26,81,1.0,20.0,True,False,False,False
pid_03012,seller_1871,Fashion,WellnessLab,154.41,4.7,0,6,799.0,7.0,1,2173,False,False,4,2024-03-26,JP,KR,3758,376,33,5.0,14.0,True,False,False,False
pid_00088,seller_8037,Automotive,CarTech,159.44,3.5,0,1,379.0,19.0,1,578,True,False,1,2025-11-12,US,FR,2549,92,64,2.0,3.0,False,False,True,True
pid_02798,seller_6532,Automotive,Exclu5iveItems,77.45,3.5,0,1,82.0,21.0,3,5,True,True,1,2024-01-31,KR,FR,664,36,46,0.0,5.0,False,True,True,True
pid_02324,seller_5280,Pharmaceuticals,CircuitMaster,47.54,3.3,1745,1,639.0,8.0,2,2066,True,True,2,2024-10-30,DE,DE,2304,321,60,1.0,8.0,True,True,False,False
pid_00298,seller_1824,Cosmetics,T3chCorp,179.85,4.3,2093,6,401.0,18.0,0,2599,True,False,3,2025-06-06,IN,KR,2613,295,104,0.0,15.0,True,False,False,True
pid_02545,seller_5866,Luxury Goods,PremiumCraft,165.4,4.0,0,1,678.0,6.0,0,5,True,False,2,2024-03-16,FR,DE,2578,27,140,2.0,0.0,True,False,False,False
pid_00567,seller_7657,Luxury Goods,PremiumCraft,66.78,2.7,0,3,20.0,18.0,0,2475,False,True,3,2024-02-12,IN,AU,1621,81,81,2.0,20.0,False,False,False,False
pid_03674,seller_1393,Cosmetics,FashionForward,97.74,4.6,2068,5,385.0,29.0,0,2532,True,True,3,2024-02-24,IN,IN,3061,343,17,0.0,8.0,False,False,True,True
pid_04569,seller_9088,Automotive,AutoParts Pro,246.44,3.5,0,5,330.0,14.0,2,5,False,True,1,2024-07-06,US,FR,599,63,32,0.0,5.0,False,False,False,False
pid_03776,seller_8921,Pharmaceuticals,PremiumCraft,215.66,4.1,0,3,248.0,19.0,0,5,False,True,2,2025-07-23,CN,JP,907,70,69,0.0,,False,False,False,False
pid_03754,seller_3996,Fashion,MediPharm,135.94,2.8,3520,2,560.0,8.0,1,742,True,True,2,2024-07-19,IN,CA,3480,126,268,1.0,,False,False,False,False
pid_00315,seller_6729,Cosmetics,MotorMax,188.8,4.0,1368,1,419.0,21.0,0,2753,True,False,1,2024-11-22,CA,DE,1367,194,48,1.0,14.0,True,False,True,True
pid_04478,seller_6301,Cosmetics,EliteDesign,63.01,3.0,0,1,111.0,16.0,2,5,True,False,2,2024-12-18,DE,CA,1352,153,102,4.0,21.0,False,False,False,True
pid_02151,seller_4744,Electronics,LuxuryBrand,200.79,3.7,2823,4,381.0,7.0,1,1842,True,True,1,2025-12-08,CA,US,2478,208,29,0.0,20.0,True,False,False,False
pid_03662,seller_2332,Electronics,NaturalGlow,258.57,4.3,0,1,185.0,1.0,2,140,True,True,1,2024-04-19,JP,JP,4294,264,25,0.0,17.0,False,False,False,False
pid_03288,seller_9671,Automotive,GlamourCo,106.39,3.9,3488,2,400.0,25.0,0,443,False,True,2,2025-02-13,US,JP,3586,282,41,0.0,5.0,True,True,True,True
pid_03117,seller_3950,Electronics,TechCorp,334.18,4.4,4225,9,432.0,1.0,0,1318,True,False,2,2024-10-21,US,CA,831,71,7,4.0,31.0,False,False,False,False
pid_00522,seller_3002,Automotive,PremiumCraft,195.89,5.0,3494,5,732.0,22.0,0,1745,True,True,5,2024-07-15,KR,FR,3780,531,240,3.0,13.0,False,False,False,False
pid_02020,seller_2809,Automotive,Clas5icWear,191.68,,1726,3,265.0,12.0,2,2088,True,True,2,2025-06-20,CA,GB,2660,183,153,0.0,6.0,True,False,False,True
pid_04347,seller_9305,Luxury Goods,DigitalPro,107.61,4.4,1295,4,620.0,4.0,1,2679,True,False,5,2025-05-15,FR,CN,1708,52,80,0.0,10.0,False,False,False,False
pid_02974,seller_5186,Fashion,Class1cWear,36.94,3.2,0,2,20.0,22.0,0,1144,True,True,1,2024-04-19,GB,CN,1019,69,8,2.0,1.0,True,False,False,True
pid_01275,seller_9201,Electronics,BioMed Solutions,135.21,4.5,2380,5,392.0,1.0,1,1285,False,True,3,2025-01-25,IN,CN,1500,73,35,0.0,16.0,False,False,False,True
pid_03181,seller_5074,Fashion,GlamourCo,111.64,3.9,2077,6,592.0,17.0,0,885,True,True,3,2024-05-19,DE,CN,249,19,7,2.0,23.0,False,False,False,False
pid_02413,seller_6299,Electronics,WellnessLab,126.34,3.6,4809,3,218.0,21.0,0,88,True,True,2,2024-05-08,AU,JP,1263,160,30,0.0,14.0,True,False,False,True
pid_02752,seller_9704,Fashion,StyleHouse,207.72,4.8,0,5,654.0,,0,3268,True,False,2,2025-08-15,IN,CA,276,33,21,1.0,19.0,False,False,False,True
pid_00528,seller_6617,Electronics,FashionF0rward,14.47,2.9,0,1,277.0,11.0,0,1518,True,True,1,2025-09-29,GB,DE,664,32,7,2.0,6.0,True,False,False,True
pid_04841,seller_7102,Automotive,NaturalGlow,214.17,4.0,4520,7,381.0,8.0,0,268,True,True,5,2025-09-28,FR,AU,3163,416,204,0.0,23.0,False,False,False,False
pid_00308,seller_4456,Pharmaceuticals,VehicleCare,73.18,2.8,0,4,472.0,14.0,0,1261,True,True,2,2024-07-01,US,JP,1398,112,68,2.0,6.0,False,False,False,True
pid_01505,seller_2937,Fashion,ElectroMax,76.86,3.7,1897,5,502.0,5.0,1,2632,False,True,2,2024-11-12,GB,CA,1769,225,75,3.0,12.0,False,False,False,False
pid_03598,seller_9369,Fashion,Exclu5iveItems,97.81,5.0,1424,4,664.0,5.0,0,3360,True,True,5,2024-12-08,CN,CN,3868,81,150,5.0,0.0,True,False,False,True
pid_02496,seller_1355,Cosmetics,FashionForward,145.66,3.9,3718,1,529.0,11.0,0,2791,True,True,2,2025-08-30,US,AU,2863,62,99,2.0,24.0,False,True,True,False
pid_01374,seller_1734,Fashion,MediPharm,91.86,4.5,0,2,96.0,23.0,1,431,False,True,2,2024-12-02,CA,AU,675,39,31,0.0,1.0,True,False,False,True
pid_02619,seller_1051,Fashion,PureSkin,200.93,4.4,1196,6,361.0,,1,1124,True,False,1,2024-04-26,AU,AU,2782,124,44,2.0,4.0,False,False,False,False
pid_01134,seller_5479,Cosmetics,FashionForward,252.1,4.4,4513,2,535.0,4.0,0,3378,True,False,3,2025-02-06,JP,KR,4523,375,222,4.0,30.0,False,False,False,True
pid_01203,seller_8341,Fashion,DigitalPr0,61.73,3.6,0,3,564.0,16.0,1,903,False,True,4,2025-12-05,DE,FR,121,11,2,3.0,10.0,False,False,False,True
pid_03681,seller_3881,Electronics,StyleHouse,158.02,4.1,2406,6,320.0,25.0,0,1118,True,True,2,2025-09-06,IN,GB,584,6,19,4.0,,False,False,True,False
pid_03220,seller_2536,Luxury Goods,M0torMax,84.7,3.0,0,1,63.0,27.0,3,1567,False,False,1,2024-05-18,KR,CA,1675,45,42,0.0,0.0,False,False,False,True
pid_01318,seller_4150,Electronics,EliteDesign,129.81,4.7,3439,4,414.0,2.0,0,3054,True,True,3,2025-11-30,DE,FR,4247,363,104,2.0,14.0,False,False,False,False
pid_02647,seller_2983,Luxury Goods,TechCorp,72.37,4.1,788,1,636.0,3.0,1,608,True,True,3,2025-02-14,CN,CA,2603,148,75,0.0,29.0,False,False,False,False
pid_02332,seller_3424,Cosmetics,BeautyLux,132.49,4.1,4234,4,539.0,24.0,0,2617,False,False,4,2024-08-20,GB,IN,4178,528,313,,22.0,False,False,False,False
pid_04017,seller_2710,Automotive,ClassicWear,287.31,4.5,3991,7,731.0,1.0,1,3071,False,True,3,2024-01-19,CA,US,614,38,29,3.0,10.0,False,False,False,False
pid_00833,seller_4930,Electronics,NaturalGlow,164.11,4.1,1052,4,284.0,25.0,0,1579,False,True,1,2025-02-26,IN,KR,3326,194,239,3.0,0.0,False,False,False,False
pid_02989,seller_8983,Automotive,HealthCare Plus,5.0,,3336,7,556.0,16.0,0,675,True,False,1,2024-06-05,DE,CN,2849,122,101,2.0,8.0,True,False,False,False
pid_02110,seller_2581,Electronics,MotorMax,99.04,3.6,0,2,720.0,21.0,0,2220,True,True,3,2024-05-27,GB,KR,4214,117,196,4.0,9.0,True,False,False,True
pid_01682,seller_3314,Cosmetics,DigitalPro,200.94,4.1,0,5,537.0,5.0,0,43,True,True,2,2025-09-03,CA,CA,4995,201,193,1.0,9.0,True,False,False,True
pid_03034,seller_8736,Fashion,TrendSetter,186.83,4.6,3661,3,282.0,12.0,0,2175,True,True,1,2024-11-30,GB,US,4538,122,132,3.0,14.0,False,False,False,False
pid_02287,seller_5005,Fashion,M0torMax,149.8,4.3,1039,1,273.0,1.0,0,300,True,True,1,2024-07-13,CN,KR,4852,355,279,3.0,13.0,False,False,False,True
pid_02380,seller_7025,Pharmaceuticals,Natur@lGlow,178.86,4.7,0,4,916.0,15.0,1,1006,False,True,4,2024-11-13,US,IN,4221,156,309,1.0,0.0,False,False,False,False
pid_04710,seller_1720,Fashion,PureSkin,254.15,4.3,0,6,549.0,11.0,2,1923,False,True,3,2024-08-19,IN,FR,4531,558,117,4.0,10.0,False,False,False,False
pid_02004,seller_5759,Fashion,M0torMax,187.68,4.8,1512,5,221.0,19.0,1,2541,False,True,4,2024-03-26,JP,AU,2924,309,203,1.0,14.0,False,False,False,True
pid_04374,seller_2896,Luxury Goods,PremiumCraft,73.22,4.5,1561,3,493.0,4.0,0,1211,True,True,5,2025-12-04,US,CA,2900,35,44,2.0,8.0,False,False,True,False
pid_04026,seller_4500,Fashion,AutoParts Pro,66.1,4.0,864,3,195.0,31.0,1,5,True,True,1,2024-10-03,DE,JP,199,7,12,1.0,5.0,False,False,True,True
pid_02616,seller_7294,Fashion,CarTech,5.0,3.2,0,6,190.0,16.0,1,5,False,True,5,2025-06-27,US,GB,2957,63,25,0.0,5.0,False,False,True,False
pid_01166,seller_1548,Pharmaceuticals,ElectroMax,165.36,3.3,0,5,867.0,1.0,0,1757,True,True,1,2025-07-18,AU,IN,391,35,15,3.0,28.0,False,False,False,False
pid_00629,seller_8111,Fashion,ClassicWear,17.87,3.2,0,1,98.0,27.0,4,323,False,True,3,2024-04-01,IN,JP,838,97,5,0.0,0.0,False,False,False,True
pid_04015,seller_3806,Fashion,BeautyLux,66.29,4.2,3445,3,108.0,40.0,0,2671,True,False,2,2025-10-28,JP,US,4776,380,217,0.0,20.0,False,False,False,True
pid_04227,seller_2031,Cosmetics,FashionForward,262.92,3.2,0,5,472.0,,0,1228,True,False,5,2024-12-12,US,CN,252,20,16,1.0,0.0,False,False,False,False
pid_04486,seller_4487,Electronics,Wellne5sLab,5.0,2.1,0,2,104.0,35.0,0,512,True,False,1,2024-11-13,DE,AU,1923,197,94,1.0,,True,False,False,True
pid_00727,seller_5180,Pharmaceuticals,BioMed Solutions,187.46,3.9,1923,6,519.0,7.0,0,3215,True,False,5,2025-04-29,AU,CA,299,39,10,1.0,21.0,False,False,False,False
pid_00354,seller_3754,Electronics,EliteDesign,117.75,4.0,705,3,20.0,16.0,1,251,True,False,2,2025-07-31,GB,JP,2389,93,65,0.0,6.0,False,False,False,False
pid_02140,seller_1668,Pharmaceuticals,StyleHouse,314.37,4.1,202,5,468.0,1.0,0,1593,True,True,5,2024-06-23,DE,FR,1193,17,64,2.0,12.0,True,False,False,True
pid_02871,seller_3209,Automotive,PureSkin,5.0,4.6,1578,2,436.0,10.0,2,235,False,True,5,2025-12-03,JP,JP,4729,300,117,4.0,,False,False,False,False
pid_01861,seller_8971,Cosmetics,DigitalPro,141.05,4.4,5115,5,811.0,23.0,0,3003,True,True,4,2024-01-14,JP,CN,1552,132,10,3.0,33.0,False,False,False,False
pid_01222,seller_5200,Luxury Goods,AutoParts Pr0,88.11,3.7,1419,1,535.0,1.0,2,5,True,True,2,2024-02-02,KR,CN,2569,236,118,0.0,2.0,True,False,True,True
pid_04866,seller_5938,Fashion,MediPharm,107.95,3.9,1620,3,505.0,23.0,1,1590,True,True,2,2025-11-19,US,FR,3437,269,165,2.0,3.0,False,False,False,False
pid_04278,seller_5378,Electronics,StyleHouse,195.66,3.6,2890,6,174.0,23.0,0,1459,False,False,2,2024-07-25,IN,JP,1433,76,72,1.0,12.0,False,False,False,False
pid_02508,seller_7155,Pharmaceuticals,HealthCare Plus,266.31,2.9,0,9,880.0,6.0,0,2108,True,True,1,2025-08-20,CA,AU,4989,713,120,2.0,12.0,False,True,True,False
pid_03988,seller_8305,Fashion,TrendSetter,164.11,4.8,5322,4,537.0,16.0,0,2788,True,True,1,2024-08-04,GB,GB,2953,155,158,2.0,10.0,True,False,False,False
pid_00159,seller_4428,Pharmaceuticals,Fashi0nForward,45.29,3.1,0,3,97.0,13.0,1,516,True,True,4,2025-01-23,US,FR,2212,237,141,1.0,3.0,True,False,False,True
pid_02787,seller_2408,Electronics,BeautyLux,199.07,4.1,702,1,503.0,27.0,1,1269,True,True,1,2024-04-18,IN,FR,1715,198,16,1.0,7.0,False,False,True,False
pid_01982,seller_9754,Luxury Goods,AutoParts Pro,71.32,3.8,0,2,281.0,42.0,1,1636,False,True,1,2024-06-21,CN,GB,1254,181,84,0.0,5.0,True,False,False,True
pid_04282,seller_9799,Electronics,C@rTech,70.54,3.6,0,3,432.0,17.0,0,3607,False,False,2,2025-07-17,IN,US,1084,63,13,2.0,0.0,True,True,False,True
pid_02103,seller_3524,Cosmetics,ExclusiveItems,126.57,,1355,3,78.0,26.0,3,5,True,True,2,2025-09-11,AU,AU,2516,71,185,1.0,11.0,False,False,False,True
pid_00371,seller_1019,Electronics,GlamourCo,72.93,4.3,4015,4,203.0,13.0,0,1631,False,True,5,2024-01-23,DE,KR,174,13,4,1.0,,True,False,False,False
pid_03482,seller_2418,Fashion,ElectroMax,147.31,4.9,5183,4,599.0,1.0,0,2604,True,True,3,2025-06-25,CN,US,1945,71,90,3.0,14.0,False,False,False,False
pid_02970,seller_9392,Fashion,FashionForward,120.59,4.1,563,5,475.0,1.0,3,2599,False,False,2,2025-12-07,IN,DE,677,12,42,1.0,0.0,False,True,False,False
pid_02131,seller_5889,Electronics,FashionForward,274.68,5.0,3492,7,798.0,5.0,0,2402,True,True,5,2024-10-20,US,CN,3011,386,34,4.0,13.0,False,False,False,False
pid_03418,seller_7314,Fashion,GlamourCo,188.35,3.2,1900,5,494.0,19.0,0,2727,True,True,3,2025-02-27,IN,GB,3523,448,164,3.0,17.0,True,False,False,False
pid_03424,seller_6626,Pharmaceuticals,NaturalGlow,170.7,4.3,3032,3,435.0,1.0,1,1983,False,False,3,2025-10-03,DE,GB,4320,465,311,,7.0,False,False,False,False
pid_01538,seller_5333,Electronics,CarTech,261.7,3.9,1695,6,252.0,1.0,0,2397,True,True,2,2024-09-11,CA,DE,3104,109,94,0.0,17.0,False,False,False,False
pid_03554,seller_9571,Electronics,HealthCare Plus,157.24,4.2,3300,2,592.0,9.0,3,2440,True,True,3,2024-06-05,DE,FR,1957,204,120,0.0,5.0,True,False,False,True
pid_04857,seller_4378,Automotive,ExclusiveItems,143.68,4.3,0,5,438.0,22.0,1,1196,True,True,2,2025-10-05,IN,US,3773,101,214,1.0,9.0,False,False,True,True
pid_02475,seller_6974,Automotive,GlamourCo,244.05,3.6,569,1,402.0,43.0,2,1403,True,True,2,2024-11-21,IN,CN,2347,29,103,2.0,3.0,False,False,False,False
pid_02337,seller_2593,Fashion,MotorMax,54.81,4.7,3361,5,500.0,13.0,0,1864,True,True,3,2024-07-12,IN,FR,3812,291,33,0.0,12.0,False,False,False,False
pid_02744,seller_6289,Cosmetics,BeautyLux,181.14,3.4,3237,6,638.0,3.0,0,2629,False,False,2,2025-05-31,FR,KR,1293,21,52,3.0,22.0,False,False,False,False
pid_01553,seller_2764,Automotive,FashionForward,223.22,4.1,3610,3,541.0,7.0,1,591,True,True,2,2025-02-15,CN,CN,1964,237,24,1.0,11.0,False,False,False,False
pid_00239,seller_7383,Electronics,LuxuryBrand,126.43,4.4,3729,4,451.0,9.0,0,1393,False,False,2,2025-04-13,CA,KR,3678,254,236,0.0,21.0,True,False,False,False
pid_01429,seller_5414,Automotive,AutoParts Pro,81.7,4.2,0,3,614.0,12.0,4,2341,True,False,3,2024-12-16,AU,GB,4882,719,85,0.0,20.0,False,True,False,False
pid_01978,seller_2227,Automotive,CircuitMaster,94.46,,664,1,20.0,28.0,2,1485,False,True,4,2024-04-10,US,JP,3597,190,163,3.0,18.0,False,False,True,False
pid_03245,seller_3028,Electronics,GlamourCo,230.24,4.3,2289,6,495.0,8.0,0,2694,False,False,3,2024-07-12,KR,GB,3538,131,133,4.0,18.0,True,False,False,True
pid_02817,seller_7565,Electronics,StyleH0use,152.09,3.9,0,9,237.0,35.0,2,5,True,True,1,2024-03-03,KR,JP,2345,82,49,0.0,7.0,False,True,False,True
pid_03671,seller_2354,Electronics,MotorMax,122.07,4.0,829,3,20.0,15.0,1,1426,True,True,2,2025-03-30,FR,FR,2395,63,61,0.0,22.0,False,False,True,False
pid_02449,seller_9363,Fashion,CarT3ch,17.29,3.6,0,5,122.0,14.0,1,1687,True,False,3,2024-08-11,IN,CN,78,3,2,,12.0,True,False,True,False
pid_04234,seller_5670,Electronics,WellnessL@b,221.73,4.6,5151,5,512.0,22.0,1,2887,True,False,2,2024-09-03,KR,FR,1689,85,81,0.0,15.0,False,False,False,True
pid_03961,seller_6248,Fashion,PremiumCraft,114.39,3.6,2237,2,237.0,28.0,0,1598,True,False,1,2024-08-06,JP,CA,1940,162,104,0.0,22.0,True,False,False,False
pid_02202,seller_4277,Luxury Goods,ClassicWear,120.51,4.2,1012,3,20.0,19.0,1,1434,True,True,1,2025-02-03,CN,AU,1911,78,37,0.0,8.0,False,False,False,False
pid_00618,seller_9653,Pharmaceuticals,NaturalGlow,208.27,4.5,1881,4,744.0,7.0,3,1643,True,True,2,2025-11-28,IN,DE,4143,284,201,0.0,17.0,False,False,False,True
pid_02381,seller_6299,Automotive,BioMed Solutions,188.95,4.7,4049,5,740.0,20.0,0,2138,True,True,4,2024-02-28,IN,GB,659,53,23,3.0,20.0,True,True,False,False
pid_01090,seller_2716,Automotive,PureSkin,107.7,3.2,0,3,100.0,1.0,0,2530,True,False,1,2024-09-17,CN,US,3618,442,92,1.0,0.0,False,False,False,False
pid_00295,seller_7891,Luxury Goods,PremiumCraft,103.06,4.2,0,3,627.0,19.0,1,2994,True,False,3,2024-05-18,AU,IN,4953,113,280,0.0,7.0,True,True,False,True
pid_00430,seller_5711,Electronics,HealthCare Plus,169.45,3.9,0,1,240.0,25.0,1,1430,True,False,5,2025-01-11,CA,AU,1941,46,73,0.0,18.0,True,False,False,False
pid_00279,seller_9111,Pharmaceuticals,ElectroMax,143.51,,1736,3,434.0,20.0,1,2142,False,True,3,2024-07-22,CN,IN,2892,261,89,1.0,7.0,True,False,False,False
pid_03524,seller_9977,Electronics,LuxuryBrand,37.02,4.4,0,2,465.0,2.0,2,1306,True,False,2,2025-08-06,JP,IN,1135,59,61,1.0,22.0,True,False,False,False
pid_02629,seller_6419,Fashion,StyleHouse,246.2,4.8,190,3,349.0,25.0,0,1232,True,False,3,2024-07-26,AU,KR,4742,62,282,3.0,6.0,False,False,False,False
pid_00949,seller_9170,Cosmetics,DigitalPro,122.6,4.3,0,4,282.0,22.0,1,1752,True,True,5,2024-10-29,DE,IN,2676,254,161,4.0,9.0,False,False,False,False
pid_03351,seller_1435,Luxury Goods,ExclusiveItems,215.95,4.8,3429,4,552.0,6.0,1,2862,True,True,2,2024-09-02,CN,IN,1075,32,54,1.0,2.0,False,False,False,False
pid_00027,seller_1435,Luxury Goods,B3autyLux,203.43,4.8,3450,3,68.0,24.0,0,1608,True,True,3,2024-11-10,AU,JP,4295,207,92,2.0,26.0,False,False,False,False
pid_00116,seller_9013,Pharmaceuticals,TrendSetter,306.21,4.9,3182,8,855.0,1.0,0,3236,True,True,6,2024-10-22,CA,DE,3121,302,236,4.0,11.0,False,False,False,False
pid_03014,seller_8796,Cosmetics,Gl@mourCo,110.33,3.7,3863,2,262.0,4.0,0,1999,True,True,3,2024-07-13,FR,CA,1904,111,134,5.0,6.0,False,False,False,True
pid_02766,seller_8873,Luxury Goods,BeautyLux,95.71,4.5,3484,1,309.0,16.0,0,2349,True,True,2,2025-09-30,AU,DE,3485,36,168,0.0,19.0,True,True,False,False
pid_04035,seller_2149,Automotive,ExclusiveItems,184.94,3.6,4196,4,653.0,21.0,0,2698,True,True,3,2024-01-18,JP,CA,3465,323,147,3.0,17.0,True,False,False,False
pid_03895,seller_1008,Pharmaceuticals,CircuitMaster,223.85,5.0,648,5,793.0,30.0,0,2911,True,True,1,2024-11-20,US,US,2561,315,183,1.0,6.0,False,False,False,True
pid_01656,seller_4237,Luxury Goods,LuxuryBrand,158.31,3.6,1582,5,270.0,16.0,1,2704,True,False,3,2024-08-11,US,DE,3819,102,177,3.0,10.0,False,False,False,False
pid_00722,seller_7716,Electronics,BeautyLux,168.24,3.6,2014,3,267.0,30.0,0,2600,False,False,2,2024-12-16,DE,KR,2386,180,107,2.0,0.0,False,False,False,True
pid_04814,seller_1156,Pharmaceuticals,E1ectroMax,222.97,4.2,2526,5,20.0,26.0,0,5,False,False,5,2025-07-09,CA,CA,3046,326,184,3.0,10.0,False,True,False,True
pid_04949,seller_1654,Pharmaceuticals,M3diPharm,54.41,4.2,755,1,20.0,27.0,2,1485,False,False,1,2025-07-14,FR,KR,4754,690,311,0.0,21.0,False,False,False,True
pid_00969,seller_6204,Luxury Goods,EliteDesign,200.23,4.9,2224,5,220.0,18.0,1,3333,True,False,1,2024-03-18,GB,CA,3928,366,76,1.0,21.0,False,False,True,False
pid_03647,seller_3678,Luxury Goods,ElectroMax,213.94,4.1,4128,4,773.0,16.0,0,3558,True,False,3,2025-05-10,US,FR,4607,314,253,3.0,13.0,False,True,False,False
pid_01843,seller_4133,Cosmetics,PureSkin,276.03,4.5,2450,2,203.0,,0,1106,True,True,2,2024-08-17,JP,JP,51,6,1,2.0,9.0,False,True,False,False
pid_02746,seller_9199,Cosmetics,ClassicWear,188.88,4.6,3186,2,334.0,14.0,0,1497,True,True,2,2024-09-21,KR,DE,1100,122,55,2.0,0.0,False,True,True,True
pid_03024,seller_8730,Electronics,TechCorp,196.77,4.3,5758,6,458.0,1.0,1,3064,True,True,2,2024-05-13,AU,KR,3491,76,40,,7.0,False,False,False,False
pid_03151,seller_5613,Fashion,MediPharm,71.34,3.7,3883,6,539.0,1.0,1,3302,True,True,3,2024-01-24,JP,CN,4957,706,268,3.0,30.0,False,False,False,False
pid_01774,seller_2375,Pharmaceuticals,Digit@lPro,107.73,3.8,0,3,597.0,23.0,0,2490,True,True,3,2025-08-15,KR,CA,4671,508,361,0.0,12.0,True,False,False,True
pid_03386,seller_7032,Fashion,C1rcuitMaster,120.59,4.0,0,1,20.0,10.0,0,1203,True,True,3,2024-08-14,DE,FR,1797,245,107,0.0,7.0,True,False,False,True
pid_04470,seller_8971,Automotive,ElectroMax,213.18,4.7,6561,3,745.0,4.0,0,3323,True,True,4,2024-05-18,AU,DE,3821,140,241,5.0,9.0,True,False,False,False
pid_04679,seller_9004,Cosmetics,MediPharm,98.31,4.5,1778,4,633.0,1.0,0,720,True,True,5,2024-06-11,GB,IN,2579,229,54,4.0,12.0,False,False,False,False
pid_00950,seller_5262,Cosmetics,StyleHouse,251.53,3.9,3129,4,415.0,19.0,0,636,True,True,2,2024-07-17,CN,AU,2576,97,83,2.0,17.0,False,False,False,False
pid_01211,seller_9792,Luxury Goods,Fash1onForward,289.67,3.5,74,5,437.0,34.0,3,461,True,True,1,2024-05-25,CN,AU,4327,207,308,2.0,0.0,True,False,False,True
pid_01428,seller_2674,Cosmetics,Cla5sicWear,250.2,3.5,4452,5,368.0,1.0,2,3315,True,True,3,2025-06-17,CN,CA,162,15,7,3.0,13.0,False,False,False,True
pid_04639,seller_6884,Pharmaceuticals,PureSkin,254.32,4.9,7196,2,484.0,3.0,1,1603,True,True,2,2025-10-18,FR,CN,447,23,13,4.0,15.0,False,True,False,False
pid_00426,seller_8219,Luxury Goods,PureSkin,273.72,,2824,3,222.0,17.0,0,3447,True,True,4,2025-07-18,AU,KR,4213,618,136,3.0,14.0,False,False,False,False
pid_04929,seller_2551,Automotive,CircuitMaster,74.24,4.2,2934,4,168.0,6.0,1,2325,True,True,3,2024-11-28,GB,DE,227,33,2,1.0,17.0,False,False,True,False
pid_00175,seller_4805,Electronics,ExclusiveItems,227.17,4.7,4032,4,461.0,14.0,0,2892,True,True,3,2024-12-24,KR,GB,3447,191,168,1.0,5.0,True,True,False,False
pid_01923,seller_3006,Fashion,CarTech,216.63,3.9,3290,3,82.0,2.0,1,1232,True,True,1,2025-06-30,FR,KR,4123,63,133,3.0,15.0,False,True,False,False
pid_04820,seller_3951,Fashion,Pur3Skin,89.76,3.2,0,1,339.0,14.0,2,1233,True,True,2,2025-10-06,CA,JP,1429,129,98,1.0,7.0,False,True,False,True
pid_00593,seller_5789,Fashion,B3autyLux,202.36,,1964,5,668.0,,2,4000,True,True,2,2025-02-20,AU,JP,3142,106,183,0.0,12.0,False,False,False,False
pid_03395,seller_1968,Automotive,MediPh@rm,330.48,4.2,2980,4,201.0,4.0,0,723,True,True,4,2024-01-13,US,JP,1868,48,40,3.0,21.0,False,False,False,False
pid_04738,seller_7424,Fashion,StyleHouse,58.68,3.7,0,6,384.0,31.0,2,877,True,False,1,2025-07-09,US,IN,2306,286,151,1.0,17.0,False,False,False,False
pid_03593,seller_3040,Cosmetics,Mot0rMax,19.06,3.8,0,2,113.0,38.0,2,354,True,True,1,2024-04-17,US,CA,408,38,12,0.0,0.0,True,False,False,True
pid_04837,seller_5384,Fashion,MotorMax,116.86,2.8,0,1,20.0,23.0,3,283,True,True,1,2024-07-22,AU,FR,3987,199,140,0.0,10.0,False,False,True,True
pid_00404,seller_4930,Fashion,GlamourCo,113.25,4.0,1155,2,274.0,16.0,0,2523,True,True,2,2025-12-13,KR,CN,3025,246,62,0.0,6.0,True,False,False,False
pid_00491,seller_8557,Cosmetics,MotorMax,123.56,2.9,278,1,,48.0,3,196,True,True,2,2025-06-18,CA,KR,803,27,34,0.0,6.0,False,False,False,True
pid_04595,seller_9689,Cosmetics,NaturalGlow,148.75,3.5,1016,6,539.0,25.0,2,1533,True,True,1,2025-01-23,GB,AU,2610,292,126,0.0,5.0,False,False,False,False
pid_03494,seller_5111,Cosmetics,PureSkin,219.01,4.8,4708,4,711.0,1.0,0,4000,False,True,3,2024-04-05,KR,AU,3582,162,208,3.0,22.0,False,False,False,False
pid_02081,seller_6192,Electronics,AutoParts Pro,220.35,4.6,2145,4,418.0,1.0,0,2364,False,False,3,2025-11-14,JP,CN,1634,76,58,0.0,5.0,True,False,False,False
pid_04262,seller_6238,Fashion,ElectroMax,250.12,3.9,2093,3,536.0,11.0,2,2697,True,True,2,2025-02-21,IN,DE,1091,100,78,1.0,17.0,False,False,False,False
pid_00824,seller_9569,Luxury Goods,ClassicWear,153.2,3.1,5342,4,557.0,1.0,0,942,False,True,5,2024-07-19,JP,AU,3234,174,184,3.0,13.0,False,False,False,False
pid_02542,seller_1146,Pharmaceuticals,VehicleCare,240.65,4.0,4639,5,417.0,6.0,1,1840,True,False,2,2025-03-25,IN,KR,3362,303,70,0.0,24.0,True,False,False,False
pid_02847,seller_2555,Fashion,BeautyLux,18.45,3.5,2736,4,627.0,7.0,1,1889,True,True,5,2025-09-02,DE,DE,1531,62,30,3.0,5.0,False,False,False,False
pid_04996,seller_4351,Electronics,BeautyLux,5.0,3.1,459,1,233.0,19.0,2,1729,True,False,1,2025-08-09,US,FR,1166,91,19,0.0,12.0,False,True,True,True
pid_03673,seller_6294,Electronics,C1rcuitMaster,148.59,3.9,3791,3,180.0,27.0,1,5,False,False,4,2024-09-25,US,CN,1551,126,103,1.0,,False,True,True,True
pid_00847,seller_2832,Automotive,EliteDesign,192.53,4.9,5264,8,353.0,17.0,0,3692,True,True,4,2025-07-15,DE,IN,1616,188,62,4.0,28.0,True,True,False,False
pid_02790,seller_9392,Cosmetics,GlamourCo,307.64,3.7,1862,6,,3.0,1,80,False,True,1,2024-02-08,CN,DE,2622,372,182,3.0,17.0,True,True,False,False
pid_04155,seller_4306,Electronics,PureSkin,73.28,3.6,1900,4,745.0,1.0,0,1679,True,True,5,2024-10-18,AU,IN,1471,119,114,3.0,23.0,True,False,False,False
pid_03515,seller_6756,Automotive,NaturalGlow,167.99,4.4,1290,7,578.0,15.0,0,1035,True,True,5,2025-11-17,IN,AU,1226,15,21,1.0,14.0,False,False,False,False
pid_04387,seller_6267,Electronics,PremiumCraft,186.49,4.6,4807,7,724.0,1.0,0,2080,True,True,6,2024-08-11,AU,FR,4156,224,205,0.0,14.0,False,False,False,False
pid_02935,seller_1723,Electronics,FashionForward,106.83,3.6,2277,4,529.0,27.0,2,1300,True,True,4,2024-07-08,CA,CA,4013,418,115,3.0,,False,True,False,False
pid_04867,seller_1623,Electronics,WellnessLab,245.89,,0,7,203.0,7.0,0,1260,True,True,2,2024-07-09,AU,DE,3079,89,172,2.0,18.0,False,False,False,False
pid_01711,seller_6678,Electronics,ExclusiveItems,5.0,4.2,2516,2,410.0,8.0,0,793,True,True,5,2024-05-13,IN,JP,937,28,64,3.0,11.0,False,False,False,True
pid_04612,seller_8391,Luxury Goods,HealthCare Plus,198.71,4.1,7675,4,311.0,13.0,0,879,False,True,4,2024-09-07,FR,CA,4997,454,290,1.0,11.0,True,False,False,False
pid_01788,seller_4339,Electronics,PureSkin,180.87,4.3,5606,7,774.0,11.0,0,2551,True,True,5,2025-01-03,GB,GB,565,40,38,2.0,10.0,False,False,False,False
pid_04532,seller_3870,Fashion,WellnessLab,190.09,5.0,0,10,300.0,1.0,0,2396,True,True,4,2024-06-03,FR,AU,3369,347,146,1.0,8.0,False,False,False,False
pid_03126,seller_6653,Cosmetics,PureSkin,111.12,3.9,0,3,471.0,1.0,1,2177,True,False,1,2025-09-26,DE,FR,770,77,24,0.0,21.0,False,False,False,False
pid_02291,seller_3617,Fashion,NaturalGlow,248.33,4.0,258,5,677.0,12.0,2,1367,True,False,2,2024-08-12,CN,DE,2668,30,56,0.0,7.0,False,False,True,True
pid_04016,seller_8646,Automotive,VehicleCare,108.18,4.1,3132,2,486.0,1.0,0,2735,True,True,3,2025-07-24,US,FR,3030,85,165,2.0,16.0,False,False,True,False
pid_01370,seller_4318,Automotive,Natura1Glow,129.21,4.1,1749,5,304.0,10.0,1,5,True,False,1,2025-01-30,GB,GB,3015,271,65,0.0,0.0,False,True,False,True
pid_02187,seller_2959,Pharmaceuticals,PremiumCraft,150.07,3.2,0,6,20.0,28.0,2,321,False,True,2,2024-03-18,KR,KR,3890,182,127,0.0,8.0,False,False,False,True
pid_03298,seller_4662,Fashion,GlamourCo,82.41,3.3,0,1,527.0,19.0,2,2401,False,True,3,2025-07-04,DE,CA,2246,135,99,1.0,4.0,True,True,False,True
pid_02145,seller_8749,Pharmaceuticals,TrendS3tter,76.65,4.4,236,4,480.0,15.0,2,1302,True,True,2,2025-02-25,CN,KR,1211,63,70,0.0,20.0,True,False,False,True
pid_03712,seller_3250,Cosmetics,PureSkin,221.02,4.2,396,2,20.0,18.0,0,2347,True,True,3,2025-03-11,FR,GB,4195,210,167,2.0,,False,True,False,False
pid_00409,seller_1401,Electronics,TrendSetter,232.78,5.0,5000,7,795.0,10.0,1,538,True,True,6,2025-11-29,CA,US,1423,168,108,4.0,18.0,True,False,False,False
pid_02060,seller_2678,Electronics,WellnessLab,266.43,3.8,5436,1,361.0,26.0,0,1899,True,True,4,2025-05-22,GB,DE,341,47,25,2.0,13.0,False,False,False,False
pid_04050,seller_4233,Automotive,PremiumCraft,34.62,3.2,505,6,344.0,1.0,3,741,True,True,1,2024-01-16,DE,AU,4990,667,321,0.0,13.0,False,False,True,True
pid_04576,seller_1543,Fashion,PureSk1n,127.64,3.7,2783,3,523.0,1.0,1,960,False,True,5,2024-12-09,CA,CA,2286,39,25,0.0,14.0,True,True,False,True
pid_02452,seller_7019,Luxury Goods,Prem1umCraft,244.77,4.8,3616,4,732.0,,0,2139,False,True,2,2025-03-06,DE,AU,3205,442,170,2.0,10.0,False,False,False,True
pid_03246,seller_8611,Luxury Goods,DigitalPro,225.2,4.0,1652,4,545.0,2.0,0,2821,True,False,3,2024-04-20,US,JP,3003,318,211,5.0,10.0,True,False,False,False
pid_03145,seller_9669,Fashion,VehicleCare,91.56,5.0,732,3,1084.0,1.0,2,1195,True,True,5,2024-03-23,CA,US,1511,148,94,2.0,26.0,False,False,False,False
pid_03267,seller_9809,Luxury Goods,CarTech,160.33,4.8,1071,7,350.0,8.0,0,1879,True,True,4,2024-06-06,AU,AU,4340,358,183,1.0,22.0,False,True,False,False
pid_03471,seller_5619,Pharmaceuticals,DigitalPro,78.0,3.4,1620,3,656.0,1.0,0,1672,True,False,3,2024-12-26,CA,JP,368,23,27,0.0,6.0,True,True,False,True
pid_04632,seller_6820,Pharmaceuticals,WellnessLab,159.91,2.8,2941,3,503.0,27.0,0,273,True,True,2,2025-05-18,CN,GB,4116,254,72,1.0,3.0,False,True,False,False
pid_03380,seller_9831,Fashion,Med1Pharm,140.21,3.3,876,3,253.0,15.0,1,3682,True,True,1,2025-04-14,JP,DE,3870,235,255,0.0,12.0,False,False,False,True
pid_01841,seller_1287,Luxury Goods,WellnessLab,130.39,4.8,93,7,785.0,38.0,0,1636,True,True,1,2024-10-25,KR,CN,320,12,2,4.0,26.0,False,False,False,False
pid_00951,seller_8475,Cosmetics,Cl@ssicWear,192.58,2.9,0,3,20.0,35.0,1,5,False,False,3,2024-07-29,CN,US,984,32,14,0.0,,False,False,False,True
pid_01304,seller_2817,Cosmetics,NaturalGlow,133.12,5.0,6880,7,785.0,1.0,0,1668,True,True,1,2025-06-28,IN,US,1067,20,59,2.0,32.0,True,False,False,False
pid_01209,seller_3806,Automotive,TrendSetter,91.89,4.7,3594,6,20.0,27.0,0,2291,True,True,2,2025-03-09,CN,US,758,109,36,1.0,0.0,False,False,False,False
pid_02391,seller_8626,Electronics,V3hicleCare,49.38,4.1,0,5,477.0,3.0,2,1405,True,False,1,2025-12-04,KR,CN,756,66,57,0.0,12.0,False,True,False,True
pid_00974,seller_2510,Electronics,AutoParts Pro,147.32,4.4,349,7,781.0,,0,1690,False,False,2,2024-10-21,AU,DE,1589,171,113,1.0,18.0,False,False,False,True
pid_00474,seller_9106,Luxury Goods,WellnessLab,5.0,3.8,1692,2,316.0,10.0,0,1565,False,False,2,2024-05-07,GB,FR,3812,104,186,0.0,3.0,False,False,True,True
pid_04981,seller_4590,Fashion,ClassicWear,111.37,3.3,2261,3,309.0,2.0,2,2143,True,True,1,2024-09-06,US,KR,2086,307,133,1.0,19.0,False,False,True,False
pid_00215,seller_9865,Fashion,GlamourCo,124.0,4.7,2278,6,573.0,14.0,0,1744,True,True,3,2024-11-16,JP,IN,2328,39,52,5.0,17.0,True,False,False,False
pid_00656,seller_7699,Fashion,CircuitMaster,168.77,4.9,3117,4,623.0,4.0,0,2927,True,False,3,2024-02-27,GB,KR,1485,58,104,2.0,,False,False,False,False
pid_00500,seller_2663,Cosmetics,NaturalGlow,144.88,3.9,6312,2,615.0,26.0,1,3342,False,True,4,2025-09-03,IN,FR,854,115,41,3.0,22.0,True,False,False,False
pid_03235,seller_2587,Fashion,BioMed S0lutions,168.8,4.2,1203,8,689.0,19.0,0,3639,True,True,3,2024-07-22,IN,FR,4906,703,41,4.0,29.0,False,False,False,False
pid_03560,seller_2621,Fashion,EliteDesign,5.0,3.8,1600,1,20.0,14.0,3,5,True,False,2,2024-06-20,US,FR,3532,440,182,0.0,0.0,False,False,False,True
pid_02519,seller_1010,Pharmaceuticals,StyleHouse,99.54,4.5,486,4,488.0,1.0,0,5,True,True,4,2025-12-25,GB,KR,2884,365,146,5.0,22.0,False,False,False,False
pid_01583,seller_5578,Luxury Goods,TechCorp,179.46,5.0,4850,7,312.0,22.0,0,2503,False,True,3,2024-07-01,DE,DE,1751,201,95,3.0,11.0,True,False,False,False
pid_02285,seller_5417,Fashion,EliteDesign,55.44,3.5,0,5,433.0,3.0,0,1837,True,False,3,2025-09-11,AU,DE,4548,241,330,0.0,16.0,False,False,False,False
pid_01634,seller_7711,Automotive,ClassicWear,60.37,4.5,0,6,304.0,19.0,1,1108,True,True,2,2024-05-02,JP,JP,4528,594,301,3.0,12.0,False,False,False,False
pid_02036,seller_2007,Electronics,TechCorp,200.85,4.2,2959,4,241.0,10.0,0,1581,False,True,2,2025-07-25,JP,DE,3384,457,165,0.0,8.0,False,False,True,False
pid_00538,seller_8871,Luxury Goods,AutoPart5 Pro,255.31,5.0,4063,6,630.0,4.0,0,2114,True,True,5,2024-10-01,GB,CN,117,3,1,2.0,9.0,False,False,False,False
pid_04411,seller_4705,Electronics,W3llnessLab,131.82,3.9,0,1,420.0,1.0,0,5,True,False,2,2025-07-13,DE,KR,2588,83,71,0.0,4.0,False,False,True,True
pid_01130,seller_4811,Pharmaceuticals,HealthCare Plus,227.93,3.5,198,3,600.0,13.0,0,4000,True,True,3,2025-05-29,DE,GB,4900,203,270,4.0,10.0,False,False,False,False
pid_03646,seller_2366,Luxury Goods,WellnessLab,189.26,4.5,1225,3,654.0,15.0,0,505,False,True,3,2024-09-05,AU,AU,4166,324,117,4.0,14.0,False,False,False,False
pid_03038,seller_2097,Electronics,BioMed Solutions,33.68,2.6,0,1,20.0,37.0,2,5,False,True,1,2025-05-01,CA,KR,3644,395,270,0.0,0.0,True,False,True,True
pid_03352,seller_3986,Automotive,PremiumCraft,320.04,4.4,1170,3,415.0,7.0,0,1742,False,False,2,2024-12-10,FR,US,2474,53,145,0.0,24.0,True,False,False,True
pid_02063,seller_8646,Luxury Goods,PureSkin,67.59,3.8,166,1,26.0,46.0,1,2004,False,False,1,2025-06-01,FR,GB,3299,95,255,0.0,12.0,False,True,False,False
pid_03056,seller_4531,Cosmetics,DigitalPro,67.78,4.4,0,3,48.0,27.0,3,887,True,True,1,2024-03-21,CA,KR,3245,407,41,0.0,18.0,False,False,False,True
pid_00964,seller_7185,Fashion,BeautyLux,163.27,3.3,811,1,429.0,8.0,0,5,False,False,4,2024-11-26,IN,JP,535,33,5,2.0,15.0,True,True,False,True
pid_02922,seller_7958,Pharmaceuticals,Med1Pharm,276.37,3.8,3994,2,540.0,19.0,3,2097,True,True,1,2025-04-24,CN,CN,460,47,28,4.0,5.0,True,True,False,True
pid_00496,seller_5188,Cosmetics,MediPharm,56.46,4.9,0,6,122.0,28.0,0,1630,True,False,3,2025-02-03,KR,JP,1234,141,78,,4.0,False,False,False,False
pid_00311,seller_1433,Electronics,ClassicWear,203.37,5.0,2674,2,1106.0,14.0,0,3174,True,True,1,2024-01-20,FR,CN,2926,394,196,3.0,28.0,True,False,False,True
pid_00131,seller_5239,Fashion,WellnessLab,150.23,4.1,255,2,20.0,3.0,2,1292,False,True,3,2024-07-09,CA,GB,3961,352,217,0.0,0.0,True,False,False,False
pid_00251,seller_5976,Fashion,EliteDesign,204.48,4.1,692,6,20.0,15.0,2,1229,True,True,2,2024-02-09,US,KR,1510,133,9,1.0,21.0,False,False,False,False
pid_02014,seller_5309,Luxury Goods,ExclusiveItems,80.17,4.2,2661,5,554.0,15.0,1,3042,False,True,4,2024-11-14,KR,IN,3964,576,238,0.0,18.0,False,True,True,False
pid_01314,seller_2356,Luxury Goods,BeautyLux,79.55,3.5,3084,2,359.0,1.0,2,2326,True,False,1,2025-09-21,FR,KR,3869,243,195,3.0,7.0,False,False,False,True
pid_03566,seller_8727,Cosmetics,StyleHouse,199.83,3.9,430,1,351.0,27.0,3,2272,True,True,2,2024-09-18,DE,CN,2749,346,35,0.0,6.0,False,False,True,True
pid_03095,seller_2078,Cosmetics,ClassicWear,81.99,3.4,1074,3,643.0,20.0,0,1688,True,True,2,2025-09-07,FR,KR,1587,77,119,2.0,13.0,True,False,False,False
pid_01341,seller_7508,Luxury Goods,T3chCorp,322.97,5.0,3632,7,432.0,7.0,0,3165,True,False,5,2025-09-05,GB,FR,232,6,11,2.0,29.0,False,False,True,False
pid_02184,seller_5030,Cosmetics,Vehic1eCare,98.18,3.8,853,3,20.0,29.0,1,424,False,False,1,2025-03-08,FR,US,2191,165,120,0.0,0.0,False,False,False,True
pid_04308,seller_4857,Pharmaceuticals,Be@utyLux,134.17,4.7,3713,8,630.0,25.0,0,1184,False,True,2,2024-10-14,IN,IN,2857,343,64,2.0,8.0,False,False,False,True
pid_00647,seller_8058,Cosmetics,AutoParts Pro,218.43,,956,3,744.0,1.0,0,1080,True,True,1,2025-08-17,IN,GB,969,94,14,0.0,26.0,True,False,False,False
pid_00594,seller_2471,Automotive,Pur3Skin,52.69,3.9,2533,3,20.0,38.0,0,2142,True,True,4,2024-03-13,KR,DE,3289,134,225,,11.0,False,False,False,False
pid_00908,seller_4864,Fashion,B1oMed Solutions,200.29,4.1,3507,5,585.0,25.0,0,4000,False,True,4,2024-08-04,CN,GB,2742,367,92,0.0,17.0,False,False,False,True
pid_04558,seller_7775,Automotive,StyleHouse,113.15,2.2,1082,4,456.0,21.0,1,1043,False,False,3,2025-10-08,CN,CA,4648,469,302,3.0,2.0,False,False,False,True
pid_02632,seller_4890,Electronics,StyleHouse,297.47,4.0,1640,5,261.0,8.0,0,3056,True,True,1,2024-02-07,US,GB,3572,498,121,0.0,16.0,False,False,False,False
pid_00810,seller_8580,Automotive,F@shionForward,58.57,3.1,0,1,361.0,19.0,3,1129,True,False,2,2024-10-06,KR,DE,4566,377,226,0.0,,False,False,False,True
pid_04417,seller_2605,Electronics,Circu1tMaster,203.53,3.1,0,3,20.0,29.0,2,5,True,False,2,2024-03-09,CN,CN,413,24,25,0.0,1.0,False,False,False,True
pid_00247,seller_9755,Automotive,AutoParts Pro,208.14,4.7,661,5,1142.0,1.0,0,4000,True,False,1,2025-04-18,AU,IN,3940,186,23,3.0,19.0,False,False,False,False
pid_04292,seller_8881,Luxury Goods,BeautyLux,170.29,,1791,5,260.0,3.0,1,5,False,False,2,2025-10-27,DE,KR,1926,136,72,0.0,2.0,False,True,False,False
pid_00278,seller_8555,Cosmetics,TechCorp,217.23,3.3,925,8,669.0,3.0,0,3061,True,False,3,2024-05-18,DE,US,1962,143,114,2.0,17.0,False,False,False,False
pid_02407,seller_8178,Electronics,VehicleCare,166.92,3.1,2637,5,495.0,26.0,4,1508,True,False,1,2025-08-27,CA,KR,3239,171,171,2.0,11.0,True,False,False,False
pid_00029,seller_9471,Electronics,TrendSetter,5.0,3.6,2142,4,406.0,19.0,1,1806,True,True,1,2025-07-07,IN,US,1954,41,151,1.0,10.0,False,True,False,False
pid_01119,seller_3605,Electronics,Be@utyLux,86.4,,566,4,247.0,15.0,0,2881,True,True,2,2025-05-30,IN,JP,4093,126,41,2.0,4.0,True,False,False,True
pid_03363,seller_3454,Fashion,EliteDesign,127.52,4.2,1968,1,327.0,1.0,1,3632,True,True,2,2024-08-04,CA,CN,2199,74,96,0.0,10.0,False,False,False,False
pid_03066,seller_6794,Electronics,GlamourCo,182.42,2.7,0,1,484.0,15.0,0,5,True,False,2,2024-10-11,IN,DE,1031,85,11,1.0,17.0,False,False,False,True
pid_01731,seller_9328,Cosmetics,CarTech,60.89,3.6,1599,2,166.0,19.0,1,2432,True,False,1,2025-08-09,GB,DE,122,12,4,3.0,12.0,False,False,False,False
pid_03474,seller_3572,Pharmaceuticals,VehicleCare,24.24,3.3,1011,1,310.0,27.0,2,2237,True,True,1,2025-08-20,AU,GB,3489,429,150,0.0,0.0,False,True,False,True
pid_03311,seller_6735,Cosmetics,B3autyLux,383.6,2.9,552,3,656.0,16.0,0,201,True,True,3,2025-08-19,FR,JP,4206,623,149,1.0,3.0,False,False,False,True
pid_02398,seller_5007,Cosmetics,Prem1umCraft,128.95,3.2,0,1,490.0,12.0,1,884,True,False,5,2024-06-11,KR,KR,2676,98,59,1.0,4.0,False,True,False,True
pid_03477,seller_9861,Luxury Goods,TechCorp,275.51,5.0,1638,3,381.0,13.0,0,3349,True,True,2,2025-05-12,CN,IN,1042,103,16,2.0,19.0,True,False,False,False
pid_04206,seller_5002,Cosmetics,Exclusiv3Items,48.97,3.2,0,1,434.0,29.0,0,628,False,False,1,2025-09-08,CA,FR,2485,45,80,3.0,7.0,False,False,False,True
pid_02286,seller_1056,Automotive,NaturalGlow,7.14,5.0,2066,3,506.0,2.0,0,434,True,True,3,2025-08-26,DE,AU,1003,102,63,3.0,18.0,False,False,False,False
pid_02792,seller_6775,Luxury Goods,PremiumCraft,167.84,3.9,0,2,510.0,22.0,0,2534,True,True,2,2025-07-14,CA,CA,3619,135,200,1.0,0.0,True,False,False,False
pid_03169,seller_1212,Fashion,BeautyLux,77.94,3.6,4302,1,312.0,18.0,0,3708,True,False,4,2025-07-13,CN,US,2446,221,39,2.0,15.0,False,True,True,False
pid_02075,seller_5491,Automotive,Mot0rMax,21.2,3.0,0,3,178.0,20.0,2,841,False,True,1,2024-05-01,AU,JP,1588,16,103,0.0,17.0,False,False,False,True
pid_01877,seller_2955,Luxury Goods,ElectroMax,342.54,3.8,2611,4,472.0,31.0,0,2965,True,True,2,2025-11-24,US,FR,880,26,44,2.0,13.0,True,False,False,False
pid_00147,seller_2418,Luxury Goods,CarTech,197.72,4.9,1980,7,644.0,7.0,0,2992,True,False,4,2024-08-10,CN,US,4870,630,49,0.0,20.0,False,False,False,False
pid_00659,seller_5267,Cosmetics,Mot0rMax,158.75,3.4,0,4,328.0,24.0,0,567,True,False,2,2024-06-12,CA,AU,1313,164,17,0.0,8.0,False,False,False,True
pid_04305,seller_9360,Electronics,PureSkin,146.1,4.6,2077,5,172.0,1.0,0,2582,True,True,3,2024-05-08,JP,CN,470,62,18,1.0,9.0,False,False,False,False
pid_01974,seller_1058,Fashion,HealthCare Plus,93.06,4.5,3411,5,643.0,18.0,0,2543,True,True,5,2025-11-12,DE,GB,2472,44,87,3.0,7.0,False,False,False,False
pid_04216,seller_5449,Electronics,Fashi0nForward,157.59,4.0,0,4,308.0,28.0,2,658,False,True,3,2024-11-12,GB,FR,3696,326,158,0.0,8.0,True,False,False,True
pid_00570,seller_2314,Luxury Goods,DigitalPro,178.58,3.9,1651,3,475.0,18.0,0,2258,True,False,4,2024-03-15,CN,US,1429,186,45,4.0,0.0,True,True,False,True
pid_00633,seller_5576,Luxury Goods,LuxuryBrand,127.42,4.6,3577,6,783.0,2.0,0,1417,True,False,5,2024-02-07,DE,FR,3925,487,282,0.0,27.0,False,False,False,True
pid_00046,seller_8442,Fashion,PureSkin,230.16,3.8,2320,6,587.0,15.0,0,2403,True,False,5,2024-05-03,AU,FR,3082,362,145,3.0,23.0,True,False,False,False
pid_04655,seller_3758,Electronics,TrendSetter,182.45,4.7,2549,4,572.0,12.0,0,2179,True,True,4,2025-06-10,US,US,3470,426,69,0.0,11.0,True,False,False,False
pid_04493,seller_5646,Pharmaceuticals,CircuitMaster,9.08,4.1,2330,3,486.0,14.0,1,253,True,True,3,2025-01-18,IN,JP,2017,216,41,2.0,18.0,False,False,True,True
pid_00649,seller_4885,Luxury Goods,B1oMed Solutions,104.15,3.7,0,5,55.0,26.0,0,2378,False,True,2,2024-03-11,DE,FR,168,11,7,1.0,22.0,True,True,False,True
pid_01886,seller_9863,Electronics,FashionForward,184.32,3.9,3663,5,674.0,9.0,0,3672,True,True,4,2025-10-25,DE,CN,3792,555,78,4.0,26.0,False,False,False,False
pid_04850,seller_3011,Automotive,GlamourCo,114.42,3.7,2611,7,836.0,5.0,0,1676,True,True,5,2024-11-15,FR,JP,1531,155,24,4.0,6.0,True,False,False,False
pid_00868,seller_9417,Automotive,PremiumCraft,5.0,3.8,1986,1,106.0,24.0,0,1011,False,False,1,2025-02-27,GB,AU,1809,145,102,0.0,0.0,False,True,False,True
pid_01320,seller_1102,Fashion,LuxuryBrand,5.0,3.0,1362,4,24.0,18.0,1,554,True,True,2,2025-03-25,DE,GB,2977,134,93,0.0,8.0,False,False,False,True
pid_04425,seller_5751,Fashion,PureSkin,286.99,4.8,2813,3,,18.0,0,2266,True,False,6,2024-04-13,CN,GB,535,31,25,5.0,14.0,True,True,False,False
pid_01543,seller_6478,Fashion,GlamourCo,90.52,3.4,878,8,302.0,24.0,1,5,True,False,3,2025-10-03,JP,AU,4555,484,332,0.0,17.0,True,True,False,False
pid_03559,seller_7243,Luxury Goods,ExclusiveItems,201.92,4.1,0,2,363.0,27.0,1,1051,True,True,2,2024-10-20,FR,AU,435,59,19,3.0,15.0,False,False,True,False
pid_02503,seller_7848,Automotive,Gl@mourCo,265.33,5.0,2248,3,673.0,11.0,0,1752,True,True,4,2025-07-21,US,DE,4174,311,269,2.0,19.0,False,False,False,False
pid_03567,seller_7955,Cosmetics,TechC0rp,137.23,3.7,0,3,82.0,24.0,0,5,True,False,3,2025-11-30,CN,KR,4774,213,127,0.0,7.0,False,False,True,True
pid_03058,seller_4125,Electronics,TechCorp,182.61,4.3,2995,3,581.0,8.0,1,1103,True,False,3,2025-08-01,GB,CN,1680,203,124,2.0,15.0,False,False,False,False
pid_00860,seller_8065,Pharmaceuticals,EliteDesign,81.36,3.3,0,1,156.0,30.0,2,5,True,False,2,2025-02-26,CN,KR,1514,35,97,0.0,5.0,True,False,True,False
pid_02138,seller_4144,Electronics,VehicleCare,73.97,4.2,797,4,441.0,3.0,0,1640,True,False,1,2024-06-23,GB,CN,3012,82,140,1.0,9.0,False,False,False,True
pid_01984,seller_3301,Electronics,DigitalPro,181.19,4.0,1252,4,319.0,1.0,2,1785,True,True,2,2025-11-25,US,JP,4740,167,369,4.0,8.0,True,False,False,False
pid_02310,seller_4718,Luxury Goods,Exclu5iveItems,26.08,3.7,0,1,179.0,25.0,1,1831,False,True,3,2024-05-17,DE,GB,2862,111,199,0.0,20.0,True,True,True,True
pid_02759,seller_7823,Electronics,HealthCar3 Plus,230.21,3.6,99,5,727.0,22.0,0,611,True,True,2,2024-03-09,CA,AU,3629,302,238,2.0,6.0,True,False,False,True
pid_02531,seller_2561,Pharmaceuticals,HealthCare Plus,5.0,3.6,517,3,133.0,18.0,2,1230,True,True,2,2024-03-21,JP,IN,1980,170,41,3.0,6.0,True,True,False,False
pid_00848,seller_9819,Luxury Goods,N@turalGlow,48.36,3.1,0,2,506.0,15.0,0,218,True,True,4,2025-05-08,US,AU,2466,297,174,2.0,3.0,True,False,False,True
pid_01243,seller_6916,Pharmaceuticals,AutoParts Pro,251.9,4.9,997,7,347.0,1.0,0,871,True,True,2,2025-11-07,KR,JP,1680,197,62,5.0,0.0,False,False,False,False
pid_03045,seller_6326,Cosmetics,PremiumCraft,146.03,3.5,0,4,217.0,22.0,0,5,True,False,2,2025-01-18,FR,US,2913,186,143,2.0,15.0,True,False,True,False
pid_01180,seller_9106,Automotive,ExclusiveItems,177.58,3.7,1339,5,20.0,37.0,2,1109,False,True,3,2025-04-07,FR,US,3568,70,45,2.0,0.0,False,False,False,True
pid_03460,seller_4475,Fashion,ExclusiveItems,23.45,3.6,3179,2,87.0,17.0,2,5,True,True,1,2024-01-02,GB,US,3034,411,210,0.0,0.0,False,False,False,True
pid_02371,seller_9782,Pharmaceuticals,HealthCare Plus,146.61,4.3,3032,4,393.0,4.0,0,2481,True,False,4,2025-08-09,KR,DE,4347,47,319,2.0,25.0,False,False,False,False
pid_00002,seller_9973,Pharmaceuticals,TrendSetter,182.35,4.8,5907,6,461.0,18.0,0,2194,False,True,3,2025-10-30,FR,US,758,64,23,2.0,16.0,False,False,False,False
pid_04884,seller_8385,Electronics,PremiumCraft,221.09,3.9,4137,5,603.0,6.0,1,1495,True,True,3,2024-09-16,KR,CA,4910,109,132,3.0,11.0,True,True,False,False
pid_01755,seller_1508,Pharmaceuticals,Natur@lGlow,246.23,3.8,4465,2,134.0,11.0,0,1308,False,True,5,2024-05-04,CA,KR,2629,73,118,0.0,8.0,False,False,False,False
pid_04011,seller_2318,Fashion,M0torMax,5.0,3.2,1553,3,522.0,10.0,0,5,False,False,3,2024-08-01,IN,DE,1457,149,38,0.0,4.0,False,False,False,True
pid_01048,seller_3188,Automotive,GlamourCo,231.46,4.8,0,1,20.0,9.0,1,1624,True,True,3,2025-05-26,IN,US,237,24,9,0.0,7.0,False,False,False,False
pid_01418,seller_3806,Luxury Goods,BioMed Solutions,43.28,5.0,3454,5,179.0,1.0,0,1371,True,True,2,2024-10-25,JP,FR,2262,225,117,3.0,,False,False,False,False
pid_04743,seller_7944,Automotive,VehicleCare,51.22,4.0,2826,5,486.0,8.0,1,313,True,True,1,2025-02-07,FR,US,2250,282,24,1.0,8.0,False,False,False,True
pid_00862,seller_8588,Luxury Goods,HealthCare Plus,202.85,3.5,3550,2,330.0,5.0,0,743,False,True,2,2024-08-09,AU,IN,1982,203,74,0.0,14.0,False,False,False,False
pid_03863,seller_5321,Fashion,NaturalGlow,274.64,5.0,2080,8,668.0,,0,1195,True,True,3,2024-02-19,KR,US,2091,75,58,3.0,17.0,False,False,False,False
pid_04379,seller_4864,Luxury Goods,MotorMax,5.0,3.4,0,1,181.0,4.0,3,1030,False,True,1,2024-12-30,KR,JP,1943,209,114,0.0,0.0,True,False,False,False
pid_02551,seller_7908,Electronics,VehicleCare,35.55,4.4,0,1,67.0,24.0,0,937,True,False,4,2024-02-06,IN,FR,3532,402,83,3.0,5.0,False,True,True,True
pid_04956,seller_7027,Fashion,BioMed S0lutions,47.32,3.7,0,1,227.0,29.0,2,1772,False,False,3,2024-10-19,CN,DE,3466,214,171,3.0,11.0,False,False,False,True
pid_02431,seller_1302,Pharmaceuticals,PureSkin,199.33,4.5,3052,3,728.0,17.0,0,691,True,True,2,2025-09-03,CN,CN,2642,229,188,1.0,24.0,False,False,False,True
pid_03797,seller_2692,Electronics,CircuitMaster,199.56,3.7,0,5,20.0,11.0,0,1554,True,True,2,2025-05-21,GB,US,4619,395,236,3.0,23.0,False,True,False,False
pid_00310,seller_3796,Luxury Goods,FashionForward,149.43,4.3,0,1,711.0,7.0,0,3197,False,False,2,2025-07-15,GB,DE,165,23,6,2.0,11.0,True,False,False,True
pid_01618,seller_4047,Luxury Goods,ExclusiveItems,128.68,3.3,0,2,159.0,14.0,0,914,False,False,2,2024-12-29,FR,AU,4641,132,43,2.0,6.0,False,False,False,False
pid_01092,seller_1051,Cosmetics,NaturalGlow,60.39,4.9,2911,3,43.0,1.0,0,2057,False,False,4,2024-10-03,GB,JP,2899,175,183,3.0,6.0,False,False,False,False
pid_01940,seller_6874,Electronics,PremiumCraft,93.04,3.3,0,1,540.0,21.0,3,5,False,False,1,2024-04-14,CN,CN,2457,309,124,2.0,11.0,True,True,False,True
pid_03825,seller_1482,Electronics,PremiumCraft,264.61,5.0,3736,8,530.0,6.0,2,2237,True,True,3,2025-07-01,GB,JP,277,20,3,3.0,23.0,True,False,False,False
pid_01229,seller_5111,Fashion,MotorMax,208.18,4.9,2705,7,632.0,5.0,0,2742,False,True,5,2024-03-18,CN,IN,636,78,35,5.0,20.0,False,False,False,False
pid_04741,seller_2433,Electronics,TechCorp,47.57,4.2,3022,2,500.0,26.0,0,57,False,False,2,2025-02-12,JP,DE,3093,269,191,1.0,18.0,False,False,True,True
pid_01733,seller_9721,Luxury Goods,StyleHouse,128.47,3.9,2094,4,205.0,7.0,0,2070,True,False,2,2025-08-21,FR,JP,4856,68,165,3.0,6.0,False,False,False,False
pid_04997,seller_8446,Fashion,ElectroMax,46.02,3.4,3924,5,255.0,38.0,1,1695,True,False,3,2025-03-29,IN,GB,4446,437,151,2.0,0.0,True,False,False,True
pid_03750,seller_7508,Automotive,DigitalPro,192.27,4.1,1784,6,550.0,19.0,1,2005,False,True,1,2024-12-15,AU,JP,1837,183,27,2.0,16.0,False,False,False,False
pid_03063,seller_7853,Cosmetics,EliteDe5ign,123.4,3.7,2234,2,661.0,9.0,0,998,True,True,1,2024-07-07,DE,CN,2288,190,159,2.0,0.0,True,True,True,True
pid_02622,seller_5774,Luxury Goods,BioMed Solutions,171.25,3.5,809,1,709.0,16.0,0,1645,True,True,2,2024-11-11,AU,CN,3843,148,78,0.0,6.0,True,False,False,True
pid_01393,seller_8836,Luxury Goods,TrendSetter,190.38,4.3,2738,2,701.0,4.0,0,1859,True,True,5,2024-05-23,GB,IN,3743,130,80,1.0,23.0,False,False,False,False
pid_02834,seller_9076,Fashion,WellnessLab,124.35,3.8,3249,4,450.0,26.0,1,1168,True,False,3,2025-10-08,KR,DE,1098,18,11,2.0,7.0,False,False,True,True
pid_02405,seller_3048,Cosmetics,AutoParts Pro,185.36,4.8,789,1,576.0,13.0,1,2590,False,False,5,2025-05-16,JP,IN,1105,126,86,0.0,20.0,False,False,False,False
pid_03009,seller_7165,Electronics,LuxuryBrand,246.16,4.3,1756,6,417.0,24.0,0,1633,True,True,3,2025-06-14,IN,FR,2157,275,20,2.0,10.0,True,False,False,True
pid_04122,seller_6678,Cosmetics,DigitalPro,106.53,2.7,1541,4,66.0,27.0,2,5,True,True,1,2025-12-14,DE,US,1415,120,95,1.0,0.0,False,False,False,True
pid_00762,seller_3451,Fashion,Electr0Max,246.58,3.8,515,2,107.0,22.0,2,1864,True,True,3,2025-10-16,AU,US,302,28,6,0.0,0.0,False,False,True,True
pid_03890,seller_5510,Pharmaceuticals,TechCorp,170.26,4.4,654,6,478.0,15.0,0,13,True,True,3,2025-12-04,CN,GB,4262,622,179,1.0,2.0,True,False,False,True
pid_04407,seller_1816,Electronics,TrendSetter,132.87,3.2,1472,1,20.0,18.0,2,165,True,False,1,2024-03-23,AU,FR,3818,307,268,1.0,0.0,False,True,False,True
pid_00966,seller_3490,Cosmetics,EliteDesign,245.29,5.0,4097,3,746.0,8.0,0,3366,True,True,5,2024-09-26,US,GB,3745,388,23,3.0,17.0,False,False,False,False
pid_03314,seller_4719,Electronics,StyleHou5e,192.02,3.8,1039,2,312.0,20.0,0,1818,False,True,3,2025-05-14,JP,JP,1581,200,90,3.0,16.0,False,False,False,True
pid_03441,seller_1093,Luxury Goods,HealthCare Plus,215.51,4.4,4463,4,519.0,4.0,0,2514,True,True,2,2024-02-02,FR,GB,3357,401,50,3.0,20.0,True,False,False,False
pid_00682,seller_6394,Electronics,TrendSetter,217.3,3.5,4226,5,391.0,14.0,0,1585,True,True,1,2024-12-18,DE,IN,1089,116,26,2.0,,False,False,False,True
pid_02546,seller_8327,Electronics,Be@utyLux,143.72,4.2,1034,5,471.0,8.0,0,1543,True,True,3,2024-10-27,US,FR,614,57,20,3.0,0.0,False,False,False,True
pid_00991,seller_6404,Cosmetics,NaturalGlow,140.94,3.5,0,1,336.0,22.0,1,265,False,True,2,2024-06-15,AU,KR,640,69,26,4.0,0.0,False,False,True,False
pid_00914,seller_4199,Luxury Goods,Styl3House,124.91,4.0,0,4,355.0,22.0,1,867,False,False,1,2025-08-22,US,DE,3205,387,225,2.0,10.0,True,False,False,True
pid_04164,seller_6460,Cosmetics,ExclusiveItems,225.3,3.7,2699,3,657.0,18.0,0,4000,True,True,3,2025-02-12,AU,AU,1073,49,32,5.0,3.0,False,False,False,False
pid_04200,seller_1631,Pharmaceuticals,NaturalGlow,167.78,5.0,1989,6,537.0,7.0,0,588,False,True,2,2024-10-13,CA,CA,1410,131,91,5.0,24.0,True,True,False,False
pid_00185,seller_5633,Cosmetics,PremiumCraft,163.79,4.9,1325,8,831.0,20.0,1,1641,True,True,3,2025-08-11,CA,AU,4644,239,38,4.0,9.0,False,False,True,False
pid_00922,seller_7977,Automotive,ClassicWear,101.23,4.2,0,2,342.0,26.0,0,4000,True,False,3,2024-07-20,GB,IN,3504,480,155,4.0,18.0,True,False,False,False
pid_04385,seller_3535,Luxury Goods,C1rcuitMaster,97.2,3.9,4964,3,310.0,15.0,2,485,True,False,2,2025-09-04,DE,GB,2242,316,16,0.0,11.0,False,True,True,True
pid_03556,seller_2305,Fashion,GlamourCo,72.05,3.2,680,2,20.0,17.0,3,1122,True,True,4,2024-06-23,IN,CN,4385,404,119,3.0,12.0,True,True,False,False
pid_01619,seller_8836,Pharmaceuticals,GlamourCo,183.35,3.5,2019,4,268.0,25.0,1,150,True,True,1,2024-09-24,CA,FR,4718,301,80,1.0,6.0,False,False,False,True
pid_01830,seller_5080,Automotive,EliteDesign,73.29,4.1,1925,1,286.0,11.0,0,1383,True,True,3,2025-01-24,AU,CA,2437,207,138,2.0,5.0,False,False,True,False
pid_02484,seller_1299,Luxury Goods,CircuitMaster,322.06,3.5,1975,5,600.0,1.0,0,1776,True,True,1,2025-07-13,US,FR,3413,208,164,2.0,19.0,False,False,False,False
pid_03148,seller_9174,Pharmaceuticals,W3llnessLab,143.55,4.2,3483,2,434.0,20.0,0,5,False,True,4,2024-06-17,IN,FR,632,77,44,3.0,12.0,False,False,False,False
pid_00740,seller_7649,Luxury Goods,Dig1talPro,102.47,4.8,2841,4,602.0,1.0,0,1596,False,True,3,2025-04-04,JP,FR,3355,455,228,0.0,2.0,True,True,True,False
pid_04421,seller_2099,Automotive,HealthCare Plus,153.92,3.4,2410,4,181.0,16.0,1,1703,True,False,1,2024-07-06,FR,FR,1730,139,94,1.0,10.0,True,False,False,False
pid_00971,seller_4675,Automotive,GlamourCo,145.75,2.5,2690,4,615.0,18.0,0,176,True,True,2,2025-02-19,IN,US,420,26,11,0.0,4.0,False,False,False,True
pid_02564,seller_1883,Fashion,AutoParts Pro,167.85,4.9,1757,8,700.0,4.0,0,1466,True,True,2,2025-04-05,AU,FR,4910,531,391,2.0,25.0,False,False,False,False
pid_03962,seller_8526,Electronics,CircuitMaster,42.26,4.2,2722,4,,7.0,0,1917,True,True,4,2024-09-23,DE,US,1569,74,75,,6.0,False,False,True,True
pid_01116,seller_5271,Electronics,PureSkin,178.35,4.2,239,5,492.0,1.0,0,1452,True,False,5,2024-07-21,FR,CA,954,142,5,3.0,27.0,True,False,False,False
pid_00156,seller_5640,Cosmetics,BioMed Soluti0ns,185.02,3.3,2428,4,475.0,8.0,0,267,True,False,4,2024-05-30,AU,CA,2477,312,126,2.0,11.0,False,False,False,True
pid_02467,seller_2854,Electronics,ExclusiveItems,29.82,3.1,0,1,20.0,21.0,3,5,False,True,1,2025-11-18,KR,KR,3311,230,92,0.0,1.0,True,False,True,False
pid_03860,seller_3088,Pharmaceuticals,TechCorp,5.0,3.9,1846,1,468.0,34.0,2,1111,True,True,2,2024-04-19,CA,AU,4912,85,317,0.0,15.0,False,True,False,False
pid_00831,seller_9177,Luxury Goods,TrendSetter,170.3,3.6,2204,3,308.0,8.0,1,5,True,True,1,2025-04-30,CA,JP,2181,258,112,1.0,13.0,False,False,False,False
pid_00835,seller_7317,Fashion,FashionForw@rd,69.64,2.9,0,4,20.0,25.0,2,5,True,False,1,2025-09-29,CA,GB,4060,203,292,2.0,1.0,False,False,False,True
pid_02825,seller_2503,Pharmaceuticals,StyleHous3,277.01,3.2,879,6,370.0,10.0,1,1381,True,True,2,2025-03-11,KR,JP,3774,416,77,2.0,18.0,False,False,False,True
pid_00502,seller_6819,Fashion,TrendSetter,81.36,3.0,1145,3,283.0,12.0,0,948,True,False,2,2024-10-15,US,AU,1911,99,64,2.0,11.0,False,False,False,False
pid_00989,seller_4822,Pharmaceuticals,Med1Pharm,191.5,4.6,4539,3,508.0,14.0,0,869,True,True,4,2024-02-01,AU,CN,3149,247,191,4.0,20.0,True,False,False,True
pid_03937,seller_1958,Electronics,Aut0Parts Pro,49.54,3.6,684,1,20.0,26.0,1,112,True,False,2,2024-01-04,JP,KR,1739,218,78,0.0,6.0,False,False,False,True
pid_00923,seller_6556,Pharmaceuticals,BeautyLux,120.92,3.4,0,2,716.0,14.0,1,2103,True,False,1,2024-03-11,CN,DE,4806,380,277,3.0,16.0,False,False,True,True
pid_02044,seller_6230,Automotive,TrendSetter,246.45,3.9,0,5,318.0,15.0,0,1686,True,True,4,2024-11-17,IN,KR,2765,181,124,1.0,7.0,False,False,False,False
pid_01980,seller_9082,Electronics,AutoParts Pro,114.21,2.4,0,2,20.0,28.0,2,1014,False,False,1,2025-02-13,IN,KR,2890,214,61,0.0,0.0,True,False,False,False
pid_00249,seller_7222,Automotive,CarTech,122.61,3.8,40,4,167.0,13.0,1,299,False,False,2,2025-09-10,GB,KR,815,27,54,3.0,10.0,False,False,True,False
pid_03911,seller_1656,Fashion,ExclusiveItems,158.2,4.0,0,4,326.0,14.0,0,5,True,False,3,2025-02-22,AU,JP,1729,194,44,0.0,6.0,False,False,True,False
pid_02683,seller_1968,Fashion,LuxuryBrand,173.46,4.5,760,4,279.0,18.0,1,1648,True,True,2,2024-06-03,DE,AU,4323,516,166,2.0,,False,False,False,True
pid_01346,seller_5416,Fashion,V3hicleCare,249.51,4.4,1446,4,378.0,20.0,0,2649,True,True,5,2024-06-13,AU,JP,2640,222,157,4.0,28.0,False,False,False,True
pid_04586,seller_9001,Fashion,HealthCare Plus,169.93,4.9,2529,5,71.0,19.0,1,881,True,True,3,2025-08-09,US,KR,4741,223,99,4.0,15.0,True,False,False,False
pid_04615,seller_8143,Fashion,ElectroMax,85.46,3.7,0,3,529.0,21.0,0,1296,False,True,3,2025-03-05,AU,FR,758,25,20,2.0,10.0,True,False,False,False
pid_03653,seller_5555,Electronics,Aut0Parts Pro,201.19,4.4,2145,2,638.0,9.0,0,5,True,True,2,2024-08-18,DE,DE,3452,184,219,1.0,11.0,False,True,False,True
pid_00355,seller_8532,Cosmetics,ClassicWear,123.65,3.4,899,1,320.0,30.0,2,2330,True,False,1,2025-05-01,GB,GB,1421,33,18,0.0,0.0,True,False,True,True
pid_00744,seller_4939,Fashion,PremiumCraft,5.0,3.0,255,3,193.0,20.0,0,5,False,False,3,2024-03-23,US,CA,424,35,15,3.0,15.0,False,False,False,True
pid_00844,seller_9297,Electronics,AutoPart5 Pro,137.64,3.6,0,2,291.0,16.0,4,1376,True,False,2,2025-06-02,CN,IN,1998,81,157,0.0,0.0,False,False,False,True
pid_00723,seller_9811,Pharmaceuticals,LuxuryBrand,211.03,3.5,1015,4,544.0,19.0,1,3049,True,True,3,2025-03-17,AU,DE,3660,60,100,3.0,12.0,False,True,False,False
pid_01976,seller_2177,Fashion,DigitalPro,241.15,4.1,3115,4,192.0,14.0,0,3293,True,True,2,2025-05-03,KR,IN,408,25,5,3.0,17.0,True,False,True,True
pid_02955,seller_4463,Cosmetics,HealthCare Plus,74.28,4.2,0,6,240.0,6.0,1,1542,True,False,2,2024-12-23,GB,CA,4729,489,256,1.0,1.0,True,False,False,False
pid_02214,seller_3176,Pharmaceuticals,HealthCare Plus,76.43,3.5,3122,5,331.0,14.0,2,5,False,True,4,2024-12-03,IN,AU,334,32,12,0.0,14.0,False,True,True,True
pid_03648,seller_2222,Cosmetics,T3chCorp,205.31,3.7,384,2,20.0,23.0,0,731,False,False,2,2024-12-01,CA,IN,3675,200,260,1.0,0.0,False,False,False,True
pid_03870,seller_2626,Fashion,WellnessLab,80.29,2.6,0,1,20.0,,3,5,True,False,1,2024-11-27,DE,US,3215,333,243,0.0,3.0,True,False,False,True
pid_03292,seller_6226,Fashion,NaturalGlow,395.32,4.9,6141,7,832.0,3.0,0,2012,True,True,4,2025-09-23,JP,CN,221,29,16,1.0,12.0,False,False,False,False
pid_04221,seller_9360,Cosmetics,TechCorp,103.3,4.3,0,5,368.0,26.0,2,629,True,True,3,2024-05-17,DE,CA,983,81,46,2.0,15.0,True,False,False,True
pid_01258,seller_3927,Electronics,LuxuryBrand,223.01,4.2,4756,5,136.0,3.0,1,2065,True,False,1,2025-01-19,IN,CA,3892,562,144,2.0,,False,True,False,False
pid_02988,seller_6583,Cosmetics,BeautyLux,195.88,4.4,5043,6,548.0,1.0,0,1830,False,False,4,2024-12-19,GB,AU,4602,620,352,5.0,10.0,False,False,False,False
pid_00085,seller_4927,Fashion,MediPh@rm,105.37,3.0,4449,1,250.0,24.0,0,403,False,True,1,2025-05-16,FR,CN,3786,428,257,0.0,11.0,False,False,False,True
pid_00746,seller_2884,Fashion,TechCorp,219.8,4.1,1184,3,569.0,24.0,0,2137,True,True,3,2025-02-22,IN,GB,3414,223,149,5.0,26.0,False,False,True,False
pid_01867,seller_2196,Electronics,BioMed Solutions,255.97,3.2,2387,4,170.0,21.0,2,1939,True,False,2,2025-06-13,IN,AU,4592,135,155,2.0,11.0,False,False,False,False
pid_01315,seller_9141,Cosmetics,ExclusiveItems,5.0,4.7,2666,5,843.0,18.0,3,5,True,False,5,2025-03-06,KR,GB,4655,541,120,2.0,,True,False,False,True
pid_03898,seller_7212,Luxury Goods,CarTech,44.5,4.5,0,3,162.0,25.0,0,2962,True,True,2,2024-01-02,GB,IN,3338,416,188,1.0,5.0,True,False,True,True
pid_00962,seller_5776,Fashion,EliteDes1gn,103.83,4.0,0,1,231.0,27.0,1,919,False,False,3,2025-11-11,DE,CA,3409,223,33,1.0,0.0,False,False,True,True
pid_00265,seller_1802,Pharmaceuticals,HealthCare Plus,124.51,4.5,2714,3,514.0,28.0,0,2098,True,False,1,2025-07-12,AU,CA,4833,117,101,1.0,0.0,False,True,False,True
pid_02428,seller_8968,Fashion,HealthCare Plus,51.89,3.9,2592,1,116.0,25.0,2,1097,False,True,1,2025-10-28,IN,FR,4759,90,295,0.0,4.0,True,False,False,True
pid_04116,seller_8305,Automotive,CircuitMaster,193.7,4.1,363,1,520.0,14.0,1,2045,True,True,2,2025-12-24,CA,AU,599,69,7,2.0,1.0,False,False,False,False
pid_03086,seller_2840,Fashion,CarTech,104.53,4.1,3296,4,578.0,7.0,1,3683,True,True,2,2024-07-13,GB,DE,3886,539,123,4.0,21.0,False,False,False,True
pid_03139,seller_1496,Electronics,PremiumCraft,89.26,3.3,2393,6,20.0,23.0,2,1698,True,False,1,2025-06-11,US,GB,4220,184,299,0.0,1.0,False,True,False,True
pid_02069,seller_8288,Fashion,BioMed Solutions,261.53,3.9,1173,2,420.0,6.0,0,1373,True,True,2,2024-07-18,JP,US,1318,100,60,3.0,11.0,False,False,False,False
pid_04202,seller_9062,Electronics,Hea1thCare Plus,212.59,3.1,1721,2,609.0,18.0,0,2046,True,False,2,2024-06-09,DE,IN,4423,98,219,2.0,26.0,True,False,False,True
pid_01800,seller_2099,Automotive,AutoParts Pro,139.16,4.3,1953,3,,15.0,0,1211,True,True,1,2025-04-05,CA,IN,426,19,26,2.0,4.0,False,False,False,False
pid_02235,seller_2812,Cosmetics,StyleHouse,31.93,2.6,3288,3,217.0,,1,5,True,False,2,2024-02-08,CN,DE,4740,91,56,1.0,2.0,True,False,False,False
pid_03543,seller_9412,Fashion,DigitalPro,229.67,3.3,0,6,302.0,40.0,0,2401,True,True,2,2025-06-07,JP,GB,1443,202,60,3.0,12.0,False,False,False,True
pid_03062,seller_2863,Cosmetics,Pur3Skin,66.92,4.0,5739,4,280.0,28.0,0,905,True,True,6,2024-03-04,IN,JP,4374,366,157,4.0,12.0,True,False,False,False
pid_02212,seller_8740,Electronics,WellnessLab,28.26,2.8,743,2,431.0,5.0,1,3247,True,True,4,2024-01-25,DE,JP,656,16,31,3.0,2.0,True,False,False,False
pid_04881,seller_3446,Luxury Goods,Fa5hionForward,84.09,3.2,0,2,267.0,19.0,0,5,True,True,4,2025-06-16,FR,DE,3798,112,133,2.0,17.0,True,False,True,True
pid_04726,seller_5609,Automotive,WellnessLab,247.87,3.8,4784,7,913.0,1.0,1,2260,True,True,5,2025-01-24,JP,US,917,132,16,4.0,,False,False,False,False
pid_01985,seller_8327,Electronics,NaturalGlow,5.0,2.4,0,1,154.0,14.0,1,5,True,False,1,2024-06-29,US,CN,3823,413,166,0.0,10.0,True,False,False,True
pid_01371,seller_9332,Electronics,BioMed Solutions,174.62,3.8,3006,4,430.0,1.0,1,2024,True,True,3,2024-10-24,IN,KR,2071,166,148,0.0,12.0,True,False,True,False
pid_02122,seller_2078,Automotive,Natura1Glow,50.56,3.4,3433,2,222.0,13.0,0,5,True,False,3,2025-07-08,CN,JP,2607,73,139,1.0,19.0,False,False,False,True
pid_03907,seller_2788,Fashion,VehicleCare,22.23,5.0,144,1,469.0,23.0,3,1842,True,True,3,2025-12-30,JP,JP,4450,320,59,2.0,,False,False,False,False
pid_04812,seller_1192,Electronics,DigitalPro,83.21,4.4,678,2,268.0,8.0,1,743,True,True,2,2025-07-09,DE,DE,1772,169,29,0.0,7.0,False,False,False,False
pid_02057,seller_3454,Fashion,NaturalGlow,131.89,4.5,2464,5,257.0,1.0,0,2549,True,False,3,2024-07-21,AU,JP,1329,70,84,3.0,24.0,True,False,False,True
pid_04816,seller_7170,Automotive,PremiumCraft,276.85,3.5,3636,6,474.0,13.0,0,2263,True,True,5,2025-03-04,CN,FR,3798,561,280,5.0,21.0,True,False,False,False
pid_03947,seller_8129,Cosmetics,NaturalGlow,195.16,3.9,1996,5,711.0,3.0,0,1967,True,False,3,2025-01-27,FR,KR,2802,32,37,0.0,13.0,True,False,False,False
pid_02058,seller_7344,Cosmetics,MediPharm,285.53,5.0,8543,8,824.0,1.0,0,4000,True,True,6,2025-01-27,AU,CN,4174,345,107,5.0,17.0,True,False,False,False
pid_03711,seller_9472,Cosmetics,GlamourCo,5.0,3.7,0,1,451.0,34.0,0,1316,True,True,1,2025-12-27,US,US,943,54,26,0.0,0.0,False,False,False,False
pid_02904,seller_9107,Luxury Goods,VehicleCare,246.26,3.5,0,4,278.0,7.0,1,5,True,True,3,2024-12-25,KR,CA,3902,221,246,2.0,7.0,False,False,False,False
pid_03838,seller_7155,Automotive,MotorM@x,27.06,3.3,0,2,136.0,17.0,0,1455,False,True,4,2025-10-21,JP,IN,4508,448,164,0.0,9.0,False,False,True,True
pid_04497,seller_9906,Electronics,HealthCare Plus,184.62,4.2,5454,2,627.0,10.0,0,1989,True,True,1,2025-10-05,DE,IN,2240,139,172,0.0,21.0,False,False,False,False
pid_04964,seller_3699,Luxury Goods,FashionForward,107.5,4.3,444,4,141.0,21.0,3,2263,False,True,4,2024-07-27,KR,GB,2436,93,13,0.0,15.0,False,False,False,False
pid_00284,seller_3018,Cosmetics,BioMed Solutions,20.89,3.8,0,1,126.0,1.0,2,1250,True,True,4,2025-04-06,KR,IN,2812,231,46,0.0,18.0,True,False,True,False
pid_00095,seller_9088,Luxury Goods,GlamourCo,136.72,5.0,1276,5,748.0,13.0,0,1430,False,True,4,2025-07-11,FR,JP,1125,117,73,2.0,30.0,False,False,False,True
pid_04788,seller_4928,Luxury Goods,GlamourCo,219.68,4.0,1753,2,301.0,6.0,1,1230,True,False,5,2025-03-27,CA,US,4847,372,187,4.0,7.0,False,False,False,False
pid_02664,seller_2508,Cosmetics,AutoParts Pro,27.12,2.6,2656,2,94.0,1.0,3,1204,True,True,1,2025-05-19,JP,US,2435,342,43,0.0,5.0,False,False,False,True
pid_03955,seller_3813,Automotive,Wel1nessLab,147.77,4.5,1793,1,100.0,32.0,0,393,False,True,1,2024-02-16,KR,US,4120,348,162,1.0,3.0,False,False,True,True
pid_03442,seller_4694,Electronics,BioMed Solutions,135.51,4.8,3772,4,56.0,16.0,1,1429,True,True,3,2024-05-08,JP,CN,4695,594,353,0.0,16.0,False,False,False,False
pid_04265,seller_1754,Luxury Goods,EliteDesign,72.86,3.5,0,3,200.0,17.0,0,1811,False,False,1,2025-01-07,AU,GB,1074,40,18,2.0,4.0,False,False,False,True
pid_04925,seller_7947,Fashion,ExclusiveItems,200.11,3.5,1384,5,515.0,21.0,0,5,True,True,3,2024-01-30,CN,US,743,57,31,0.0,3.0,True,False,False,False
pid_02649,seller_1379,Luxury Goods,NaturalGlow,33.84,3.5,619,1,330.0,41.0,1,5,False,False,2,2025-08-15,CA,IN,3570,321,65,2.0,0.0,True,False,True,True
pid_02280,seller_3020,Fashion,CarTech,192.03,4.5,264,7,616.0,1.0,0,2950,True,True,4,2025-03-15,GB,IN,4227,510,115,2.0,16.0,False,False,False,False
pid_02521,seller_3811,Electronics,CarTech,107.81,3.5,1957,5,352.0,14.0,0,2878,True,False,2,2024-07-28,CA,CA,3569,90,59,2.0,19.0,False,True,False,False
pid_03613,seller_1269,Pharmaceuticals,EliteDesign,164.38,3.7,2547,1,699.0,20.0,0,2102,True,False,1,2024-03-28,AU,US,4892,149,58,0.0,30.0,False,True,True,False
pid_01284,seller_6852,Fashion,HealthCare Plus,56.8,3.4,841,3,432.0,13.0,2,646,False,True,1,2025-08-17,DE,CA,1458,151,49,3.0,13.0,True,False,False,False
pid_04022,seller_9973,Cosmetics,TrendSetter,161.27,4.5,2882,4,566.0,1.0,0,1004,True,True,2,2025-04-23,KR,DE,1759,197,29,1.0,16.0,False,False,True,False
pid_02003,seller_5448,Fashion,BioMed Solutions,121.84,4.0,1533,1,298.0,7.0,1,2716,True,True,1,2024-05-25,FR,DE,4763,650,118,0.0,6.0,True,False,False,False
pid_02153,seller_4059,Pharmaceuticals,DigitalPro,130.68,4.1,0,3,20.0,19.0,0,761,True,True,4,2025-07-21,CA,FR,1880,50,62,2.0,5.0,False,False,False,True
pid_03764,seller_2675,Luxury Goods,PureSkin,184.78,3.8,993,5,417.0,1.0,0,2450,False,True,2,2025-04-14,DE,US,510,49,23,4.0,5.0,False,False,True,False
pid_02239,seller_1342,Fashion,BeautyLux,146.95,3.0,865,3,385.0,15.0,1,838,True,True,1,2024-01-27,KR,CN,224,32,14,2.0,1.0,False,False,False,True
pid_03932,seller_8768,Cosmetics,TechCorp,118.1,3.7,693,2,227.0,24.0,1,1482,False,False,2,2024-12-03,CN,CA,213,5,3,2.0,0.0,True,False,False,True
pid_04297,seller_6447,Electronics,FashionForward,213.02,4.1,2674,3,504.0,1.0,0,2749,True,True,5,2025-04-19,FR,US,1985,179,29,4.0,2.0,False,False,False,False
pid_04151,seller_6065,Electronics,Glam0urCo,193.87,3.6,5176,4,561.0,18.0,0,1812,True,True,2,2025-01-18,JP,AU,912,70,24,0.0,20.0,True,False,False,True
pid_00043,seller_6908,Automotive,FashionForward,118.14,3.3,0,3,425.0,36.0,0,5,True,True,1,2025-03-27,US,GB,3617,380,193,,7.0,False,False,False,False
pid_03956,seller_3421,Automotive,DigitalPro,110.16,3.6,2222,5,574.0,20.0,0,1523,True,False,5,2025-08-22,GB,IN,4564,338,274,3.0,8.0,False,False,True,False
pid_02802,seller_4527,Automotive,TechCorp,5.0,3.0,0,2,268.0,44.0,6,143,False,False,3,2024-08-27,FR,AU,678,13,33,0.0,6.0,False,True,False,True
pid_03089,seller_7439,Fashion,Be@utyLux,175.01,3.9,1810,9,872.0,18.0,0,3065,True,True,3,2024-05-01,US,GB,4636,609,256,2.0,22.0,True,False,False,True
pid_04582,seller_6775,Pharmaceuticals,GlamourCo,144.5,,2765,8,635.0,1.0,0,2156,False,False,3,2025-07-29,CN,KR,665,95,49,3.0,18.0,True,False,False,False
pid_04499,seller_1841,Fashion,LuxuryBrand,295.92,4.8,0,7,326.0,23.0,0,3157,False,False,3,2025-11-10,DE,GB,2105,124,82,3.0,3.0,False,False,False,False
pid_01809,seller_8327,Electronics,AutoParts Pro,116.09,4.1,3659,4,431.0,27.0,0,1745,True,False,1,2024-11-26,FR,GB,4306,585,200,2.0,17.0,False,False,False,False
pid_01003,seller_4690,Pharmaceuticals,MediPharm,193.5,3.0,0,2,236.0,36.0,1,1779,True,False,3,2025-10-11,CN,JP,4954,359,278,0.0,6.0,True,False,True,False
pid_03859,seller_9430,Pharmaceuticals,TrendS3tter,178.34,3.8,2851,1,283.0,21.0,0,5,False,False,2,2024-02-11,JP,JP,4196,174,163,0.0,9.0,False,False,False,False
pid_02393,seller_6354,Electronics,EliteDesign,9.93,4.0,0,5,43.0,8.0,0,2289,True,True,2,2024-09-16,AU,CN,4800,302,305,1.0,3.0,False,True,False,False
pid_01076,seller_6416,Fashion,StyleHouse,125.29,3.9,0,1,63.0,7.0,1,2202,False,True,2,2025-02-27,AU,KR,1716,73,63,4.0,0.0,False,False,True,False
pid_04380,seller_8553,Electronics,EliteDesign,119.43,3.1,0,2,20.0,30.0,2,5,False,True,1,2025-09-10,CA,AU,2157,232,89,0.0,8.0,True,False,True,True
pid_03855,seller_8387,Electronics,EliteDesign,224.36,4.7,3123,5,511.0,22.0,0,2593,True,False,3,2025-07-30,KR,CN,402,30,16,2.0,0.0,False,False,False,False
pid_03412,seller_1008,Electronics,VehicleCare,96.86,4.0,357,3,487.0,22.0,2,265,True,False,1,2024-10-12,KR,KR,1048,96,27,0.0,14.0,False,False,False,True
pid_04283,seller_5491,Electronics,Gl@mourCo,130.71,3.7,0,3,667.0,9.0,0,1151,True,True,1,2024-09-21,IN,US,3484,493,40,1.0,15.0,False,False,False,True
pid_00300,seller_7197,Electronics,BeautyLux,273.66,3.9,3120,6,503.0,2.0,0,4000,True,True,5,2024-05-12,JP,IN,3068,328,120,5.0,19.0,False,False,False,False
pid_02898,seller_3096,Luxury Goods,GlamourC0,241.28,4.1,1284,7,20.0,24.0,0,966,True,True,1,2025-02-08,US,US,1662,91,54,1.0,21.0,False,False,True,True
pid_02507,seller_3710,Luxury Goods,MediPharm,139.98,3.4,0,4,383.0,1.0,0,1449,True,True,3,2024-02-24,JP,GB,1512,88,103,0.0,10.0,True,True,False,True
pid_00942,seller_5072,Cosmetics,AutoParts Pro,306.75,2.9,0,4,443.0,4.0,1,908,True,False,3,2024-03-18,DE,GB,3203,120,26,1.0,9.0,False,False,True,False
pid_04354,seller_7616,Luxury Goods,BeautyLux,100.27,3.4,1368,3,387.0,29.0,0,742,False,False,3,2025-05-15,CA,US,3990,521,83,,22.0,False,True,False,False
pid_02370,seller_9936,Cosmetics,B3autyLux,64.94,3.5,0,2,696.0,19.0,0,870,False,False,2,2024-09-21,AU,AU,76,1,2,1.0,19.0,False,False,False,False
pid_01259,seller_3853,Cosmetics,NaturalGlow,191.93,4.9,1531,5,935.0,11.0,0,2027,True,False,3,2024-07-12,FR,FR,2649,177,80,3.0,19.0,True,False,True,False
pid_04357,seller_9273,Cosmetics,MediPharm,100.09,2.9,3204,4,354.0,22.0,1,1652,False,False,3,2024-10-17,FR,US,2990,94,44,0.0,0.0,False,False,False,False
pid_02522,seller_2379,Fashion,ElectroMax,140.8,4.9,3880,3,392.0,11.0,2,3643,False,True,2,2024-09-05,KR,IN,1418,174,54,4.0,17.0,False,False,False,False
pid_03156,seller_2374,Automotive,ElectroM@x,217.64,3.4,1110,3,20.0,20.0,2,5,True,True,1,2024-08-28,FR,GB,3034,123,54,0.0,5.0,True,True,True,True
pid_04101,seller_2797,Luxury Goods,TrendS3tter,114.2,4.2,2421,4,214.0,25.0,2,3032,False,True,3,2024-01-02,DE,KR,1474,96,45,0.0,1.0,True,False,False,True
pid_00841,seller_5504,Cosmetics,FashionForw@rd,147.79,3.9,180,4,639.0,5.0,1,2215,True,False,2,2024-12-05,GB,AU,2975,289,233,0.0,7.0,False,False,False,True
pid_01868,seller_1138,Electronics,GlamourC0,151.01,4.2,2482,7,457.0,5.0,0,2918,True,False,3,2024-01-10,JP,US,1639,93,8,4.0,13.0,False,False,False,False
pid_00326,seller_3898,Luxury Goods,MotorMax,187.59,5.0,3902,4,551.0,23.0,0,1099,True,False,2,2025-07-15,GB,IN,2284,186,90,4.0,7.0,False,True,False,True
pid_02436,seller_8693,Fashion,EliteD3sign,78.67,2.9,0,7,590.0,12.0,2,266,False,False,3,2024-03-08,AU,FR,434,10,5,0.0,16.0,False,False,True,True
pid_03208,seller_7165,Luxury Goods,FashionF0rward,5.0,3.3,1110,3,391.0,9.0,0,420,True,False,1,2024-08-06,DE,FR,3304,228,226,0.0,0.0,True,False,False,False
pid_04659,seller_8169,Pharmaceuticals,FashionForward,31.87,3.5,0,5,304.0,13.0,1,5,True,False,4,2024-03-16,JP,IN,395,52,20,1.0,17.0,False,False,False,True
pid_01464,seller_2573,Automotive,TechCorp,82.34,3.7,2658,3,434.0,23.0,0,175,False,False,3,2024-05-14,DE,CA,3524,201,49,3.0,,True,False,False,True
pid_03131,seller_7110,Pharmaceuticals,ExclusiveItems,158.16,3.7,1204,1,210.0,31.0,0,2549,True,True,3,2024-04-21,AU,KR,2467,152,185,0.0,4.0,False,False,False,True
pid_02061,seller_8178,Luxury Goods,ClassicWear,93.14,4.4,2218,3,399.0,24.0,2,2654,False,True,4,2025-11-09,CA,DE,3225,73,225,0.0,14.0,True,True,False,False
pid_02571,seller_6620,Automotive,LuxuryBr@nd,99.35,3.7,838,4,130.0,24.0,1,5,False,False,2,2024-11-11,GB,JP,2829,308,117,0.0,0.0,True,False,True,True
pid_03103,seller_8051,Luxury Goods,PremiumCraft,118.12,4.4,1170,4,229.0,13.0,2,1025,True,True,2,2024-06-27,IN,JP,1471,26,61,3.0,,True,False,True,False
pid_03333,seller_7345,Electronics,EliteDesign,188.34,5.0,0,5,349.0,1.0,1,2408,True,True,3,2024-05-29,CN,CN,4825,353,238,4.0,28.0,True,False,False,False
pid_00603,seller_6699,Electronics,HealthCare Plus,282.64,5.0,3114,7,820.0,9.0,0,2386,False,True,4,2025-01-11,GB,AU,1496,190,26,5.0,17.0,True,False,False,False
pid_00865,seller_5668,Luxury Goods,ElectroMax,160.59,5.0,1526,9,342.0,1.0,0,2009,False,False,4,2025-09-06,CN,CN,527,55,39,5.0,17.0,False,False,False,False
pid_01890,seller_1652,Electronics,CircuitMaster,257.57,4.2,2357,1,335.0,4.0,3,2227,True,False,3,2025-09-23,JP,US,4540,144,248,0.0,18.0,False,False,False,True
pid_04042,seller_8829,Luxury Goods,MotorMax,86.31,3.2,0,1,273.0,33.0,1,62,False,True,2,2025-04-15,JP,FR,352,9,3,2.0,12.0,True,False,True,True
pid_04608,seller_1268,Automotive,AutoPart5 Pro,75.97,4.4,576,5,376.0,22.0,2,357,True,True,4,2025-06-24,AU,DE,4927,317,269,0.0,8.0,False,False,False,True
pid_04548,seller_9837,Cosmetics,E1ectroMax,107.74,4.0,2903,2,191.0,10.0,1,809,True,True,3,2024-01-16,AU,KR,3531,344,83,4.0,15.0,True,False,False,True
pid_03367,seller_1077,Fashion,StyleHouse,58.0,3.7,483,3,218.0,9.0,2,1508,True,True,4,2024-05-14,CA,CN,4829,277,248,1.0,10.0,True,False,False,False
pid_01280,seller_6416,Cosmetics,StyleHouse,5.0,2.7,1770,1,355.0,14.0,0,150,False,False,3,2025-04-15,KR,DE,3149,256,39,2.0,1.0,True,False,False,False
pid_00830,seller_4303,Fashion,TrendSett3r,235.65,3.6,6289,4,,1.0,1,3658,True,True,3,2024-12-31,KR,CN,3467,401,86,5.0,23.0,False,True,False,True
pid_03149,seller_9082,Luxury Goods,MotorMax,319.3,4.6,706,1,,11.0,0,624,True,False,4,2024-08-08,FR,FR,3161,82,217,,12.0,False,False,True,True
pid_03799,seller_4476,Luxury Goods,CarTech,133.09,3.6,1804,3,391.0,9.0,0,866,True,True,3,2024-01-30,CA,JP,298,44,7,1.0,0.0,True,False,False,True
pid_01904,seller_6344,Pharmaceuticals,PureSkin,144.16,3.8,1860,4,40.0,19.0,0,3224,True,True,4,2024-05-14,US,KR,4225,588,112,0.0,9.0,False,False,False,True
pid_02050,seller_1549,Luxury Goods,BioMed Solutions,139.28,3.5,967,5,454.0,12.0,0,841,True,False,2,2025-04-26,DE,CA,1987,54,74,1.0,19.0,False,False,False,False
pid_01302,seller_4286,Electronics,VehicleCare,156.27,4.8,0,8,492.0,13.0,0,3238,True,True,3,2024-04-27,US,CA,1341,75,68,2.0,5.0,False,False,False,False
pid_00328,seller_9197,Fashion,BioMed Solutions,216.25,5.0,4843,5,862.0,1.0,0,3170,True,True,6,2025-04-26,IN,CA,3760,310,113,3.0,28.0,True,False,False,False
pid_01704,seller_4917,Luxury Goods,ExclusiveItems,128.02,3.6,0,5,39.0,48.0,0,5,True,False,2,2024-08-09,GB,FR,781,40,55,3.0,26.0,False,False,False,False
pid_02493,seller_8015,Fashion,CircuitMaster,195.94,3.8,2703,5,385.0,4.0,0,2331,True,True,4,2025-09-06,IN,GB,484,37,2,3.0,16.0,True,False,False,False
pid_04961,seller_5054,Electronics,BeautyLux,121.02,4.8,3407,1,86.0,1.0,0,1191,True,False,3,2024-03-13,AU,IN,838,105,6,3.0,28.0,False,False,False,False
pid_04025,seller_7702,Pharmaceuticals,TrendSetter,212.86,4.8,0,4,397.0,15.0,1,924,True,False,1,2025-10-28,IN,AU,1221,63,94,2.0,20.0,False,False,False,False
pid_00479,seller_5839,Luxury Goods,LuxuryBr@nd,148.27,3.9,1007,3,447.0,2.0,2,1100,False,False,2,2024-04-30,CA,FR,2567,301,100,1.0,,True,False,False,True
pid_03629,seller_9967,Cosmetics,CarTech,5.0,3.0,0,5,148.0,16.0,3,5,False,True,3,2024-02-08,CN,CN,1359,16,36,2.0,3.0,False,False,False,True
pid_01175,seller_1710,Luxury Goods,HealthCare Plus,149.61,3.6,745,1,20.0,28.0,2,1122,False,False,3,2025-12-22,KR,FR,2266,214,26,0.0,3.0,False,False,False,False
pid_04591,seller_3743,Electronics,Fashi0nForward,185.98,4.3,498,3,140.0,31.0,0,1884,True,True,1,2025-10-05,CN,AU,608,58,5,0.0,0.0,False,False,False,False
pid_02957,seller_9186,Automotive,ElectroMax,98.54,4.4,0,4,293.0,11.0,0,1249,True,False,1,2024-10-01,FR,FR,806,66,51,1.0,7.0,True,False,False,False
pid_04010,seller_1693,Electronics,Prem1umCraft,5.0,2.2,0,1,62.0,,2,5,False,False,1,2024-07-10,CA,AU,3147,220,62,0.0,0.0,False,True,False,True
pid_00117,seller_2056,Electronics,BioMed Solutions,75.57,5.0,2277,5,167.0,15.0,1,1335,True,True,2,2025-03-01,KR,KR,4757,181,74,2.0,10.0,False,False,False,True
pid_02862,seller_3679,Automotive,StyleHou5e,16.54,3.0,0,1,463.0,30.0,3,5,True,False,1,2025-07-24,AU,JP,1243,174,50,0.0,3.0,False,False,True,True
pid_00879,seller_3997,Fashion,PremiumCraft,140.47,4.6,4747,4,167.0,4.0,1,2475,False,True,3,2025-08-25,IN,GB,501,51,39,2.0,22.0,False,False,False,False
pid_01029,seller_3404,Pharmaceuticals,ElectroMax,157.99,3.8,2814,4,372.0,11.0,0,1149,True,True,2,2025-11-12,US,AU,3063,62,209,0.0,10.0,False,False,False,False
pid_00466,seller_3407,Fashion,MotorMax,216.88,3.9,1590,5,773.0,4.0,0,2760,True,True,2,2025-08-02,CN,CA,68,7,4,2.0,20.0,False,False,False,True
pid_04341,seller_7334,Electronics,EliteDesign,162.45,4.1,0,1,426.0,12.0,1,645,True,True,3,2024-12-25,US,DE,820,36,63,3.0,12.0,True,False,False,False
pid_03083,seller_8523,Cosmetics,DigitalPro,170.1,3.5,3756,5,601.0,1.0,0,1221,True,True,1,2024-12-03,GB,FR,3728,114,79,1.0,13.0,False,False,False,False
pid_01901,seller_3916,Electronics,PremiumCr@ft,163.25,4.2,234,3,701.0,9.0,0,2709,True,True,5,2025-06-25,CN,IN,1313,69,79,0.0,12.0,False,False,False,True
pid_01975,seller_4648,Automotive,VehicleCare,115.65,4.1,5709,5,415.0,1.0,2,2273,True,True,2,2024-09-13,FR,CA,3708,508,185,1.0,21.0,False,False,False,False
pid_00776,seller_3105,Fashion,CarTech,233.99,3.6,1660,3,318.0,11.0,2,1694,True,False,1,2025-07-10,JP,IN,324,28,9,2.0,1.0,False,False,False,False
pid_01786,seller_8288,Cosmetics,LuxuryBrand,257.67,4.6,3983,2,552.0,16.0,1,2596,True,True,2,2024-05-07,CA,US,2977,379,209,,8.0,True,False,False,False
pid_04485,seller_1909,Pharmaceuticals,PureSkin,124.04,4.1,6054,7,869.0,3.0,0,2404,True,True,4,2024-05-21,GB,GB,2613,81,184,1.0,30.0,False,False,False,False
pid_04962,seller_6532,Fashion,StyleHouse,142.15,5.0,4749,4,572.0,,1,3087,True,True,2,2024-12-06,FR,CA,3443,430,75,1.0,5.0,False,False,False,True
pid_00084,seller_7263,Fashion,TechCorp,188.77,3.7,4728,1,495.0,,0,4000,True,True,5,2024-12-11,CA,DE,4384,446,242,1.0,8.0,False,False,False,False
pid_01665,seller_2904,Automotive,ElectroMax,174.45,4.3,146,4,485.0,10.0,0,1834,True,False,4,2025-01-11,CN,US,2798,277,40,2.0,14.0,False,False,False,False
pid_03487,seller_5057,Electronics,Clas5icWear,203.49,4.8,4487,5,785.0,1.0,0,2826,True,True,4,2025-01-03,KR,CN,1280,125,6,4.0,13.0,False,False,False,False
pid_02789,seller_2629,Automotive,HealthCare Plus,182.55,4.8,4406,3,317.0,3.0,0,1420,False,True,2,2024-06-11,JP,US,2407,171,74,3.0,12.0,False,False,False,False
pid_02143,seller_1212,Fashion,TechCorp,318.66,4.4,2343,4,470.0,13.0,0,1348,True,True,5,2024-07-31,JP,CA,2539,50,171,3.0,9.0,False,False,False,False
pid_02199,seller_2176,Fashion,Pur3Skin,105.63,3.4,0,5,48.0,25.0,1,5,True,True,3,2024-12-24,KR,DE,4916,424,86,0.0,,False,False,False,True
pid_00511,seller_8609,Fashion,TrendSetter,196.92,3.1,0,1,174.0,10.0,2,230,False,True,3,2025-12-28,FR,GB,2637,109,91,3.0,12.0,False,False,False,True
pid_03209,seller_3963,Cosmetics,CarT3ch,105.19,3.9,0,3,345.0,30.0,0,5,True,False,1,2025-06-16,IN,CA,3888,448,279,3.0,5.0,False,True,True,True
pid_00731,seller_1647,Pharmaceuticals,BioMed Solutions,180.25,4.2,563,5,378.0,27.0,4,577,True,True,1,2025-08-06,IN,CA,991,136,10,4.0,12.0,False,False,True,False
pid_02220,seller_6199,Cosmetics,Med1Pharm,85.89,3.7,0,3,215.0,19.0,2,1373,True,True,3,2024-11-28,CA,DE,695,25,45,3.0,2.0,False,True,False,True
pid_02783,seller_3687,Pharmaceuticals,BioMed Solutions,101.67,,1452,5,532.0,23.0,1,805,True,True,3,2025-10-05,FR,CN,4631,62,322,1.0,5.0,False,False,False,False
pid_02002,seller_2031,Automotive,TrendSetter,196.59,4.9,3013,6,541.0,1.0,1,2674,True,True,4,2025-11-02,CN,GB,1323,134,55,5.0,19.0,True,False,False,False
pid_04869,seller_6969,Pharmaceuticals,ElectroMax,102.85,3.6,2745,3,501.0,13.0,0,1029,True,True,4,2025-04-03,US,US,4525,195,189,3.0,6.0,False,False,False,False
pid_03666,seller_1871,Pharmaceuticals,MediPharm,173.43,4.4,4684,5,473.0,16.0,0,1560,True,True,3,2025-10-08,IN,GB,2022,26,39,0.0,22.0,False,False,False,False
pid_04573,seller_8963,Pharmaceuticals,FashionForward,231.23,3.0,0,1,458.0,14.0,1,3208,True,True,1,2025-04-27,IN,AU,2575,148,114,2.0,16.0,False,False,False,False
pid_01633,seller_7723,Pharmaceuticals,ElectroMax,153.37,5.0,3970,3,783.0,16.0,2,1789,False,True,4,2024-05-09,CN,JP,3573,204,51,2.0,7.0,False,True,True,True
pid_02757,seller_4597,Automotive,ExclusiveItems,77.41,3.3,0,5,345.0,16.0,2,5,True,False,1,2025-12-25,CA,KR,4791,358,177,2.0,4.0,False,False,False,True
pid_02859,seller_9134,Electronics,LuxuryBrand,98.95,2.3,0,3,403.0,15.0,3,1881,True,True,3,2024-06-27,US,CN,3805,257,152,2.0,0.0,True,False,False,True
pid_01184,seller_5145,Electronics,ExclusiveItems,233.47,5.0,2205,5,325.0,6.0,0,1236,True,True,3,2025-02-15,KR,CA,881,109,19,3.0,20.0,False,False,False,False
pid_03122,seller_6732,Electronics,Circu1tMaster,190.99,4.3,1243,2,845.0,15.0,0,2464,True,True,2,2025-08-14,JP,AU,652,70,9,3.0,35.0,False,False,False,True
pid_03184,seller_1981,Luxury Goods,PureSkin,160.86,3.9,2874,6,176.0,1.0,2,1307,True,False,1,2024-04-26,AU,AU,2043,232,134,3.0,9.0,False,False,False,True
pid_02055,seller_3807,Cosmetics,HealthCare Plus,108.91,3.8,4438,2,485.0,,1,5,True,False,2,2024-07-26,KR,JP,4090,520,40,0.0,,False,False,False,False
pid_04334,seller_5011,Fashion,WellnessLab,137.31,3.9,1816,5,217.0,16.0,1,1718,False,True,2,2024-09-29,GB,AU,4450,632,83,0.0,,False,False,False,False
pid_04083,seller_1135,Pharmaceuticals,NaturalGlow,79.27,3.6,0,4,516.0,4.0,2,1800,False,False,2,2024-03-28,GB,JP,4026,553,224,2.0,0.0,True,False,False,True
pid_00127,seller_4127,Automotive,ElectroMax,254.53,5.0,1497,5,758.0,17.0,1,1460,True,True,5,2024-08-12,FR,CA,1064,83,73,4.0,20.0,True,False,False,True
pid_00164,seller_5879,Electronics,CarT3ch,79.91,3.3,1471,1,200.0,20.0,0,5,False,False,4,2024-10-29,IN,JP,258,12,17,1.0,4.0,False,True,False,True
pid_04755,seller_4737,Automotive,PureSkin,273.11,3.8,2598,5,486.0,1.0,0,3044,True,True,6,2025-02-13,IN,DE,1717,28,65,1.0,20.0,True,False,False,False
pid_01510,seller_5778,Pharmaceuticals,TechCorp,35.39,3.7,691,1,646.0,16.0,2,2048,True,False,2,2024-06-13,IN,DE,1771,57,118,3.0,27.0,False,False,False,True
pid_03199,seller_7713,Fashion,LuxuryBrand,155.39,4.9,4191,3,245.0,28.0,1,1596,True,True,3,2024-06-21,CN,GB,3845,134,215,2.0,13.0,False,False,False,True
pid_01319,seller_6476,Electronics,EliteDesign,175.29,3.2,0,2,347.0,2.0,2,457,True,False,1,2025-10-16,GB,DE,1301,50,55,3.0,12.0,False,True,False,True
pid_02540,seller_4158,Cosmetics,FashionForward,148.51,3.4,968,3,229.0,10.0,0,1872,True,False,2,2025-09-10,KR,JP,4545,529,79,1.0,18.0,False,False,True,False
pid_00472,seller_3898,Electronics,BioMed Solutions,204.5,4.4,2507,7,606.0,9.0,1,2683,False,True,2,2025-11-01,GB,IN,1078,60,59,1.0,18.0,False,False,False,True
pid_01997,seller_5171,Electronics,ClassicWear,126.36,4.2,0,1,409.0,29.0,0,986,True,False,1,2025-07-01,AU,FR,880,66,6,1.0,16.0,False,False,False,False
pid_00018,seller_6183,Luxury Goods,GlamourCo,181.6,4.4,4304,2,249.0,27.0,1,863,False,False,3,2024-12-24,JP,FR,2003,71,89,3.0,15.0,False,False,False,False
pid_03952,seller_9656,Automotive,FashionForward,144.92,2.6,1213,4,213.0,11.0,1,1476,True,True,1,2025-03-04,GB,AU,662,35,43,4.0,12.0,False,False,False,False
pid_02956,seller_6320,Pharmaceuticals,HealthCare Plus,78.48,4.1,1380,4,326.0,16.0,1,1926,True,True,4,2025-09-12,GB,FR,4560,125,308,0.0,19.0,False,False,False,False
pid_02042,seller_5520,Luxury Goods,PureSkin,127.93,4.8,5093,4,,9.0,2,2952,False,True,4,2024-06-13,CA,GB,3454,513,259,3.0,20.0,True,False,False,False
pid_02137,seller_9960,Pharmaceuticals,BioMed Solutions,141.64,3.0,1294,3,554.0,14.0,0,2178,True,True,3,2025-01-15,DE,AU,4468,539,292,2.0,2.0,False,False,False,False
pid_01025,seller_3567,Luxury Goods,GlamourCo,73.19,3.8,159,3,529.0,14.0,0,2519,False,False,2,2024-05-30,KR,GB,84,9,5,0.0,15.0,True,False,False,False
pid_00097,seller_8995,Luxury Goods,TrendSetter,138.86,3.9,2873,3,558.0,10.0,1,185,True,True,1,2024-09-04,JP,JP,1797,236,53,1.0,8.0,False,False,True,False
pid_04498,seller_2387,Fashion,BeautyLux,193.89,3.8,0,1,537.0,1.0,3,1532,True,True,5,2024-05-08,CN,IN,4011,501,171,1.0,25.0,False,False,False,True
pid_03114,seller_8311,Electronics,PremiumCraft,156.21,2.9,615,1,277.0,24.0,0,2423,True,False,2,2024-02-27,JP,US,1574,141,71,2.0,3.0,False,False,False,True
pid_02835,seller_7148,Automotive,ExclusiveItems,204.99,3.3,3214,2,542.0,1.0,0,1000,True,True,4,2024-03-05,KR,US,3426,309,115,2.0,22.0,True,False,False,False
pid_03161,seller_1708,Electronics,MotorMax,75.61,4.1,0,2,247.0,21.0,0,5,True,True,1,2024-02-05,GB,FR,4077,334,102,0.0,11.0,False,False,False,True
pid_00449,seller_9094,Electronics,NaturalGlow,139.59,3.3,0,1,341.0,9.0,2,2034,False,False,2,2024-04-25,CN,AU,982,47,77,1.0,12.0,False,False,False,False
pid_00550,seller_2553,Luxury Goods,PureSkin,285.81,4.1,2806,5,507.0,30.0,1,3433,True,True,2,2024-06-25,CN,JP,177,16,6,2.0,16.0,False,True,False,True
pid_04372,seller_2503,Electronics,Sty1eHouse,5.0,2.7,617,4,,35.0,1,508,True,False,1,2025-05-20,AU,IN,2359,303,62,1.0,2.0,False,False,True,True
pid_03744,seller_2841,Electronics,ExclusiveItems,232.1,4.5,591,3,591.0,6.0,1,653,False,False,4,2024-12-24,FR,KR,2930,261,135,3.0,17.0,False,False,False,True
pid_00178,seller_8147,Automotive,VehicleCare,156.34,4.6,2701,1,856.0,9.0,0,4000,True,True,4,2025-07-17,KR,AU,4888,625,219,1.0,12.0,False,False,False,False
pid_03654,seller_2819,Electronics,Veh1cleCare,209.93,3.3,1155,6,361.0,4.0,2,1576,True,False,5,2024-01-06,US,CA,3625,267,50,2.0,4.0,False,False,True,True
pid_01340,seller_6212,Fashion,AutoParts Pro,84.42,3.3,0,2,643.0,11.0,1,5,False,True,1,2025-07-31,CN,IN,2143,65,32,1.0,6.0,True,True,True,True
pid_04872,seller_4095,Electronics,VehicleCare,253.64,5.0,3316,7,553.0,14.0,0,3885,True,True,5,2024-02-11,CA,IN,701,65,53,5.0,17.0,False,False,False,False
pid_03548,seller_1471,Fashion,TechCorp,178.74,,3624,8,691.0,7.0,1,2068,True,True,4,2025-07-25,US,AU,2635,255,94,3.0,10.0,True,False,False,False
pid_03520,seller_8523,Fashion,WellnessLab,125.07,4.3,2682,1,469.0,20.0,0,469,False,True,2,2025-03-14,FR,FR,369,7,22,2.0,9.0,False,False,False,True
pid_01591,seller_4144,Automotive,FashionForward,67.76,4.0,3713,1,254.0,16.0,3,1148,True,False,3,2024-10-30,JP,FR,375,37,17,2.0,15.0,False,False,False,False
pid_01516,seller_5922,Cosmetics,DigitalPro,61.3,4.0,266,3,465.0,49.0,2,1341,True,True,2,2025-06-12,CA,IN,3303,237,170,0.0,14.0,False,False,False,True
pid_00741,seller_5247,Fashion,Exclusiv3Items,5.0,4.1,0,3,427.0,20.0,1,965,False,True,4,2025-04-29,CN,AU,1248,50,56,0.0,10.0,False,False,False,True
pid_01769,seller_1200,Fashion,WellnessLab,83.06,4.0,0,4,225.0,16.0,1,1792,True,False,3,2025-02-12,DE,CA,496,40,22,1.0,3.0,True,False,False,False
pid_04649,seller_7716,Electronics,CarTech,165.17,4.1,2272,1,809.0,6.0,0,913,True,False,3,2024-01-18,AU,DE,766,91,36,1.0,0.0,True,False,False,False
pid_00483,seller_9764,Cosmetics,PremiumCraft,160.64,2.9,0,2,516.0,10.0,0,35,True,False,3,2025-12-12,CA,IN,4114,419,64,4.0,14.0,True,True,False,False
pid_04706,seller_1553,Pharmaceuticals,ElectroMax,81.27,3.6,3313,1,420.0,32.0,0,1641,True,False,2,2025-10-29,IN,CA,743,89,39,0.0,18.0,False,False,False,False
pid_02810,seller_7050,Fashion,Electr0Max,275.73,4.5,0,3,191.0,22.0,1,2078,True,True,1,2024-07-07,FR,FR,711,90,13,0.0,3.0,False,False,False,True
pid_02021,seller_3274,Luxury Goods,Sty1eHouse,5.0,2.6,0,1,345.0,45.0,3,5,False,True,2,2025-01-10,GB,GB,4953,566,383,0.0,0.0,False,True,True,True
pid_04959,seller_2149,Pharmaceuticals,BeautyLux,147.08,4.8,0,4,536.0,10.0,0,2791,False,True,2,2025-12-12,DE,FR,4882,428,172,2.0,25.0,False,False,False,True
pid_01910,seller_7543,Fashion,EliteDesign,168.87,3.7,487,1,167.0,22.0,3,466,True,True,2,2025-10-24,US,FR,4810,209,227,0.0,0.0,False,False,False,False
pid_02485,seller_9201,Automotive,TechCorp,176.53,4.1,5091,6,515.0,7.0,1,2284,True,True,3,2025-03-13,GB,AU,791,85,52,5.0,13.0,False,False,False,False
pid_00780,seller_6323,Cosmetics,WellnessLab,189.72,4.7,0,1,606.0,22.0,0,2141,True,False,3,2025-03-27,US,IN,3327,89,190,3.0,10.0,False,False,False,True
pid_00077,seller_1287,Electronics,VehicleCare,104.28,3.6,1571,1,20.0,23.0,2,107,True,True,1,2024-01-18,CN,AU,910,72,6,2.0,16.0,True,False,True,False
pid_01889,seller_1010,Automotive,HealthCare Plus,163.05,3.8,364,1,433.0,31.0,2,444,True,False,1,2024-02-08,CA,GB,838,20,67,1.0,3.0,True,True,False,True
pid_04629,seller_3210,Luxury Goods,FashionForward,244.19,4.9,5012,4,,11.0,0,1484,True,True,4,2024-03-22,GB,FR,4950,51,114,3.0,10.0,False,False,False,False
pid_00673,seller_4582,Luxury Goods,PureSkin,103.51,4.1,5844,5,526.0,1.0,0,2196,True,False,3,2025-11-12,FR,DE,2207,181,115,3.0,28.0,True,False,False,False
pid_02203,seller_3187,Electronics,TechCorp,133.12,4.0,1551,1,432.0,20.0,0,2247,False,False,2,2025-04-30,AU,CA,4382,571,270,1.0,0.0,False,False,False,False
pid_00458,seller_6395,Electronics,AutoParts Pro,168.79,2.9,0,2,34.0,25.0,1,5,False,True,2,2025-12-05,KR,CN,4445,161,104,0.0,0.0,True,False,True,False
pid_02865,seller_9228,Cosmetics,FashionForward,145.89,2.8,0,5,215.0,25.0,2,1743,True,False,1,2025-08-20,JP,AU,4209,369,217,1.0,0.0,False,False,False,False
pid_00752,seller_1802,Cosmetics,TrendSetter,241.55,4.5,3767,3,275.0,14.0,0,1244,True,False,1,2024-03-09,IN,KR,3171,261,231,0.0,9.0,True,False,False,True
pid_00121,seller_6087,Automotive,FashionForward,194.22,3.6,233,3,621.0,13.0,0,181,True,True,3,2024-05-08,KR,DE,4149,448,182,0.0,10.0,False,False,False,False
pid_03637,seller_7303,Electronics,T3chCorp,112.37,4.4,1879,2,289.0,1.0,1,1250,True,False,2,2024-07-08,CN,DE,723,44,38,0.0,14.0,True,False,False,True
pid_00699,seller_5838,Luxury Goods,FashionForward,226.62,4.2,0,4,,14.0,1,1649,True,True,1,2024-01-30,FR,AU,2376,300,48,4.0,11.0,True,True,False,True
pid_02924,seller_9135,Fashion,VehicleCare,62.37,4.0,2150,2,104.0,15.0,0,819,False,True,3,2024-08-14,KR,FR,3350,102,140,0.0,7.0,True,False,False,False
pid_04441,seller_5186,Pharmaceuticals,StyleHouse,5.0,3.3,865,3,,43.0,0,412,True,True,4,2024-05-12,DE,FR,4107,224,306,0.0,3.0,False,False,False,False
pid_01492,seller_4939,Fashion,LuxuryBr@nd,168.55,3.6,941,3,436.0,8.0,0,1407,True,True,1,2025-10-22,FR,CA,627,81,21,3.0,,False,False,False,True
pid_04945,seller_1064,Automotive,TechCorp,67.02,3.7,481,5,216.0,2.0,2,123,False,True,1,2025-06-20,DE,KR,3347,106,230,0.0,0.0,False,False,True,True
pid_01948,seller_4696,Fashion,TrendSetter,279.52,4.1,1040,6,562.0,1.0,0,136,True,True,4,2025-11-23,DE,KR,4076,279,224,1.0,22.0,False,False,False,False
pid_02086,seller_7455,Electronics,HealthCare Plus,112.7,4.8,2175,5,408.0,6.0,1,2114,True,True,5,2024-08-16,AU,KR,2397,181,120,1.0,8.0,False,False,False,True
pid_03365,seller_2490,Cosmetics,LuxuryBrand,185.04,4.3,903,4,545.0,21.0,2,2885,True,True,4,2024-12-12,DE,KR,724,49,54,2.0,16.0,True,False,False,False
pid_00031,seller_5755,Electronics,CarTech,107.72,4.4,1200,3,237.0,3.0,0,1474,True,False,2,2025-01-03,FR,FR,4946,218,216,1.0,0.0,False,False,False,True
pid_02154,seller_7493,Electronics,C1rcuitMaster,118.36,,141,2,20.0,31.0,1,2270,True,True,1,2025-04-25,CA,DE,882,127,13,0.0,5.0,False,True,False,True
pid_02758,seller_1299,Cosmetics,BioMed Solutions,204.58,2.9,1285,3,773.0,17.0,1,205,True,True,2,2025-05-08,AU,AU,3715,277,130,0.0,0.0,True,True,True,False
pid_00069,seller_4803,Automotive,Electr0Max,137.7,3.6,1985,2,275.0,33.0,2,1368,True,False,1,2024-05-10,GB,IN,903,70,32,0.0,0.0,True,False,False,True
pid_01449,seller_8219,Cosmetics,PremiumCraft,125.94,3.5,0,2,365.0,20.0,1,5,False,True,1,2024-09-22,KR,GB,1737,233,58,0.0,19.0,False,False,False,True
pid_03175,seller_4662,Electronics,Prem1umCraft,241.41,4.4,2862,5,166.0,21.0,0,1436,False,True,2,2025-08-22,JP,US,1599,157,96,4.0,6.0,True,False,True,True
pid_03627,seller_6176,Automotive,PremiumCraft,244.13,4.4,2553,8,635.0,1.0,0,1564,True,True,2,2024-03-11,KR,JP,3172,234,194,0.0,27.0,True,False,False,False
pid_03877,seller_7083,Automotive,VehicleCare,195.57,3.9,4340,4,639.0,7.0,0,2269,True,True,2,2025-02-24,US,JP,3079,75,167,2.0,20.0,False,False,False,False
pid_03959,seller_7464,Electronics,TechCorp,172.88,4.3,203,3,354.0,25.0,2,1207,True,True,4,2024-02-06,KR,AU,717,74,35,2.0,22.0,True,False,False,False
pid_04763,seller_4376,Fashion,DigitalPro,172.84,3.7,1730,3,698.0,19.0,0,2999,False,True,4,2024-09-13,AU,CN,3428,136,85,3.0,5.0,False,False,False,False
pid_03221,seller_5344,Electronics,FashionForward,184.09,4.3,2398,3,197.0,17.0,0,460,True,False,2,2025-05-30,KR,DE,4984,214,141,3.0,9.0,False,False,False,False
pid_03146,seller_7509,Automotive,PremiumCraft,300.08,5.0,6477,5,567.0,,0,2768,True,True,4,2025-04-13,DE,AU,3023,199,224,3.0,25.0,True,False,False,False
pid_01531,seller_5145,Cosmetics,FashionForward,34.28,3.0,4532,1,255.0,5.0,1,387,True,False,2,2025-03-26,JP,US,4285,508,159,0.0,0.0,False,True,False,True
pid_02432,seller_1037,Automotive,MotorMax,6.52,4.1,3994,1,262.0,16.0,3,5,True,True,3,2024-04-16,US,GB,4617,446,68,1.0,5.0,True,False,True,False
pid_04361,seller_8669,Cosmetics,PremiumCraft,145.18,4.6,292,1,115.0,17.0,2,1572,False,False,5,2025-01-15,FR,CN,2655,347,61,0.0,0.0,False,False,False,False
pid_03574,seller_3524,Automotive,ExclusiveItems,5.0,3.4,704,4,206.0,13.0,1,2288,True,True,2,2025-02-09,FR,CA,3640,116,243,4.0,16.0,True,False,False,False
pid_03182,seller_8371,Fashion,TrendSetter,128.27,3.9,242,1,616.0,14.0,0,3312,True,False,5,2024-07-16,FR,IN,413,46,13,5.0,12.0,False,True,False,False
pid_01912,seller_8268,Automotive,HealthCare Plus,266.77,3.9,3104,6,232.0,1.0,0,519,True,True,5,2024-02-21,DE,CA,4637,151,346,,25.0,True,False,False,False
pid_00504,seller_1387,Cosmetics,E1iteDesign,56.65,4.0,1709,3,679.0,22.0,0,799,True,True,4,2024-02-23,US,IN,3083,440,153,1.0,10.0,False,False,False,True
pid_00339,seller_8089,Electronics,MotorMax,59.85,3.3,432,3,269.0,8.0,3,49,False,True,2,2025-11-14,CA,AU,3686,372,124,0.0,14.0,True,False,False,False
pid_03580,seller_7508,Luxury Goods,GlamourCo,35.32,4.1,0,5,396.0,1.0,3,40,False,False,2,2024-02-05,KR,CA,595,49,44,3.0,0.0,True,False,False,True
pid_04702,seller_5239,Cosmetics,EliteDesign,138.29,4.7,0,2,561.0,22.0,0,2850,True,True,4,2025-05-31,DE,CN,685,14,12,0.0,11.0,False,False,False,False
pid_00798,seller_3638,Cosmetics,ExclusiveItems,70.16,3.3,72,1,175.0,14.0,6,851,True,False,1,2024-05-21,FR,CA,1309,58,55,0.0,0.0,True,False,False,False
pid_04707,seller_4806,Electronics,PureSkin,66.26,3.7,3056,1,284.0,17.0,0,5,False,True,3,2024-03-10,KR,CA,622,57,24,2.0,6.0,True,False,True,True
pid_04823,seller_1037,Fashion,BeautyLux,5.4,2.3,2548,3,129.0,26.0,3,1306,False,True,1,2024-06-07,KR,CN,2656,321,172,0.0,2.0,True,True,False,False
pid_00061,seller_8305,Fashion,AutoParts Pro,160.69,3.1,1570,7,105.0,3.0,0,538,True,True,3,2025-04-26,CA,AU,2429,148,31,3.0,8.0,False,False,False,False
pid_01775,seller_9333,Fashion,MediPharm,185.44,4.2,3590,3,457.0,9.0,0,186,True,True,5,2024-07-02,IN,IN,126,13,2,1.0,15.0,True,False,False,False
pid_02845,seller_6499,Fashion,ElectroM@x,129.01,4.5,0,1,490.0,15.0,0,1346,True,False,1,2025-02-17,CN,GB,288,31,2,4.0,18.0,True,False,False,False
pid_04944,seller_4988,Pharmaceuticals,VehicleCare,122.74,3.2,0,1,396.0,23.0,4,1369,True,False,1,2024-05-26,JP,GB,4399,154,338,0.0,,False,False,False,True
pid_02460,seller_3869,Automotive,BioMed Solutions,87.83,3.6,870,1,20.0,29.0,0,717,False,True,3,2025-03-25,JP,CN,118,2,6,4.0,20.0,True,False,False,False
pid_04237,seller_4621,Pharmaceuticals,PureSkin,92.96,3.2,1988,1,794.0,29.0,2,2280,True,True,3,2025-01-03,JP,JP,3530,520,131,0.0,15.0,False,True,True,True
pid_01567,seller_7695,Electronics,GlamourCo,135.31,4.5,2960,3,384.0,14.0,0,2266,True,True,3,2025-12-17,GB,FR,4978,417,303,2.0,16.0,False,False,False,False
pid_04289,seller_9473,Pharmaceuticals,He@lthCare Plus,274.34,4.0,486,1,456.0,17.0,3,740,True,False,5,2024-08-07,CA,AU,1716,159,121,0.0,18.0,False,False,False,False
pid_02848,seller_4925,Luxury Goods,Med1Pharm,98.7,3.5,0,5,356.0,17.0,1,670,False,True,2,2024-10-26,JP,JP,1981,92,129,1.0,10.0,False,False,True,True
pid_01689,seller_8685,Pharmaceuticals,WellnessLab,143.53,4.2,2305,3,697.0,9.0,0,947,True,True,3,2025-01-14,GB,FR,4710,662,181,2.0,14.0,False,False,False,False
pid_04153,seller_3821,Fashion,BioMed Solutions,155.7,4.5,2638,2,239.0,24.0,0,1282,False,True,3,2025-02-25,IN,KR,2700,71,136,2.0,12.0,False,False,False,True
pid_02986,seller_3377,Electronics,PureSk1n,175.16,4.3,3318,7,436.0,22.0,0,3473,False,True,3,2024-10-29,CA,CN,3576,137,39,,7.0,False,False,False,True
pid_02419,seller_9633,Fashion,DigitalPro,63.32,4.2,3434,3,101.0,13.0,0,1475,True,True,5,2025-04-27,FR,DE,4288,443,287,0.0,2.0,False,False,False,False
pid_04454,seller_9512,Automotive,ElectroMax,132.2,3.5,468,1,253.0,30.0,2,5,False,False,2,2025-07-30,GB,CN,2863,222,60,1.0,7.0,False,False,False,True
pid_04739,seller_1495,Cosmetics,PremiumCraft,273.72,3.9,1928,4,476.0,20.0,0,924,True,True,3,2025-07-01,DE,FR,4957,507,337,1.0,,True,False,True,False
pid_01568,seller_5008,Cosmetics,CircuitMaster,5.0,3.1,0,4,393.0,38.0,2,718,True,False,3,2024-07-11,GB,AU,191,2,14,3.0,0.0,True,True,False,False
pid_03965,seller_2382,Pharmaceuticals,MediPharm,78.2,3.6,2946,1,28.0,30.0,2,637,True,True,1,2024-05-17,JP,US,431,63,14,0.0,15.0,False,False,False,False
pid_02339,seller_6509,Fashion,MotorMax,232.49,3.8,0,1,684.0,8.0,0,2025,True,True,1,2024-07-07,JP,CN,2800,89,95,1.0,3.0,False,False,True,False
pid_02094,seller_5577,Fashion,AutoParts Pro,176.06,4.0,2335,5,60.0,12.0,0,2484,True,True,3,2024-07-23,US,AU,2989,230,216,1.0,5.0,False,False,False,False
pid_02041,seller_7702,Luxury Goods,StyleHouse,133.22,3.4,0,2,224.0,17.0,3,52,False,True,3,2024-03-07,KR,GB,4542,427,48,0.0,6.0,False,False,False,False
pid_04373,seller_9863,Fashion,Exc1usiveItems,131.53,4.2,0,2,20.0,14.0,1,983,False,True,1,2025-07-09,JP,DE,2357,70,136,1.0,,False,False,False,True
pid_02200,seller_6057,Automotive,CarTech,285.66,3.4,0,4,291.0,15.0,1,199,True,False,4,2024-01-02,KR,GB,3643,136,152,2.0,0.0,True,True,False,False
pid_02272,seller_8788,Luxury Goods,FashionForw@rd,5.0,2.9,0,1,273.0,57.0,3,5,True,True,1,2024-10-08,AU,JP,2754,39,107,0.0,7.0,False,False,True,True
pid_00381,seller_3559,Cosmetics,VehicleCare,187.96,4.5,854,1,402.0,4.0,0,746,False,False,2,2025-05-17,FR,CA,4997,60,47,3.0,9.0,False,True,False,False
pid_03864,seller_5504,Electronics,FashionForward,123.34,4.1,18,1,420.0,21.0,1,260,False,True,2,2025-02-22,JP,FR,647,89,4,0.0,8.0,False,False,True,True
pid_02412,seller_6400,Luxury Goods,StyleHouse,153.42,4.8,1760,2,505.0,44.0,0,1755,True,True,3,2024-09-02,CA,GB,415,10,4,2.0,6.0,False,False,False,True
pid_03912,seller_8503,Electronics,CarTech,92.73,3.7,1658,2,218.0,6.0,2,2196,True,True,2,2025-10-23,CA,KR,4773,357,129,1.0,9.0,True,False,False,False
pid_01390,seller_3754,Fashion,TrendSetter,135.66,3.9,4129,3,247.0,6.0,1,1486,True,True,1,2025-02-01,CN,GB,1296,144,77,0.0,8.0,False,False,False,False
pid_04522,seller_3372,Automotive,PureSkin,75.79,3.9,2812,3,112.0,20.0,0,1674,True,False,2,2024-02-08,DE,DE,1241,120,58,0.0,27.0,True,False,True,False
pid_03914,seller_4300,Automotive,StyleHouse,116.9,3.7,864,4,298.0,11.0,0,2796,True,False,4,2025-10-12,GB,AU,4743,452,107,3.0,,False,True,False,False
pid_01952,seller_6817,Cosmetics,Styl3House,43.31,4.0,0,1,236.0,13.0,0,669,True,True,1,2025-02-11,FR,GB,737,7,31,2.0,,False,False,False,True
pid_04162,seller_5064,Luxury Goods,CarTech,37.88,3.7,5457,4,206.0,31.0,2,284,True,True,2,2024-08-05,DE,IN,100,13,6,3.0,20.0,False,False,False,False
pid_02915,seller_3287,Cosmetics,BioMed Solutions,5.0,3.0,0,1,20.0,31.0,2,208,False,True,1,2024-11-06,KR,CN,2240,310,80,0.0,6.0,True,True,True,True
pid_02342,seller_8305,Electronics,CircuitMaster,204.58,4.1,2466,9,592.0,9.0,0,866,True,True,6,2024-02-04,CN,KR,2267,166,95,4.0,28.0,True,False,False,False
pid_04209,seller_9328,Electronics,BioMed Solutions,265.58,4.6,3096,5,365.0,1.0,0,2042,True,True,4,2025-01-15,CA,CN,3921,490,83,4.0,23.0,False,False,False,False
pid_00245,seller_9683,Automotive,Pr3miumCraft,167.97,4.2,4051,6,392.0,1.0,0,839,False,True,3,2024-04-30,AU,KR,389,27,16,3.0,26.0,False,False,False,False
pid_01439,seller_9602,Cosmetics,TechC0rp,195.03,4.2,0,5,251.0,28.0,1,5,True,False,2,2025-09-24,GB,CN,99,8,1,2.0,5.0,False,False,False,True
pid_01022,seller_7227,Automotive,WellnessLab,105.85,3.8,1908,4,20.0,20.0,0,689,True,True,4,2024-08-05,GB,GB,3883,347,285,2.0,11.0,False,False,False,False
pid_03233,seller_7544,Electronics,HealthCare Plus,158.99,4.0,0,1,445.0,7.0,1,526,True,False,3,2024-12-13,GB,DE,319,17,16,3.0,9.0,True,False,False,False
pid_00411,seller_3395,Automotive,ElectroMax,248.16,4.3,0,4,412.0,12.0,0,533,True,True,4,2024-11-06,GB,IN,1055,89,61,1.0,26.0,False,False,False,False
pid_02261,seller_7391,Cosmetics,PureSk1n,150.13,3.4,1687,3,51.0,16.0,2,2438,False,False,2,2024-08-23,JP,DE,2239,117,82,2.0,0.0,False,False,False,True
pid_01062,seller_4489,Pharmaceuticals,MotorMax,181.02,4.5,1553,7,666.0,18.0,0,4000,True,True,3,2024-08-29,DE,IN,684,93,50,4.0,2.0,False,False,False,False
pid_04212,seller_7309,Luxury Goods,MediPharm,5.0,2.2,907,4,59.0,25.0,3,549,True,True,2,2024-04-22,DE,FR,812,104,37,3.0,17.0,False,False,False,True
pid_04918,seller_4011,Pharmaceuticals,EliteDesign,76.5,4.5,2645,4,672.0,18.0,0,2805,True,True,2,2025-02-24,AU,AU,4843,432,123,2.0,23.0,False,False,False,False
pid_04343,seller_5742,Pharmaceuticals,PureSkin,223.16,3.6,1348,3,654.0,3.0,2,1966,True,True,3,2024-10-07,FR,KR,2480,211,50,0.0,19.0,True,False,False,True
pid_03561,seller_1828,Pharmaceuticals,LuxuryBrand,227.39,3.8,929,8,399.0,6.0,0,581,True,True,1,2024-11-08,IN,AU,346,49,11,1.0,7.0,False,False,False,False
pid_00665,seller_5406,Electronics,Electr0Max,303.39,3.3,7,4,357.0,8.0,1,3502,False,False,3,2024-09-02,KR,KR,313,46,5,4.0,11.0,True,False,False,True
pid_04943,seller_7124,Fashion,BioMed So1utions,21.54,,0,4,132.0,27.0,2,976,True,False,1,2024-11-10,IN,JP,1710,98,99,1.0,9.0,False,False,False,True
pid_04671,seller_6135,Automotive,GlamourCo,136.11,3.7,2598,5,425.0,15.0,0,4000,False,True,3,2025-07-09,IN,IN,2715,246,118,3.0,20.0,True,False,False,False
pid_04188,seller_4269,Cosmetics,ClassicWear,151.46,3.4,0,1,321.0,14.0,0,100,True,True,2,2024-04-15,CN,FR,2653,147,198,1.0,17.0,False,False,False,True
pid_04953,seller_2808,Cosmetics,GlamourCo,76.09,3.9,2193,4,244.0,33.0,0,2236,True,False,1,2024-11-12,JP,JP,1010,92,63,0.0,14.0,True,True,False,False
pid_00114,seller_4286,Cosmetics,CarTech,199.22,3.5,4648,3,384.0,20.0,3,296,True,False,2,2024-02-26,US,US,2211,40,100,0.0,18.0,True,False,False,False
pid_03989,seller_1634,Automotive,EliteDesign,147.97,4.1,0,4,51.0,16.0,1,1043,False,False,2,2024-12-17,IN,KR,1640,174,10,2.0,,False,False,False,False
pid_02302,seller_9553,Luxury Goods,PureSkin,347.57,4.0,5067,3,484.0,4.0,0,2853,True,False,5,2024-01-10,US,IN,4491,462,293,,29.0,True,False,False,False
pid_02477,seller_2710,Pharmaceuticals,Prem1umCraft,5.0,3.3,0,3,384.0,,3,1553,True,True,1,2025-03-24,AU,IN,3054,316,83,1.0,3.0,True,False,False,True
pid_03250,seller_7723,Luxury Goods,ClassicWear,162.1,4.9,7308,5,711.0,1.0,0,3379,True,False,3,2025-06-25,CA,FR,3530,106,100,3.0,24.0,False,False,False,False
pid_00118,seller_3857,Automotive,LuxuryBrand,98.58,3.6,0,1,329.0,18.0,0,1193,False,True,1,2024-05-25,GB,JP,4639,349,173,0.0,29.0,False,False,False,True
pid_01981,seller_6876,Pharmaceuticals,CircuitMa5ter,205.12,3.4,1858,3,813.0,11.0,0,711,True,False,1,2025-08-25,JP,KR,4679,257,371,2.0,5.0,False,False,False,True
pid_02180,seller_7853,Fashion,LuxuryBrand,212.9,4.0,3161,3,318.0,19.0,0,2099,True,True,2,2024-10-24,AU,CA,2395,260,130,1.0,13.0,False,False,True,False
pid_00162,seller_2597,Cosmetics,TechCorp,212.17,4.5,509,2,498.0,1.0,1,2479,True,True,4,2025-03-16,GB,FR,1881,144,137,2.0,24.0,False,False,False,False
pid_00263,seller_5038,Luxury Goods,ClassicW3ar,118.02,3.7,2042,5,591.0,23.0,2,2562,False,True,4,2025-08-08,JP,FR,4490,248,355,0.0,1.0,False,False,False,True
pid_04342,seller_4142,Pharmaceuticals,EliteDesign,114.64,4.1,3303,4,724.0,16.0,0,2244,True,False,3,2024-07-04,CN,AU,493,49,27,2.0,14.0,True,False,False,True
pid_00775,seller_1435,Electronics,GlamourCo,200.25,5.0,3036,1,462.0,7.0,1,145,True,True,2,2025-04-12,AU,DE,2259,96,86,2.0,9.0,False,False,False,False
pid_04553,seller_6376,Automotive,Mot0rMax,127.01,3.8,228,2,165.0,31.0,3,207,True,True,1,2024-02-29,DE,US,899,40,45,1.0,12.0,False,False,True,True
pid_04473,seller_1698,Fashion,FashionForward,293.33,3.6,2447,7,340.0,13.0,0,2086,True,False,2,2024-03-13,FR,JP,3421,107,123,2.0,25.0,False,False,False,True
pid_00651,seller_8385,Luxury Goods,FashionForward,95.35,4.2,0,1,406.0,18.0,2,1231,True,True,4,2024-11-06,FR,DE,2312,269,163,0.0,6.0,False,False,True,False
pid_03723,seller_1729,Electronics,CircuitMaster,89.5,3.9,2550,5,449.0,4.0,0,1728,True,True,3,2024-04-27,US,KR,3217,139,140,0.0,10.0,False,False,False,True
pid_04527,seller_4101,Automotive,GlamourCo,96.65,4.4,0,3,260.0,9.0,3,168,False,False,4,2025-12-28,US,CA,3022,176,228,1.0,5.0,False,False,False,False
pid_01170,seller_9275,Cosmetics,MotorMax,157.17,4.6,2211,3,810.0,26.0,1,1479,False,True,3,2025-11-20,IN,GB,3119,302,161,0.0,13.0,False,False,False,True
pid_04621,seller_9967,Pharmaceuticals,El3ctroMax,219.58,4.6,164,4,454.0,32.0,0,496,True,False,4,2025-12-11,FR,IN,1992,277,66,1.0,18.0,False,False,False,True
pid_03011,seller_8695,Fashion,BeautyLux,84.89,3.4,0,4,261.0,12.0,1,600,False,False,2,2024-01-06,CA,CA,3189,372,105,0.0,13.0,False,False,True,True
pid_04963,seller_2349,Pharmaceuticals,TechCorp,139.66,3.9,2389,3,737.0,19.0,0,1089,True,False,1,2025-02-14,JP,GB,2500,66,73,2.0,17.0,False,False,False,False
pid_03874,seller_1373,Electronics,FashionForward,110.7,4.2,2876,5,780.0,31.0,1,731,True,True,5,2024-02-03,CN,DE,1477,111,32,2.0,5.0,True,False,False,False
pid_04957,seller_2840,Cosmetics,CircuitM@ster,82.72,3.5,3357,2,288.0,16.0,3,5,False,False,1,2024-03-10,AU,DE,4801,64,380,1.0,10.0,False,False,False,True
pid_01368,seller_6695,Electronics,NaturalGlow,44.53,3.7,2039,3,480.0,18.0,1,568,True,True,1,2025-01-05,US,CA,2579,377,164,0.0,24.0,False,False,False,True
pid_00897,seller_2433,Automotive,VehicleCare,82.2,3.3,0,2,20.0,13.0,0,235,True,True,5,2025-11-27,AU,US,2015,213,25,1.0,4.0,False,False,False,False
pid_00928,seller_2078,Cosmetics,Vehicl3Care,37.86,,1038,1,429.0,26.0,0,2076,True,False,1,2024-01-31,IN,DE,4257,509,228,0.0,8.0,False,False,False,True
pid_00014,seller_9348,Electronics,LuxuryBrand,99.11,3.5,3039,2,411.0,32.0,1,5,True,True,2,2024-04-11,DE,KR,2669,183,206,0.0,10.0,False,False,False,True
pid_02548,seller_3280,Fashion,BioMed Solutions,299.97,4.7,5670,8,748.0,6.0,0,1948,True,True,4,2024-10-19,US,AU,1774,223,88,2.0,21.0,False,False,False,False
pid_00967,seller_1893,Fashion,Digita1Pro,5.0,3.8,2647,2,48.0,24.0,2,3666,False,True,1,2024-11-25,DE,FR,769,55,20,2.0,7.0,False,False,False,True
pid_01106,seller_2945,Fashion,PureSk1n,191.82,4.5,1051,4,552.0,1.0,1,2517,True,False,1,2025-01-13,IN,JP,3155,37,231,0.0,22.0,False,False,True,True
pid_04604,seller_8357,Pharmaceuticals,GlamourCo,186.69,3.1,2302,5,304.0,8.0,0,110,True,True,3,2025-07-02,DE,CN,3439,367,190,1.0,0.0,False,False,False,False
pid_04336,seller_5539,Cosmetics,Clas5icWear,40.39,3.1,482,2,332.0,20.0,2,5,False,True,1,2025-10-03,KR,CA,986,94,29,0.0,2.0,True,True,False,True
pid_03968,seller_2825,Cosmetics,AutoParts Pro,134.04,3.1,1384,1,454.0,20.0,2,55,False,True,1,2025-07-13,KR,FR,1426,63,90,0.0,4.0,False,True,True,False
pid_01254,seller_6706,Cosmetics,FashionForward,310.72,4.2,5645,6,806.0,4.0,0,4000,True,True,3,2025-06-19,US,KR,1463,198,55,2.0,,False,False,False,False
pid_02648,seller_8280,Luxury Goods,BioMed Solut1ons,63.62,4.9,3932,7,769.0,7.0,0,4000,True,False,1,2025-03-17,IN,DE,4657,425,236,0.0,,False,False,False,True
pid_02923,seller_3109,Electronics,WellnessLab,208.52,3.5,1490,4,249.0,19.0,2,1007,True,False,3,2025-01-19,IN,IN,4676,355,368,0.0,20.0,False,False,False,False
pid_04264,seller_5065,Cosmetics,BeautyLux,112.36,3.7,0,3,176.0,8.0,1,1543,False,False,3,2024-04-22,CN,DE,4127,284,145,0.0,13.0,True,False,False,False
pid_04966,seller_2165,Automotive,BeautyLux,77.62,4.5,1430,4,122.0,12.0,1,1954,False,False,5,2025-11-12,DE,US,4039,337,185,0.0,6.0,True,True,False,False
pid_01639,seller_5247,Automotive,PremiumCraft,143.09,4.3,5451,4,856.0,1.0,1,4000,True,False,3,2025-03-07,CN,GB,650,69,11,4.0,16.0,False,False,False,False
pid_01133,seller_4527,Fashion,DigitalPro,186.62,3.7,0,7,848.0,1.0,0,1477,False,True,2,2024-04-23,DE,AU,2319,148,181,0.0,9.0,False,False,False,False
pid_04691,seller_3882,Fashion,Prem1umCraft,364.86,4.9,284,2,244.0,17.0,1,2620,False,False,2,2025-09-18,AU,AU,2334,342,162,1.0,15.0,False,False,False,True
pid_03519,seller_6958,Electronics,Fa5hionForward,221.36,4.1,2854,6,732.0,1.0,0,1686,True,False,2,2024-10-18,DE,CA,4490,121,170,2.0,18.0,False,False,False,True
pid_01878,seller_9376,Fashion,BeautyLux,175.62,4.1,2561,6,487.0,30.0,1,847,True,True,2,2024-07-17,GB,DE,803,89,56,0.0,0.0,False,False,False,False
pid_00271,seller_7888,Pharmaceuticals,BioMed Solutions,5.0,4.5,2422,1,437.0,8.0,0,190,False,True,3,2024-07-11,KR,JP,1894,102,63,1.0,19.0,False,False,False,True
pid_01473,seller_8615,Fashion,WellnessLab,187.89,3.9,0,6,340.0,19.0,1,1637,True,False,5,2024-09-24,CN,IN,4598,112,180,1.0,1.0,True,False,False,False
pid_01547,seller_9716,Luxury Goods,LuxuryBr@nd,186.76,3.9,3336,1,464.0,2.0,1,1885,True,True,6,2025-01-11,CN,CA,3561,524,47,0.0,16.0,False,False,True,True
pid_04310,seller_7365,Fashion,WellnessLab,206.78,2.8,2672,2,158.0,27.0,1,570,False,True,2,2025-12-10,FR,DE,2365,39,152,1.0,17.0,False,False,True,False
pid_04675,seller_5054,Automotive,Digita1Pro,5.0,3.4,0,1,212.0,23.0,2,1698,True,False,1,2025-01-25,FR,CA,3821,357,292,0.0,8.0,False,False,False,True
pid_04440,seller_8442,Automotive,ElectroMax,79.73,3.5,2061,1,62.0,1.0,1,747,True,True,3,2024-08-28,DE,DE,885,103,7,1.0,4.0,False,False,False,True
pid_00838,seller_7148,Cosmetics,PureSkin,308.89,5.0,0,3,591.0,1.0,0,2668,False,True,5,2024-05-31,AU,CA,2341,239,44,0.0,22.0,False,False,False,False
pid_02195,seller_7042,Luxury Goods,Dig1talPro,5.0,3.7,783,1,404.0,12.0,1,5,True,True,1,2024-04-26,IN,CA,1867,69,126,1.0,0.0,True,True,False,False
pid_01835,seller_4045,Cosmetics,CarTech,74.37,3.9,2599,3,276.0,1.0,0,665,True,False,2,2025-05-05,KR,FR,2846,296,33,3.0,0.0,False,False,False,True
pid_00412,seller_1135,Automotive,EliteDesign,282.21,3.6,2294,4,665.0,1.0,1,3293,True,True,5,2024-09-17,GB,FR,4308,135,339,4.0,22.0,True,False,False,False
pid_01712,seller_5019,Pharmaceuticals,ClassicWear,174.22,3.2,0,3,370.0,16.0,1,1474,True,False,3,2024-11-05,AU,JP,1916,90,60,1.0,20.0,False,False,False,True
pid_04438,seller_8932,Automotive,AutoParts Pro,103.64,3.7,1609,2,368.0,15.0,1,5,False,True,3,2025-01-15,KR,DE,2572,255,161,2.0,14.0,False,False,False,False
pid_02795,seller_7619,Cosmetics,ElectroMax,16.5,4.4,0,4,463.0,12.0,0,2044,True,False,2,2024-05-18,AU,CN,4822,196,180,0.0,19.0,False,False,False,True
pid_02221,seller_2518,Luxury Goods,CarTech,225.13,3.9,3082,1,562.0,1.0,0,1294,True,True,3,2024-11-13,US,IN,3811,99,256,2.0,28.0,True,False,False,False
pid_00377,seller_9633,Electronics,ClassicWear,221.24,4.5,5552,5,538.0,1.0,0,3811,True,True,4,2024-05-21,DE,US,2387,140,63,4.0,23.0,False,False,False,False
pid_01491,seller_2736,Fashion,NaturalGlow,216.22,3.5,0,7,428.0,24.0,1,2058,False,False,1,2025-05-25,DE,JP,109,3,4,4.0,3.0,False,False,True,False
pid_00738,seller_5286,Luxury Goods,WellnessL@b,104.17,4.4,811,5,498.0,21.0,2,549,False,True,1,2024-11-27,DE,US,2244,159,158,0.0,2.0,False,False,False,True
pid_03377,seller_7439,Electronics,PremiumCraft,197.93,4.1,5164,2,334.0,17.0,0,3398,True,False,3,2024-05-29,DE,FR,1784,22,59,3.0,0.0,True,False,False,True
pid_03615,seller_5958,Electronics,El3ctroMax,139.03,4.0,2210,1,224.0,13.0,2,2116,False,True,2,2025-06-06,CA,AU,1520,175,36,0.0,0.0,True,False,False,True
pid_04774,seller_9637,Fashion,StyleHouse,300.82,4.8,2900,5,248.0,8.0,1,992,True,False,2,2024-07-19,US,DE,2080,201,74,4.0,2.0,False,False,False,False
pid_00052,seller_1474,Automotive,MotorMax,232.81,3.5,1083,5,543.0,24.0,2,2865,True,True,3,2024-01-22,GB,JP,878,19,9,0.0,26.0,False,False,False,False
pid_04114,seller_8676,Cosmetics,C@rTech,237.88,4.9,0,4,303.0,34.0,0,1877,True,True,3,2024-11-23,US,US,2138,311,11,1.0,12.0,False,False,True,False
pid_02269,seller_8387,Luxury Goods,TrendSetter,91.62,3.6,0,2,20.0,36.0,1,679,True,False,2,2025-01-29,DE,FR,4471,493,68,0.0,0.0,False,False,False,True
pid_03094,seller_4525,Electronics,VehicleCare,151.03,5.0,0,5,512.0,1.0,2,2312,True,False,4,2024-02-12,KR,FR,3420,254,222,0.0,22.0,False,False,False,False
pid_01389,seller_6068,Luxury Goods,Vehic1eCare,191.65,3.3,1579,5,349.0,1.0,1,1419,False,False,2,2025-09-10,DE,JP,3649,442,63,1.0,0.0,True,False,True,True
pid_03188,seller_7086,Pharmaceuticals,ExclusiveItems,279.0,4.1,1600,2,90.0,9.0,1,1945,True,True,1,2025-06-18,AU,GB,548,61,36,2.0,4.0,False,False,False,False
pid_03478,seller_3368,Luxury Goods,StyleHouse,303.46,,1886,5,804.0,20.0,2,2971,False,True,6,2025-06-16,KR,CA,2588,361,77,3.0,5.0,False,False,False,True
pid_03433,seller_5996,Luxury Goods,BioMed Solutions,263.7,5.0,2701,7,730.0,1.0,0,4000,True,False,5,2024-07-14,GB,FR,3380,50,151,1.0,28.0,False,False,False,False
pid_04191,seller_2550,Automotive,GlamourC0,93.37,3.0,1897,2,20.0,35.0,3,545,False,False,2,2024-03-26,FR,FR,1406,134,65,2.0,16.0,False,True,False,True
pid_02309,seller_7692,Fashion,NaturalGlow,216.5,4.2,1206,1,608.0,38.0,1,3084,False,False,1,2025-08-27,US,KR,2255,62,120,0.0,16.0,True,False,False,True
pid_03222,seller_6476,Electronics,MediPharm,12.24,4.5,0,1,556.0,13.0,0,448,True,False,2,2025-10-23,US,KR,605,76,14,0.0,0.0,False,False,False,False
pid_02590,seller_6479,Pharmaceuticals,PremiumCraft,5.0,3.3,0,6,20.0,23.0,0,1378,False,False,3,2024-06-16,KR,CN,1705,35,24,2.0,3.0,False,True,False,True
pid_01632,seller_4388,Cosmetics,MediPharm,213.54,3.8,941,8,784.0,17.0,0,757,True,True,2,2025-01-26,CN,FR,4765,255,209,1.0,0.0,False,True,False,False
pid_04275,seller_4998,Cosmetics,AutoParts Pro,282.44,4.5,0,7,502.0,26.0,0,1290,False,True,3,2024-04-04,US,CN,1932,250,28,2.0,8.0,False,False,False,False
pid_03174,seller_1435,Electronics,ClassicWe@r,149.39,3.0,2108,6,219.0,8.0,0,907,True,True,4,2024-08-04,FR,CA,1369,162,52,3.0,1.0,False,False,False,False
pid_02976,seller_7634,Pharmaceuticals,MotorMax,167.48,4.9,0,5,364.0,2.0,1,146,True,True,2,2025-01-01,AU,AU,4013,320,60,2.0,4.0,True,False,False,False
pid_04280,seller_9717,Electronics,B1oMed Solutions,148.96,4.1,2733,4,189.0,14.0,0,1618,False,True,2,2025-07-11,JP,CA,3264,414,96,3.0,16.0,True,True,True,True
pid_00467,seller_9292,Automotive,TrendSetter,117.72,3.5,1051,2,20.0,18.0,1,100,False,True,1,2025-03-24,DE,AU,1068,114,73,1.0,4.0,True,True,False,True
pid_04789,seller_4879,Fashion,StyleHouse,82.14,4.3,308,2,346.0,10.0,0,1208,True,True,5,2024-09-15,CN,IN,1255,138,23,0.0,15.0,False,True,True,False
pid_00903,seller_5416,Cosmetics,AutoParts Pro,195.05,4.1,4373,2,623.0,6.0,1,5,True,True,4,2024-08-13,CN,JP,4585,116,108,0.0,20.0,False,False,False,False
pid_04767,seller_1668,Electronics,CircuitMaster,161.61,4.4,4428,4,493.0,9.0,0,1496,True,True,5,2025-11-18,AU,JP,3985,82,259,3.0,10.0,False,False,True,False
pid_00071,seller_7977,Electronics,MediPharm,137.16,4.1,324,3,468.0,2.0,0,2973,True,True,4,2025-01-11,DE,AU,1928,126,31,3.0,28.0,False,False,False,False
pid_03217,seller_9047,Electronics,Gl@mourCo,5.0,2.7,0,1,239.0,33.0,2,951,False,False,1,2025-05-31,AU,CN,2867,349,53,2.0,12.0,False,False,False,True
pid_01898,seller_4769,Fashion,ClassicWear,55.92,4.1,5703,3,152.0,9.0,3,681,True,True,1,2024-12-10,IN,FR,72,2,4,5.0,,True,False,False,False
pid_03995,seller_4249,Luxury Goods,NaturalG1ow,191.38,3.8,2593,1,97.0,34.0,2,1341,True,False,2,2025-10-31,IN,CA,4478,69,178,3.0,15.0,False,False,False,True
pid_01207,seller_2882,Luxury Goods,TrendS3tter,91.11,4.7,456,6,237.0,26.0,0,5,True,True,1,2025-03-16,DE,IN,2352,123,128,1.0,0.0,False,False,False,False
pid_02077,seller_3572,Luxury Goods,PremiumCraft,53.6,3.8,0,1,532.0,26.0,1,5,False,True,1,2024-05-31,IN,JP,3400,161,245,1.0,0.0,False,False,False,True
pid_01590,seller_9512,Cosmetics,MediPharm,120.22,4.3,1821,2,,18.0,2,1619,True,False,1,2025-05-02,FR,JP,4360,214,149,0.0,13.0,False,False,True,False
pid_02844,seller_6942,Cosmetics,HealthCare Plus,112.88,4.2,0,3,458.0,27.0,0,2456,True,True,1,2024-07-10,GB,FR,2384,208,122,1.0,14.0,True,False,False,False
pid_02205,seller_3245,Automotive,AutoParts Pro,91.02,4.9,2080,5,400.0,1.0,0,923,True,True,4,2025-05-10,KR,CA,4575,82,310,5.0,17.0,False,True,False,False
pid_02980,seller_9531,Luxury Goods,EliteDesign,152.98,4.0,2891,8,820.0,13.0,0,2111,True,True,4,2025-12-15,AU,GB,2767,346,154,2.0,23.0,True,False,True,False
pid_00658,seller_4450,Cosmetics,FashionForward,5.0,,0,1,117.0,13.0,1,677,False,False,1,2024-08-10,IN,FR,1264,127,71,1.0,0.0,True,False,False,True
pid_00063,seller_8743,Fashion,CarTech,93.12,4.8,5112,4,563.0,6.0,0,2312,True,True,1,2024-09-05,KR,CA,810,46,57,1.0,23.0,True,True,False,False
pid_01838,seller_1886,Automotive,WellnessLab,67.04,3.2,56,4,364.0,18.0,1,925,True,True,2,2025-12-02,GB,KR,3425,108,35,2.0,13.0,True,False,False,True
pid_04000,seller_1906,Cosmetics,GlamourCo,161.14,4.1,1392,6,214.0,19.0,0,5,False,True,4,2025-07-25,US,AU,1643,200,52,1.0,20.0,False,False,False,True
pid_03036,seller_3411,Luxury Goods,BioMed Solutions,89.08,4.0,1487,6,579.0,11.0,0,825,False,True,4,2025-07-24,IN,CA,1960,34,102,0.0,11.0,False,False,False,False
pid_00454,seller_3298,Electronics,NaturalGlow,185.85,4.2,5470,6,592.0,1.0,0,1884,True,True,3,2024-03-19,JP,DE,448,61,28,0.0,11.0,True,False,False,False
pid_00402,seller_5577,Luxury Goods,MediPharm,120.4,3.7,1066,3,577.0,14.0,3,1979,True,True,5,2025-01-10,AU,CN,2546,272,69,2.0,12.0,False,True,False,False
pid_01472,seller_6543,Automotive,StyleHouse,153.65,4.9,6770,6,372.0,5.0,0,2081,True,True,3,2024-09-06,JP,CN,2040,123,94,0.0,21.0,False,False,False,False
pid_00677,seller_5877,Fashion,HealthCare Plus,172.01,3.2,0,3,410.0,27.0,2,616,False,False,1,2025-01-21,JP,AU,4687,184,126,2.0,14.0,False,False,True,True
pid_03356,seller_6055,Cosmetics,NaturalGlow,69.3,5.0,1093,4,229.0,9.0,0,2886,True,True,4,2024-02-21,FR,US,3296,129,242,2.0,13.0,False,False,False,False
pid_01616,seller_1567,Automotive,FashionForward,130.98,4.2,5901,4,396.0,20.0,0,1079,True,True,4,2024-02-01,IN,JP,1764,226,30,1.0,,False,False,True,False
pid_01251,seller_1267,Luxury Goods,DigitalPro,14.63,3.9,1538,2,239.0,21.0,3,2101,True,True,2,2024-04-21,JP,US,418,27,5,0.0,14.0,False,False,False,True
pid_01983,seller_6212,Luxury Goods,PremiumCraft,212.1,5.0,3720,6,511.0,8.0,0,1389,False,True,3,2025-11-16,AU,KR,1334,174,64,4.0,0.0,True,False,False,False
pid_03425,seller_2502,Cosmetics,FashionForward,189.91,4.4,3264,4,552.0,16.0,3,4000,False,False,5,2024-03-29,DE,CN,3512,257,68,0.0,7.0,False,False,False,False
pid_03843,seller_4718,Fashion,NaturalGlow,205.86,3.8,1648,5,735.0,3.0,0,2899,True,True,5,2024-02-05,AU,US,4579,553,144,4.0,13.0,False,False,False,False
pid_01033,seller_6626,Electronics,Mot0rMax,87.49,3.2,843,3,448.0,5.0,1,1579,True,True,4,2025-06-29,CN,KR,1339,172,32,2.0,3.0,True,False,True,True
pid_00174,seller_1776,Cosmetics,MediPharm,161.37,,675,5,416.0,5.0,0,5,True,True,1,2025-12-12,DE,FR,4113,522,185,1.0,14.0,False,False,False,True
pid_00939,seller_3923,Cosmetics,BeautyLux,237.5,5.0,6380,6,,1.0,0,1699,True,True,2,2025-11-13,JP,FR,4613,274,129,3.0,28.0,True,False,False,True
pid_03102,seller_4395,Automotive,MediPharm,79.23,4.4,4278,3,688.0,19.0,1,1266,False,True,1,2025-02-24,AU,AU,1344,53,16,1.0,15.0,True,False,False,False
pid_02587,seller_6039,Cosmetics,MediPharm,144.26,4.0,3692,8,610.0,23.0,0,3504,True,True,2,2025-08-24,AU,CN,678,34,47,1.0,7.0,False,False,False,True
pid_00334,seller_4737,Electronics,V3hicleCare,55.85,3.8,698,2,475.0,8.0,2,5,False,True,2,2024-11-07,CN,CA,3404,242,212,2.0,0.0,False,False,False,True
pid_00873,seller_9332,Fashion,ExclusiveItems,295.13,4.9,3484,6,249.0,1.0,1,846,False,True,3,2024-03-12,US,CN,2628,264,178,5.0,16.0,False,False,False,False
pid_02853,seller_8725,Automotive,MotorMax,98.64,3.9,446,6,160.0,1.0,0,111,False,False,2,2025-07-21,GB,FR,582,86,15,1.0,14.0,False,True,False,False
pid_01486,seller_9696,Fashion,MediPharm,177.35,5.0,2367,6,420.0,16.0,1,1811,True,True,4,2024-01-11,AU,IN,4122,471,185,5.0,21.0,False,False,True,True
pid_04293,seller_7065,Automotive,MotorM@x,5.0,2.6,0,3,126.0,18.0,0,1308,True,False,3,2024-11-28,JP,AU,2888,190,198,3.0,6.0,False,False,False,True
pid_00296,seller_1345,Pharmaceuticals,ElectroMax,66.44,4.3,897,5,384.0,1.0,0,2153,False,False,5,2024-05-21,US,JP,4922,49,91,0.0,8.0,True,False,False,False
pid_04870,seller_2097,Fashion,VehicleCare,5.0,3.9,885,2,242.0,4.0,1,1851,True,True,2,2024-04-06,US,FR,3427,53,201,1.0,0.0,False,False,True,True
pid_04803,seller_6921,Electronics,BioMed Solutions,151.07,3.9,1967,2,345.0,31.0,0,1402,False,True,1,2025-04-18,CA,US,520,58,34,5.0,8.0,False,False,False,True
pid_03845,seller_8669,Cosmetics,CircuitMaster,122.53,3.7,4814,6,588.0,22.0,2,2081,True,True,4,2025-09-18,AU,CN,3386,302,76,2.0,0.0,True,False,False,True
pid_04218,seller_4922,Cosmetics,ClassicWear,190.61,3.8,1270,4,359.0,13.0,0,2946,True,False,4,2025-01-12,CA,FR,1023,96,11,2.0,15.0,False,True,False,False
pid_03760,seller_4570,Electronics,VehicleCare,211.96,4.2,3054,5,656.0,8.0,1,1581,True,True,1,2025-03-04,DE,GB,3948,312,40,2.0,16.0,False,False,False,False
pid_00378,seller_3631,Pharmaceuticals,AutoParts Pro,51.43,3.1,0,3,163.0,1.0,1,591,False,True,2,2025-08-16,CA,GB,3798,274,73,0.0,15.0,False,True,False,False
pid_03110,seller_6608,Cosmetics,ElectroMax,84.16,4.0,0,2,138.0,18.0,0,2040,False,True,2,2025-11-08,GB,CA,2018,82,146,0.0,11.0,True,False,False,False
pid_02770,seller_5669,Electronics,MediPharm,121.51,3.9,894,9,29.0,1.0,2,1276,False,False,2,2024-04-20,KR,CN,2845,235,23,0.0,5.0,True,False,False,False
pid_03918,seller_2353,Cosmetics,HealthCare Plus,124.14,3.4,453,3,490.0,8.0,0,4000,False,True,6,2024-11-27,AU,GB,1649,129,127,3.0,8.0,True,False,False,False
pid_04138,seller_3188,Cosmetics,MediPharm,165.09,4.3,3407,8,633.0,1.0,2,1992,True,True,6,2024-01-07,GB,FR,3450,433,18,4.0,11.0,True,False,True,False
pid_02210,seller_5437,Pharmaceuticals,NaturalGlow,56.15,4.0,5819,1,734.0,1.0,1,1775,True,True,2,2025-03-30,US,DE,2074,278,37,3.0,3.0,False,False,False,False
pid_02172,seller_7424,Electronics,DigitalPro,145.23,3.2,2582,7,217.0,23.0,2,2473,True,False,5,2024-11-24,AU,GB,1900,199,109,4.0,19.0,False,True,False,True
pid_02599,seller_2441,Electronics,NaturalGlow,285.45,4.6,2163,4,636.0,26.0,0,4000,True,True,2,2025-06-02,KR,CA,4673,638,315,3.0,12.0,False,False,False,False
pid_02052,seller_3890,Electronics,NaturalGlow,157.2,4.0,1878,4,430.0,29.0,2,3692,True,True,5,2024-06-15,FR,FR,3628,123,265,2.0,17.0,True,False,True,False
pid_00915,seller_2863,Luxury Goods,CircuitMaster,125.21,3.4,0,5,178.0,26.0,1,5,False,True,1,2024-05-09,AU,AU,1003,36,40,0.0,5.0,False,True,False,False
pid_04973,seller_5355,Cosmetics,CircuitMaster,146.18,4.2,2110,5,267.0,17.0,0,1063,True,True,2,2025-06-08,JP,JP,3211,351,121,2.0,15.0,True,False,False,False
pid_04800,seller_7381,Electronics,TechCorp,182.25,3.9,3478,3,511.0,7.0,0,5,True,True,2,2025-08-09,CA,US,2711,399,14,0.0,19.0,False,False,False,False
pid_02335,seller_7692,Fashion,WellnessLab,243.71,,3180,5,537.0,21.0,0,864,True,False,3,2025-06-18,AU,GB,819,9,29,3.0,5.0,False,False,False,False
pid_03820,seller_4233,Fashion,ElectroMax,289.34,3.8,1122,6,820.0,7.0,2,1885,True,True,4,2025-07-30,KR,KR,2267,145,31,4.0,27.0,False,True,False,True
pid_00956,seller_3274,Luxury Goods,GlamourCo,241.2,4.9,6364,6,752.0,3.0,0,1043,True,True,4,2024-01-26,DE,KR,3981,115,121,3.0,18.0,False,False,False,False
pid_01887,seller_1052,Fashion,AutoPart5 Pro,229.47,4.5,1758,4,708.0,1.0,0,3265,True,False,5,2024-05-25,US,AU,4619,371,90,4.0,24.0,False,True,False,False
pid_02720,seller_8940,Automotive,PureSk1n,271.66,4.0,569,5,522.0,14.0,0,470,True,False,2,2024-03-19,GB,GB,3792,139,273,4.0,11.0,False,False,False,True
pid_03717,seller_3235,Electronics,TrendSetter,203.63,3.7,176,6,497.0,24.0,0,2046,False,True,3,2024-04-21,AU,DE,260,37,17,3.0,1.0,False,True,False,True
pid_04027,seller_9475,Electronics,HealthCare P1us,70.45,4.7,2568,3,672.0,1.0,0,2612,True,True,3,2025-05-23,AU,US,2346,251,22,1.0,15.0,False,False,False,True
pid_01182,seller_2454,Cosmetics,LuxuryBrand,28.6,3.3,849,5,,24.0,1,1467,True,True,1,2024-12-22,GB,CA,4516,107,247,1.0,10.0,False,False,False,False
pid_03931,seller_4520,Electronics,LuxuryBrand,154.79,4.0,4258,2,351.0,13.0,0,3486,False,False,2,2025-05-18,DE,DE,3158,199,137,2.0,16.0,False,False,False,False
pid_04602,seller_6058,Automotive,CircuitMaster,207.33,3.6,1176,6,320.0,10.0,0,1928,True,True,2,2024-11-21,JP,AU,3735,385,250,1.0,14.0,False,False,False,False
pid_04452,seller_4239,Pharmaceuticals,E1iteDesign,105.18,3.2,0,2,289.0,30.0,4,5,True,True,1,2025-08-28,GB,DE,3264,142,193,1.0,5.0,False,False,True,True
pid_01423,seller_4929,Electronics,GlamourCo,298.71,3.6,0,5,758.0,16.0,2,1129,True,False,6,2025-08-13,US,GB,1749,78,27,1.0,13.0,False,False,False,False
pid_04992,seller_4007,Fashion,PureSkin,268.96,4.5,1293,7,541.0,17.0,0,623,False,True,3,2025-06-05,CN,AU,74,5,2,3.0,,False,False,False,False
pid_02400,seller_9977,Fashion,LuxuryBrand,289.66,4.3,2706,7,373.0,10.0,0,2074,True,False,4,2025-02-13,CN,AU,2604,149,208,3.0,17.0,False,False,False,False
pid_02892,seller_8425,Pharmaceuticals,ExclusiveItems,129.88,3.9,3882,8,427.0,1.0,0,1930,False,True,1,2025-03-21,US,CA,3894,312,309,3.0,14.0,True,False,False,False
pid_03596,seller_6702,Fashion,MotorMax,303.86,4.1,4304,5,685.0,,0,3470,True,True,6,2024-09-18,AU,CA,899,133,34,2.0,3.0,False,False,False,True
pid_01722,seller_2945,Fashion,DigitalPro,204.13,4.6,2486,6,660.0,4.0,0,3169,True,True,2,2024-09-17,FR,IN,1624,80,17,0.0,17.0,False,False,True,False
pid_01667,seller_1152,Automotive,TechCorp,134.19,4.2,3271,3,578.0,26.0,0,5,False,True,3,2024-06-14,DE,JP,403,10,17,4.0,23.0,True,True,False,True
pid_02884,seller_1624,Electronics,FashionForward,93.61,3.4,0,1,262.0,18.0,2,1163,False,True,3,2024-01-22,US,FR,2098,87,71,0.0,7.0,False,True,False,True
pid_02994,seller_7082,Electronics,BioMed Solutions,213.89,4.3,2886,6,491.0,6.0,1,2545,True,True,4,2024-05-19,DE,US,2770,232,59,1.0,25.0,False,True,False,True
pid_00886,seller_8436,Cosmetics,DigitalPro,80.88,3.6,0,1,364.0,17.0,1,1781,True,False,3,2024-04-16,AU,DE,2923,173,174,3.0,2.0,False,False,True,True
pid_04056,seller_4144,Pharmaceuticals,StyleHouse,125.42,4.2,1284,3,464.0,13.0,3,5,True,True,3,2025-03-26,KR,AU,4753,239,173,2.0,20.0,True,False,False,True
pid_04796,seller_9358,Electronics,ExclusiveItems,6.99,3.1,2593,3,447.0,13.0,1,1401,True,True,1,2024-10-30,GB,DE,628,41,27,2.0,9.0,True,False,False,False
pid_00333,seller_4323,Electronics,M3diPharm,5.0,,1899,2,310.0,20.0,0,588,True,True,1,2024-07-13,KR,AU,4054,427,34,0.0,23.0,False,False,False,True
pid_00153,seller_3777,Luxury Goods,ClassicWear,158.08,4.1,829,4,250.0,2.0,2,402,True,True,1,2024-07-19,GB,FR,1379,102,63,1.0,19.0,False,False,False,False
pid_00721,seller_9391,Electronics,B3autyLux,111.29,3.7,475,3,315.0,15.0,0,756,False,True,1,2024-02-04,CN,IN,3571,303,182,1.0,1.0,True,False,False,True
pid_00373,seller_6244,Cosmetics,BeautyLux,108.14,4.0,2550,3,20.0,16.0,1,1831,False,True,1,2025-12-13,AU,JP,4071,607,313,2.0,0.0,True,False,False,False
pid_00312,seller_1961,Electronics,HealthCare Plus,228.14,3.1,0,1,256.0,28.0,1,11,True,True,2,2024-07-06,FR,JP,4541,626,241,0.0,3.0,False,True,True,False
pid_01849,seller_3907,Cosmetics,BioMed Solutions,113.31,4.8,3513,2,395.0,18.0,0,3742,True,False,2,2025-07-22,DE,CA,3419,363,73,1.0,22.0,True,True,False,False
pid_01622,seller_6925,Luxury Goods,F@shionForward,207.97,4.1,1456,4,204.0,26.0,0,2226,True,False,5,2025-06-29,IN,GB,4905,225,383,0.0,18.0,False,False,False,True
pid_00042,seller_6539,Electronics,MediPharm,247.59,4.6,2943,3,1082.0,1.0,0,3451,True,True,4,2024-11-30,IN,CN,3935,535,148,,9.0,False,False,False,False
pid_02693,seller_5392,Luxury Goods,FashionForward,191.67,3.4,767,3,608.0,9.0,0,5,True,True,1,2025-07-11,IN,GB,3909,425,42,2.0,21.0,False,False,False,False
pid_04618,seller_4631,Fashion,StyleHouse,200.9,3.7,0,3,528.0,3.0,0,543,True,False,2,2025-05-05,FR,US,1313,139,62,0.0,0.0,True,True,False,True
pid_00417,seller_3982,Fashion,TechCorp,119.57,4.7,0,4,557.0,23.0,0,2253,True,True,4,2024-01-14,CA,KR,425,52,11,0.0,12.0,False,False,False,False
pid_04911,seller_1883,Luxury Goods,HealthC@re Plus,98.1,3.1,467,1,214.0,9.0,0,1259,True,True,3,2024-07-05,IN,AU,2877,62,73,0.0,7.0,False,False,False,True
pid_04678,seller_5746,Cosmetics,NaturalGlow,172.97,3.9,3896,3,131.0,11.0,2,3255,False,False,1,2024-06-10,KR,CN,3722,134,121,1.0,17.0,False,False,False,True
pid_00704,seller_9595,Electronics,WellnessLab,261.89,4.0,927,2,388.0,1.0,0,758,True,False,3,2024-12-25,CN,CA,3680,252,247,0.0,8.0,False,True,False,False
pid_00732,seller_7695,Cosmetics,CarTech,140.35,3.9,474,2,369.0,16.0,0,5,True,True,2,2024-12-21,CA,CA,4977,199,327,1.0,6.0,True,False,False,False
pid_00944,seller_4320,Electronics,TechC0rp,69.28,4.5,874,5,305.0,6.0,1,3531,False,True,4,2024-10-15,GB,IN,594,82,4,1.0,8.0,True,False,False,True
pid_03614,seller_4668,Fashion,TrendSetter,226.44,5.0,4535,6,719.0,1.0,0,4000,True,True,4,2025-07-29,FR,GB,4886,345,122,3.0,10.0,False,False,False,False
pid_01806,seller_7723,Cosmetics,EliteDesign,55.36,3.7,0,2,327.0,19.0,0,1153,True,True,1,2024-06-21,KR,GB,2925,59,15,0.0,8.0,False,False,False,True
pid_01018,seller_9590,Automotive,FashionForward,55.9,4.1,4652,2,154.0,3.0,1,1958,False,True,2,2024-12-11,JP,IN,956,124,42,2.0,17.0,True,True,False,False
pid_00907,seller_8990,Fashion,TrendSetter,184.13,3.9,2573,7,591.0,13.0,0,1363,True,False,2,2024-03-14,AU,FR,2442,341,91,0.0,17.0,False,False,False,False
pid_01693,seller_1537,Electronics,ElectroMax,124.8,4.7,5226,3,51.0,15.0,0,2690,True,True,2,2025-12-09,US,KR,871,60,52,1.0,13.0,True,False,False,False
pid_02791,seller_7286,Automotive,BioMed Solutions,324.42,4.5,389,7,651.0,1.0,0,2538,True,True,4,2024-04-09,IN,CN,59,3,3,0.0,17.0,False,False,False,False
pid_04368,seller_6702,Electronics,ExclusiveItems,202.0,3.7,2478,5,558.0,1.0,0,2339,True,True,5,2025-09-05,US,GB,3287,239,134,3.0,30.0,False,False,False,False
pid_00519,seller_1910,Electronics,El3ctroMax,277.57,5.0,3314,5,934.0,7.0,0,4000,True,False,6,2025-02-18,CN,US,2368,195,39,4.0,36.0,False,False,False,False
pid_00814,seller_7466,Automotive,ElectroMax,222.91,4.8,3034,6,599.0,17.0,0,84,True,False,2,2025-02-23,JP,US,4255,66,337,3.0,0.0,True,False,False,False
pid_00818,seller_2036,Electronics,ClassicWear,277.84,5.0,2975,9,910.0,8.0,1,3721,True,True,4,2024-08-31,DE,FR,2417,323,90,4.0,12.0,True,False,False,False
pid_03449,seller_3946,Electronics,BeautyLux,167.35,4.7,4746,5,599.0,16.0,0,2424,False,False,3,2024-03-13,CA,JP,1232,115,63,3.0,0.0,False,False,False,False
pid_01522,seller_2671,Fashion,TechC0rp,60.08,4.5,1926,2,141.0,27.0,2,537,False,True,2,2025-07-10,JP,DE,82,4,4,0.0,1.0,False,True,False,True
pid_01638,seller_1780,Automotive,TechCorp,43.8,4.4,97,3,64.0,14.0,0,1336,False,False,5,2025-12-08,KR,FR,1669,199,28,2.0,16.0,False,False,True,True
pid_04931,seller_9626,Fashion,TechCorp,78.29,4.3,2127,5,293.0,10.0,3,236,False,False,2,2024-06-06,CA,FR,4789,486,272,1.0,17.0,False,False,False,False
pid_03557,seller_3383,Luxury Goods,MediPh@rm,232.69,4.3,4353,2,593.0,10.0,0,2839,True,True,3,2024-10-24,AU,AU,3592,105,50,2.0,13.0,False,False,False,True
pid_04722,seller_6230,Electronics,PureSkin,203.38,3.8,0,2,57.0,9.0,0,483,False,False,2,2025-12-29,GB,FR,1945,90,147,0.0,7.0,False,False,False,False
pid_01700,seller_8219,Automotive,BeautyLux,5.01,3.5,903,1,338.0,30.0,3,642,True,True,1,2025-01-16,CA,CA,4754,205,112,1.0,3.0,True,True,False,False
pid_03526,seller_5877,Automotive,Class1cWear,82.87,4.4,2674,3,382.0,15.0,1,5,True,False,1,2024-06-07,GB,GB,1382,161,25,1.0,13.0,False,False,False,True
pid_03734,seller_6788,Fashion,NaturalGlow,302.53,3.9,326,3,469.0,23.0,2,675,False,True,4,2025-10-04,JP,FR,548,58,24,,23.0,False,False,False,False
pid_03046,seller_8066,Luxury Goods,FashionForward,150.89,4.0,3982,4,722.0,31.0,0,2239,True,True,2,2024-02-22,US,GB,1057,46,50,2.0,25.0,False,False,True,True
pid_01883,seller_1071,Pharmaceuticals,Veh1cleCare,66.35,3.7,0,3,686.0,21.0,1,2255,False,True,2,2024-06-06,KR,AU,2022,69,140,0.0,2.0,True,True,True,False
pid_02592,seller_6008,Luxury Goods,PremiumCraft,85.95,4.2,960,2,452.0,31.0,1,225,False,True,1,2024-10-31,DE,AU,2014,148,18,0.0,8.0,False,True,False,True
pid_00379,seller_2555,Fashion,StyleHouse,236.83,4.1,0,7,917.0,8.0,0,1289,False,True,4,2024-09-04,US,US,647,37,24,0.0,0.0,False,False,True,False
pid_03775,seller_4441,Automotive,NaturalGlow,232.62,4.9,3195,7,147.0,1.0,0,3924,True,True,3,2025-06-17,CN,US,236,33,17,0.0,19.0,False,False,False,False
pid_04003,seller_3609,Electronics,LuxuryBrand,131.12,3.8,76,4,341.0,34.0,0,1720,False,True,4,2025-08-09,FR,US,3549,102,166,2.0,7.0,True,True,True,False
pid_02251,seller_5810,Automotive,TechCorp,196.73,4.4,407,4,,12.0,3,2248,False,False,3,2025-07-30,KR,KR,1359,28,55,0.0,25.0,False,True,True,False
pid_04439,seller_5539,Fashion,ClassicWear,141.17,3.4,2852,3,,16.0,1,391,True,True,3,2024-12-30,GB,KR,488,40,3,0.0,11.0,True,False,False,False
pid_02148,seller_9962,Luxury Goods,GlamourCo,146.85,3.9,807,3,364.0,15.0,2,5,True,False,3,2024-04-03,CA,GB,2966,104,128,1.0,0.0,True,True,False,False
pid_03726,seller_7465,Electronics,CircuitMaster,259.69,4.4,3506,4,374.0,1.0,0,2199,True,True,5,2024-06-29,FR,US,1301,107,71,1.0,19.0,True,False,False,False
pid_02144,seller_9424,Luxury Goods,EliteDesign,175.2,3.3,274,1,619.0,21.0,0,5,True,True,2,2024-11-14,GB,FR,265,27,10,0.0,0.0,False,False,False,True
pid_02566,seller_3521,Fashion,Gl@mourCo,299.27,4.2,3836,6,537.0,1.0,1,1541,False,True,4,2025-05-14,FR,US,900,84,19,3.0,28.0,False,False,False,True
pid_01803,seller_1733,Fashion,PremiumCraft,52.85,4.5,0,2,353.0,25.0,0,40,False,False,3,2024-10-23,JP,DE,3386,455,31,1.0,2.0,True,False,False,True
pid_03621,seller_6376,Fashion,Bi0Med Solutions,191.82,3.6,4726,4,297.0,12.0,0,2213,True,False,4,2025-02-25,KR,FR,2457,273,194,4.0,21.0,False,False,False,True
pid_03967,seller_9683,Electronics,ClassicWear,41.6,3.7,0,1,656.0,10.0,1,978,True,False,1,2025-05-25,GB,DE,4383,454,334,1.0,,False,False,True,False
pid_01594,seller_8673,Pharmaceuticals,FashionForward,116.68,4.8,2561,3,461.0,16.0,0,1508,False,True,2,2025-08-21,AU,FR,3569,322,160,3.0,15.0,False,True,False,False
pid_04328,seller_5092,Electronics,TechCorp,42.29,2.7,2379,3,366.0,29.0,1,1288,True,True,3,2025-11-13,CA,JP,3168,414,37,0.0,13.0,False,False,True,True
pid_01706,seller_3047,Cosmetics,MediPharm,154.27,3.4,1301,2,434.0,32.0,1,1922,True,True,4,2024-03-09,CA,CA,1340,56,93,2.0,16.0,True,False,False,False
pid_04927,seller_9911,Fashion,PureSk1n,74.13,4.4,2480,1,393.0,16.0,0,2893,True,False,3,2025-08-07,JP,GB,3779,444,213,0.0,6.0,True,False,False,True
pid_03790,seller_6354,Electronics,BioMed Solutions,195.91,3.7,4571,2,265.0,26.0,3,2491,True,True,3,2024-01-31,US,IN,198,17,2,0.0,16.0,False,False,False,True
pid_01820,seller_4766,Electronics,GlamourCo,113.52,3.4,0,2,635.0,21.0,2,468,False,False,1,2024-06-06,IN,GB,3925,74,265,1.0,5.0,False,False,False,False
pid_02562,seller_1631,Electronics,MotorMax,72.96,3.2,3523,1,190.0,9.0,1,582,True,False,3,2024-08-20,KR,US,2422,340,109,1.0,4.0,True,False,False,False
pid_02559,seller_7908,Luxury Goods,ExclusiveItems,210.55,3.9,1774,3,34.0,1.0,1,2239,True,False,3,2024-03-27,IN,GB,2677,230,173,1.0,10.0,True,False,False,False
pid_04208,seller_8475,Electronics,VehicleCare,37.72,3.5,0,4,423.0,16.0,1,2378,False,False,2,2024-05-03,GB,GB,4440,76,152,1.0,11.0,False,False,True,True
pid_01582,seller_4408,Cosmetics,ElectroMax,161.58,4.9,3240,4,738.0,10.0,0,1707,False,True,1,2024-09-15,FR,CA,4482,278,172,1.0,14.0,False,False,False,False
pid_02547,seller_8951,Fashion,TechCorp,161.92,4.5,5609,4,,2.0,1,64,False,True,2,2024-12-03,KR,GB,3043,445,29,3.0,1.0,False,False,False,False
pid_00319,seller_3209,Fashion,ElectroMax,106.02,,4037,4,452.0,38.0,3,229,True,True,1,2024-10-15,IN,KR,3185,405,208,0.0,2.0,True,False,False,True
pid_04321,seller_6412,Automotive,ElectroMax,58.79,4.0,0,1,334.0,40.0,1,2253,False,True,5,2025-09-07,GB,US,509,16,17,0.0,16.0,False,False,False,False
pid_03364,seller_2838,Automotive,MotorMax,189.33,2.6,2289,3,,7.0,2,840,True,False,1,2024-02-23,CN,CA,2269,324,101,3.0,22.0,False,True,False,True
pid_01763,seller_7955,Luxury Goods,Electr0Max,94.51,4.3,2074,1,757.0,8.0,1,1705,True,True,2,2024-08-15,DE,IN,2495,237,46,2.0,7.0,True,False,False,True
pid_02843,seller_3995,Automotive,NaturalGlow,188.71,4.2,2155,3,,1.0,0,1588,True,True,1,2024-01-21,FR,IN,1654,214,26,2.0,4.0,False,True,True,True
pid_04717,seller_9294,Automotive,StyleHouse,145.89,3.1,0,4,109.0,39.0,1,5,False,True,3,2024-05-13,JP,CA,1229,30,89,0.0,8.0,False,True,False,True
pid_04742,seller_6887,Electronics,WellnessLab,237.55,4.6,3132,6,716.0,2.0,0,1352,True,True,5,2025-01-02,JP,GB,1436,121,93,4.0,14.0,False,False,False,False
pid_02141,seller_9050,Luxury Goods,GlamourCo,40.94,4.4,3762,1,309.0,11.0,0,3359,False,True,5,2024-12-06,CA,DE,3248,460,186,0.0,16.0,True,False,False,True
pid_00213,seller_2078,Fashion,Fash1onForward,65.65,5.0,0,5,20.0,28.0,1,2528,False,True,1,2024-03-05,GB,JP,1570,57,114,0.0,12.0,True,False,False,True
pid_04433,seller_2429,Automotive,PremiumCraft,211.47,3.4,349,4,265.0,24.0,0,1541,True,True,1,2024-09-15,JP,JP,425,32,13,3.0,0.0,False,True,False,False
pid_03497,seller_8815,Automotive,Wellnes5Lab,232.25,4.7,3267,3,426.0,18.0,1,2934,True,True,3,2024-07-14,CN,KR,4480,631,329,3.0,12.0,True,True,False,True
pid_00803,seller_8265,Cosmetics,WellnessLab,78.8,2.7,1754,1,20.0,31.0,2,343,True,False,4,2025-09-17,JP,US,3605,484,241,0.0,0.0,False,False,True,True
pid_04132,seller_5406,Cosmetics,CarTech,89.69,3.5,2619,5,302.0,6.0,2,261,False,False,4,2025-05-06,GB,KR,4794,113,152,5.0,4.0,False,False,False,False
pid_00105,seller_2116,Fashion,TechCorp,282.51,4.8,5355,7,498.0,1.0,0,2274,True,True,5,2025-05-18,CA,FR,4418,84,96,3.0,21.0,True,False,False,False
pid_04458,seller_5188,Fashion,PremiumCraft,41.4,3.8,0,1,20.0,26.0,1,1766,True,True,1,2025-05-17,GB,KR,4196,287,180,0.0,6.0,False,True,False,True
pid_03805,seller_8186,Automotive,HealthCare Plus,5.0,3.2,5958,2,855.0,19.0,1,2512,True,False,2,2024-07-14,IN,DE,2121,243,130,4.0,8.0,True,False,False,False
pid_02806,seller_8643,Pharmaceuticals,CarTech,95.11,3.9,0,6,463.0,35.0,0,767,True,True,3,2025-05-08,FR,FR,3147,220,210,0.0,12.0,False,False,False,False
pid_01465,seller_6028,Electronics,AutoParts Pro,25.52,4.3,0,3,368.0,32.0,2,1600,False,False,1,2025-05-02,DE,US,2883,211,169,0.0,14.0,True,False,True,False
pid_02953,seller_6199,Luxury Goods,T3chCorp,187.37,4.6,1375,4,446.0,,0,2392,False,False,1,2025-05-17,AU,GB,3217,321,135,2.0,0.0,False,False,False,True
pid_00565,seller_9174,Cosmetics,TrendSetter,30.63,3.7,0,1,20.0,23.0,1,5,True,False,1,2025-12-17,JP,JP,4610,331,71,3.0,15.0,False,False,False,True
pid_03728,seller_5281,Electronics,BioMed Solutions,350.92,4.9,1248,2,314.0,10.0,0,3478,True,True,2,2024-05-29,CN,JP,87,12,1,2.0,7.0,True,True,False,False
pid_04345,seller_8940,Fashion,MediPharm,137.87,5.0,924,1,321.0,14.0,0,744,True,False,3,2025-11-14,US,CA,2465,232,41,0.0,4.0,False,False,False,False
pid_02524,seller_3276,Pharmaceuticals,ElectroMax,117.7,4.4,2949,5,150.0,25.0,1,1274,True,False,1,2025-04-21,CN,IN,287,35,19,1.0,5.0,False,False,False,False
pid_01474,seller_7472,Fashion,GlamourCo,246.41,5.0,1708,4,217.0,1.0,0,3302,False,True,1,2024-02-04,JP,KR,70,4,5,3.0,36.0,True,False,True,True
pid_03236,seller_9850,Electronics,HealthCare Plus,107.17,3.9,1588,2,63.0,17.0,0,113,False,True,1,2025-08-02,FR,US,4507,61,241,0.0,19.0,False,False,False,False
pid_02829,seller_9936,Electronics,BioMed Solutions,99.86,3.8,792,6,20.0,17.0,0,5,True,False,2,2025-05-24,CA,DE,1416,88,56,0.0,16.0,False,False,False,False
pid_02502,seller_7853,Cosmetics,ExclusiveItems,226.93,4.3,1882,4,837.0,11.0,0,779,True,True,3,2025-03-19,FR,KR,3038,383,67,5.0,21.0,False,False,False,False
pid_00317,seller_6371,Electronics,Fashi0nForward,14.14,3.1,96,1,20.0,32.0,2,711,True,True,2,2025-11-04,FR,DE,2304,301,77,0.0,4.0,True,False,False,True
pid_01200,seller_9319,Pharmaceuticals,BeautyLux,295.52,5.0,2256,4,930.0,12.0,0,4000,True,True,3,2025-05-01,FR,GB,3182,283,197,0.0,4.0,True,False,False,False
pid_02278,seller_5416,Cosmetics,TrendSetter,242.41,3.7,2620,3,426.0,21.0,0,2053,False,True,4,2025-02-14,GB,FR,4801,99,365,2.0,11.0,False,False,False,False
pid_00652,seller_1247,Cosmetics,TechCorp,124.14,4.9,3906,6,20.0,13.0,0,2783,True,True,4,2025-05-10,DE,AU,3713,331,170,3.0,16.0,False,False,True,False
pid_00070,seller_8075,Pharmaceuticals,TrendSetter,155.24,4.0,3226,6,547.0,31.0,0,5,True,True,3,2025-10-07,AU,JP,3776,426,196,1.0,20.0,False,False,False,True
pid_02658,seller_4668,Electronics,MotorMax,175.77,4.0,2047,7,560.0,11.0,1,3757,True,False,3,2024-07-06,AU,IN,2901,348,131,0.0,9.0,False,False,False,False
pid_01174,seller_3206,Cosmetics,WellnessLab,177.88,4.5,2996,4,272.0,1.0,0,1724,True,True,3,2024-03-13,CN,CN,1989,203,45,0.0,16.0,True,False,False,False
pid_01088,seller_4668,Automotive,ElectroMax,174.48,3.9,2113,5,129.0,21.0,0,2563,True,True,5,2025-10-03,CN,DE,660,18,7,3.0,12.0,False,False,False,False
pid_04979,seller_4534,Electronics,BeautyLux,197.61,4.9,0,2,76.0,5.0,0,2625,True,False,3,2024-04-24,JP,KR,3633,415,254,5.0,17.0,True,False,False,False
pid_00410,seller_7101,Fashion,WellnessLab,154.55,3.8,740,1,514.0,13.0,2,2377,False,True,3,2024-07-29,FR,JP,773,31,37,0.0,22.0,False,False,False,True
pid_04064,seller_5474,Automotive,GlamourCo,168.52,4.8,0,2,244.0,13.0,0,1770,True,True,3,2024-03-19,US,JP,3765,202,142,2.0,23.0,True,False,False,False
pid_04910,seller_1480,Automotive,Glam0urCo,264.38,3.8,3804,5,605.0,28.0,0,1726,True,True,3,2024-05-11,US,AU,937,85,60,3.0,,False,False,False,True
pid_02386,seller_1038,Fashion,Cla5sicWear,248.1,5.0,2817,5,503.0,4.0,0,1181,True,True,3,2025-12-13,CA,IN,4240,166,246,2.0,19.0,False,False,False,True
pid_02091,seller_4145,Automotive,DigitalPro,130.6,3.0,57,4,110.0,26.0,3,5,False,False,1,2025-03-20,FR,AU,4720,61,349,0.0,0.0,True,False,False,True
pid_04635,seller_4643,Automotive,MediPharm,63.44,3.7,2702,3,590.0,9.0,0,2529,True,False,3,2025-07-21,JP,AU,1852,272,78,2.0,1.0,False,False,False,False
pid_00601,seller_7180,Fashion,ClassicWear,276.69,5.0,3788,2,647.0,1.0,0,1748,True,True,5,2024-11-14,IN,IN,4331,109,293,3.0,0.0,False,False,False,False
pid_03013,seller_2832,Fashion,DigitalPro,138.83,4.1,1587,7,20.0,1.0,0,1312,True,True,4,2025-03-14,CN,FR,4340,272,73,3.0,8.0,False,False,False,False
pid_02219,seller_6571,Electronics,PremiumCraft,47.09,4.1,3582,3,341.0,28.0,2,29,False,True,2,2024-12-21,JP,AU,4568,587,104,0.0,2.0,True,False,False,False
pid_02465,seller_3666,Electronics,ClassicWear,354.96,4.0,6340,4,382.0,7.0,0,2747,True,True,3,2025-07-25,KR,KR,4584,51,265,2.0,15.0,True,False,False,False
pid_00837,seller_7730,Fashion,MotorMax,213.67,3.8,2770,3,318.0,28.0,1,1517,True,True,3,2025-09-15,DE,KR,2389,161,31,1.0,0.0,False,True,False,True
pid_03325,seller_3486,Pharmaceuticals,GlamourC0,177.32,4.7,2662,2,476.0,19.0,0,5,True,True,2,2025-06-07,IN,FR,858,36,31,0.0,1.0,True,False,False,False
pid_00624,seller_9794,Cosmetics,MotorMax,237.08,4.7,4212,4,665.0,8.0,0,1858,True,True,2,2025-02-14,CN,JP,4284,192,55,,7.0,False,False,False,False
pid_01627,seller_6820,Luxury Goods,ClassicWear,236.11,4.0,5067,4,553.0,6.0,0,2429,True,True,2,2024-05-13,IN,DE,1074,135,73,4.0,20.0,False,False,False,False
pid_00806,seller_4838,Automotive,WellnessLab,187.3,4.4,1677,3,283.0,13.0,0,1825,True,False,5,2024-02-05,GB,CN,1130,34,89,3.0,26.0,True,False,False,False
pid_03115,seller_4428,Automotive,MediPharm,30.22,4.1,72,2,516.0,16.0,0,2786,True,False,2,2025-08-09,US,GB,669,15,14,0.0,4.0,True,False,False,False
pid_00637,seller_3985,Fashion,FashionForward,207.41,4.3,3767,3,592.0,15.0,1,1508,True,True,2,2024-02-11,KR,IN,4678,515,336,0.0,11.0,False,False,False,False
pid_00423,seller_4320,Luxury Goods,BioMed So1utions,27.5,4.3,2188,2,366.0,7.0,0,745,True,True,2,2025-06-24,US,JP,3877,503,112,0.0,12.0,False,False,False,True
pid_01996,seller_9297,Automotive,GlamourC0,124.07,5.0,1933,3,1070.0,4.0,0,2132,True,False,6,2024-10-10,DE,US,4285,557,337,0.0,29.0,False,False,False,True
pid_04472,seller_8514,Electronics,PureSk1n,102.13,4.3,0,5,242.0,1.0,0,2046,False,True,1,2024-06-12,GB,JP,4083,594,126,0.0,25.0,False,False,False,False
pid_04620,seller_3679,Automotive,MotorMax,44.0,4.1,2594,4,54.0,32.0,1,1851,False,False,2,2025-10-12,IN,CN,3567,294,27,2.0,0.0,False,False,False,False
pid_02486,seller_2536,Luxury Goods,ElectroM@x,106.6,3.9,974,1,20.0,17.0,0,1153,False,False,1,2024-12-30,US,JP,2676,51,138,1.0,23.0,False,False,False,True
pid_00150,seller_3101,Automotive,BeautyLux,189.44,4.6,2608,8,505.0,3.0,0,1096,True,True,4,2025-06-08,DE,KR,4221,506,135,3.0,16.0,False,False,False,False
pid_03109,seller_9197,Cosmetics,TrendSetter,93.38,2.6,0,3,413.0,13.0,2,881,False,True,1,2025-09-02,US,GB,2390,101,125,1.0,8.0,False,False,True,True
pid_01580,seller_8531,Fashion,GlamourCo,89.21,3.7,738,3,20.0,10.0,1,231,False,False,1,2025-12-09,CA,DE,1096,97,79,3.0,4.0,False,False,True,True
pid_00626,seller_7455,Luxury Goods,FashionForward,149.07,3.9,4128,3,363.0,1.0,0,2808,True,True,1,2025-09-18,AU,CA,1552,38,112,3.0,,True,False,False,False
pid_03002,seller_1906,Fashion,WellnessLab,51.78,3.1,0,2,137.0,35.0,3,5,True,False,3,2024-01-02,FR,AU,4864,167,47,2.0,0.0,False,False,True,True
pid_04601,seller_2427,Pharmaceuticals,LuxuryBr@nd,55.79,2.8,0,1,186.0,23.0,3,1852,False,True,1,2024-06-25,IN,KR,1811,218,137,0.0,0.0,False,False,False,True
pid_03796,seller_1399,Luxury Goods,BioMed Solutions,129.54,3.4,1008,2,317.0,16.0,1,2945,True,True,2,2024-06-26,GB,CA,3557,422,179,0.0,0.0,True,False,True,False
pid_03481,seller_2270,Cosmetics,AutoParts Pro,108.4,2.9,2465,1,141.0,32.0,0,1041,False,False,2,2024-04-04,GB,IN,4741,622,340,2.0,8.0,True,False,False,True
pid_00143,seller_4723,Fashion,ElectroMax,238.43,4.2,4319,4,635.0,8.0,0,3008,True,True,5,2024-06-30,IN,JP,4719,59,241,3.0,29.0,True,False,False,False
pid_02574,seller_8891,Fashion,WellnessLab,90.86,3.7,0,8,477.0,41.0,2,2225,True,True,4,2024-11-09,GB,AU,647,35,49,4.0,5.0,False,True,False,False
pid_04662,seller_8803,Luxury Goods,PremiumCraft,212.13,3.9,0,1,20.0,24.0,3,5,True,False,2,2025-04-19,JP,JP,3759,116,18,,9.0,False,False,True,True
pid_04014,seller_7644,Cosmetics,GlamourCo,199.96,4.3,3067,2,578.0,13.0,1,1710,True,True,1,2024-12-02,KR,IN,2051,163,122,0.0,13.0,True,False,False,False
pid_01880,seller_2790,Cosmetics,HealthCare P1us,115.28,4.0,0,1,412.0,8.0,0,5,True,True,2,2025-09-21,AU,CA,564,63,12,3.0,6.0,False,False,False,True
pid_03452,seller_4484,Cosmetics,MotorMax,121.13,3.6,0,5,596.0,1.0,2,1422,False,True,1,2024-12-12,CA,US,869,14,36,2.0,0.0,False,True,False,False
pid_03605,seller_6070,Electronics,HealthCare Plus,274.44,4.3,3283,6,209.0,15.0,0,1474,True,True,4,2024-07-15,KR,AU,3244,377,102,1.0,7.0,False,False,False,False
pid_03342,seller_8826,Cosmetics,CircuitMaster,157.25,4.1,0,1,344.0,14.0,1,1434,True,True,2,2024-05-27,IN,AU,2094,140,89,2.0,0.0,False,True,False,False
pid_04811,seller_2832,Automotive,MediPharm,145.09,3.8,1888,4,392.0,,0,1941,True,False,1,2024-02-04,US,US,3658,211,59,2.0,10.0,False,False,False,True
pid_02171,seller_4043,Electronics,Mot0rMax,232.9,3.0,2811,2,629.0,21.0,0,3596,False,True,6,2024-12-19,AU,GB,324,43,4,1.0,26.0,False,False,True,True
pid_02780,seller_6485,Electronics,MotorMax,149.9,4.1,1942,2,689.0,15.0,0,3180,True,False,2,2024-05-04,US,JP,1667,82,30,2.0,28.0,False,False,True,False
pid_04720,seller_4656,Fashion,EliteDes1gn,171.97,3.5,0,2,100.0,20.0,0,258,False,True,1,2024-08-04,AU,DE,1826,165,54,1.0,4.0,False,False,True,True
pid_02832,seller_9391,Electronics,EliteDesign,97.78,3.9,1530,4,504.0,15.0,0,5,False,True,2,2025-03-04,FR,FR,495,10,19,3.0,14.0,True,False,False,False
pid_04994,seller_6473,Electronics,ClassicWear,263.92,4.0,1263,5,693.0,1.0,0,1141,True,True,2,2024-07-11,US,US,268,9,20,4.0,12.0,False,False,True,False
pid_02230,seller_7316,Pharmaceuticals,StyleHouse,253.46,3.9,1134,4,664.0,1.0,0,2433,True,False,4,2025-05-12,DE,US,4097,187,305,,13.0,False,False,False,True
pid_00617,seller_1436,Fashion,AutoParts Pro,204.54,5.0,4409,8,857.0,11.0,0,3081,True,True,2,2024-01-18,US,JP,4323,550,167,4.0,21.0,False,False,False,False
pid_01324,seller_6913,Automotive,BioMed Solutions,8.85,3.8,656,2,345.0,23.0,2,664,True,True,1,2024-11-17,US,AU,2875,382,44,1.0,14.0,True,False,True,True
pid_00690,seller_9199,Fashion,MediPharm,211.39,4.3,2195,2,584.0,11.0,3,1779,True,True,3,2025-03-17,CN,AU,1866,155,104,2.0,13.0,True,False,True,False
pid_02288,seller_7444,Luxury Goods,ClassicWear,195.25,2.8,0,3,20.0,23.0,0,126,True,True,4,2025-03-20,AU,IN,4565,390,213,1.0,17.0,False,False,True,True
pid_03302,seller_9253,Luxury Goods,DigitalPro,364.83,4.6,1449,4,417.0,1.0,0,1745,True,True,2,2025-07-03,CN,FR,70,10,4,0.0,8.0,False,True,False,False
pid_01350,seller_6975,Automotive,PureSkin,88.5,4.9,3753,4,569.0,6.0,0,1564,True,False,4,2024-01-06,CN,FR,1382,138,44,1.0,16.0,False,False,False,False
pid_02729,seller_3424,Luxury Goods,BeautyLux,64.75,3.7,819,1,406.0,31.0,2,1004,False,True,1,2025-02-22,IN,US,3044,33,49,1.0,0.0,False,False,False,False
pid_04561,seller_6626,Fashion,B3autyLux,165.75,3.7,489,4,258.0,12.0,0,1642,True,False,4,2024-06-30,KR,KR,989,84,64,0.0,,False,False,False,True
pid_01187,seller_5268,Electronics,DigitalPro,179.89,3.8,1973,3,710.0,13.0,0,1690,True,True,5,2024-02-20,AU,DE,3546,88,125,3.0,15.0,False,False,False,False
pid_01191,seller_7328,Cosmetics,AutoParts Pro,121.46,4.2,5747,5,424.0,17.0,2,962,True,False,3,2024-07-16,IN,CN,3274,361,176,0.0,2.0,False,False,False,False
pid_00145,seller_9082,Electronics,PremiumCraft,184.87,5.0,4728,4,538.0,18.0,0,3278,False,False,5,2024-10-31,CN,CA,3942,71,225,3.0,21.0,False,False,False,False
pid_03572,seller_9551,Pharmaceuticals,CircuitMast3r,220.57,3.3,0,4,370.0,11.0,1,1361,True,False,2,2025-03-27,CN,JP,1570,180,10,3.0,14.0,False,False,True,True
pid_04420,seller_9405,Electronics,ClassicWear,142.51,,709,1,391.0,6.0,1,606,False,True,1,2025-11-16,AU,CA,1990,62,59,5.0,12.0,False,True,False,False
pid_03742,seller_9903,Pharmaceuticals,NaturalGlow,67.99,4.0,0,2,20.0,9.0,0,1027,True,False,5,2024-03-30,CA,IN,192,22,2,2.0,2.0,False,False,False,False
pid_01762,seller_2957,Electronics,LuxuryBrand,84.16,3.5,175,1,703.0,27.0,3,333,True,True,1,2025-06-17,AU,AU,95,10,0,3.0,16.0,False,True,False,False
pid_03800,seller_5788,Fashion,AutoParts Pro,245.82,5.0,763,5,706.0,5.0,0,3418,True,True,2,2025-02-08,CN,IN,3634,83,117,5.0,22.0,True,False,False,False
pid_04802,seller_5901,Automotive,DigitalPro,178.15,3.0,630,6,304.0,7.0,0,2155,True,False,2,2024-08-26,JP,JP,3463,62,36,3.0,29.0,False,True,False,True
pid_04810,seller_6814,Electronics,ExclusiveItems,281.72,4.7,6583,6,549.0,1.0,0,4000,True,True,5,2024-06-13,CA,CA,2083,115,84,4.0,16.0,False,False,False,False
pid_01834,seller_9553,Pharmaceuticals,PureSkin,345.72,4.7,5961,7,988.0,19.0,0,3383,True,False,4,2025-02-04,CA,CN,556,69,13,3.0,0.0,False,False,False,False
pid_04912,seller_1168,Luxury Goods,TechCorp,5.0,3.7,2086,3,474.0,26.0,0,2117,True,True,2,2025-12-20,KR,KR,1200,49,66,2.0,10.0,True,False,False,False
pid_01111,seller_5007,Fashion,ExclusiveItem5,228.54,3.2,2118,4,254.0,7.0,0,5,True,False,3,2025-06-27,CA,AU,1110,166,84,0.0,,False,True,False,True
pid_02127,seller_5055,Electronics,PremiumCraft,51.9,3.3,0,3,20.0,39.0,0,841,False,False,1,2025-01-26,FR,JP,2329,205,130,0.0,3.0,False,False,False,True
pid_04783,seller_8265,Fashion,CircuitMaster,202.35,4.1,1857,7,610.0,38.0,1,3045,True,True,3,2024-07-21,CA,FR,3389,248,117,3.0,21.0,False,True,False,False
pid_02277,seller_7724,Luxury Goods,Pur3Skin,141.92,4.7,3258,10,519.0,1.0,0,914,True,True,5,2025-05-21,AU,FR,1742,178,33,2.0,26.0,False,False,False,False
pid_03795,seller_8693,Cosmetics,PremiumCraft,57.65,4.1,1980,5,195.0,25.0,0,2977,True,True,1,2024-08-06,CA,US,3506,488,276,1.0,11.0,True,False,False,True
pid_02499,seller_3091,Fashion,BeautyLux,72.66,4.0,844,5,885.0,1.0,0,2373,False,True,3,2024-02-21,JP,AU,4385,305,209,0.0,21.0,True,False,False,False
pid_01824,seller_4236,Cosmetics,Styl3House,94.41,4.0,449,1,367.0,10.0,1,399,True,True,4,2025-07-04,JP,JP,1389,165,45,2.0,11.0,False,False,False,True
pid_02788,seller_1841,Automotive,AutoP@rts Pro,239.91,3.8,1979,6,349.0,3.0,1,2691,True,True,1,2024-11-20,CA,US,3251,49,228,2.0,25.0,True,True,False,False
pid_04196,seller_7674,Electronics,StyleHouse,148.16,4.4,0,5,631.0,1.0,0,1778,False,False,3,2024-11-28,GB,CN,3502,448,99,4.0,12.0,False,False,False,False
pid_04386,seller_5627,Automotive,GlamourCo,46.49,3.8,4148,4,300.0,18.0,0,2064,True,False,3,2024-09-21,KR,GB,704,87,25,1.0,7.0,False,True,False,True
pid_03827,seller_8037,Luxury Goods,Wellnes5Lab,74.03,2.8,464,4,323.0,38.0,3,5,False,False,2,2024-07-28,FR,AU,3675,317,138,1.0,7.0,True,False,False,True
pid_02492,seller_7672,Pharmaceuticals,WellnessLab,90.13,4.0,2819,1,551.0,13.0,1,5,True,True,2,2024-12-08,GB,CA,2021,212,156,2.0,8.0,True,True,False,False
pid_00878,seller_6326,Electronics,MediPharm,91.39,4.9,3671,6,879.0,14.0,0,4000,True,True,1,2025-06-02,KR,CA,2196,190,109,4.0,9.0,True,False,False,False
pid_01455,seller_8695,Automotive,MotorMax,242.49,4.1,2189,7,561.0,17.0,0,3111,True,True,2,2024-06-21,JP,US,196,5,14,2.0,27.0,True,False,True,False
pid_00391,seller_2853,Fashion,DigitalPro,172.2,3.3,2579,4,76.0,12.0,1,525,False,True,2,2025-11-19,CA,JP,847,30,32,0.0,16.0,True,True,True,True
pid_04182,seller_3368,Cosmetics,Tr3ndSetter,305.89,4.1,1499,6,623.0,1.0,0,3177,True,True,3,2025-01-28,IN,AU,4278,115,213,1.0,6.0,False,True,False,True
pid_02283,seller_6974,Electronics,M3diPharm,120.78,4.5,4230,4,734.0,20.0,3,917,True,True,3,2024-09-21,CA,CN,4583,613,126,2.0,29.0,False,False,True,True
pid_02714,seller_2102,Electronics,Pr3miumCraft,129.89,2.9,0,1,20.0,13.0,2,1315,False,True,3,2024-04-28,KR,DE,514,23,32,3.0,18.0,False,True,False,True
pid_02958,seller_8178,Fashion,M0torMax,5.0,3.4,2323,6,176.0,40.0,2,1307,True,False,1,2024-04-16,KR,CA,2774,387,84,0.0,7.0,False,False,False,True
pid_00475,seller_6523,Automotive,TrendS3tter,5.0,3.9,590,3,269.0,1.0,4,5,False,False,1,2024-02-26,JP,FR,2266,332,17,1.0,7.0,False,False,False,True
pid_01694,seller_4733,Fashion,BeautyLux,42.67,4.4,0,1,464.0,12.0,0,949,False,True,1,2025-10-17,DE,AU,3754,163,254,0.0,7.0,False,False,False,True
pid_01295,seller_2902,Electronics,PureSkin,171.89,2.6,3316,4,510.0,2.0,1,1991,True,True,4,2025-01-12,CN,CN,3864,237,90,2.0,16.0,False,False,False,False
pid_02092,seller_1224,Electronics,BioMed Solutions,169.35,4.0,192,4,20.0,1.0,2,547,True,True,1,2025-11-27,GB,CA,4279,106,297,4.0,20.0,False,False,True,True
pid_03050,seller_4694,Electronics,Exclu5iveItems,8.39,4.9,0,5,487.0,20.0,1,1051,True,False,2,2025-02-04,GB,CA,4841,534,358,0.0,6.0,True,True,True,True
pid_01137,seller_7850,Luxury Goods,LuxuryBrand,213.79,5.0,2908,5,384.0,19.0,0,1184,True,True,1,2024-11-15,US,IN,3903,282,134,,17.0,False,False,False,True
pid_02072,seller_2628,Electronics,NaturalGlow,297.18,4.3,0,3,328.0,4.0,0,2100,False,True,5,2024-07-30,KR,CA,462,47,4,2.0,21.0,False,False,False,False
pid_00832,seller_9977,Electronics,BioM3d Solutions,204.68,5.0,0,7,20.0,26.0,2,1340,False,True,1,2025-05-09,AU,DE,2497,374,199,1.0,0.0,True,False,True,False
pid_00591,seller_7720,Cosmetics,LuxuryBrand,156.98,3.6,1335,4,318.0,17.0,0,371,True,True,2,2024-02-17,IN,US,4087,481,213,1.0,22.0,False,True,False,False
pid_04658,seller_5878,Electronics,BioMed Solutions,297.19,5.0,4333,5,717.0,10.0,0,2752,True,True,4,2024-10-27,JP,JP,1968,238,76,3.0,,False,False,False,False
pid_03592,seller_4636,Luxury Goods,Gl@mourCo,27.48,3.6,0,4,648.0,32.0,2,285,True,False,1,2024-05-25,JP,US,1161,73,89,0.0,0.0,False,False,True,True
pid_00109,seller_1543,Electronics,PureSkin,100.15,4.6,2936,5,372.0,11.0,0,1689,True,True,3,2024-12-28,JP,KR,2704,266,135,0.0,9.0,False,False,False,False
pid_04318,seller_4249,Fashion,BioMed Solutions,295.64,3.9,2180,3,389.0,18.0,1,718,False,True,4,2024-06-07,AU,US,255,7,2,2.0,20.0,False,False,False,False
pid_01052,seller_8746,Automotive,WellnessLab,5.0,4.1,1537,4,387.0,9.0,2,1862,True,False,2,2025-12-24,FR,US,4054,53,125,0.0,11.0,False,False,False,True
pid_01311,seller_2218,Automotive,CarT3ch,96.98,4.7,2948,6,819.0,10.0,0,2232,True,True,5,2025-02-09,DE,FR,2908,332,15,1.0,25.0,True,False,False,False
pid_00668,seller_7494,Electronics,WellnessLab,148.67,4.1,1902,4,814.0,7.0,0,1267,True,False,4,2025-03-31,KR,IN,2686,159,83,0.0,32.0,True,False,False,False
pid_00253,seller_4553,Fashion,GlamourCo,232.88,3.9,4870,4,629.0,28.0,1,2871,False,False,1,2024-01-17,CA,GB,2203,91,69,1.0,7.0,False,False,False,False
pid_02690,seller_8152,Luxury Goods,NaturalGlow,170.34,4.2,3451,8,404.0,15.0,0,2283,True,True,2,2024-08-28,CA,AU,4767,472,37,3.0,0.0,False,False,False,False
pid_04641,seller_3440,Fashion,MotorMax,133.89,3.9,2728,2,550.0,8.0,2,948,True,True,1,2024-12-19,US,KR,2865,127,228,0.0,5.0,False,False,False,False
pid_00843,seller_4605,Automotive,LuxuryBrand,176.56,4.4,922,6,427.0,8.0,2,1717,True,False,3,2025-02-15,AU,JP,2596,369,91,2.0,11.0,True,False,False,True
pid_04159,seller_7110,Luxury Goods,HealthCare P1us,153.47,3.8,1744,4,,4.0,1,2183,True,True,1,2024-11-14,CN,DE,1520,165,27,3.0,4.0,False,False,False,True
pid_04509,seller_7243,Automotive,PureSkin,143.33,4.2,3552,4,591.0,1.0,0,1649,True,True,2,2025-05-11,US,IN,4442,444,307,4.0,14.0,False,False,False,False
pid_03374,seller_5090,Pharmaceuticals,FashionForward,88.99,4.8,8013,4,575.0,1.0,0,321,False,True,3,2025-07-14,FR,AU,3765,202,89,5.0,6.0,True,False,False,False
pid_03394,seller_4422,Automotive,BioMed Solutions,187.09,3.7,926,2,615.0,35.0,1,1645,True,True,2,2025-02-08,DE,FR,1340,96,46,0.0,29.0,True,False,False,True
pid_00884,seller_8693,Pharmaceuticals,TechC0rp,15.63,3.5,2151,4,49.0,17.0,0,5,False,False,4,2024-04-25,US,US,4053,311,129,5.0,0.0,True,False,False,True
pid_04547,seller_2448,Cosmetics,NaturalGlow,152.3,4.7,2524,6,122.0,11.0,1,1846,False,False,2,2025-12-24,CN,AU,4099,278,23,1.0,0.0,True,False,True,False
pid_03996,seller_4931,Fashion,LuxuryBrand,154.42,4.0,2080,5,487.0,20.0,1,1473,False,False,6,2025-08-23,CN,CA,4612,311,45,1.0,9.0,False,False,False,False
pid_04752,seller_1824,Cosmetics,MediPharm,186.69,4.7,1517,3,478.0,3.0,0,2387,True,True,4,2025-01-18,GB,IN,3052,392,47,1.0,24.0,True,False,False,False
pid_01879,seller_2202,Luxury Goods,BioMed Soluti0ns,255.25,4.7,1259,2,360.0,15.0,0,2488,True,True,1,2024-07-02,FR,US,3217,441,198,1.0,13.0,True,False,False,True
pid_01485,seller_8017,Fashion,Wel1nessLab,5.01,4.3,0,4,910.0,23.0,2,584,False,False,5,2024-04-08,JP,CN,452,63,7,1.0,10.0,False,False,False,True
pid_02417,seller_3187,Electronics,StyleHou5e,297.45,4.2,304,2,327.0,12.0,1,615,True,False,1,2024-07-09,KR,FR,1691,136,122,0.0,12.0,False,False,False,True
pid_02737,seller_4199,Luxury Goods,MotorMax,85.15,3.5,1323,3,419.0,19.0,2,1431,False,True,2,2025-08-22,KR,AU,767,77,16,1.0,2.0,True,False,False,False
pid_02267,seller_1262,Cosmetics,ClassicWear,111.06,3.9,1613,5,60.0,23.0,0,799,True,True,1,2024-01-25,IN,AU,323,36,19,2.0,18.0,True,False,False,False
pid_04173,seller_6864,Luxury Goods,NaturalGlow,305.82,4.8,2040,3,511.0,9.0,1,411,False,False,5,2024-01-27,KR,CN,517,30,23,2.0,18.0,False,False,False,False
pid_03368,seller_9467,Electronics,PremiumCraft,148.65,2.8,0,2,234.0,26.0,1,1791,False,False,1,2024-02-21,US,AU,1520,89,24,0.0,15.0,False,False,False,False
pid_02808,seller_9138,Luxury Goods,StyleHouse,131.96,4.8,5741,5,610.0,1.0,0,3826,False,False,5,2025-01-19,CN,US,4649,580,68,2.0,28.0,False,False,True,False
pid_00869,seller_3105,Automotive,MediPharm,138.33,4.2,1973,5,564.0,12.0,0,1747,False,False,3,2025-12-08,FR,CA,3158,99,128,2.0,12.0,False,False,False,False
pid_02468,seller_6863,Luxury Goods,HealthCare Plus,173.68,4.4,0,6,572.0,10.0,3,894,True,True,3,2024-10-10,AU,IN,2367,43,66,0.0,34.0,False,False,False,False
pid_03893,seller_6247,Luxury Goods,GlamourC0,244.76,3.5,0,1,325.0,12.0,1,1725,False,True,3,2025-12-28,KR,CN,1705,19,105,3.0,5.0,False,False,False,True
pid_00450,seller_2382,Pharmaceuticals,NaturalGlow,256.57,4.5,4732,6,835.0,1.0,0,2339,True,True,3,2025-07-31,IN,FR,456,53,31,3.0,17.0,False,False,False,False
pid_01979,seller_7225,Pharmaceuticals,GlamourCo,265.2,4.3,829,1,164.0,11.0,2,1929,True,True,1,2025-12-30,US,JP,2312,269,122,1.0,8.0,False,False,False,False
pid_00696,seller_4212,Fashion,Exc1usiveItems,163.55,3.9,39,2,271.0,,1,3345,True,True,2,2024-01-22,AU,CA,3984,277,126,3.0,5.0,False,False,True,True
pid_01741,seller_3180,Pharmaceuticals,VehicleCare,283.09,4.6,4404,4,617.0,1.0,0,2383,True,True,5,2024-10-28,FR,CN,4110,423,176,4.0,26.0,False,False,False,False
pid_03718,seller_5861,Luxury Goods,TrendSetter,106.56,4.4,2389,6,365.0,10.0,0,2264,True,True,4,2025-10-22,JP,AU,4037,460,86,2.0,7.0,True,False,False,False
pid_00811,seller_5111,Pharmaceuticals,ExclusiveItems,151.79,4.0,4223,4,769.0,17.0,0,3266,True,False,4,2024-05-16,KR,FR,2168,258,71,4.0,,False,True,True,False
pid_03284,seller_1015,Luxury Goods,BioMed Solutions,146.51,3.5,0,1,20.0,21.0,3,154,False,False,1,2024-07-26,KR,AU,2414,239,85,0.0,12.0,False,False,False,True
pid_02189,seller_6852,Cosmetics,DigitalPro,197.04,4.7,0,3,255.0,11.0,1,1210,True,True,1,2025-02-12,CN,CN,1659,33,72,2.0,20.0,False,False,False,False
pid_00505,seller_2417,Electronics,HealthCare Plus,154.63,4.0,1266,4,233.0,9.0,1,5,False,False,1,2025-05-04,US,US,1242,184,84,3.0,13.0,False,False,False,False
pid_03303,seller_6622,Fashion,HealthCare Plus,80.29,3.2,753,5,192.0,14.0,2,1948,True,True,1,2025-02-25,CN,CN,1330,196,24,3.0,6.0,False,False,False,True
pid_00405,seller_2579,Automotive,WellnessLab,271.05,3.2,2718,3,395.0,6.0,0,5,True,True,2,2024-03-19,US,DE,2331,41,30,2.0,30.0,False,False,False,False
pid_03640,seller_5554,Fashion,ElectroMax,225.12,3.1,1837,4,600.0,6.0,1,623,True,True,1,2025-10-20,GB,GB,2170,279,99,4.0,9.0,False,False,False,False
pid_00183,seller_8852,Automotive,MotorMax,87.02,4.5,974,1,27.0,25.0,1,771,True,False,2,2024-08-02,IN,AU,3158,323,234,2.0,0.0,False,False,False,False
pid_04917,seller_4643,Fashion,ElectroMax,227.36,4.2,3481,6,844.0,1.0,0,2257,True,True,4,2024-11-16,US,US,3070,169,94,3.0,19.0,True,False,False,False
pid_01876,seller_7944,Cosmetics,PremiumCraft,162.9,4.3,2109,3,182.0,35.0,1,1852,False,False,1,2025-12-09,CN,FR,464,36,28,1.0,14.0,True,False,False,True
pid_00609,seller_5090,Cosmetics,FashionForward,202.86,4.4,1790,4,274.0,1.0,0,2658,True,False,2,2025-01-01,CA,FR,768,93,37,1.0,31.0,False,True,False,False
pid_02674,seller_4500,Automotive,MotorMax,131.76,4.2,0,2,280.0,17.0,0,2108,True,True,4,2025-02-22,AU,DE,2084,134,165,2.0,16.0,False,False,False,False
pid_02033,seller_6942,Automotive,ElectroMax,182.39,4.7,4237,3,696.0,14.0,1,472,True,False,1,2025-05-08,JP,FR,1885,259,68,0.0,13.0,False,False,False,False
pid_03981,seller_1847,Pharmaceuticals,PremiumCraft,200.81,4.4,684,7,196.0,36.0,0,2917,True,True,4,2025-03-09,KR,CN,1391,161,53,2.0,0.0,False,False,False,False
pid_01968,seller_5701,Fashion,AutoParts Pro,239.73,4.3,2887,7,342.0,25.0,1,2699,False,True,1,2024-10-24,IN,FR,4015,324,311,1.0,2.0,False,False,False,False
pid_00020,seller_4919,Cosmetics,MotorMax,153.83,4.0,0,3,430.0,33.0,2,1620,True,False,4,2025-11-07,AU,JP,1322,129,69,4.0,7.0,False,False,False,False
pid_02218,seller_9300,Automotive,PureSk1n,140.18,3.3,158,3,20.0,20.0,3,2154,False,False,1,2024-12-17,AU,US,3432,54,227,0.0,9.0,True,True,False,True
pid_02224,seller_1229,Electronics,GlamourCo,281.38,3.8,2156,7,592.0,20.0,0,590,True,True,5,2025-03-29,CN,US,561,22,43,2.0,15.0,False,False,False,False
pid_00327,seller_6277,Cosmetics,CircuitMaster,207.4,3.0,225,5,387.0,6.0,0,2443,True,False,4,2024-11-18,GB,KR,2303,184,48,0.0,2.0,True,False,False,False
pid_03270,seller_9360,Fashion,PremiumCraft,194.18,4.0,1117,4,439.0,16.0,0,5,True,True,3,2024-05-15,US,FR,3938,386,211,3.0,12.0,True,True,False,True
pid_02518,seller_2551,Cosmetics,VehicleCare,62.43,3.8,0,1,563.0,10.0,0,738,True,True,1,2025-06-25,JP,KR,220,32,10,0.0,13.0,False,False,False,False
pid_01874,seller_5879,Pharmaceuticals,TrendSetter,86.35,,291,2,216.0,30.0,1,2082,True,True,2,2024-03-03,IN,US,1844,232,101,1.0,0.0,False,False,False,False
pid_04362,seller_4363,Pharmaceuticals,MediPharm,132.57,3.8,3485,4,274.0,13.0,0,1041,True,False,4,2024-09-06,DE,GB,3382,372,135,3.0,14.0,False,True,False,False
pid_01756,seller_9306,Automotive,NaturalG1ow,305.08,4.7,0,8,1028.0,1.0,0,1912,True,True,5,2025-05-20,US,DE,1264,35,40,1.0,20.0,False,False,False,True
pid_02178,seller_6369,Cosmetics,ExclusiveItems,94.66,2.4,0,1,159.0,38.0,3,5,False,False,1,2025-09-20,CA,AU,4003,146,290,0.0,4.0,True,False,False,True
pid_03410,seller_4868,Fashion,TechCorp,65.35,,2076,4,647.0,9.0,0,1217,True,False,4,2024-03-05,US,KR,1249,17,44,1.0,11.0,True,False,False,False
pid_04914,seller_8971,Electronics,MediPharm,134.35,4.9,0,2,529.0,5.0,4,5,True,False,3,2024-12-10,KR,CA,1774,107,28,1.0,17.0,False,False,False,False
pid_00489,seller_9319,Automotive,ElectroMax,231.56,3.5,4967,8,613.0,21.0,0,1736,False,True,4,2025-12-25,CN,DE,1314,57,51,0.0,13.0,False,False,False,True
pid_00606,seller_7790,Electronics,NaturalGlow,186.27,4.9,4249,6,523.0,18.0,0,1763,True,True,4,2025-05-05,CA,JP,1877,157,136,0.0,7.0,False,False,False,False
pid_03212,seller_2362,Electronics,FashionForward,77.28,4.0,3757,5,648.0,15.0,0,2337,True,False,3,2025-12-03,US,KR,2462,160,154,1.0,23.0,False,True,False,True
pid_02464,seller_2938,Cosmetics,Prem1umCraft,215.8,3.6,3348,2,568.0,5.0,0,1144,True,True,2,2024-04-30,GB,AU,1347,66,62,1.0,8.0,False,False,True,True
pid_01738,seller_6797,Fashion,GlamourCo,114.83,4.1,1917,6,460.0,9.0,0,1491,True,True,4,2025-02-02,CA,GB,4863,50,47,1.0,24.0,False,False,False,False
pid_00152,seller_5324,Electronics,CarT3ch,237.56,4.0,0,1,33.0,34.0,2,1247,True,True,3,2025-05-14,FR,CN,3021,413,187,3.0,7.0,True,False,False,True
pid_00889,seller_6157,Fashion,CarTech,271.7,5.0,1868,6,411.0,1.0,0,2087,True,True,3,2024-06-23,GB,CA,4387,427,255,2.0,36.0,False,False,False,False
pid_04960,seller_7287,Luxury Goods,CarT3ch,197.71,4.3,1943,2,436.0,8.0,0,522,False,True,2,2024-02-07,CN,GB,731,17,33,2.0,9.0,True,False,False,True
pid_03082,seller_4235,Electronics,VehicleCare,152.38,3.6,0,1,346.0,20.0,0,5,True,False,1,2024-06-06,US,AU,402,44,8,1.0,9.0,False,False,False,True
pid_00269,seller_4399,Fashion,AutoParts Pr0,160.91,3.4,3461,1,375.0,14.0,0,1478,False,True,2,2025-07-16,CA,CN,2349,202,158,0.0,7.0,False,False,False,False
pid_00096,seller_2055,Luxury Goods,PremiumCr@ft,290.2,3.6,722,5,396.0,14.0,0,1448,True,False,4,2025-01-23,AU,CN,894,40,19,2.0,17.0,False,False,False,True
pid_03824,seller_2536,Electronics,Fash1onForward,87.74,3.2,224,6,190.0,25.0,0,2792,False,False,6,2024-03-29,DE,AU,2538,38,88,3.0,1.0,True,False,False,True
pid_03885,seller_6087,Automotive,AutoParts Pro,104.64,3.9,4667,5,652.0,24.0,1,1543,True,False,1,2025-11-06,CN,IN,1503,16,70,2.0,11.0,False,False,True,True
pid_01799,seller_7180,Electronics,Med1Pharm,166.4,4.0,2612,3,292.0,17.0,1,1415,True,True,2,2024-03-22,IN,JP,4574,124,326,0.0,0.0,True,True,False,True
pid_01572,seller_9642,Pharmaceuticals,AutoParts Pro,164.66,3.0,1865,3,20.0,28.0,2,596,False,False,2,2024-04-26,CN,KR,914,103,29,1.0,0.0,False,False,False,True
pid_04628,seller_9010,Cosmetics,Cl@ssicWear,156.22,3.4,1683,1,480.0,30.0,1,336,True,True,4,2024-09-04,FR,IN,4799,160,240,1.0,16.0,False,True,False,True
pid_01067,seller_8669,Electronics,CircuitMaster,189.45,3.6,2284,2,487.0,20.0,0,3035,True,False,3,2025-06-06,KR,US,4235,475,216,3.0,19.0,False,False,False,False
pid_02760,seller_9109,Electronics,ClassicWear,42.75,3.6,1232,6,357.0,16.0,0,3097,True,True,4,2025-07-20,CN,GB,1238,60,75,1.0,7.0,True,False,False,False
pid_00715,seller_6625,Automotive,ExclusiveItems,94.82,3.8,0,3,,23.0,1,2982,True,True,3,2025-12-23,FR,US,4642,550,66,2.0,15.0,False,False,False,False
pid_04059,seller_3604,Automotive,DigitalPro,203.71,3.5,786,1,20.0,8.0,2,242,True,True,5,2024-10-23,AU,AU,4961,435,220,1.0,0.0,True,False,False,True
pid_04977,seller_2882,Electronics,ExclusiveIt3ms,16.01,3.4,2537,5,354.0,26.0,1,822,False,False,2,2024-01-27,GB,KR,1946,100,35,4.0,11.0,False,False,False,True
pid_04565,seller_7920,Automotive,AutoParts Pr0,13.05,4.8,2882,3,321.0,11.0,0,3300,False,True,4,2024-11-24,IN,JP,2187,123,119,2.0,11.0,False,False,False,True
pid_04660,seller_7025,Luxury Goods,EliteDesign,212.1,3.8,0,1,394.0,18.0,2,5,True,False,1,2024-05-11,KR,JP,541,19,25,0.0,18.0,True,True,False,False
pid_01798,seller_5977,Electronics,Natur@lGlow,249.37,4.1,0,1,192.0,31.0,0,2452,False,True,1,2025-09-08,US,FR,771,92,3,3.0,14.0,False,False,False,False
pid_00461,seller_8129,Cosmetics,VehicleCare,138.89,4.4,2992,4,657.0,3.0,0,4000,True,False,4,2025-10-01,GB,AU,222,3,11,2.0,10.0,True,False,False,False
pid_02944,seller_3507,Pharmaceuticals,ExclusiveItems,142.04,3.3,0,1,,1.0,2,2222,False,False,3,2024-02-14,KR,US,1382,93,94,1.0,5.0,False,False,False,False
pid_01795,seller_5103,Electronics,WellnessLab,103.03,4.1,0,1,617.0,14.0,1,437,False,True,4,2024-09-24,US,GB,3219,281,149,1.0,18.0,False,False,False,False
pid_01869,seller_1714,Pharmaceuticals,TrendSetter,49.77,4.1,3153,3,648.0,1.0,1,2937,True,False,2,2024-09-11,GB,JP,3998,180,197,1.0,8.0,True,False,True,False
pid_01345,seller_4250,Luxury Goods,BioMed Solutions,30.43,3.6,2104,1,151.0,19.0,1,1126,True,True,2,2024-07-08,KR,JP,4822,359,367,0.0,9.0,False,False,True,True
pid_04791,seller_1268,Automotive,Digit@lPro,172.97,2.8,0,2,73.0,31.0,0,1507,False,False,2,2024-02-23,FR,CN,3926,63,97,3.0,11.0,True,False,False,True
pid_01214,seller_2230,Cosmetics,We1lnessLab,94.71,3.4,0,2,186.0,5.0,3,1754,True,True,1,2025-12-27,IN,JP,274,9,14,2.0,20.0,False,False,False,False
pid_01372,seller_5309,Automotive,ElectroMax,187.42,5.0,4416,4,733.0,7.0,0,4000,True,True,5,2025-01-13,DE,GB,1779,201,74,1.0,23.0,False,False,False,False
pid_00243,seller_8968,Fashion,MotorMax,43.59,3.2,974,2,313.0,24.0,1,507,False,False,3,2024-11-16,CN,CA,443,61,5,1.0,8.0,False,False,False,False
pid_04039,seller_9121,Cosmetics,HealthCare Plus,124.35,4.5,1524,4,389.0,18.0,0,413,True,False,1,2024-06-11,CN,DE,3585,198,258,3.0,17.0,True,False,False,False
pid_02799,seller_5507,Electronics,BioMed S0lutions,44.02,3.4,2827,2,144.0,35.0,1,311,False,True,1,2024-09-14,IN,JP,1868,276,139,0.0,11.0,False,True,True,True
pid_01679,seller_7944,Cosmetics,TechCorp,166.14,3.6,3469,3,557.0,1.0,1,2705,True,False,2,2024-02-04,IN,DE,4766,103,297,1.0,2.0,False,False,False,True
pid_03850,seller_2628,Fashion,T3chCorp,5.0,3.0,0,1,73.0,17.0,1,5,True,False,1,2025-06-10,US,KR,465,19,12,1.0,0.0,True,False,False,True
pid_01312,seller_5202,Luxury Goods,CircuitMaster,197.01,5.0,0,4,443.0,30.0,2,1183,True,True,4,2024-05-10,CN,IN,2877,239,224,1.0,8.0,False,False,False,True
pid_00648,seller_7292,Pharmaceuticals,Mot0rMax,193.92,4.0,3833,5,626.0,6.0,0,2278,False,True,4,2024-10-13,CA,AU,2634,356,46,3.0,17.0,False,False,False,True
pid_03238,seller_5880,Cosmetics,CircuitMaster,109.89,5.0,2851,3,672.0,4.0,0,2802,True,True,6,2024-11-16,CN,IN,2171,43,82,1.0,,False,False,False,False
pid_02643,seller_6729,Cosmetics,BioMed Solutions,134.32,4.4,1577,3,799.0,29.0,1,2512,True,False,1,2025-01-12,US,IN,1681,160,12,2.0,19.0,False,False,False,True
pid_04409,seller_6523,Luxury Goods,WellnessLab,172.81,5.0,4054,6,206.0,17.0,1,1827,True,True,2,2025-06-07,JP,IN,1687,117,113,3.0,7.0,False,False,False,False
pid_00155,seller_6523,Fashion,BioMed Solutions,34.9,4.0,408,5,438.0,21.0,1,2183,True,False,2,2025-10-13,CN,US,538,58,13,0.0,7.0,True,False,False,True
pid_03428,seller_7075,Automotive,TrendSetter,87.13,4.3,3590,5,373.0,25.0,0,2519,False,False,1,2024-08-16,GB,DE,1248,74,52,3.0,0.0,False,False,False,False
pid_03453,seller_1982,Fashion,CarT3ch,5.64,4.0,1854,5,185.0,2.0,1,1662,True,True,1,2024-11-01,JP,CA,145,6,4,1.0,11.0,False,False,True,True
pid_01303,seller_5262,Luxury Goods,Be@utyLux,220.67,3.0,4587,3,378.0,3.0,0,2514,False,True,3,2024-09-15,US,JP,3372,198,260,2.0,10.0,False,False,True,True
pid_01150,seller_5776,Cosmetics,WellnessLab,207.81,4.0,2779,4,763.0,17.0,1,372,True,False,4,2024-01-22,JP,US,78,7,2,1.0,22.0,False,False,False,False
pid_03047,seller_7853,Fashion,PremiumCraft,172.36,4.8,3214,6,562.0,6.0,0,1868,True,True,3,2024-11-26,DE,JP,471,52,36,2.0,5.0,False,False,False,False
pid_01046,seller_1923,Fashion,ElectroMax,169.51,3.8,1587,7,340.0,2.0,2,2085,True,True,4,2025-12-25,AU,AU,3009,261,101,4.0,7.0,True,False,False,False
pid_01640,seller_9107,Luxury Goods,TechCorp,187.88,3.3,0,1,333.0,30.0,1,2415,True,False,3,2024-02-16,US,US,658,74,32,3.0,2.0,False,True,False,True
pid_01306,seller_5280,Cosmetics,WellnessLab,182.77,4.2,3062,6,331.0,17.0,0,2819,True,False,3,2025-08-20,IN,IN,1875,265,116,2.0,9.0,False,False,True,False
pid_01927,seller_5848,Luxury Goods,DigitalPro,123.71,,984,3,456.0,1.0,0,2594,False,False,1,2024-11-30,IN,JP,2000,110,102,3.0,9.0,False,False,False,False
pid_03439,seller_1719,Automotive,DigitalPro,205.48,5.0,5002,7,289.0,1.0,1,3099,True,True,6,2024-08-10,AU,DE,2058,101,91,,14.0,True,False,False,False
pid_04121,seller_8194,Luxury Goods,BeautyLux,102.37,3.2,1213,1,227.0,21.0,1,199,True,True,3,2025-04-05,CA,US,3058,273,227,0.0,9.0,False,True,False,False
pid_02244,seller_6289,Automotive,DigitalPr0,38.83,3.6,4332,2,122.0,21.0,1,964,True,True,1,2025-01-05,US,IN,1586,224,33,2.0,7.0,True,False,False,True
pid_03136,seller_6562,Pharmaceuticals,HealthCare Plus,205.47,3.2,1920,2,616.0,9.0,3,2671,True,True,1,2025-05-03,CN,DE,4341,192,215,5.0,16.0,False,False,False,False
pid_00015,seller_8980,Electronics,AutoParts Pro,225.19,4.4,1645,3,,3.0,0,589,True,True,5,2024-06-05,DE,GB,2841,156,36,1.0,5.0,True,False,False,False
pid_03538,seller_3985,Cosmetics,CircuitMaster,56.88,4.7,3188,6,480.0,1.0,2,115,False,False,1,2025-06-03,AU,DE,903,23,33,1.0,14.0,False,False,True,False
pid_02669,seller_8620,Fashion,MotorMax,168.94,3.7,4976,2,237.0,13.0,0,2281,True,False,2,2024-09-24,JP,CA,2910,284,214,0.0,0.0,False,False,False,False
pid_01360,seller_3923,Automotive,CircuitMaster,108.9,4.1,3965,2,492.0,14.0,0,2297,False,False,4,2024-02-15,DE,CA,3158,150,189,3.0,23.0,False,False,True,True
pid_01844,seller_3854,Automotive,ClassicWear,171.4,5.0,906,4,725.0,1.0,0,2539,True,True,6,2025-11-04,JP,KR,2781,195,90,1.0,30.0,False,False,False,False
pid_03098,seller_1889,Electronics,Exc1usiveItems,54.12,3.1,2495,1,255.0,17.0,0,2259,True,False,1,2025-08-26,DE,US,3583,311,41,0.0,,False,False,True,True
pid_01612,seller_4342,Luxury Goods,TechCorp,328.5,3.9,5507,4,600.0,8.0,0,2488,True,True,4,2024-08-29,AU,US,3794,144,225,1.0,36.0,True,True,False,False
pid_00497,seller_6339,Electronics,NaturalGlow,157.27,4.2,3480,3,617.0,17.0,0,2159,True,True,2,2025-08-08,CA,US,614,75,48,0.0,18.0,True,False,False,False
pid_02840,seller_6446,Fashion,AutoParts Pro,285.54,4.3,4359,6,352.0,18.0,3,3134,True,True,3,2024-07-02,KR,IN,3159,336,128,0.0,23.0,True,False,True,False
pid_04611,seller_6163,Electronics,ClassicWear,293.61,3.1,1856,1,254.0,16.0,0,1986,True,True,4,2025-02-06,FR,CN,301,38,9,4.0,7.0,True,False,False,False
pid_04986,seller_3154,Pharmaceuticals,BioMed Solutions,153.95,4.2,665,5,423.0,13.0,1,1078,True,True,3,2025-02-02,CA,GB,3147,244,224,0.0,7.0,False,False,True,False
pid_03633,seller_6277,Fashion,BioMed Solutions,115.39,2.6,3213,1,131.0,19.0,2,5,True,True,1,2025-08-05,CA,KR,3118,319,85,1.0,15.0,True,False,False,False
pid_01478,seller_2478,Pharmaceuticals,BeautyLux,140.27,3.2,3454,3,400.0,22.0,0,194,False,True,2,2024-06-26,CA,DE,4593,371,121,0.0,1.0,True,False,True,False
pid_01095,seller_6351,Electronics,PremiumCraft,101.86,4.3,42,6,276.0,5.0,2,5,True,True,2,2025-11-24,JP,FR,3107,68,231,2.0,9.0,False,False,True,False
pid_00542,seller_4071,Fashion,MotorMax,52.63,3.7,3127,2,647.0,18.0,1,2227,True,True,1,2025-01-27,FR,KR,3695,244,56,3.0,1.0,False,False,False,False
pid_04729,seller_2176,Electronics,ElectroMax,117.14,4.3,0,5,266.0,17.0,4,912,True,True,3,2025-11-11,KR,CA,1911,164,146,2.0,10.0,False,False,False,True
pid_04074,seller_7711,Cosmetics,CircuitMaster,292.02,4.3,3391,4,719.0,1.0,0,1486,True,False,3,2025-07-06,FR,KR,135,12,8,,21.0,True,False,False,False
pid_00431,seller_6794,Pharmaceuticals,M3diPharm,17.45,,0,3,20.0,19.0,4,5,True,True,1,2025-03-25,IN,GB,706,75,13,0.0,7.0,True,False,True,False
pid_00728,seller_7891,Electronics,HealthCare Plus,116.38,4.8,4820,3,716.0,1.0,0,3553,True,True,1,2025-08-01,IN,JP,3762,330,25,,13.0,True,False,False,False
pid_04412,seller_5576,Cosmetics,Clas5icWear,5.0,3.7,327,1,264.0,15.0,2,1442,True,True,1,2024-08-24,JP,DE,928,67,20,1.0,0.0,False,True,False,True
pid_02561,seller_5484,Cosmetics,VehicleCar3,220.96,4.6,0,4,516.0,31.0,1,725,True,True,3,2025-12-09,AU,KR,3371,443,88,2.0,,False,False,True,True
pid_01337,seller_2983,Cosmetics,HealthCare Plus,326.06,4.7,5998,5,525.0,,0,2669,True,True,4,2024-02-22,CN,GB,4349,568,174,4.0,29.0,False,False,False,False
pid_03606,seller_4410,Pharmaceuticals,CarTech,138.29,4.2,5026,3,209.0,22.0,0,886,True,False,4,2024-08-16,AU,CA,4479,145,350,0.0,3.0,False,False,False,False
pid_02877,seller_1841,Electronics,MediPharm,204.73,5.0,6031,2,722.0,6.0,0,2524,True,True,6,2025-04-12,AU,CA,526,33,24,4.0,12.0,False,False,False,False
pid_04415,seller_2300,Luxury Goods,VehicleCare,152.52,3.9,0,5,331.0,9.0,1,2182,True,True,2,2025-10-29,DE,CA,3611,140,267,2.0,20.0,False,False,False,True
pid_01031,seller_1684,Cosmetics,MotorMax,143.76,2.9,0,3,140.0,47.0,2,569,True,True,1,2025-02-20,DE,FR,4040,145,145,0.0,0.0,False,True,False,True
pid_01110,seller_9170,Pharmaceuticals,WellnessLab,117.75,3.7,2458,1,250.0,12.0,0,909,False,True,4,2024-02-15,FR,KR,2071,212,49,0.0,,False,False,False,True
pid_01888,seller_3088,Pharmaceuticals,CircuitMaster,145.81,3.6,0,4,130.0,20.0,0,160,False,True,3,2024-04-14,CA,IN,1145,113,18,0.0,0.0,False,True,False,False
pid_03550,seller_8600,Pharmaceuticals,TrendSetter,291.6,5.0,5052,6,698.0,1.0,0,2305,True,True,3,2025-06-22,DE,FR,992,99,20,1.0,29.0,True,False,False,False
pid_01527,seller_5335,Fashion,PremiumCraft,210.58,4.5,2931,3,434.0,1.0,0,155,True,False,4,2025-05-14,FR,CA,3312,181,76,2.0,26.0,False,False,False,False
pid_00753,seller_3257,Fashion,BeautyLux,201.51,4.3,1921,6,243.0,9.0,2,2626,True,True,4,2024-01-20,IN,DE,542,67,7,0.0,0.0,True,False,False,False
pid_03049,seller_5137,Fashion,BeautyLux,38.95,3.4,267,2,673.0,8.0,1,3134,False,False,1,2024-12-03,DE,FR,1831,226,13,1.0,7.0,True,False,True,True
pid_02628,seller_8311,Luxury Goods,PureSkin,165.63,3.6,0,2,380.0,18.0,2,55,False,True,2,2024-07-16,CN,CA,1632,134,66,0.0,0.0,False,False,False,False
pid_00562,seller_5758,Electronics,FashionForward,5.0,3.1,2313,4,752.0,4.0,0,3258,True,True,4,2025-11-06,CN,CA,3341,98,75,4.0,20.0,True,False,False,False
pid_04764,seller_3319,Luxury Goods,CircuitMaster,90.88,3.3,782,1,183.0,48.0,2,2213,False,False,1,2024-07-29,DE,FR,3860,213,283,0.0,0.0,False,True,False,False
pid_03562,seller_4250,Electronics,EliteDesign,216.54,3.8,1546,5,431.0,10.0,0,861,False,True,2,2025-02-23,CN,FR,3489,234,44,2.0,11.0,False,False,False,False
pid_00252,seller_8664,Automotive,GlamourCo,5.0,3.9,873,5,291.0,20.0,0,2120,False,False,3,2025-04-21,FR,GB,1767,189,137,0.0,10.0,True,False,False,True
pid_02516,seller_9148,Electronics,PremiumCraft,221.44,4.7,3768,5,320.0,13.0,1,2608,False,True,4,2024-02-19,IN,KR,4616,683,255,1.0,11.0,False,False,False,False
pid_02962,seller_7759,Fashion,MediPharm,221.04,4.1,1400,7,226.0,23.0,3,3569,True,False,3,2025-04-14,JP,CN,1607,145,37,5.0,31.0,False,False,False,False
pid_04453,seller_3699,Pharmaceuticals,C1rcuitMaster,65.7,4.0,1001,3,249.0,7.0,1,376,True,False,3,2024-01-14,DE,GB,2853,357,116,3.0,13.0,False,False,False,True
pid_01202,seller_6678,Electronics,WellnessLab,97.54,5.0,1272,2,632.0,20.0,0,1184,True,True,1,2025-12-15,GB,AU,406,58,14,2.0,13.0,False,False,False,False
pid_03462,seller_6231,Cosmetics,Vehic1eCare,105.15,3.8,1841,2,170.0,9.0,0,1296,True,False,2,2025-05-09,KR,GB,2087,83,48,0.0,,False,False,False,True
pid_02797,seller_2809,Cosmetics,TrendSetter,54.91,4.3,734,4,418.0,22.0,1,1286,True,True,4,2024-08-30,US,AU,4045,429,252,0.0,6.0,True,False,False,False
pid_04225,seller_1203,Pharmaceuticals,TrendSetter,25.12,4.1,2147,4,316.0,17.0,1,1610,False,True,1,2024-04-20,AU,US,326,4,19,3.0,0.0,True,True,False,False
pid_00144,seller_2523,Fashion,Glam0urCo,92.07,3.7,0,2,229.0,29.0,6,190,True,False,1,2024-05-14,IN,CN,4149,80,29,0.0,8.0,False,False,True,True
pid_02895,seller_5989,Automotive,NaturalGlow,258.5,4.0,3075,3,,21.0,0,770,False,False,3,2024-07-30,KR,GB,771,10,23,3.0,24.0,False,False,True,False
pid_02763,seller_9539,Luxury Goods,EliteDesign,5.0,4.2,1441,3,310.0,7.0,0,5,False,False,2,2025-10-12,US,US,3676,127,121,1.0,5.0,False,True,True,False
pid_00905,seller_3104,Automotive,MotorM@x,153.42,3.5,2451,2,534.0,35.0,0,2031,True,True,1,2024-05-26,FR,IN,4827,603,197,0.0,10.0,False,False,False,True
pid_03980,seller_6383,Pharmaceuticals,LuxuryBr@nd,136.09,3.6,1367,4,302.0,1.0,0,1161,False,True,2,2025-05-16,CA,JP,3212,209,28,2.0,10.0,False,False,True,True
pid_00235,seller_3927,Pharmaceuticals,PremiumCraft,29.01,3.7,1497,1,121.0,30.0,1,1677,True,True,3,2024-03-15,DE,CA,2171,51,75,2.0,0.0,False,True,False,True
