price,seller_rating,seller_reviews,product_images,description_length,shipping_time_days,spelling_errors,domain_age_days,contact_info_complete,return_policy_clear,payment_methods_count,views,purchases,wishlist_adds,certification_badges,warranty_months,bulk_orders,unusual_payment_patterns,ip_location_mismatch,is_counterfeit,seller_country,shipping_origin,brand_suspicious,category_Cosmetics,category_Electronics,category_Fashion,category_Luxury Goods,category_Pharmaceuticals
277.2,3.5,890,4,128.0,21.0,0,1440,0,1,2,1495,68,105,1.0,4.0,0,0,0,0,1,6,0,0,0,1,0,0
89.18,3.978268041237113,1859,3,224.0,31.0,4,206,0,0,3,3007,359,104,1.0,14.0,0,0,1,1,5,5,0,0,1,0,0,0
168.4,2.7,1096,2,98.0,10.0,0,1069,1,1,3,4872,283,141,1.0,1.0,1,0,0,1,7,1,1,0,0,1,0,0
130.98,3.1,1296,3,255.0,22.0,0,514,1,1,2,2212,208,60,0.0,0.0,0,1,0,0,7,6,0,0,0,0,0,0
5.0,2.6,0,2,20.0,32.0,5,5,0,0,1,1376,129,20,0.0,1.0,0,1,0,1,8,9,0,0,0,0,0,1
216.41,4.0,0,2,443.0,10.0,0,5,0,1,5,3415,351,89,1.0,17.0,0,0,0,0,5,4,0,0,0,0,0,0
78.06,2.6,0,3,147.0,23.0,4,1973,1,1,1,1630,181,42,1.0,0.0,0,0,0,1,3,6,0,0,0,0,0,1
106.12,3.3,0,3,20.0,39.0,0,5,0,0,1,1764,183,83,0.0,0.0,0,0,0,1,3,6,1,0,0,0,0,0
99.48,3.6,1569,4,548.0,1.0,1,3342,1,1,3,2421,74,138,2.0,16.0,1,0,0,0,5,8,0,0,0,0,1,0
6.22,4.1,0,3,432.0,19.0,2,1688,0,0,2,4245,325,195,0.0,13.0,1,1,0,0,8,5,0,0,1,0,0,0
121.67,4.0,1236,1,87.0,5.0,1,5,1,1,4,4822,431,188,0.0,18.0,1,1,1,1,4,7,0,0,0,0,0,0
97.89,3.6,3386,6,187.0,21.0,0,1585,1,1,1,1324,103,20,2.0,2.0,0,0,1,1,9,0,1,0,0,0,0,1
23.93,4.3,703,2,201.0,14.0,1,574,0,1,4,4108,200,229,0.0,3.0,1,0,0,1,2,9,1,0,1,0,0,0
248.68,3.0,0,5,470.0,9.0,0,1640,1,1,4,750,104,48,2.0,11.0,0,0,0,1,8,2,1,0,1,0,0,0
106.63,3.6,2640,1,597.0,17.0,0,1529,0,1,1,634,28,44,1.0,18.0,0,1,0,0,8,7,0,0,0,0,0,0
136.6,4.6,3093,6,315.0,10.0,0,3491,1,1,3,1227,111,53,2.0,17.0,1,0,0,1,4,8,0,0,0,0,0,1
101.55,3.978268041237113,5423,1,403.7255102040816,36.0,0,5,1,0,4,3771,226,20,0.0,4.0,0,0,1,1,9,4,1,0,0,0,0,0
222.77,3.7,0,4,348.0,20.0,1,683,1,1,1,3995,234,188,2.0,18.0,1,0,0,0,0,2,0,0,0,1,0,0
46.28,3.7,0,2,218.0,27.0,1,1462,1,0,2,903,105,28,3.0,0.0,0,1,0,1,3,3,0,0,0,0,0,0
5.0,3.0,1079,1,43.0,30.0,1,2887,1,1,1,2440,175,104,0.0,3.0,0,1,0,1,7,4,1,0,1,0,0,0
372.22,4.2,5013,4,387.0,12.0,0,2974,0,1,1,4356,506,45,2.0,23.0,0,1,0,0,3,8,0,0,1,0,0,0
287.0,3.2,807,5,386.0,4.0,1,497,0,1,4,2641,223,103,2.0,10.0,1,0,0,1,3,1,1,0,0,0,0,1
152.92,4.0,0,1,203.0,22.0,0,1560,1,1,3,1470,49,95,1.0,11.0,1,0,0,0,7,6,0,0,0,0,1,0
151.15,3.6,2827,5,692.0,3.0,0,2016,1,1,1,4946,187,364,0.0,6.0,0,1,1,0,8,9,0,0,0,0,0,1
220.73,5.0,0,1,683.0,7.0,0,1903,1,0,3,3763,174,26,0.0,15.0,1,0,0,1,8,0,1,0,0,0,0,1
263.82,3.9,3035,7,610.0,15.0,1,5,1,1,4,2719,298,193,2.0,16.0,0,0,0,0,1,5,0,0,1,0,0,0
124.98,5.0,4236,4,654.0,14.0,0,945,0,1,2,4005,453,38,3.0,28.0,0,0,0,0,1,1,0,0,1,0,0,0
114.05,3.9,0,6,360.0,8.0,2,825,1,0,1,126,14,2,1.6757142857142857,0.0,1,0,0,1,0,7,0,0,0,0,0,0
213.74,3.9,646,6,98.0,31.0,0,1097,0,1,1,4251,308,72,1.0,14.0,0,0,0,0,7,4,0,0,0,0,0,1
5.0,3.1,2131,3,237.0,12.0,2,5,0,1,1,1877,208,43,3.0,12.0,0,0,1,1,3,6,1,0,1,0,0,0
35.36,3.978268041237113,43,2,105.0,13.0,2,1164,1,0,1,3493,300,175,2.0,0.0,1,1,0,1,1,7,0,0,1,0,0,0
248.88,4.5,1645,1,710.0,27.0,2,611,1,1,4,1719,114,46,3.0,21.0,0,0,0,0,9,0,1,0,0,0,0,0
10.58,3.4,1992,4,497.0,28.0,3,778,1,0,2,3595,115,64,3.0,5.0,0,0,1,0,5,8,0,0,0,1,0,0
73.24,3.8,1628,3,562.0,8.0,1,1846,0,1,1,2603,46,168,1.0,16.0,1,0,0,0,2,6,0,0,0,1,0,0
198.71,4.9,3256,4,448.0,15.0,0,973,1,1,1,3208,423,127,1.0,12.0,0,0,0,1,8,5,0,0,0,1,0,0
85.16,4.1,0,8,510.0,8.0,1,3674,1,1,3,2276,279,70,3.0,4.0,0,0,0,1,2,3,1,1,0,0,0,0
5.0,4.0,0,5,591.0,16.0,0,1095,0,1,1,834,68,21,1.0,14.0,0,0,0,1,6,7,1,0,0,0,0,1
208.4,3.978268041237113,0,3,706.0,13.0,3,2165,0,1,1,359,13,3,3.0,9.0,1,1,1,1,0,6,1,1,0,0,0,0
140.99,3.9,1302,6,89.0,21.0,0,2320,0,0,2,358,52,24,1.0,12.0,0,0,0,0,4,5,0,0,0,0,1,0
122.27,3.2,393,4,352.0,9.0,0,659,1,1,3,3452,467,34,0.0,0.0,0,0,0,1,8,8,1,0,0,0,1,0
179.81,4.3,0,5,346.0,27.0,3,2068,0,1,1,871,71,29,0.0,19.0,1,1,0,1,5,3,0,0,0,1,0,0
107.75,4.3,0,5,378.0,29.0,0,2356,1,1,5,3201,66,137,1.0,1.0,0,1,0,0,0,7,0,1,0,0,0,0
183.36,3.8,2872,6,757.0,8.0,1,301,1,1,5,4515,602,262,2.0,3.0,0,0,0,1,3,6,0,0,0,1,0,0
150.33,3.6,1854,5,239.0,28.0,2,1688,0,0,4,3291,428,56,3.0,0.0,1,0,1,0,0,3,0,0,0,1,0,0
174.86,3.6,1850,3,350.0,18.0,0,1897,1,0,4,4013,334,216,3.0,23.0,0,0,0,1,9,7,1,0,1,0,0,0
40.85,2.7,0,4,203.0,32.0,1,502,1,0,1,423,38,32,0.0,13.0,0,0,0,1,9,5,0,0,1,0,0,0
24.91,4.5,2621,5,445.0,19.0,1,3790,1,0,2,1657,90,100,4.0,16.0,0,0,1,0,5,7,0,0,0,1,0,0
38.42,3.6,0,3,313.0,19.0,2,813,1,1,1,1553,156,122,1.0,23.0,1,0,0,0,4,9,0,0,0,0,1,0
88.97,3.1,0,1,20.0,27.0,2,474,1,0,1,360,9,13,0.0,8.0,0,1,0,0,4,9,0,0,0,1,0,0
226.06,3.4,1771,4,436.0,18.0,1,877,0,1,3,1611,24,41,4.0,27.0,0,1,0,1,0,5,0,0,0,1,0,0
166.07,4.7,5531,6,768.0,1.0,0,1115,0,0,4,4104,591,174,3.0,4.0,0,1,1,0,1,7,0,0,0,0,0,1
363.21,5.0,6760,5,809.0,1.0,0,2752,1,1,6,3226,295,251,4.0,10.0,1,0,0,1,6,5,1,1,0,0,0,0
48.98,3.7,3388,1,503.0,8.0,0,4000,0,1,1,3955,324,72,3.0,4.0,0,0,0,0,5,2,0,0,1,0,0,0
5.0,3.4,82,4,336.0,20.0,1,2371,0,1,1,4935,311,242,0.0,0.0,0,0,0,1,3,0,1,0,1,0,0,0
248.51,4.5,2184,6,594.0,4.0,0,2360,1,0,3,201,21,5,3.0,29.0,1,0,0,0,2,1,0,0,0,0,1,0
199.7,3.2,1618,1,271.0,44.0,1,782,1,1,3,2112,112,75,0.0,14.0,0,0,1,1,2,7,1,0,0,0,1,0
190.75,3.7,2320,6,901.0,9.0,2,2829,0,0,5,2125,151,168,4.0,10.0,1,0,0,1,3,5,0,0,0,0,1,0
5.0,3.5,530,1,360.0,39.0,1,2026,1,0,1,4739,334,313,3.0,20.0,0,0,0,0,0,5,0,0,0,0,1,0
141.9,3.4,463,1,264.0,22.0,0,1478,1,1,1,1967,37,120,2.0,10.0,0,0,0,0,7,9,1,0,0,0,0,0
250.65,3.6,1958,1,442.0,19.0,0,710,1,1,3,3311,199,249,3.0,19.0,0,0,0,1,3,3,1,0,0,0,0,1
363.49,3.9,3231,3,531.0,1.0,1,1361,1,1,2,2917,288,35,2.0,11.988333333333333,0,0,0,0,0,3,0,0,0,1,0,0
126.45,3.3,0,2,59.0,26.0,2,1008,1,0,1,748,15,28,3.0,3.0,1,0,0,1,6,2,1,0,1,0,0,0
151.38,4.0,2007,1,471.0,11.0,1,1177,1,0,2,242,27,11,2.0,2.0,0,0,0,0,4,3,0,0,0,0,0,1
209.29,4.5,3278,1,353.0,17.0,0,1796,0,0,3,3327,460,95,5.0,10.0,0,0,0,0,5,6,0,0,0,0,1,0
143.99,3.8,2205,3,20.0,29.0,1,5,1,0,1,640,28,4,1.0,13.0,1,1,0,1,6,6,0,0,0,0,0,0
31.58,4.5,1492,3,977.0,28.0,1,5,1,1,3,3327,104,138,1.0,10.0,1,0,0,0,3,6,0,0,0,0,1,0
156.67,3.3,1639,2,309.0,9.0,1,1455,1,1,4,3176,59,56,1.0,14.0,0,0,0,0,1,7,0,0,0,0,0,1
142.42,3.6,491,3,472.0,11.0,0,1340,0,1,1,4354,85,337,1.0,17.0,0,0,0,1,5,5,0,0,0,0,1,0
80.23,4.1,1908,4,769.0,9.0,2,999,1,1,4,4525,112,144,0.0,17.0,0,0,0,1,3,7,0,1,0,0,0,0
140.01,4.6,2525,6,545.0,8.0,0,2289,1,1,4,319,24,18,0.0,13.0,0,0,0,1,7,2,0,0,0,0,0,1
154.8,4.9,935,3,616.0,1.0,0,2084,0,1,4,2984,113,96,4.0,13.0,1,0,0,0,5,9,0,0,0,1,0,0
119.72,2.8,1629,2,100.0,14.0,2,545,1,0,4,274,11,4,1.0,18.0,0,1,0,1,2,9,0,0,0,1,0,0
187.24,4.9,6591,7,716.0,3.0,0,2991,1,0,6,3831,358,185,3.0,23.0,0,0,0,0,0,7,0,0,0,0,0,1
146.22,4.1,1807,2,521.0,4.0,0,411,0,1,2,3163,52,30,2.0,4.0,1,0,0,1,7,8,0,0,1,0,0,0
5.0,3.1,598,3,20.0,27.0,3,5,1,0,1,1169,155,44,0.0,2.0,1,0,0,1,0,2,1,0,0,0,0,1
158.41,4.0,2311,2,151.0,29.0,0,1758,0,0,3,4648,105,302,0.0,5.0,1,1,0,0,2,7,0,1,0,0,0,0
185.9,3.9,800,4,662.0,1.0,0,3134,1,1,2,4739,693,332,1.0,13.0,0,0,0,0,5,2,0,0,0,0,1,0
246.83,4.0,2855,5,374.0,1.0,0,865,0,1,5,390,18,4,4.0,23.0,1,0,0,1,0,2,0,0,0,0,0,0
220.39,4.5,2178,3,528.0,11.0,0,2602,1,1,2,2761,160,45,3.0,24.0,1,0,0,1,9,1,1,0,0,0,0,1
98.99,4.1,2540,1,459.0,14.0,1,688,1,0,3,2409,360,87,0.0,18.0,1,0,0,0,4,1,0,0,0,0,0,1
84.56,3.3,801,3,464.0,36.0,1,949,1,1,1,1643,112,87,2.0,5.0,1,1,1,1,7,5,0,0,0,1,0,0
161.34,4.4,1139,1,109.0,16.0,1,1364,1,0,3,1925,69,36,2.0,8.0,0,0,0,0,9,8,0,0,0,1,0,0
213.97,4.5,741,3,745.0,12.0,0,5,1,0,2,4230,319,336,1.0,13.0,1,0,0,0,2,6,0,0,1,0,0,0
285.24,4.3,1138,3,468.0,4.0,0,1190,1,0,2,3577,138,148,3.0,11.0,0,0,0,0,8,8,0,1,0,0,0,0
284.74,2.7,130,1,539.0,7.0,1,1836,1,1,3,4465,212,291,0.0,5.0,0,0,0,1,1,3,1,0,0,0,0,1
5.0,3.0,0,1,180.0,36.0,0,769,0,0,1,62,4,4,0.0,8.0,0,1,1,1,6,2,1,0,0,0,0,1
230.04,4.4,1888,1,500.0,1.0,0,347,1,0,3,704,16,22,1.0,17.0,0,0,1,0,6,3,0,0,1,0,0,0
51.41,4.5,234,1,20.0,13.0,3,301,0,0,3,2890,252,38,1.0,15.0,1,0,0,1,7,3,0,0,0,0,0,0
209.06,4.2,2168,2,403.7255102040816,21.0,0,2497,1,1,5,2279,90,172,3.0,18.0,0,0,0,0,1,1,0,0,0,0,0,1
226.25,3.6,0,3,392.0,23.0,0,1835,1,0,2,4847,357,91,1.0,7.0,1,0,0,0,3,0,0,0,0,0,0,0
286.41,4.2,4591,3,417.0,22.0,0,2811,1,1,4,491,65,35,5.0,16.0,0,0,1,1,6,6,0,0,0,0,1,0
233.99,3.7,0,1,461.0,15.0,2,1468,0,1,3,3906,562,245,0.0,11.988333333333333,0,0,1,1,9,7,1,0,0,0,1,0
195.04,3.6,0,1,334.0,21.0,3,1514,1,1,2,3391,51,63,2.0,12.0,0,0,0,1,2,6,1,1,0,0,0,0
212.17,4.2,2980,6,1088.0,16.0,0,2962,1,0,3,2120,115,68,3.0,11.988333333333333,1,0,0,0,7,2,0,0,0,1,0,0
36.09,3.8,548,5,207.0,33.0,2,2122,1,1,3,1666,127,81,3.0,5.0,0,0,1,1,1,6,0,1,0,0,0,0
218.98,3.9,0,3,550.0,35.0,1,5,0,0,1,1422,204,44,0.0,2.0,0,1,0,1,8,3,1,1,0,0,0,0
147.22,4.7,3039,5,855.0,7.0,1,2140,1,0,1,469,20,21,0.0,10.0,0,0,0,0,2,7,0,0,0,1,0,0
79.25,3.978268041237113,3565,1,381.0,30.0,1,3299,1,0,3,645,13,42,1.0,31.0,0,0,1,1,8,2,0,0,0,0,1,0
135.05,4.1,0,2,546.0,18.0,1,107,1,1,1,4221,487,160,1.0,2.0,0,0,0,1,4,5,0,0,0,0,0,0
207.17,4.1,2864,4,631.0,1.0,0,4000,0,0,4,1243,170,60,2.0,9.0,0,0,0,0,4,4,0,1,0,0,0,0
269.37,3.5,0,4,237.0,11.0,0,5,1,1,3,1889,127,103,3.0,21.0,0,0,0,1,7,4,0,1,0,0,0,0
259.18,5.0,2000,7,634.0,1.0,0,1971,1,1,2,1047,82,15,1.0,25.0,1,0,0,0,0,4,0,0,1,0,0,0
194.76,3.9,0,5,724.0,22.0,0,2308,1,1,1,4557,669,309,1.0,11.988333333333333,0,0,0,0,5,1,0,0,1,0,0,0
332.04,4.2,337,3,545.0,35.0,0,5,0,0,3,2656,327,63,2.0,8.0,0,0,0,1,8,2,1,0,1,0,0,0
166.57,4.0,0,3,522.0,6.0,2,74,1,0,2,3144,117,20,4.0,0.0,1,0,0,0,3,8,0,0,0,0,0,0
82.81,3.6,0,5,244.0,36.0,3,323,0,0,1,2860,205,63,0.0,0.0,0,1,0,0,5,4,0,0,1,0,0,0
189.54,4.4,5862,9,415.0,28.0,0,1837,1,1,2,3929,514,174,2.0,31.0,1,0,0,0,6,2,0,0,0,0,0,0
250.69,4.2,2589,3,278.0,24.0,1,1432,0,1,4,3030,365,147,1.0,7.0,0,0,0,0,2,7,0,0,0,0,0,0
155.99,4.6,2347,2,538.0,1.0,0,1487,1,1,2,3728,106,95,5.0,22.0,0,0,0,0,0,1,0,0,0,0,0,1
130.22,3.1,0,1,350.0,37.0,2,1203,1,1,3,2857,60,95,0.0,11.988333333333333,1,0,0,1,6,2,1,0,1,0,0,0
54.22,4.1,3471,3,524.0,20.0,0,1989,0,0,4,4698,201,289,0.0,7.0,0,0,0,1,3,9,0,0,1,0,0,0
192.87,4.0,3514,3,314.0,4.0,3,2215,1,1,5,873,128,67,0.0,30.0,1,0,0,0,3,8,0,0,1,0,0,0
165.44,4.8,2074,4,399.0,1.0,3,5,1,1,6,3279,270,199,1.0,9.0,0,0,0,0,4,5,0,0,0,1,0,0
346.07,4.0,4444,5,302.0,1.0,0,1191,1,1,4,3233,401,214,0.0,28.0,1,0,0,0,0,4,0,0,1,0,0,0
165.4,3.7,1270,4,513.0,28.0,2,1870,1,1,1,2308,103,92,0.0,16.0,0,0,0,0,2,2,0,0,0,0,0,1
158.23,5.0,8045,6,403.7255102040816,1.0,1,2279,1,0,4,2126,42,164,3.0,20.0,0,1,0,0,9,4,0,0,0,1,0,0
203.33,4.2,915,7,390.0,1.0,0,1266,1,1,2,426,38,2,3.0,18.0,1,0,0,0,1,5,0,0,0,1,0,0
211.12,4.0,4249,6,123.0,41.0,0,1981,1,0,5,4037,50,314,3.0,10.0,0,0,1,1,2,5,1,0,0,1,0,0
57.63,4.2,830,5,464.0,6.0,3,372,1,1,2,4834,65,218,1.0,4.0,1,0,0,0,0,2,0,0,1,0,0,0
54.75,3.7,1871,4,415.0,26.0,0,2403,1,0,1,742,31,5,1.0,0.0,0,0,0,1,1,2,0,0,0,0,0,0
61.93,4.2,0,4,246.0,41.0,1,5,0,1,3,633,94,24,1.0,17.0,0,0,0,0,4,6,0,0,0,0,0,0
227.16,5.0,2457,7,556.0,1.0,1,3462,1,1,4,2769,132,218,1.0,18.0,0,0,0,0,9,5,0,0,0,1,0,0
123.09,3.6,3113,1,422.0,1.0,1,1842,1,0,2,3178,433,235,4.0,11.0,0,0,0,0,5,5,0,1,0,0,0,0
214.51,5.0,4279,8,473.0,7.0,0,4000,1,0,4,1489,76,22,2.0,26.0,1,0,0,0,7,2,0,0,1,0,0,0
163.1,3.3,457,4,338.0,16.0,0,2258,1,1,3,1051,13,74,2.0,8.0,1,0,0,1,3,4,0,0,0,0,1,0
15.36,2.9,0,1,330.0,35.0,2,1600,1,1,2,3380,184,150,3.0,0.0,0,0,0,0,1,5,0,1,0,0,0,0
176.59,3.6,1682,5,301.0,15.230456852791878,0,3290,0,0,2,931,20,41,3.0,26.0,0,0,0,0,1,5,0,0,0,0,0,0
69.99,3.8,0,1,313.0,24.0,0,2238,1,1,2,2240,328,42,3.0,11.988333333333333,1,0,0,1,0,3,1,0,0,0,0,0
52.34,3.5,0,1,256.0,28.0,3,5,1,0,2,4513,239,172,0.0,0.0,1,0,1,1,3,1,1,1,0,0,0,0
183.76,4.6,1813,5,568.0,10.0,0,1530,1,1,5,4742,69,55,2.0,20.0,0,0,1,0,8,0,0,1,0,0,0,0
196.67,4.8,3464,7,218.0,10.0,0,1462,0,1,3,169,5,1,4.0,17.0,0,0,0,0,1,0,0,0,1,0,0,0
118.64,3.4,7650,5,190.0,1.0,1,2805,1,1,3,289,32,17,2.0,17.0,0,0,0,0,7,7,0,0,0,1,0,0
170.12,3.5,2489,3,292.0,5.0,0,1745,0,0,2,2117,282,40,4.0,26.0,1,0,0,1,9,7,1,0,1,0,0,0
171.41,4.7,1994,7,453.0,18.0,0,1675,1,1,1,2866,347,125,2.0,1.0,1,0,0,0,5,6,0,0,0,0,1,0
251.02,4.3,863,3,309.0,16.0,0,2940,0,1,3,4930,384,82,3.0,16.0,0,0,0,0,4,8,0,0,0,0,0,0
245.58,3.6,2278,2,139.0,9.0,2,625,1,0,5,2259,50,23,0.0,20.0,0,1,0,0,5,6,0,1,0,0,0,0
274.09,3.7,2841,6,506.0,34.0,1,1961,1,1,2,4000,182,98,3.0,18.0,0,0,0,0,4,5,0,1,0,0,0,0
135.89,3.6,399,5,415.0,1.0,1,1312,1,1,4,3694,398,226,0.0,7.0,0,0,0,0,7,4,0,0,0,0,1,0
190.67,4.1,2950,3,384.0,1.0,1,5,1,0,1,3907,516,239,0.0,6.0,1,1,1,1,8,2,1,0,1,0,0,0
6.38,3.6,637,7,458.0,9.0,0,5,1,0,2,4563,429,297,2.0,1.0,0,1,0,1,6,3,1,1,0,0,0,0
205.6,4.5,4330,6,194.0,25.0,0,2010,0,1,1,2042,223,84,4.0,21.0,1,0,0,1,8,6,0,0,0,0,0,0
176.41,4.4,1112,4,216.0,19.0,1,1966,1,1,3,3413,367,48,0.0,9.0,1,0,0,0,9,4,0,0,0,1,0,0
69.13,4.0,1327,5,395.0,15.0,0,3207,1,1,4,3407,202,223,5.0,11.0,0,0,0,0,8,5,0,0,0,1,0,0
90.56,4.4,1304,2,713.0,1.0,0,2789,1,1,3,1103,92,84,3.0,22.0,1,0,0,0,6,2,0,1,0,0,0,0
273.69,4.4,4377,6,325.0,1.0,0,3028,1,0,4,806,55,6,2.0,21.0,0,0,0,0,2,8,0,0,0,1,0,0
73.19,3.7,1707,4,435.0,22.0,0,1818,0,0,1,160,15,12,4.0,4.0,1,0,0,0,8,1,0,0,0,0,0,0
168.39,3.3,1865,4,107.0,30.0,2,2613,1,1,3,580,74,34,1.0,13.0,0,0,0,1,4,8,1,0,1,0,0,0
116.69,3.8,0,3,538.0,1.0,1,1451,1,1,3,4067,120,170,2.0,19.0,0,1,0,0,5,8,0,0,0,0,0,0
104.92,2.8,0,5,20.0,25.0,0,1221,0,0,1,3841,479,113,1.0,12.0,0,0,0,0,6,9,0,0,0,1,0,0
174.75,4.1,0,3,280.0,20.0,0,5,0,1,4,4578,317,86,1.0,23.0,0,1,0,1,1,3,1,0,0,0,1,0
111.07,3.6,2605,4,148.0,35.0,0,999,0,0,3,3591,309,82,4.0,4.0,1,0,0,0,5,1,0,0,1,0,0,0
143.99,4.4,2694,6,31.0,1.0,0,2913,0,1,2,2425,358,178,5.0,33.0,0,0,0,0,0,5,0,0,0,0,0,0
72.16,3.3,2758,2,288.0,16.0,1,5,1,0,1,4041,210,81,0.0,0.0,0,0,1,1,4,8,1,1,0,0,0,0
5.0,2.2,0,2,242.0,24.0,2,5,1,0,3,4163,98,166,0.0,4.0,1,0,1,1,7,9,0,0,0,0,0,1
149.57,2.2,0,1,246.0,16.0,2,532,1,0,1,1729,254,26,1.0,5.0,0,1,0,1,3,6,0,0,0,0,0,0
118.85,3.7,54,6,424.0,7.0,1,1204,0,1,2,2915,209,116,2.0,9.0,0,0,0,0,0,2,0,0,0,0,0,0
167.72,4.2,0,4,129.0,22.0,1,5,0,1,6,2780,344,128,2.0,7.0,1,0,0,0,2,2,0,0,1,0,0,0
227.56,4.1,665,1,222.0,5.0,1,1295,0,0,4,4200,545,213,3.0,4.0,1,0,0,1,7,9,0,0,0,0,1,0
57.63,4.5,2158,4,695.0,2.0,0,1464,0,1,1,597,38,46,3.0,14.0,0,0,0,1,6,4,0,0,1,0,0,0
70.86,3.8,3451,5,141.0,12.0,2,2393,0,1,3,517,72,36,0.0,0.0,1,0,0,0,4,4,0,0,0,0,0,1
272.65,3.8,834,2,409.0,13.0,0,1089,1,0,3,3982,347,280,3.0,7.0,0,0,0,1,6,3,1,0,0,1,0,0
91.32,4.3,2874,1,232.0,3.0,0,1303,1,0,2,2683,313,81,1.0,20.0,0,1,0,0,2,4,0,0,0,1,0,0
273.72,4.0,2734,1,324.0,6.0,0,1243,0,1,2,1448,205,103,1.0,5.0,1,1,0,1,1,4,0,0,1,0,0,0
39.64,3.8,4657,4,563.0,13.0,1,2028,1,0,4,1600,86,113,3.0,22.0,0,0,0,0,0,3,0,0,0,1,0,0
23.2,4.0,623,6,119.0,26.0,0,2541,1,0,1,4894,360,338,2.0,5.0,1,1,0,1,4,4,0,1,0,0,0,0
248.25,3.9,926,9,617.0,11.0,0,1500,0,1,6,3057,294,79,5.0,15.0,0,0,0,0,2,9,0,0,1,0,0,0
128.21,4.3,0,3,213.0,21.0,0,5,1,1,1,651,96,27,3.0,4.0,1,0,1,1,5,9,0,0,1,0,0,0
125.85,4.0,3169,2,606.0,23.0,0,478,1,1,3,4807,463,80,2.0,9.0,1,1,0,1,3,0,0,0,0,1,0,0
223.83,3.9,2455,3,1001.0,1.0,1,464,1,0,4,3738,97,188,2.0,16.0,1,0,0,0,4,0,0,0,0,0,0,1
128.43,3.3,2310,6,557.0,21.0,0,1231,1,1,2,2850,250,132,0.0,1.0,0,0,1,1,1,8,0,0,0,0,0,0
136.6,3.7,264,3,247.0,16.0,1,1042,1,1,3,3928,105,241,1.0,0.0,0,0,0,1,4,2,1,0,0,0,0,0
292.6,4.9,3692,9,585.0,1.0,0,4000,0,1,5,2100,89,14,3.0,17.0,1,0,0,0,8,5,0,0,0,0,0,1
316.79,4.9,4183,8,720.0,1.0,0,1005,1,1,5,4989,569,388,1.0,25.0,0,0,0,0,9,4,0,0,0,0,0,1
144.26,3.6,104,2,20.0,19.0,3,478,1,1,3,2562,347,137,0.0,0.0,1,0,0,1,1,9,0,0,0,1,0,0
224.14,3.978268041237113,1637,6,530.0,1.0,0,1375,1,1,6,959,135,56,0.0,24.0,0,0,0,0,7,6,0,0,0,1,0,0
49.83,2.3,2270,2,272.0,28.0,3,1982,1,1,1,4019,71,228,2.0,11.988333333333333,0,1,0,1,3,8,1,0,0,1,0,0
106.03,4.0,0,1,202.0,27.0,1,2063,1,1,1,2925,411,101,5.0,7.0,1,0,0,1,1,3,0,0,0,0,0,0
247.97,3.9,2305,5,453.0,31.0,0,1495,1,1,2,3333,481,177,0.0,12.0,0,0,0,0,6,9,0,0,0,0,0,0
305.14,4.6,5127,5,436.0,1.0,0,3213,1,0,5,2851,94,147,4.0,30.0,1,0,0,0,8,7,0,0,0,0,0,1
74.47,4.7,4353,4,302.0,26.0,0,3307,1,1,5,1928,161,13,2.0,18.0,1,0,0,1,0,4,0,0,0,0,1,0
304.81,4.4,4254,6,846.0,4.0,0,2462,1,1,4,647,54,8,3.0,22.0,0,0,0,0,6,9,0,1,0,0,0,0
82.13,2.7,0,3,366.0,27.0,2,1088,1,1,2,3193,194,252,2.0,0.0,1,0,0,1,6,6,0,0,0,0,0,1
179.95,5.0,3113,6,109.0,19.0,2,2929,1,1,2,256,18,9,2.0,20.0,0,0,0,1,3,8,0,0,0,0,0,0
245.79,4.2,345,5,209.0,13.0,0,1644,1,1,2,3182,422,201,4.0,16.0,0,0,0,0,7,4,0,0,0,1,0,0
264.48,4.3,2764,5,640.0,10.0,0,946,1,1,3,3720,353,272,3.0,11.988333333333333,1,0,0,1,1,0,1,0,0,0,0,0
169.03,4.6,5093,8,489.0,8.0,2,1850,0,1,1,3333,355,237,2.0,23.0,1,0,0,0,3,6,0,0,0,0,0,0
232.34,3.2,1265,5,756.0,14.0,0,1604,0,0,2,3852,512,279,2.0,6.0,0,0,0,1,5,7,0,0,1,0,0,0
39.65,4.3,2675,2,717.0,1.0,1,2038,1,1,2,4331,138,171,2.0,25.0,1,1,0,0,0,0,0,0,0,0,0,1
92.83,3.1,709,8,20.0,20.0,3,5,1,1,1,3450,103,210,0.0,2.0,0,1,0,1,9,4,1,0,0,0,1,0
202.96,5.0,4143,6,468.0,7.0,1,2376,1,1,3,2388,345,50,1.0,21.0,0,0,0,0,9,2,0,0,0,0,1,0
197.71,3.9,3125,4,535.0,26.0,1,4000,1,1,1,4996,687,84,1.0,17.0,1,0,0,1,3,5,1,0,1,0,0,0
102.52,3.7,0,1,160.0,1.0,2,2149,0,0,1,1078,39,36,2.0,5.0,1,0,0,1,1,1,1,0,0,0,1,0
193.09,5.0,2082,7,690.0,1.0,0,3112,1,1,1,2189,32,134,5.0,9.0,1,1,1,1,5,7,1,0,0,0,1,0
310.1,3.6,0,3,410.0,15.0,0,4000,1,1,5,2425,74,45,0.0,10.0,0,0,0,0,8,2,0,0,0,0,0,0
5.0,3.0,0,1,492.0,32.0,1,5,0,1,1,4699,140,163,1.0,8.0,0,1,0,1,2,4,1,0,0,0,0,1
137.54,4.4,1511,3,281.0,1.0,1,2633,0,1,3,2754,83,145,5.0,7.0,1,0,0,0,3,0,0,0,0,0,0,1
346.73,5.0,3735,4,531.0,1.0,0,2732,1,1,6,4234,460,275,3.0,26.0,1,0,0,0,1,6,0,1,0,0,0,0
159.25,4.2,3151,4,424.0,13.0,0,1894,1,1,4,4218,325,39,4.0,3.0,0,0,0,0,2,2,0,0,0,1,0,0
55.26,4.2,1644,1,381.0,12.0,0,453,1,0,2,2381,36,148,2.0,11.988333333333333,1,0,0,0,4,6,0,0,0,0,0,0
229.98,4.2,3220,6,408.0,5.0,0,1390,1,1,4,1888,79,114,3.0,25.0,0,0,0,1,0,0,1,0,1,0,0,0
5.0,3.2,1839,4,185.0,38.0,3,1535,1,0,1,2557,65,119,0.0,0.0,0,0,0,1,5,3,1,0,0,0,0,0
74.3,2.3,858,1,650.0,15.0,0,1320,1,1,4,4365,605,341,3.0,20.0,1,0,0,0,9,5,0,1,0,0,0,0
261.53,5.0,2507,4,363.0,10.0,0,4000,1,1,3,3927,443,260,2.0,23.0,1,0,0,0,8,0,0,0,0,1,0,0
119.75,3.2,0,6,216.0,26.0,1,1558,1,1,1,4935,266,162,2.0,12.0,1,0,0,1,7,1,0,0,0,0,0,1
213.54,4.0,0,6,249.0,1.0,0,1379,0,0,3,1964,284,20,3.0,3.0,1,0,0,1,1,5,0,0,0,1,0,0
278.39,5.0,4787,8,717.0,1.0,0,2276,0,1,5,1214,122,46,3.0,32.0,0,0,0,0,0,2,0,0,0,0,0,0
132.52,4.6,4825,6,377.0,1.0,1,2596,1,1,3,365,29,7,3.0,13.0,0,0,1,0,9,3,0,0,1,0,0,0
117.39,3.9,1916,1,338.0,14.0,1,851,1,1,2,3321,454,20,0.0,8.0,0,0,0,1,8,7,0,0,0,0,0,0
20.48,2.5,6005,3,238.0,5.0,2,5,0,0,2,3077,198,107,1.0,19.0,0,0,0,0,2,9,0,0,0,0,0,1
206.43,4.2,5094,8,747.0,1.0,1,620,0,1,2,4440,394,72,5.0,36.0,1,0,0,0,8,8,0,0,0,1,0,0
5.0,3.3,4120,1,69.0,45.0,2,5,0,0,3,309,31,2,0.0,14.0,0,0,1,1,0,1,0,0,0,1,0,0
133.41,4.7,3586,6,599.0,5.0,0,2228,0,1,4,4276,200,282,2.0,11.0,0,0,0,1,2,5,0,0,0,0,0,1
246.35,5.0,2730,4,668.0,14.0,0,662,1,1,3,4318,239,202,1.0,21.0,0,0,0,0,5,0,0,0,0,0,1,0
45.54,3.978268041237113,0,1,20.0,48.0,2,1560,1,0,1,2885,62,208,0.0,0.0,0,0,0,1,8,1,1,0,0,0,1,0
66.42,4.8,4148,8,488.0,1.0,0,1053,1,1,4,4413,65,116,2.0,9.0,0,0,1,0,4,7,0,1,0,0,0,0
255.06,4.7,1059,3,472.0,16.0,2,2466,1,1,5,1312,134,15,0.0,14.0,0,0,0,0,3,3,0,0,0,0,1,0
42.89,2.7,0,1,337.0,13.0,3,294,0,0,4,4968,744,103,0.0,1.0,0,1,0,1,7,1,0,0,0,1,0,0
82.61,3.2,0,3,167.0,32.0,2,3601,1,1,1,2083,177,127,4.0,6.0,1,0,0,1,9,3,1,1,0,0,0,0
71.1,3.1,0,6,465.0,15.0,1,1580,0,1,2,2557,64,179,0.0,16.0,0,1,1,0,9,5,0,0,0,0,1,0
21.09,3.3,2051,6,229.0,7.0,1,5,0,1,1,4798,221,318,1.0,14.0,0,1,0,0,0,9,0,0,0,0,1,0
7.27,3.7,0,5,240.0,27.0,2,3545,1,0,2,1053,38,58,1.0,9.0,0,0,0,0,9,6,0,0,0,1,0,0
78.05,3.5,0,2,36.0,17.0,1,681,0,0,2,3785,519,130,2.0,21.0,0,0,0,0,2,2,0,0,0,0,0,1
149.12,3.8,1806,2,612.0,1.0,0,2237,1,1,1,990,104,45,2.0,0.0,0,1,0,0,5,8,0,0,0,0,0,0
241.72,4.5,586,1,489.0,19.0,0,2516,1,1,2,2909,235,47,4.0,15.0,1,0,1,1,5,5,1,1,0,0,0,0
171.93,3.8,4697,4,523.0,15.0,0,2092,1,1,2,622,92,15,1.0,18.0,0,1,0,0,6,5,0,0,0,0,0,0
119.74,4.7,719,1,562.0,12.0,0,3484,1,1,2,4811,216,152,3.0,7.0,0,0,0,0,4,3,0,0,0,1,0,0
146.18,4.3,4016,4,228.0,32.0,2,2984,0,1,5,4306,43,96,1.6757142857142857,8.0,0,0,0,0,4,9,0,0,1,0,0,0
171.7,3.8,1216,5,403.7255102040816,1.0,0,1519,0,1,3,4439,158,240,2.0,19.0,1,1,0,0,6,1,0,0,0,1,0,0
235.36,5.0,1648,4,391.0,1.0,0,2560,1,1,5,1836,150,81,2.0,7.0,0,0,0,0,9,8,0,0,1,0,0,0
136.19,4.2,427,3,308.0,7.0,0,2374,1,0,1,90,11,3,1.0,0.0,0,1,1,1,6,8,1,0,0,0,0,0
198.82,4.1,3285,7,391.0,1.0,0,1648,1,1,1,1808,86,37,1.0,22.0,0,0,0,1,6,1,1,0,0,1,0,0
5.0,2.6,0,2,20.0,30.0,1,1460,1,0,1,2160,226,112,1.0,0.0,0,0,1,1,8,7,1,0,1,0,0,0
42.8,3.1,1256,4,565.0,21.0,2,2845,0,0,1,2043,202,151,2.0,0.0,0,1,1,1,3,8,0,0,0,1,0,0
74.52,2.4,713,1,311.0,22.0,1,1109,0,1,1,516,35,19,0.0,16.0,0,1,0,0,4,6,0,0,0,1,0,0
127.04,3.6,2969,1,341.0,9.0,2,1381,0,1,1,3136,196,173,0.0,5.0,0,0,0,1,4,7,1,0,0,0,1,0
108.63,3.9,1663,1,315.0,42.0,0,5,1,1,2,2617,116,201,0.0,12.0,0,1,0,0,9,8,0,0,0,0,0,0
264.63,4.1,3175,5,732.0,16.0,0,3298,0,1,1,302,22,14,2.0,20.0,0,0,0,0,9,3,0,1,0,0,0,0
10.97,2.8,0,1,20.0,41.0,2,420,0,0,3,4493,311,250,0.0,3.0,1,0,1,1,4,2,0,0,0,0,1,0
50.83,3.3,0,1,194.0,29.0,1,1788,1,0,4,1119,125,65,2.0,11.988333333333333,0,0,0,1,7,2,0,1,0,0,0,0
291.74,3.7,1362,5,525.0,17.0,2,1833,1,1,2,2870,411,170,1.0,0.0,1,0,0,0,5,1,0,0,0,1,0,0
72.7,3.6,5399,3,109.0,34.0,2,3252,1,1,1,690,64,43,1.0,11.0,0,0,0,0,4,5,1,0,1,0,0,0
145.23,3.8,564,7,675.0,1.0,0,3736,0,0,6,3771,267,290,3.0,8.0,0,0,0,0,9,7,1,0,0,0,1,0
93.12,3.9,445,2,178.0,28.0,0,1478,1,1,3,2704,29,174,1.0,10.0,0,0,1,0,2,6,0,0,1,0,0,0
161.37,4.4,4348,4,761.0,1.0,0,3095,1,1,3,2975,397,24,1.0,28.0,0,1,1,0,3,0,0,0,0,0,0,1
216.95,3.4,3567,5,522.0,13.0,1,2000,1,1,5,143,8,4,0.0,19.0,0,1,0,0,6,8,0,1,0,0,0,0
82.85,4.6,804,6,129.0,17.0,0,928,1,1,3,3212,175,48,4.0,7.0,0,0,0,0,5,6,0,0,0,1,0,0
163.68,4.3,953,6,77.0,18.0,0,1914,0,1,2,2049,161,117,3.0,17.0,1,0,1,1,1,9,1,0,1,0,0,0
217.01,3.8,2062,6,681.0,20.0,0,3063,1,0,3,3613,410,222,1.0,9.0,0,0,1,1,7,3,1,0,1,0,0,0
89.61,4.0,919,1,526.0,44.0,0,631,0,1,1,220,23,8,1.0,11.0,0,0,1,1,3,5,0,0,0,1,0,0
339.29,3.8,0,1,378.0,1.0,1,2334,0,1,4,431,27,22,1.0,6.0,0,0,0,0,4,1,0,0,0,0,1,0
101.52,3.5,1384,5,203.0,9.0,2,2411,1,0,2,3394,172,54,0.0,17.0,1,0,0,1,3,7,0,0,0,0,1,0
53.43,3.8,2154,4,624.0,38.0,3,29,1,1,4,2745,334,14,0.0,13.0,1,0,0,1,0,4,0,0,0,0,1,0
207.86,4.3,1091,4,552.0,25.0,0,1491,0,1,2,4425,390,209,3.0,21.0,1,0,0,0,9,4,0,0,0,1,0,0
13.07,3.8,0,4,225.0,8.0,0,531,1,1,2,129,1,1,2.0,14.0,0,0,0,1,7,8,1,0,0,0,0,1
300.64,4.6,4212,6,672.0,7.0,0,4000,1,1,5,3735,382,250,4.0,24.0,0,0,0,0,3,8,1,1,0,0,0,0
255.37,4.9,5840,6,882.0,7.0,1,1643,1,1,2,4673,195,68,3.0,11.988333333333333,0,0,0,0,9,6,0,0,0,0,0,0
96.93,4.0,146,4,177.0,14.0,2,102,1,1,3,1879,278,62,0.0,9.0,1,0,0,1,0,1,1,0,0,1,0,0
201.86,5.0,3686,6,166.0,6.0,0,2164,0,1,2,3500,245,277,0.0,14.0,0,0,1,0,7,7,0,0,0,1,0,0
194.95,2.9,2073,5,556.0,14.0,1,1987,1,0,4,1717,110,134,1.0,11.988333333333333,1,0,1,0,5,4,0,0,0,0,1,0
32.41,4.8,2271,3,392.0,5.0,1,1282,1,0,3,588,82,10,2.0,23.0,0,0,0,1,6,9,1,0,0,0,1,0
61.25,3.1,595,3,403.7255102040816,19.0,0,5,1,1,2,1146,97,47,1.0,12.0,0,0,0,0,3,0,0,0,1,0,0,0
280.86,3.6,3336,4,716.0,14.0,0,2140,1,1,2,3530,350,44,2.0,15.0,0,0,0,0,8,9,0,0,0,1,0,0
128.72,4.4,1092,1,403.7255102040816,1.0,2,2682,1,1,4,2043,306,118,4.0,26.0,0,0,0,0,9,1,0,0,0,0,0,0
66.97,3.1,1535,5,409.0,13.0,0,5,1,0,2,2597,320,170,0.0,19.0,0,0,0,0,2,5,0,1,0,0,0,0
59.81,3.5,1108,1,402.0,29.0,0,653,0,1,2,2129,229,132,2.0,13.0,0,0,1,0,2,0,0,0,0,0,0,1
48.45,2.8,987,5,85.0,34.0,4,5,1,0,3,4935,418,330,1.0,0.0,1,0,0,1,7,5,0,1,0,0,0,0
88.89,3.7,0,1,521.0,16.0,3,1086,1,1,1,4249,603,255,1.0,11.0,0,0,0,1,1,8,0,0,0,0,1,0
169.44,4.7,3240,5,702.0,3.0,0,2381,1,1,2,570,13,24,2.0,14.0,0,0,0,0,7,1,0,0,0,0,0,0
165.54,3.5,206,1,770.0,9.0,0,1655,1,1,3,2267,64,46,1.0,16.0,1,1,0,1,4,8,0,0,0,0,0,1
104.39,4.3,0,3,394.0,10.0,1,5,1,0,1,3993,137,210,4.0,10.0,0,0,0,1,2,8,0,0,0,0,0,0
121.09,4.5,2688,7,924.0,3.0,1,2388,0,1,3,4807,282,361,3.0,12.0,0,0,0,0,0,3,0,1,0,0,0,0
5.0,3.2,0,3,149.0,34.0,0,950,0,0,2,770,31,12,1.0,6.0,1,0,0,1,6,1,1,0,0,0,0,0
5.0,2.7,0,1,141.0,28.0,0,388,1,1,1,1309,84,25,0.0,0.0,1,1,1,1,4,4,1,0,0,1,0,0
182.56,3.6,1192,5,623.0,35.0,0,1280,1,0,3,203,2,10,4.0,5.0,1,0,0,0,0,8,0,0,1,0,0,0
143.04,4.3,1587,1,321.0,16.0,0,768,1,0,3,3316,219,126,2.0,16.0,1,0,0,0,3,5,0,0,0,0,0,1
184.71,4.8,0,1,456.0,23.0,1,5,0,0,1,2999,40,125,0.0,15.0,0,1,0,0,9,7,0,0,1,0,0,0
176.77,4.4,2001,4,280.0,15.230456852791878,0,2899,1,1,4,736,20,44,0.0,11.0,0,1,0,1,8,0,0,0,0,1,0,0
221.77,4.4,1382,5,137.0,4.0,1,1376,1,0,3,3124,81,24,1.0,0.0,0,0,0,0,9,0,0,1,0,0,0,0
201.78,4.9,4662,6,316.0,2.0,1,3838,1,1,6,4472,402,43,3.0,22.0,0,0,0,0,0,7,0,0,0,0,1,0
131.08,2.9,865,1,26.0,24.0,0,5,0,0,2,1314,100,102,0.0,6.0,0,1,0,1,3,1,0,0,0,1,0,0
77.85,3.7,116,3,20.0,35.0,1,518,0,0,3,4002,153,54,0.0,6.0,0,0,1,1,6,0,1,0,0,1,0,0
119.79,2.6,0,5,521.0,6.0,1,599,0,1,2,1637,120,103,1.0,4.0,1,0,0,0,0,7,0,1,0,0,0,0
270.38,5.0,4759,6,519.0,2.0,0,2420,1,0,4,3631,368,262,5.0,19.0,1,1,0,0,5,5,0,0,0,0,1,0
89.31,3.1,0,1,20.0,4.0,0,413,0,0,1,4394,401,330,0.0,7.0,0,1,1,1,9,2,0,0,1,0,0,0
170.09,3.8,1309,2,232.0,18.0,1,2501,1,0,3,2216,197,152,0.0,12.0,0,0,0,1,1,2,0,0,1,0,0,0
325.48,4.3,354,6,469.0,9.0,0,3329,1,1,3,1980,140,23,1.0,17.0,0,0,0,0,1,4,0,0,1,0,0,0
280.76,4.6,2304,6,499.0,13.0,1,2765,1,0,3,1143,100,13,0.0,23.0,0,0,1,0,5,8,0,0,0,0,1,0
53.6,4.4,320,1,376.0,4.0,0,1189,0,0,2,1510,99,103,4.0,19.0,0,0,0,0,9,3,0,0,0,0,1,0
114.55,3.5,2771,4,300.0,30.0,0,2344,0,1,4,86,11,2,0.0,26.0,0,0,0,0,7,8,0,0,1,0,0,0
176.13,4.6,1509,3,309.0,12.0,2,300,0,0,3,460,47,8,0.0,0.0,0,0,1,1,3,9,0,0,0,0,1,0
271.02,4.6,1309,2,430.0,19.0,0,1338,1,1,5,4984,323,78,3.0,17.0,1,0,0,0,8,0,0,0,0,0,0,0
147.63,4.1,1699,2,248.0,17.0,0,214,1,0,4,1768,232,132,4.0,5.0,1,0,1,0,7,5,0,0,0,1,0,0
101.13,3.7,0,3,20.0,28.0,0,5,0,0,1,2124,204,83,2.0,19.0,0,1,0,1,4,2,0,0,0,0,0,0
127.73,4.4,0,1,227.0,12.0,2,1371,1,0,1,753,105,36,2.0,8.0,0,0,0,0,3,4,0,0,0,1,0,0
61.92,4.0,1260,3,586.0,31.0,0,1938,0,1,4,2258,318,123,3.0,11.0,0,0,0,0,8,4,0,0,1,0,0,0
166.61,3.978268041237113,0,3,137.0,15.0,0,237,1,1,1,203,22,1,0.0,11.0,0,1,1,0,8,8,0,0,0,0,1,0
90.95,5.0,2974,7,506.0,10.0,0,1921,1,1,3,1154,85,28,2.0,13.0,0,1,0,0,4,3,1,0,1,0,0,0
255.85,3.3,291,4,489.0,11.0,1,2663,1,1,1,2240,195,52,4.0,17.0,0,1,0,0,3,0,0,0,0,0,0,1
55.45,2.7,0,2,189.0,24.0,1,5,1,0,1,1313,144,13,1.0,0.0,1,0,1,1,3,8,1,0,0,1,0,0
166.17,4.2,467,2,829.0,11.0,0,1509,1,1,1,1684,77,133,2.0,9.0,0,0,0,1,3,3,1,0,0,0,0,0
266.05,3.0,0,5,360.0,10.0,1,1200,0,1,4,1273,55,31,1.0,8.0,0,0,0,1,8,2,0,0,1,0,0,0
227.36,4.2,1815,1,304.0,7.0,0,940,1,1,1,3865,206,183,1.0,0.0,0,0,0,0,4,4,0,0,0,0,0,0
192.41,4.9,577,8,584.0,1.0,0,3993,1,1,2,2219,156,87,2.0,13.0,0,0,0,0,0,5,0,0,0,0,0,0
133.58,4.2,2615,8,660.0,7.0,1,2334,0,1,2,3144,260,106,3.0,12.0,0,0,0,1,2,9,1,0,0,0,0,0
154.51,4.1,1175,3,246.0,7.0,1,1272,1,1,1,786,89,27,0.0,10.0,0,0,0,1,5,5,0,1,0,0,0,0
55.93,3.7,3125,2,642.0,9.0,0,2463,0,1,4,131,4,8,1.0,8.0,0,1,0,0,1,4,0,0,1,0,0,0
178.76,5.0,1118,2,148.0,1.0,0,988,1,1,1,3259,455,50,1.0,11.0,0,0,0,0,3,7,0,0,1,0,0,0
216.61,5.0,0,5,488.0,14.0,0,3308,1,0,1,2356,39,52,2.0,21.0,0,0,0,0,6,0,0,0,0,0,0,0
373.83,3.6,2785,4,275.0,26.0,0,4000,1,1,6,3085,175,100,1.0,11.988333333333333,1,0,0,0,5,8,0,1,0,0,0,0
93.68,3.4,635,5,591.0,20.0,2,1002,0,1,2,3120,282,179,2.0,1.0,1,0,0,0,9,4,0,0,0,0,1,0
59.9,3.0,0,4,189.0,23.0,0,1968,0,1,1,1010,40,16,0.0,7.0,0,1,0,1,0,8,0,0,1,0,0,0
191.64,2.6,2773,3,826.0,23.0,1,1687,1,1,2,1341,161,37,3.0,11.0,0,0,0,1,4,5,0,0,0,0,1,0
251.55,4.1,3759,4,490.0,10.0,1,3376,1,0,4,2070,182,95,2.0,0.0,0,0,0,0,3,2,0,0,0,0,0,0
202.85,4.4,5548,3,363.0,10.0,0,2940,1,1,3,82,5,2,4.0,23.0,1,0,0,0,7,2,0,0,0,0,0,1
28.22,4.1,1495,7,466.0,6.0,0,2538,0,1,1,4847,663,139,0.0,18.0,0,0,1,0,5,4,0,0,1,0,0,0
211.16,4.2,3399,2,436.0,11.0,0,1943,1,0,3,2758,285,109,1.0,11.0,1,1,1,1,4,6,0,0,0,0,1,0
158.13,3.9,1313,3,449.0,1.0,1,1729,1,0,3,2480,302,115,0.0,11.0,0,1,0,0,6,0,1,1,0,0,0,0
227.06,5.0,2029,5,198.0,8.0,0,1371,1,1,4,3714,219,154,1.0,26.0,0,0,0,0,7,2,0,0,1,0,0,0
81.74,3.978268041237113,296,4,585.0,15.230456852791878,0,4000,1,1,2,4500,643,198,0.0,12.0,0,0,1,0,5,7,0,0,0,0,0,1
177.09,3.4,1216,4,353.0,22.0,3,5,1,1,3,1210,56,84,1.0,19.0,1,0,0,1,3,3,0,0,0,0,1,0
5.0,3.9,5282,2,501.0,15.0,2,725,1,1,3,3377,239,230,0.0,7.0,0,0,1,0,7,7,0,0,0,1,0,0
5.0,3.2,0,3,474.0,23.0,1,2275,1,1,1,3909,126,195,0.0,7.0,1,1,0,1,4,0,1,0,0,1,0,0
181.38,3.9,840,1,353.0,14.0,2,1825,1,0,2,1842,54,35,0.0,12.0,0,1,0,0,2,9,0,0,0,0,1,0
5.0,2.6,0,4,20.0,20.0,3,636,0,0,1,561,74,24,2.0,0.0,0,0,0,1,1,7,1,0,1,0,0,0
110.79,3.6,0,4,384.0,4.0,1,949,1,0,1,2898,300,76,0.0,2.0,0,1,1,1,8,1,1,0,0,0,0,0
5.0,3.0,2709,4,387.0,14.0,3,730,1,0,1,1754,245,86,1.0,2.0,1,1,0,0,6,0,0,0,0,0,0,0
152.82,4.6,3068,4,299.0,16.0,0,2599,1,1,2,4107,285,325,2.0,15.0,0,0,0,1,7,4,1,0,0,0,1,0
190.0,4.0,1058,4,241.0,21.0,0,696,1,0,1,3424,151,100,1.0,7.0,1,0,0,0,7,9,0,0,1,0,0,0
5.0,3.2,567,1,20.0,37.0,1,3048,1,1,2,3579,256,78,2.0,1.0,0,0,0,1,7,2,1,0,0,0,0,0
127.17,3.8,0,4,303.0,1.0,1,2456,1,1,4,593,72,42,2.0,11.988333333333333,1,0,0,0,2,2,1,0,0,0,1,0
160.08,4.7,0,1,444.0,7.0,1,670,1,1,2,756,34,49,1.0,3.0,1,0,0,1,0,1,0,0,0,0,0,0
279.62,4.4,507,6,470.0,16.0,0,1922,1,1,2,2161,224,150,5.0,25.0,0,1,0,0,7,9,0,0,0,0,0,0
138.98,3.7,2571,4,229.0,29.0,1,1855,1,0,1,539,25,6,3.0,0.0,0,0,0,1,7,4,0,0,0,1,0,0
81.86,3.7,1716,3,94.0,12.0,2,635,1,0,2,2013,200,143,4.0,11.0,0,0,0,1,5,5,0,0,0,0,0,1
5.0,4.2,0,6,424.0,24.0,0,1472,1,1,1,1942,94,152,0.0,7.0,1,0,0,1,0,6,1,0,0,1,0,0
250.25,4.2,3482,4,743.0,30.0,0,2161,1,0,2,3363,254,140,2.0,12.0,0,0,0,0,6,6,0,0,0,0,0,1
12.31,3.0,0,1,480.0,20.0,2,5,0,0,1,1941,149,76,0.0,0.0,0,0,0,1,2,1,1,1,0,0,0,0
190.56,4.7,2172,2,367.0,5.0,0,2437,1,1,4,3666,50,120,2.0,20.0,0,1,0,1,1,7,1,0,0,0,0,1
128.19,4.5,290,3,306.0,11.0,0,1092,1,1,2,1023,30,24,3.0,7.0,1,0,0,1,1,1,0,0,1,0,0,0
179.07,5.0,3458,1,390.0,1.0,1,1235,1,0,2,2587,210,121,1.0,13.0,1,1,0,0,0,5,0,0,0,1,0,0
9.81,2.3,0,1,20.0,32.0,3,5,0,0,1,886,116,27,0.0,0.0,1,1,0,1,3,2,1,0,1,0,0,0
116.6,3.4,2063,4,56.0,3.0,2,5,0,0,2,3370,316,199,2.0,2.0,1,0,0,1,0,3,1,0,0,0,0,0
104.7,4.4,1802,1,251.0,15.230456852791878,0,2605,0,1,5,384,54,25,2.0,19.0,1,0,0,0,4,9,1,0,1,0,0,0
36.34,3.4,0,2,342.0,24.0,0,330,0,1,2,2660,174,189,0.0,7.0,0,0,0,0,3,4,0,0,0,1,0,0
110.53,4.4,443,3,331.0,26.0,0,1332,0,0,1,3775,401,19,4.0,6.0,1,1,0,0,3,6,1,0,0,0,0,0
145.45,3.4,2331,4,274.0,1.0,0,3549,1,1,3,1535,51,99,1.0,16.0,0,0,1,0,0,9,0,0,0,1,0,0
251.31,4.0,4434,4,642.0,13.0,0,1933,1,1,2,237,8,13,0.0,7.0,1,0,0,0,3,4,0,0,1,0,0,0
185.92,3.8,1357,5,342.0,14.0,2,2240,1,0,2,633,86,13,0.0,0.0,0,0,0,0,5,1,0,0,1,0,0,0
15.2,4.5,0,4,396.0,29.0,0,1268,1,0,1,938,80,39,2.0,5.0,1,0,0,0,0,3,0,0,0,1,0,0
162.07,3.7,1059,7,579.0,1.0,0,1873,0,1,5,4059,371,315,3.0,14.0,0,0,0,0,0,7,0,0,0,0,0,0
230.22,4.0,4373,4,770.0,22.0,0,1716,1,1,3,3981,355,127,0.0,20.0,0,0,0,0,5,6,0,0,0,0,1,0
60.39,1.9,1047,3,596.0,24.0,2,552,0,0,1,1199,73,76,0.0,13.0,0,0,0,1,7,8,0,0,0,0,0,0
134.45,4.0,1289,1,294.0,14.0,3,1114,1,1,2,3961,252,231,0.0,0.0,0,0,0,1,8,8,0,0,1,0,0,0
229.3,4.3,2964,5,396.0,1.0,1,2601,0,1,5,3773,260,153,2.0,17.0,1,0,0,1,3,4,1,0,0,0,0,0
98.93,4.6,3322,4,381.0,10.0,0,3037,0,1,4,1822,63,63,2.0,22.0,0,0,1,0,4,9,0,0,0,0,0,0
102.16,4.9,4824,2,727.0,1.0,0,1094,1,1,4,2920,304,43,4.0,26.0,0,0,1,0,8,5,0,0,0,0,1,0
9.61,3.8,185,3,335.0,33.0,1,5,1,0,2,2571,341,150,2.0,5.0,0,0,0,0,7,7,0,1,0,0,0,0
133.88,3.8,4286,6,176.0,12.0,0,2435,0,0,3,3040,286,98,4.0,10.0,0,0,0,1,4,6,1,0,0,0,0,0
143.91,4.5,1973,7,447.0,20.0,0,1646,1,1,2,4202,477,66,1.0,18.0,0,0,0,1,0,6,0,1,0,0,0,0
80.2,3.8,1199,4,203.0,10.0,1,755,1,1,2,2792,187,77,1.0,26.0,0,0,0,1,6,6,0,0,1,0,0,0
193.73,4.1,2779,2,470.0,10.0,2,2221,0,1,2,3244,325,243,2.0,20.0,0,1,0,0,7,6,0,0,0,1,0,0
183.48,3.7,3009,1,211.0,6.0,2,5,0,1,3,3846,476,62,1.0,1.0,0,1,0,0,0,9,0,1,0,0,0,0
225.0,5.0,7122,5,883.0,10.0,0,2553,1,1,2,4421,219,315,5.0,19.0,0,0,0,0,8,3,0,0,0,0,0,0
134.76,3.8,2164,4,297.0,13.0,0,148,0,1,5,2954,300,174,0.0,13.0,0,0,0,0,2,3,0,0,1,0,0,0
100.28,4.2,2153,6,143.0,10.0,1,3147,0,1,4,3353,229,168,3.0,15.0,0,0,1,1,9,9,1,0,0,1,0,0
65.73,3.6,2038,4,83.0,37.0,1,1215,0,1,3,995,59,60,0.0,0.0,0,0,0,0,8,7,0,0,1,0,0,0
81.82,3.9,4258,5,318.0,25.0,1,1566,1,1,1,481,70,6,3.0,11.988333333333333,0,0,0,0,1,3,0,0,0,1,0,0
203.61,4.4,2815,6,167.0,10.0,0,2460,1,0,1,4575,500,117,0.0,7.0,0,0,0,1,8,1,0,0,0,0,0,0
256.34,3.9,3460,5,528.0,14.0,1,2107,1,1,2,996,15,48,3.0,5.0,0,0,0,0,3,9,0,0,0,0,0,1
195.96,4.9,3361,6,579.0,12.0,1,2318,1,1,3,1293,158,100,4.0,16.0,0,0,0,0,0,0,0,0,1,0,0,0
117.5,4.0,694,3,636.0,21.0,2,2291,1,1,5,545,80,27,1.0,9.0,0,1,0,1,3,5,0,0,0,0,1,0
179.67,3.5,905,2,517.0,8.0,1,2734,0,1,3,175,18,1,0.0,17.0,1,0,0,1,6,5,1,0,0,0,0,0
154.46,3.6,0,6,449.0,12.0,1,1039,1,0,1,172,20,10,2.0,11.0,1,0,1,1,1,4,0,0,0,0,1,0
15.93,3.978268041237113,0,3,328.0,31.0,1,24,1,1,1,2848,284,143,0.0,8.0,0,1,0,1,2,3,1,0,1,0,0,0
230.06,3.9,2888,3,491.0,6.0,0,2206,1,0,3,1584,207,23,2.0,20.0,0,0,1,0,8,8,0,0,1,0,0,0
251.64,4.3,1545,6,609.0,7.0,0,1368,0,1,2,4126,332,206,3.0,17.0,1,1,0,0,5,9,0,0,0,0,1,0
5.0,2.5,1654,2,20.0,28.0,1,906,1,1,2,2004,203,109,0.0,0.0,1,0,0,1,5,2,1,0,0,0,0,0
74.23,3.1,1524,5,442.0,18.0,2,3536,1,0,2,2542,327,175,2.0,18.0,0,0,0,1,0,3,1,0,1,0,0,0
259.0,5.0,4001,5,669.0,19.0,1,1646,1,1,1,3222,229,208,1.0,14.0,0,0,0,1,4,0,0,0,1,0,0,0
5.0,4.1,2270,3,568.0,28.0,0,602,1,1,2,1838,158,107,3.0,23.0,0,0,0,1,8,6,0,0,1,0,0,0
263.1,4.1,2573,1,86.0,18.0,1,953,1,1,1,672,59,13,0.0,2.0,0,0,0,1,8,5,1,0,0,0,0,0
26.27,3.9,2082,6,311.0,14.0,3,3098,1,1,2,2051,67,163,2.0,26.0,0,1,0,0,2,6,0,0,0,0,0,0
176.26,4.2,2222,4,640.0,22.0,0,2564,1,0,1,534,44,38,4.0,20.0,0,0,0,1,4,1,1,0,0,1,0,0
272.87,4.9,4664,3,780.0,2.0,0,2935,0,1,4,3838,104,170,0.0,26.0,0,0,0,1,7,0,1,0,0,0,0,0
216.49,3.6,359,4,451.0,20.0,0,1147,1,1,2,1666,75,76,3.0,8.0,0,0,0,0,6,8,0,1,0,0,0,0
174.38,3.4,4688,3,237.0,12.0,1,5,0,1,4,3388,438,209,0.0,27.0,0,1,0,1,2,6,1,0,0,0,0,0
164.3,3.7,2094,4,361.0,17.0,0,354,1,0,2,1383,71,20,1.0,18.0,1,0,0,1,6,9,0,0,0,0,0,1
273.6,5.0,2519,5,716.0,7.0,0,1667,1,1,1,339,50,6,5.0,21.0,0,0,0,0,1,7,0,0,0,1,0,0
180.37,4.6,1694,1,472.0,15.0,1,5,1,1,2,3818,407,197,4.0,22.0,0,0,0,0,6,7,0,0,0,0,0,0
66.29,4.6,2017,2,403.7255102040816,18.0,1,1110,1,1,1,1226,145,63,4.0,16.0,1,1,0,0,1,0,1,0,0,1,0,0
162.33,3.7,0,1,478.0,27.0,1,1757,1,1,2,2898,259,68,2.0,14.0,1,0,0,0,0,7,0,0,0,1,0,0
110.78,3.4,1469,3,219.0,8.0,2,5,1,1,2,3963,134,123,0.0,25.0,0,0,0,1,4,9,1,0,0,0,0,0
284.99,4.5,740,6,505.0,11.0,1,2163,1,1,5,2132,175,33,3.0,17.0,0,0,0,0,7,5,0,0,1,0,0,0
126.71,3.4,0,2,74.0,12.0,1,1878,1,1,1,1518,166,69,0.0,0.0,0,0,1,0,2,0,0,1,0,0,0,0
204.85,3.3,1488,2,386.0,34.0,1,2898,1,0,4,4248,510,61,2.0,13.0,1,0,0,1,7,9,0,0,0,0,1,0
125.45,3.0,2657,2,468.0,1.0,0,1331,0,1,3,4789,310,25,1.0,0.0,0,0,1,0,6,9,0,0,0,0,1,0
273.92,4.0,0,4,442.0,14.0,1,213,0,1,2,3092,64,234,0.0,32.0,0,0,0,0,8,1,0,0,1,0,0,0
220.12,4.2,5126,5,606.0,8.0,0,2194,1,0,3,1947,289,105,4.0,0.0,0,0,0,0,9,0,0,0,0,1,0,0
134.17,4.3,309,3,263.0,20.0,1,730,1,0,4,1144,126,7,2.0,0.0,0,1,0,0,4,2,0,0,1,0,0,0
228.22,2.9,0,1,20.0,7.0,1,260,1,0,3,3310,286,19,3.0,5.0,0,0,0,1,8,0,0,0,0,0,0,1
217.23,4.2,2727,1,678.0,1.0,1,782,1,1,5,4148,311,294,2.0,24.0,0,0,0,0,4,2,0,0,1,0,0,0
186.91,3.7,2339,4,466.0,1.0,0,3509,1,0,4,663,58,52,3.0,14.0,0,0,0,0,6,0,0,0,0,0,0,0
237.97,4.0,1375,4,330.0,15.230456852791878,0,1978,1,1,1,3669,539,163,2.0,12.0,0,0,0,0,0,9,0,0,0,0,0,0
107.62,3.6,0,1,379.0,5.0,1,1999,1,0,2,4062,570,266,0.0,11.988333333333333,0,0,0,1,2,9,1,0,1,0,0,0
102.37,4.7,386,5,595.0,5.0,0,627,1,1,3,532,77,14,2.0,23.0,0,0,0,0,2,5,0,0,0,0,1,0
197.81,4.5,1008,4,569.0,8.0,1,2355,1,1,4,1532,143,101,2.0,15.0,0,1,0,0,9,0,0,0,1,0,0,0
290.53,4.6,1672,3,469.0,17.0,1,3336,1,1,3,4991,297,278,4.0,18.0,0,0,0,0,9,3,0,0,1,0,0,0
184.57,4.9,2934,5,1135.0,9.0,1,2847,1,1,4,2262,252,113,3.0,18.0,0,0,0,0,4,5,0,0,1,0,0,0
112.84,3.3,0,1,403.7255102040816,27.0,1,132,0,0,1,513,58,10,1.0,0.0,0,0,0,1,5,0,0,0,1,0,0,0
301.07,4.2,0,3,209.0,26.0,0,422,1,0,5,1488,85,96,3.0,14.0,0,0,0,0,3,6,0,0,0,0,0,0
152.86,4.0,5516,3,902.0,10.0,2,2282,1,0,4,2567,352,13,1.0,13.0,1,0,1,0,0,7,0,1,0,0,0,0
5.0,3.4,2984,3,500.0,23.0,2,478,1,0,2,4045,532,197,0.0,9.0,0,0,0,1,4,0,0,1,0,0,0,0
77.73,3.5,300,4,519.0,20.0,1,1107,1,0,4,1864,24,43,0.0,6.0,1,0,0,1,2,7,1,0,0,1,0,0
129.21,4.3,1476,5,585.0,9.0,2,3744,1,1,3,2393,40,154,0.0,9.0,0,1,0,0,2,8,0,0,1,0,0,0
35.47,4.0,2021,6,585.0,33.0,1,5,0,1,2,994,91,40,2.0,0.0,1,0,0,1,2,0,1,0,1,0,0,0
172.41,4.2,3014,4,519.0,5.0,0,2373,1,1,4,4633,109,117,4.0,14.0,0,0,1,1,1,2,1,0,0,0,1,0
39.92,4.7,2257,2,45.0,28.0,0,1261,0,0,1,2335,92,16,0.0,19.0,1,0,0,1,8,3,1,0,1,0,0,0
55.38,3.978268041237113,1677,3,395.0,10.0,0,3444,1,1,1,3316,412,217,0.0,10.0,0,0,1,1,7,4,1,0,0,0,0,0
167.15,4.1,3502,2,180.0,15.0,2,1184,1,1,1,514,21,26,1.0,11.988333333333333,1,0,0,1,0,0,0,1,0,0,0,0
130.02,4.3,2188,4,429.0,16.0,0,604,1,1,2,4322,491,198,1.0,16.0,0,0,0,1,6,2,0,0,1,0,0,0
5.0,2.6,0,1,83.0,36.0,2,181,0,0,1,4899,403,182,0.0,0.0,0,0,0,1,6,5,0,0,0,0,0,0
92.2,2.1,0,3,20.0,18.0,1,5,0,1,1,585,19,21,0.0,0.0,0,0,1,1,8,6,0,0,1,0,0,0
90.58,4.2,0,3,41.0,23.0,0,37,1,1,3,113,15,3,0.0,14.0,0,0,0,1,5,0,0,0,0,0,0,1
202.91,3.5,4797,4,200.0,3.0,0,5,0,0,1,4612,213,323,1.0,20.0,0,0,0,0,3,2,1,0,0,1,0,0
291.91,3.7,3799,5,383.0,20.0,0,1972,1,0,2,2843,363,188,1.0,13.0,0,1,0,1,5,0,0,0,1,0,0,0
312.21,4.8,2850,5,789.0,8.0,0,3928,1,1,4,2382,153,12,2.0,14.0,0,0,0,0,0,3,0,1,0,0,0,0
139.28,4.5,3341,4,706.0,1.0,1,964,1,1,3,951,38,18,0.0,0.0,0,0,0,1,7,1,1,0,0,0,0,1
193.76,3.3,371,5,232.0,7.0,1,5,0,1,1,3934,135,250,1.0,20.0,1,0,1,0,3,2,0,0,0,0,1,0
147.64,3.8,332,3,202.0,7.0,1,144,1,0,1,668,77,44,1.0,5.0,0,0,0,1,8,9,1,0,0,0,0,1
278.18,3.9,2734,6,459.0,14.0,0,3411,0,1,6,2529,127,105,1.0,1.0,1,0,0,0,8,0,0,0,0,1,0,0
234.85,4.1,6593,6,640.0,25.0,0,2937,0,1,5,3541,89,170,2.0,19.0,1,0,0,0,7,9,0,0,0,1,0,0
115.75,4.7,1447,3,374.0,24.0,1,1866,0,1,1,2812,180,77,4.0,0.0,0,0,1,1,1,9,0,0,0,0,0,1
228.53,2.4,2928,4,334.0,18.0,1,267,1,0,1,3714,152,101,0.0,11.0,0,0,0,1,7,3,0,0,0,0,1,0
110.62,4.3,730,3,661.0,14.0,0,2897,1,1,4,756,12,52,0.0,11.0,1,0,0,1,3,6,0,0,0,0,1,0
145.84,4.5,5,4,124.0,20.0,0,1596,1,1,2,224,27,14,0.0,20.0,1,0,0,1,7,7,0,0,1,0,0,0
128.0,4.5,0,3,172.0,30.0,0,35,1,0,4,3334,390,106,1.0,0.0,0,0,0,1,6,1,1,1,0,0,0,0
208.7,3.6,5586,5,745.0,17.0,0,2569,1,0,5,800,114,56,3.0,31.0,0,0,0,0,1,3,0,1,0,0,0,0
251.76,4.9,2414,6,514.0,11.0,1,5,1,1,2,4895,333,199,3.0,14.0,0,0,0,0,0,2,0,0,0,0,1,0
134.27,3.7,0,1,20.0,24.0,1,952,1,1,1,4395,553,227,0.0,5.0,0,0,0,1,8,3,1,0,0,0,1,0
60.74,3.8,2299,1,415.0,1.0,1,1713,1,0,2,662,70,45,1.0,19.0,0,0,1,1,9,9,0,0,1,0,0,0
211.34,3.9,2486,4,620.0,3.0,0,3336,1,1,5,4729,174,51,2.0,14.0,0,0,0,0,5,0,0,0,0,1,0,0
124.74,4.3,0,2,490.0,23.0,0,715,0,0,1,1804,241,128,0.0,11.0,1,0,0,1,4,2,0,0,1,0,0,0
306.47,3.9,1885,5,181.0,18.0,0,3121,1,0,5,1180,165,63,4.0,32.0,0,0,0,0,2,0,0,0,0,0,0,1
54.17,2.9,0,5,451.0,24.0,0,1863,1,1,2,3713,523,226,4.0,11.988333333333333,0,0,0,0,0,7,0,0,0,0,0,0
183.97,4.5,2727,4,594.0,14.0,0,2466,1,0,1,1634,94,24,4.0,0.0,0,0,0,0,0,2,0,0,0,0,0,1
196.77,4.4,3179,6,613.0,1.0,0,2008,0,1,3,681,66,22,3.0,25.0,0,0,0,0,8,3,0,0,0,0,0,0
219.12,4.9,0,1,144.0,22.0,0,5,1,1,1,2903,268,36,0.0,5.0,0,0,1,1,4,8,0,0,1,0,0,0
31.46,3.3,0,1,152.0,9.0,0,434,1,1,1,4459,540,290,2.0,13.0,0,0,1,0,9,2,0,0,0,0,0,1
279.02,4.1,1961,8,727.0,1.0,1,885,1,1,4,4613,197,312,1.0,32.0,0,0,0,0,5,0,0,0,0,1,0,0
56.69,3.978268041237113,0,2,369.0,12.0,2,5,1,0,1,3073,173,57,1.0,14.0,0,0,1,1,4,0,1,1,0,0,0,0
183.68,3.1,99,1,334.0,28.0,0,1650,1,1,1,129,13,9,2.0,8.0,0,1,0,1,3,1,1,0,0,0,0,0
74.11,2.6,600,2,119.0,8.0,3,1983,1,0,2,1518,103,35,2.0,4.0,0,1,1,0,8,9,0,1,0,0,0,0
75.15,3.6,1790,4,20.0,33.0,4,1664,1,0,1,4242,84,270,0.0,0.0,1,0,0,1,7,8,0,0,0,1,0,0
206.24,4.5,5433,5,522.0,3.0,0,2678,0,1,6,992,17,35,0.0,14.0,0,0,0,0,7,1,1,0,0,0,1,0
5.0,4.0,0,5,172.0,25.0,0,5,1,1,2,3154,355,98,0.0,0.0,0,1,0,1,7,6,1,0,0,0,0,1
168.33,5.0,1261,2,353.0,14.0,0,2891,1,0,3,64,2,2,3.0,3.0,1,0,0,0,5,2,0,0,0,0,0,0
207.96,4.7,3424,3,680.0,15.230456852791878,2,2487,1,1,1,1775,171,115,2.0,8.0,0,0,0,1,5,7,0,0,0,0,0,1
199.01,3.4,2454,1,746.0,1.0,1,1127,0,1,1,2960,356,235,2.0,24.0,0,0,0,0,1,0,0,0,1,0,0,0
107.9,3.8,5404,4,600.0,2.0,0,2418,1,1,4,2344,271,51,2.0,12.0,0,0,0,0,2,6,0,0,0,0,0,1
308.33,3.6,250,5,593.0,14.0,1,2072,1,1,5,3713,48,233,0.0,17.0,1,1,0,1,0,9,1,0,0,0,0,0
178.16,3.4,94,1,267.0,17.0,0,2088,1,1,3,599,48,13,3.0,9.0,1,0,0,0,1,1,0,0,1,0,0,0
119.51,4.0,1141,5,247.0,24.0,1,193,0,0,2,601,35,24,4.0,8.0,0,0,1,1,1,1,0,0,0,1,0,0
123.25,3.4,1885,4,20.0,24.0,2,1283,0,1,1,686,56,48,0.0,0.0,1,1,0,1,3,2,0,0,1,0,0,0
212.81,3.7,1647,3,722.0,3.0,1,1316,1,1,2,4061,524,29,5.0,11.0,1,0,0,0,0,7,0,0,0,0,1,0
213.57,3.7,2132,3,649.0,13.0,0,1520,1,1,1,2647,148,89,1.0,0.0,0,0,0,1,8,1,1,0,0,0,0,0
91.42,4.0,2933,5,584.0,1.0,1,2831,0,1,1,4353,394,277,1.0,8.0,1,1,0,1,1,3,0,1,0,0,0,0
132.33,3.2,0,3,167.0,23.0,1,581,1,0,3,1902,144,147,0.0,8.0,1,0,0,1,8,7,1,0,0,0,1,0
178.56,3.6,3834,5,932.0,1.0,0,1943,1,0,1,4571,620,341,3.0,18.0,0,0,0,0,5,4,0,0,0,1,0,0
15.87,3.3,0,1,38.0,35.0,1,5,0,1,2,1486,51,41,0.0,7.0,1,0,0,1,4,3,0,1,0,0,0,0
68.72,3.9,491,4,20.0,27.0,1,1438,0,1,2,3430,377,146,0.0,7.0,1,1,1,0,1,9,0,0,0,1,0,0
130.92,3.4,0,5,135.0,35.0,2,2777,1,1,2,2310,77,78,0.0,15.0,0,0,0,1,6,3,0,1,0,0,0,0
231.93,4.5,308,6,462.0,9.0,0,1673,1,0,4,3813,327,246,3.0,7.0,0,0,0,0,4,8,0,0,0,0,1,0
149.65,4.2,1773,4,578.0,19.0,1,714,1,0,2,567,76,13,1.0,16.0,1,0,0,0,4,1,0,0,0,0,0,0
124.44,4.0,0,3,484.0,34.0,2,922,0,1,4,2990,365,65,2.0,6.0,1,0,0,0,7,0,0,0,1,0,0,0
166.29,3.1,0,4,181.0,20.0,3,5,1,1,1,69,9,2,2.0,0.0,1,0,1,1,6,9,0,0,0,0,0,1
113.01,3.7,2565,4,333.0,31.0,1,477,0,1,1,3713,460,215,2.0,8.0,0,0,0,1,4,5,1,0,0,0,0,0
134.72,3.2,754,3,20.0,14.0,2,495,0,0,3,3535,497,18,2.0,9.0,1,0,0,0,1,0,0,0,0,0,1,0
106.53,3.2,2907,4,390.0,21.0,3,298,1,0,1,1107,48,83,3.0,9.0,1,0,1,1,9,7,1,0,0,0,0,1
191.93,2.9,1396,5,159.0,12.0,0,1741,1,1,4,50,1,3,2.0,25.0,1,0,0,0,6,7,0,0,1,0,0,0
241.98,4.2,1138,5,738.0,17.0,0,2053,1,1,3,3556,205,67,1.0,13.0,0,0,0,0,0,5,0,0,1,0,0,0
104.57,4.2,3512,6,366.0,17.0,0,1710,0,1,3,882,41,11,3.0,15.0,0,0,0,0,6,0,0,0,0,0,0,1
228.17,4.7,3502,6,526.0,9.0,0,3054,1,1,5,1544,190,93,3.0,8.0,0,0,0,0,2,7,0,0,1,0,0,0
102.7,4.2,209,1,75.0,1.0,0,1429,1,0,5,2254,103,94,2.0,10.0,1,1,0,0,3,1,0,0,1,0,0,0
354.59,4.7,5088,10,1125.0,1.0,0,2756,1,0,3,3431,492,148,5.0,21.0,0,0,0,0,5,0,0,0,0,0,0,1
179.94,4.5,0,3,392.0,9.0,0,284,1,0,2,497,22,39,3.0,18.0,0,0,0,1,2,1,1,0,0,1,0,0
145.74,3.8,4104,3,376.0,11.0,1,3141,1,0,1,3079,100,59,0.0,17.0,1,0,1,0,1,4,0,1,0,0,0,0
194.82,3.8,3003,1,502.0,23.0,0,841,1,0,4,1371,101,7,2.0,16.0,1,0,0,1,6,3,0,0,1,0,0,0
292.01,3.9,0,2,394.0,10.0,1,1044,1,1,1,3446,260,166,0.0,13.0,0,0,0,1,6,6,1,0,1,0,0,0
155.46,3.978268041237113,0,1,103.0,7.0,0,2028,1,0,2,2289,325,159,2.0,6.0,0,0,0,1,5,9,1,0,0,1,0,0
117.4,4.3,1622,2,330.0,15.0,1,872,1,1,4,786,105,10,0.0,7.0,1,0,0,0,8,9,0,1,0,0,0,0
246.81,2.5,618,1,50.0,14.0,2,538,0,1,1,336,36,2,0.0,0.0,0,0,0,0,2,5,0,0,0,0,1,0
124.96,3.4,2016,2,667.0,24.0,0,2476,1,1,1,3095,384,72,3.0,6.0,0,0,0,0,1,6,0,1,0,0,0,0
305.91,3.8,1681,3,516.0,6.0,1,1895,1,1,3,3947,449,69,0.0,15.0,0,1,0,1,0,7,0,0,0,0,0,0
222.59,4.8,0,1,175.0,7.0,0,1387,1,0,4,758,98,29,4.0,14.0,0,0,0,1,2,2,0,0,0,1,0,0
146.53,3.7,4294,5,482.0,12.0,1,556,1,1,4,4425,57,123,0.0,27.0,0,0,0,0,6,5,0,0,1,0,0,0
161.4,4.5,4282,3,444.0,15.0,0,3744,1,1,4,1779,78,121,2.0,14.0,0,0,0,0,8,5,0,0,0,1,0,0
158.19,3.7,1263,4,383.0,33.0,0,5,1,1,1,1848,230,78,3.0,7.0,1,0,0,1,2,1,1,0,0,0,0,1
109.82,3.9,2657,3,799.0,21.0,0,1729,0,0,4,4152,135,178,0.0,6.0,0,0,0,0,5,3,0,0,0,0,0,1
40.24,3.6,159,1,263.0,21.0,2,459,0,1,1,2386,185,96,1.0,22.0,1,1,0,1,5,3,0,0,0,0,0,1
161.98,4.5,410,1,653.0,18.0,0,2671,1,1,5,2238,83,37,1.0,12.0,1,0,0,0,4,6,0,0,0,1,0,0
301.78,4.2,3942,4,402.0,15.0,0,2655,0,0,1,4533,557,167,4.0,15.0,0,0,1,1,4,6,1,0,0,1,0,0
232.77,3.7,1510,4,687.0,11.0,0,739,1,1,3,3593,102,123,1.0,31.0,1,0,0,0,3,8,0,0,0,1,0,0
104.84,5.0,4230,4,573.0,15.0,1,930,1,1,1,3384,89,161,2.0,10.0,0,1,1,0,9,2,0,0,0,1,0,0
137.08,2.5,2857,3,196.0,27.0,0,2300,0,1,2,641,71,7,3.0,3.0,1,0,1,0,1,4,0,1,0,0,0,0
120.45,3.978268041237113,1042,6,301.0,10.0,0,250,1,1,3,3660,472,280,0.0,12.0,1,1,0,0,7,2,0,0,0,1,0,0
253.73,5.0,1032,7,635.0,1.0,0,3452,1,1,2,3950,537,67,3.0,33.0,1,0,1,1,0,9,0,1,0,0,0,0
150.88,4.5,4541,7,231.0,9.0,0,498,1,1,4,4377,380,154,1.0,11.988333333333333,0,0,1,0,1,1,0,0,1,0,0,0
191.13,4.4,338,4,378.0,11.0,1,460,1,0,2,3090,43,39,1.0,11.988333333333333,1,0,0,0,6,9,0,0,0,0,1,0
198.69,3.8,3978,4,745.0,9.0,1,590,0,0,2,1101,162,25,3.0,9.0,0,0,0,1,3,1,1,0,1,0,0,0
154.38,2.6,290,2,20.0,32.0,0,1046,0,1,2,4268,600,195,0.0,6.0,0,0,1,1,5,4,1,0,1,0,0,0
223.04,2.3,900,4,412.0,21.0,0,1761,1,0,3,4018,208,277,0.0,18.0,0,0,0,0,2,9,0,0,0,0,1,0
128.35,3.5,2695,3,158.0,23.0,2,2305,0,1,3,4565,59,107,3.0,11.0,1,0,0,0,6,4,0,0,0,0,0,1
222.42,4.1,5859,4,168.0,4.0,2,41,1,1,1,3199,283,133,1.0,21.0,1,0,1,1,5,8,1,0,1,0,0,0
126.51,4.0,1450,4,414.0,7.0,2,5,1,1,1,606,44,29,2.0,12.0,0,0,0,0,9,7,0,0,1,0,0,0
101.45,4.3,0,1,275.0,18.0,2,2441,1,0,1,4768,284,328,3.0,2.0,1,0,1,1,9,9,0,0,0,1,0,0
195.06,3.4,3816,5,359.0,9.0,0,3713,1,0,1,3057,296,205,1.0,0.0,0,0,0,0,3,2,0,0,0,0,0,1
137.44,3.4,0,5,357.0,32.0,0,1626,0,1,1,4724,565,336,4.0,9.0,0,0,0,1,8,3,1,1,0,0,0,0
5.0,2.8,1420,1,238.0,10.0,2,5,1,0,3,4142,375,287,0.0,0.0,1,0,0,1,2,5,1,0,0,0,1,0
78.67,2.9,0,3,20.0,34.0,2,5,0,1,1,2763,58,176,0.0,10.0,0,0,0,1,5,5,0,0,0,0,0,1
178.84,3.8,602,4,518.0,4.0,0,47,1,1,2,3884,337,228,3.0,14.0,0,0,0,1,8,5,0,1,0,0,0,0
5.0,4.0,0,1,171.0,33.0,2,5,0,0,2,4250,471,283,1.0,2.0,0,1,1,1,1,7,0,1,0,0,0,0
280.68,3.0,3106,1,712.0,10.0,0,1833,1,1,3,4856,287,372,4.0,7.0,1,1,0,0,4,4,0,0,0,1,0,0
24.15,3.8,0,3,227.0,17.0,0,5,1,1,5,4540,425,258,1.0,21.0,0,0,0,1,9,9,0,1,0,0,0,0
141.57,4.4,0,1,241.0,15.230456852791878,0,2835,1,1,4,2372,251,95,3.0,9.0,0,0,0,1,0,5,0,0,0,0,1,0
87.56,4.4,1593,1,164.0,9.0,0,1832,1,1,2,3551,471,253,2.0,11.988333333333333,0,0,1,0,3,2,1,0,0,0,0,1
106.27,4.3,1344,6,299.0,1.0,1,2260,1,1,3,918,82,53,4.0,12.0,0,0,0,1,4,7,1,0,0,1,0,0
185.56,3.7,5148,5,460.0,1.0,0,1744,1,0,4,2520,104,155,3.0,16.0,1,1,0,0,9,1,0,1,0,0,0,0
64.24,4.4,1597,6,513.0,6.0,0,2065,1,1,2,1724,179,92,2.0,13.0,0,0,1,0,5,0,0,0,0,0,0,0
180.89,4.1,1078,3,338.0,25.0,0,2299,1,1,2,1323,194,50,2.0,14.0,1,0,0,1,3,4,0,0,0,0,0,0
295.97,4.9,5585,7,584.0,5.0,0,4000,1,0,6,4777,520,154,2.0,5.0,0,1,0,0,9,8,0,1,0,0,0,0
134.37,3.9,3165,5,341.0,44.0,0,518,0,0,2,4971,129,313,5.0,9.0,1,0,0,0,5,8,0,0,0,1,0,0
5.0,3.978268041237113,0,5,50.0,8.0,2,5,1,1,1,2373,228,56,3.0,13.0,1,0,0,0,1,5,0,1,0,0,0,0
297.94,5.0,3747,9,634.0,1.0,0,3735,1,1,5,638,44,21,4.0,23.0,0,0,0,0,4,2,0,0,0,0,1,0
136.95,3.9,145,4,512.0,1.0,0,605,1,1,1,1251,94,11,4.0,18.0,0,0,0,0,4,6,0,1,0,0,0,0
5.0,3.3,4842,1,254.0,36.0,2,886,1,0,3,4835,407,368,0.0,0.0,1,0,0,1,0,2,1,0,0,0,0,0
181.59,4.0,2693,1,163.0,24.0,4,5,0,1,1,316,15,1,0.0,0.0,0,0,0,0,0,2,1,0,0,0,0,0
173.99,4.8,2074,4,778.0,15.230456852791878,0,5,1,1,3,3764,423,129,3.0,0.0,0,0,0,0,9,0,0,0,0,0,0,0
194.71,4.1,2046,2,167.0,7.0,0,1847,1,1,3,4278,557,202,1.0,11.0,0,0,1,1,0,5,0,0,0,0,0,0
275.72,4.9,6064,4,577.0,6.0,0,1806,1,1,5,2018,159,10,1.0,23.0,0,0,0,1,5,4,1,0,0,0,1,0
196.59,3.6,0,1,529.0,29.0,1,1181,1,1,2,2581,183,65,2.0,9.0,0,0,0,0,3,7,1,1,0,0,0,0
125.13,4.2,1632,4,174.0,12.0,1,980,1,1,5,3367,73,253,1.0,7.0,0,1,0,1,2,7,1,0,1,0,0,0
177.32,3.7,4200,4,410.0,4.0,0,3219,1,1,4,1493,223,29,2.0,5.0,0,0,0,0,7,4,0,0,1,0,0,0
188.02,4.0,1028,4,782.0,29.0,3,5,1,1,1,3434,211,61,3.0,16.0,0,0,0,0,5,1,0,0,1,0,0,0
179.56,3.0,0,3,374.0,29.0,2,1475,1,1,4,4257,274,139,1.6757142857142857,18.0,1,1,0,0,7,3,0,1,0,0,0,0
226.69,4.2,84,6,450.0,1.0,1,129,0,1,3,2872,39,114,5.0,19.0,0,0,0,0,0,4,0,0,0,0,0,1
5.0,2.5,0,1,20.0,36.0,4,5,1,0,1,1519,198,17,0.0,0.0,0,1,0,1,2,6,1,0,0,0,1,0
194.46,3.6,2675,4,467.0,22.0,1,1815,0,1,3,3205,132,214,0.0,14.0,0,0,0,0,0,6,0,0,0,0,0,1
131.85,4.7,2510,8,557.0,6.0,0,1691,1,1,6,1770,253,39,2.0,17.0,0,0,0,1,5,9,0,1,0,0,0,0
165.68,4.8,1563,7,691.0,28.0,0,2862,1,1,5,103,9,6,1.0,19.0,0,0,1,0,0,9,0,0,1,0,0,0
121.19,4.3,2428,4,406.0,19.0,0,541,1,0,2,2769,362,97,3.0,17.0,0,0,0,0,9,0,0,0,0,0,1,0
332.27,5.0,3980,5,689.0,1.0,0,3800,1,1,6,3217,422,205,3.0,18.0,0,0,0,0,2,9,0,1,0,0,0,0
91.85,4.0,0,1,403.7255102040816,8.0,0,1719,1,0,1,942,99,66,1.0,5.0,0,1,0,1,8,3,1,0,0,1,0,0
126.2,4.2,1603,6,146.0,6.0,0,1221,1,0,3,1913,209,150,0.0,10.0,0,0,0,1,4,8,1,0,0,0,0,1
42.07,4.5,1112,3,226.0,8.0,1,3083,1,1,1,1210,13,10,0.0,3.0,0,1,0,0,6,1,0,0,0,0,1,0
145.56,3.5,2797,1,455.0,19.0,1,5,1,0,4,4061,137,76,0.0,14.0,0,1,0,1,2,1,1,0,0,0,0,1
206.05,3.5,3147,1,204.0,14.0,1,1340,1,1,6,3690,314,95,4.0,6.0,0,1,1,0,2,8,0,0,1,0,0,0
59.15,3.9,511,1,548.0,13.0,2,727,0,0,4,1308,141,20,1.0,17.0,0,1,0,0,7,9,0,0,1,0,0,0
5.0,3.978268041237113,0,3,122.0,24.0,1,5,0,1,1,4691,308,307,0.0,0.0,1,1,0,1,1,8,1,0,0,0,0,1
151.05,3.6,682,1,272.0,37.0,0,5,1,1,2,4728,685,210,1.0,12.0,1,1,0,1,2,0,0,0,1,0,0,0
151.68,3.7,25,6,238.0,16.0,0,1035,1,1,5,1020,72,29,0.0,15.0,0,1,0,1,1,0,0,0,0,0,1,0
223.21,4.0,245,3,196.0,20.0,0,1529,0,0,1,3446,189,210,0.0,11.988333333333333,0,0,1,1,4,2,0,0,0,1,0,0
214.34,4.7,373,4,118.0,17.0,0,2141,1,0,4,873,81,37,4.0,17.0,0,0,0,0,1,7,0,0,1,0,0,0
131.42,5.0,3025,2,380.0,7.0,0,1397,0,0,5,2729,94,171,0.0,21.0,0,0,0,0,8,5,0,0,0,0,0,1
103.55,3.4,456,3,191.0,3.0,2,1758,1,0,1,646,31,13,0.0,10.0,0,0,0,0,9,4,0,1,0,0,0,0
125.04,4.9,1294,5,227.0,6.0,2,3059,1,0,4,745,78,52,3.0,31.0,1,0,1,0,7,1,0,1,0,0,0,0
29.3,4.3,0,1,419.0,48.0,1,1466,0,0,2,1016,84,30,2.0,1.0,0,1,1,0,6,9,0,1,0,0,0,0
181.31,4.0,5422,4,275.0,6.0,0,4000,1,0,4,2900,385,131,4.0,20.0,0,0,0,0,7,5,1,0,1,0,0,0
45.08,3.1,643,1,307.0,15.0,0,5,0,1,2,187,6,13,0.0,17.0,0,1,0,0,4,3,0,0,1,0,0,0
132.22,3.8,5221,4,234.0,28.0,1,2202,1,0,2,519,41,10,2.0,13.0,1,0,1,1,6,5,1,0,0,1,0,0
181.3,4.2,2842,4,384.0,13.0,1,1146,1,1,4,2391,96,176,4.0,12.0,0,0,0,1,9,8,1,0,1,0,0,0
244.54,4.7,3534,4,764.0,20.0,0,1265,1,1,4,2567,129,43,1.0,19.0,0,0,1,0,0,9,0,1,0,0,0,0
133.82,4.3,3507,4,235.0,17.0,0,3230,1,1,2,325,9,13,1.0,36.0,0,0,0,0,1,0,0,0,1,0,0,0
93.58,3.7,1021,1,446.0,4.0,2,5,0,0,2,718,62,13,5.0,15.0,0,0,0,0,0,7,0,0,0,0,0,1
159.84,3.8,855,4,201.0,24.0,0,169,1,1,1,2306,105,149,1.6757142857142857,8.0,0,0,1,0,5,5,0,1,0,0,0,0
189.37,5.0,3226,6,361.0,1.0,1,4000,1,1,3,1951,61,18,3.0,22.0,1,0,1,0,4,5,0,1,0,0,0,0
116.58,4.1,3811,3,390.0,12.0,0,1452,0,1,4,1405,185,89,3.0,13.0,1,0,0,0,5,2,0,0,0,1,0,0
53.3,3.978268041237113,1161,1,378.0,9.0,2,2263,0,1,1,2987,344,174,2.0,5.0,0,0,0,1,0,2,0,0,0,0,0,1
270.65,3.7,1643,1,597.0,16.0,0,493,1,0,5,493,13,11,1.0,3.0,1,0,0,1,4,5,0,0,0,0,0,0
34.81,3.4,0,3,20.0,17.0,2,1185,0,1,3,4420,408,253,1.0,7.0,0,0,1,0,3,9,0,0,0,1,0,0
80.94,3.9,0,2,502.0,29.0,2,486,0,1,2,1534,48,69,1.0,0.0,0,0,0,1,1,4,1,0,1,0,0,0
50.22,3.8,0,2,250.0,13.0,1,1703,1,1,2,3485,355,29,0.0,1.0,0,0,0,0,9,9,0,0,0,0,0,0
138.25,3.7,3648,6,248.0,16.0,0,2640,1,1,5,4003,195,223,1.0,21.0,0,0,0,0,1,7,0,0,0,0,0,1
171.18,3.1,566,1,477.0,1.0,0,314,0,1,2,1966,50,33,2.0,30.0,1,0,0,1,3,6,1,0,1,0,0,0
117.52,4.2,874,4,338.0,11.0,2,1082,0,0,1,2358,188,95,2.0,2.0,1,0,0,0,9,3,0,0,1,0,0,0
129.42,3.6,1469,3,20.0,28.0,2,68,1,1,2,4419,535,192,3.0,7.0,0,0,1,1,6,8,1,0,0,0,0,1
116.85,3.8,1164,3,422.0,16.0,2,1792,0,1,1,4145,406,224,3.0,10.0,1,0,1,1,2,6,0,0,0,1,0,0
75.42,3.6,0,4,390.0,12.0,1,1005,1,1,2,4292,207,96,1.0,16.0,1,0,0,0,2,7,0,0,1,0,0,0
104.1,4.4,1396,5,540.0,20.0,0,2362,1,0,6,4774,403,104,1.0,19.0,0,0,0,1,4,6,0,0,1,0,0,0
184.91,4.1,2952,4,627.0,12.0,0,852,1,0,2,2637,321,177,1.0,10.0,0,1,0,1,1,4,1,0,0,0,0,1
154.35,3.4,0,1,542.0,35.0,4,63,0,1,3,1202,146,95,0.0,19.0,0,0,1,0,7,2,0,0,0,0,0,0
143.46,4.3,4392,6,465.0,9.0,0,3749,1,1,4,2970,428,206,3.0,29.0,1,0,0,0,4,7,0,0,0,0,0,0
128.42,4.3,3020,5,738.0,9.0,0,1648,1,0,5,1576,160,104,1.0,26.0,1,0,0,1,7,9,0,0,0,1,0,0
207.34,3.4,1763,1,236.0,1.0,1,2535,1,0,4,4510,456,231,2.0,33.0,1,0,1,0,2,2,0,0,0,0,0,0
16.3,4.0,0,2,576.0,34.0,0,1157,0,1,1,643,89,21,0.0,0.0,1,0,0,0,9,7,0,0,0,0,0,0
164.96,4.3,2487,3,577.0,2.0,0,2189,0,1,4,3458,122,136,2.0,17.0,0,0,0,1,8,5,1,0,1,0,0,0
5.0,4.0,1798,2,296.0,22.0,1,360,1,0,1,3131,374,225,1.0,12.0,0,0,1,1,1,7,0,0,0,0,0,0
66.46,3.9,0,3,519.0,44.0,3,363,0,0,3,3372,255,179,1.0,0.0,0,0,0,0,5,3,0,0,1,0,0,0
46.34,4.4,3187,5,365.0,24.0,0,2447,1,0,2,4046,74,281,4.0,0.0,1,1,0,0,1,9,0,0,0,1,0,0
162.9,5.0,3824,1,476.0,15.0,2,1692,1,1,1,3948,334,50,1.0,5.0,0,0,0,0,7,8,0,0,0,1,0,0
151.92,4.0,14,4,506.0,16.0,0,2524,1,0,5,1956,292,79,2.0,12.0,0,0,0,0,3,7,0,0,0,0,0,0
195.15,4.4,0,3,306.0,3.0,0,652,1,1,2,2708,225,56,0.0,8.0,0,0,1,0,4,3,0,1,0,0,0,0
261.02,4.6,3703,1,550.0,16.0,1,585,1,1,1,1377,155,94,3.0,6.0,0,1,0,0,4,0,0,0,0,0,0,1
258.18,4.8,3894,5,519.0,15.0,0,1908,1,1,4,2995,252,78,5.0,24.0,0,0,0,0,7,0,0,0,0,0,0,1
5.0,3.5,164,2,508.0,13.0,2,127,0,1,1,2372,93,62,0.0,11.0,1,0,0,0,7,1,0,0,0,0,0,0
11.97,3.7,3248,7,324.0,28.0,0,1633,1,0,2,675,52,41,0.0,9.0,0,0,0,0,5,2,0,0,0,0,0,0
121.66,3.8,0,4,20.0,13.0,3,1655,0,0,1,4334,603,322,0.0,24.0,0,0,0,1,8,2,1,1,0,0,0,0
55.91,3.6,0,5,124.0,25.0,2,2260,1,0,2,1193,57,19,1.0,1.0,0,0,0,0,8,2,0,0,0,0,0,1
219.47,4.5,5094,8,856.0,8.0,1,1882,1,0,3,2755,277,136,3.0,19.0,0,0,0,1,4,0,1,0,0,0,0,0
58.65,3.4,1992,7,20.0,23.0,0,1053,1,1,1,1579,73,79,0.0,25.0,0,0,0,0,9,2,0,0,1,0,0,0
144.54,4.0,2383,3,456.0,26.0,1,2110,1,0,2,4630,585,232,0.0,22.0,1,0,0,1,1,2,1,0,0,1,0,0
158.96,3.3,3355,5,37.0,22.0,3,1190,1,0,5,1241,93,9,3.0,17.0,0,0,0,1,3,9,0,0,0,1,0,0
114.84,3.7,0,2,380.0,25.0,2,353,0,1,4,4334,564,48,1.0,9.0,1,1,0,0,0,7,0,0,0,0,0,1
227.39,4.4,4703,4,492.0,17.0,0,2359,1,1,3,2034,132,81,0.0,17.0,0,0,0,0,6,4,0,0,0,0,1,0
142.15,4.5,2474,1,554.0,7.0,1,2432,1,1,5,2116,190,91,1.0,12.0,1,0,0,0,8,8,0,0,0,0,1,0
271.83,3.7,389,1,615.0,7.0,0,3163,1,0,2,140,8,8,5.0,26.0,0,0,0,0,9,1,0,0,1,0,0,0
101.28,4.1,1177,2,20.0,2.0,1,543,1,1,4,1084,39,74,1.0,0.0,0,0,1,0,9,3,0,0,0,0,0,1
190.26,5.0,1766,5,696.0,16.0,0,2068,1,1,5,4239,92,281,1.0,35.0,0,0,0,1,4,1,1,0,0,1,0,0
301.66,4.2,4836,5,600.0,1.0,0,3635,1,1,3,1341,53,45,2.0,27.0,0,0,0,0,1,8,1,0,0,0,0,0
184.43,3.0,3331,4,593.0,9.0,0,1892,0,1,1,737,60,34,0.0,0.0,1,0,0,1,0,2,0,0,0,0,0,1
141.47,3.3,592,4,354.0,13.0,0,2278,1,1,1,1348,103,29,1.0,12.0,1,0,0,0,1,0,0,0,0,1,0,0
206.84,3.5,1133,7,540.0,21.0,0,1592,1,1,6,3544,400,147,0.0,14.0,0,0,0,1,4,3,1,0,0,1,0,0
186.27,4.1,0,4,527.0,29.0,1,2615,0,0,1,2426,88,171,1.0,19.0,0,1,0,0,1,7,0,0,0,1,0,0
82.91,4.3,1566,4,532.0,25.0,1,1524,1,0,3,4166,621,167,1.0,16.0,0,0,1,0,8,0,0,1,0,0,0,0
260.64,4.3,5345,5,604.0,1.0,0,2002,1,1,3,671,77,41,4.0,12.0,0,0,0,1,0,6,1,1,0,0,0,0
294.3,3.8,0,4,310.0,17.0,1,1753,1,1,5,1441,167,68,2.0,9.0,1,0,0,0,1,6,0,1,0,0,0,0
5.0,3.7,0,3,357.0,20.0,1,189,0,1,2,2515,272,194,3.0,11.988333333333333,0,1,0,0,1,8,0,0,1,0,0,0
169.81,4.0,642,3,777.0,24.0,3,1791,0,0,3,1405,197,20,2.0,8.0,1,0,0,1,6,2,0,0,0,0,0,0
130.37,3.7,3426,7,234.0,33.0,0,1067,1,1,3,2007,32,112,2.0,11.988333333333333,0,0,0,1,6,3,1,0,0,1,0,0
183.85,3.6,1247,5,390.0,15.0,0,2867,1,1,3,4924,734,114,2.0,7.0,0,0,0,0,4,7,0,1,0,0,0,0
72.37,3.1,0,1,229.0,25.0,1,1846,0,1,1,3126,160,25,1.0,13.0,0,0,0,1,1,1,1,0,1,0,0,0
100.79,3.8,0,1,319.0,6.0,0,1954,1,0,1,2561,153,198,2.0,20.0,0,0,0,0,3,2,0,0,0,0,1,0
179.13,4.2,2326,4,503.0,1.0,1,1279,0,0,1,2783,360,30,1.0,19.0,0,0,0,0,0,1,0,0,0,1,0,0
117.93,3.9,0,3,418.0,23.0,2,1826,1,1,3,2642,47,76,1.0,11.988333333333333,0,0,0,1,6,5,1,0,0,1,0,0
72.92,3.7,2210,7,948.0,32.0,0,2921,1,1,3,4955,266,257,4.0,10.0,0,0,0,0,1,1,0,0,0,0,1,0
239.41,5.0,2906,8,600.0,13.0,0,2786,1,1,4,644,91,21,2.0,28.0,1,0,0,0,4,4,1,0,0,1,0,0
86.12,4.3,1579,4,359.0,17.0,3,855,1,1,2,201,24,13,1.0,0.0,0,1,0,0,8,5,0,0,0,1,0,0
197.08,4.5,2603,3,393.0,10.0,0,3313,1,1,4,4745,664,357,3.0,2.0,1,0,0,0,0,8,0,0,1,0,0,0
127.6,3.8,0,1,237.0,15.0,1,2678,1,1,2,2392,202,67,0.0,0.0,0,0,0,0,4,2,0,0,0,1,0,0
253.37,3.1,0,5,880.0,13.0,0,743,0,0,2,1241,75,14,2.0,11.988333333333333,0,0,0,1,8,9,0,0,0,1,0,0
124.69,4.9,0,5,226.0,10.0,1,2764,1,0,3,1403,139,62,1.0,5.0,0,0,0,1,0,5,0,1,0,0,0,0
93.91,3.5,1606,1,195.0,17.0,0,1112,1,1,1,2499,271,100,0.0,11.0,0,0,0,0,0,7,0,0,0,0,0,0
260.57,4.0,1814,5,656.0,17.0,0,1236,1,1,5,3409,403,148,5.0,14.0,0,0,0,0,2,5,0,0,0,0,0,0
210.85,4.3,3329,3,471.0,1.0,0,431,1,0,1,235,31,14,0.0,18.0,0,0,0,1,2,9,1,0,0,0,0,0
141.16,4.1,1633,5,784.0,13.0,0,3759,1,1,6,2761,81,127,3.0,3.0,0,0,0,0,1,9,0,1,0,0,0,0
82.79,4.2,0,5,274.0,17.0,2,1027,1,1,3,1228,33,25,3.0,15.0,0,1,0,1,9,0,0,0,0,1,0,0
298.17,4.5,2809,3,520.0,7.0,0,2143,1,1,5,2278,275,29,2.0,8.0,1,0,1,0,2,2,0,0,0,0,0,0
81.37,3.7,0,3,689.0,26.0,0,1510,1,1,3,1534,75,62,1.0,21.0,0,0,0,1,4,4,1,0,0,1,0,0
138.07,2.8,2436,6,244.0,1.0,0,2882,1,0,3,4597,66,323,3.0,7.0,0,0,0,1,9,9,0,0,0,0,0,0
81.55,3.8,10,7,486.0,17.0,1,754,1,1,1,564,42,19,2.0,6.0,0,0,1,0,5,6,0,0,0,0,1,0
219.74,4.9,3077,2,764.0,18.0,0,3750,0,1,3,626,75,35,2.0,21.0,0,0,0,0,9,1,0,0,1,0,0,0
34.42,3.4,1185,1,214.0,34.0,2,5,1,1,2,3083,270,218,0.0,0.0,0,1,0,1,0,3,0,0,1,0,0,0
295.17,4.8,2145,7,809.0,21.0,2,3889,1,0,2,730,24,10,1.0,19.0,0,1,0,0,8,3,0,0,0,1,0,0
133.45,4.0,0,4,501.0,30.0,1,566,1,1,3,374,44,15,2.0,22.0,0,0,0,0,8,3,0,0,0,0,1,0
136.51,4.2,0,1,517.0,18.0,0,1247,1,0,3,1323,144,76,3.0,7.0,0,0,1,0,6,4,1,0,1,0,0,0
236.63,5.0,5540,1,651.0,1.0,0,3406,1,1,5,1818,21,15,1.0,3.0,0,0,0,0,3,1,0,0,1,0,0,0
275.44,5.0,6561,8,824.0,12.0,1,2314,1,1,3,1185,149,6,3.0,32.0,0,0,0,0,7,3,0,0,1,0,0,0
5.0,4.3,470,1,411.0,22.0,1,3730,1,1,3,2711,31,87,3.0,17.0,0,0,0,1,2,6,0,0,1,0,0,0
140.07,3.3,1833,3,20.0,15.0,3,2071,1,1,4,3645,190,195,5.0,2.0,0,0,0,1,8,1,0,0,1,0,0,0
161.31,4.6,2313,4,590.0,10.0,0,2159,1,1,3,2878,109,212,2.0,27.0,0,0,0,0,0,9,0,0,1,0,0,0
212.79,4.1,5296,1,407.0,33.0,1,2875,1,1,3,4668,196,287,4.0,15.0,1,0,0,1,3,6,1,0,1,0,0,0
67.57,3.4,1349,5,138.0,22.0,0,2345,1,1,2,3631,139,111,1.0,6.0,0,0,0,1,5,9,0,1,0,0,0,0
278.95,4.0,3854,4,286.0,1.0,0,2207,0,1,3,4172,288,309,2.0,16.0,0,0,0,1,1,4,1,0,1,0,0,0
213.76,4.3,3184,5,633.0,1.0,0,2689,1,0,5,4187,102,85,1.0,8.0,1,0,0,0,2,9,0,0,1,0,0,0
73.27,3.8,2875,5,639.0,11.0,1,878,0,1,2,333,32,10,1.0,5.0,0,0,0,1,9,9,0,0,0,0,1,0
141.67,3.9,1227,3,293.0,15.230456852791878,2,1552,0,1,3,1157,127,32,1.0,17.0,1,0,0,0,8,5,0,0,0,0,0,1
169.8,4.7,3779,2,184.0,16.0,0,1303,1,1,5,1750,96,100,3.0,12.0,0,0,0,1,4,2,0,0,0,0,0,0
248.44,5.0,4348,7,913.0,1.0,0,829,1,1,5,4995,368,52,0.0,25.0,1,0,0,0,0,1,0,0,0,1,0,0
121.81,4.2,0,2,313.0,25.0,0,396,1,0,1,2652,213,59,0.0,8.0,0,1,0,0,0,4,0,0,1,0,0,0
144.15,4.4,0,1,352.0,6.0,2,1202,0,1,3,621,82,26,0.0,6.0,0,0,0,0,7,7,1,0,0,0,0,0
58.36,4.0,0,3,370.0,12.0,1,2124,1,0,2,2156,267,115,1.0,9.0,0,0,0,1,5,7,1,0,0,0,0,0
113.05,3.4,811,3,319.0,16.0,0,5,0,1,3,1719,161,124,2.0,28.0,0,0,0,1,3,8,0,0,1,0,0,0
79.38,3.7,0,4,58.0,12.0,3,1619,1,1,5,561,37,21,1.0,1.0,0,0,1,0,5,2,1,0,1,0,0,0
173.97,3.5,18,3,327.0,9.0,0,1297,1,1,1,2185,271,112,0.0,11.988333333333333,0,0,0,1,2,7,1,0,1,0,0,0
224.38,4.0,509,3,697.0,1.0,0,2776,1,0,1,3996,104,258,2.0,9.0,0,0,0,0,3,2,0,1,0,0,0,0
129.04,4.1,472,5,670.0,1.0,0,2252,1,0,2,1815,151,23,0.0,18.0,1,0,0,0,7,9,0,0,0,1,0,0
89.12,4.8,2143,1,426.0,21.0,0,2255,0,1,4,2218,107,82,2.0,0.0,1,0,0,0,6,8,0,0,0,0,0,0
205.31,5.0,0,5,403.7255102040816,8.0,2,2842,1,0,2,1129,65,24,3.0,10.0,1,0,0,1,4,6,0,0,1,0,0,0
167.13,4.4,0,1,193.0,1.0,0,1592,0,0,2,3133,352,29,1.0,3.0,0,0,0,0,3,6,0,1,0,0,0,0
22.83,3.9,0,1,321.0,21.0,0,1458,1,0,1,1533,42,44,1.6757142857142857,1.0,0,0,0,1,4,1,0,0,0,0,1,0
114.55,3.4,2582,5,252.0,9.0,0,1919,0,0,2,4918,501,202,3.0,5.0,0,1,0,0,8,6,0,0,1,0,0,0
232.53,3.9,3656,5,548.0,1.0,0,1822,1,0,3,1668,159,95,1.0,12.0,0,0,0,0,8,0,0,0,0,1,0,0
299.47,3.6,0,4,266.0,18.0,2,1294,1,0,5,2550,374,148,5.0,20.0,1,0,0,0,3,4,0,0,0,0,1,0
210.62,4.8,1091,4,413.0,22.0,0,1019,1,1,6,3011,98,102,2.0,17.0,0,0,0,0,3,7,0,0,1,0,0,0
149.5,3.7,0,1,196.0,39.0,1,1862,1,1,1,109,1,0,1.0,2.0,0,1,1,1,2,6,1,0,1,0,0,0
22.92,4.4,1430,2,100.0,24.0,1,661,0,1,1,4026,253,55,0.0,11.988333333333333,0,0,0,1,3,9,1,0,0,0,0,1
209.02,4.4,1491,4,638.0,2.0,2,2447,1,0,2,414,51,10,0.0,20.0,0,0,0,1,3,4,0,0,1,0,0,0
239.15,4.2,0,4,483.0,19.0,0,1548,1,1,1,1803,96,14,1.0,10.0,0,0,1,1,5,3,1,0,1,0,0,0
332.19,3.8,4474,6,712.0,27.0,0,1574,0,1,3,1148,42,45,0.0,9.0,1,0,0,1,1,0,1,0,0,0,0,1
214.56,5.0,2825,5,939.0,4.0,0,2586,1,0,5,2335,208,158,5.0,19.0,0,0,0,1,8,0,1,0,0,0,0,0
222.49,3.9,2256,2,274.0,11.0,2,3162,0,0,5,537,77,28,2.0,14.0,0,0,0,1,7,7,1,0,0,0,0,0
63.67,5.0,1955,1,394.0,21.0,2,396,1,0,2,2749,60,37,1.0,15.0,0,0,1,0,6,1,0,0,0,0,0,0
147.72,3.3,184,5,403.7255102040816,39.0,4,1321,0,1,1,3351,358,127,0.0,0.0,1,0,0,1,5,3,0,1,0,0,0,0
212.1,4.2,2561,2,735.0,11.0,1,1299,0,1,6,4950,303,309,3.0,15.0,0,0,0,0,4,2,1,0,0,0,0,1
36.24,3.978268041237113,2712,1,351.0,24.0,1,2618,1,1,4,3026,106,216,2.0,11.0,1,1,0,0,0,5,0,0,1,0,0,0
115.35,3.3,1717,3,278.0,21.0,3,546,0,1,3,2296,278,111,0.0,0.0,0,0,0,1,8,1,0,1,0,0,0,0
160.74,4.8,1247,3,849.0,1.0,0,1197,1,1,3,265,17,1,1.0,21.0,0,0,0,0,1,3,0,0,0,0,0,1
233.9,3.7,3345,7,20.0,11.0,1,1410,1,1,2,2962,70,47,0.0,19.0,0,0,0,0,2,4,0,0,0,1,0,0
170.3,4.3,686,3,517.0,16.0,1,2687,1,1,2,1810,256,36,2.0,21.0,0,0,0,0,1,3,0,0,0,0,0,1
149.15,2.9,505,4,613.0,14.0,0,5,1,0,3,1831,155,140,1.0,11.0,0,1,1,0,3,8,0,0,0,0,0,0
70.25,3.7,0,4,124.0,21.0,1,780,0,0,3,2227,190,108,2.0,2.0,0,0,0,0,8,0,0,0,0,0,0,0
125.27,4.6,2166,3,272.0,26.0,1,2573,1,0,3,1873,139,41,3.0,6.0,0,0,0,0,5,7,0,0,1,0,0,0
217.33,4.3,677,3,233.0,15.0,0,1868,1,1,4,3183,206,152,0.0,18.0,1,1,0,1,2,0,0,0,0,0,0,0
195.22,5.0,2978,5,28.0,8.0,0,2123,1,1,4,3243,308,169,2.0,15.0,0,0,0,1,7,7,0,0,0,1,0,0
198.89,4.5,0,5,501.0,1.0,0,1924,1,0,3,2420,295,58,2.0,11.0,0,0,0,0,0,3,0,0,0,0,1,0
167.3,4.2,5619,5,586.0,1.0,0,4000,1,1,5,3561,185,268,2.0,11.988333333333333,1,0,0,0,0,6,1,1,0,0,0,0
132.25,3.8,2919,4,318.0,23.0,0,894,1,0,6,4287,239,145,2.0,9.0,0,0,1,1,0,1,0,0,0,0,1,0
181.72,3.5,1055,2,294.0,23.0,1,470,0,0,2,395,52,12,3.0,21.0,1,0,0,0,4,6,0,0,0,0,0,0
181.97,4.5,1897,3,299.0,9.0,1,754,1,1,5,689,89,14,0.0,11.988333333333333,0,0,1,0,1,6,1,0,0,0,0,0
5.0,3.7,1242,5,501.0,12.0,1,1044,1,1,3,4903,513,41,1.0,8.0,1,1,0,0,1,1,0,0,1,0,0,0
230.46,4.3,1248,5,324.0,10.0,0,2301,0,1,4,284,30,3,1.0,19.0,0,0,0,0,4,9,0,0,1,0,0,0
156.7,5.0,5681,5,389.0,19.0,0,2222,1,1,2,4378,154,104,5.0,11.0,1,0,0,1,6,0,1,0,0,0,0,1
168.57,4.5,6306,3,154.0,12.0,0,1648,0,0,1,480,26,24,5.0,18.0,0,0,0,0,6,1,0,0,0,0,0,1
177.51,3.8,0,3,130.0,15.230456852791878,1,843,1,1,3,494,54,28,2.0,0.0,0,0,0,1,0,0,1,0,0,0,0,0
113.99,4.0,2833,4,693.0,21.0,0,2247,1,1,3,2157,285,78,5.0,11.988333333333333,1,0,0,1,7,3,1,0,0,0,1,0
327.85,4.7,1530,9,686.0,1.0,0,2293,0,1,6,2708,363,59,4.0,26.0,1,0,0,0,6,7,0,1,0,0,0,0
157.07,4.6,4353,3,332.0,24.0,2,738,0,1,2,4347,367,32,1.0,2.0,1,0,1,0,9,0,0,0,1,0,0,0
33.6,4.5,0,1,119.0,6.0,1,1111,1,1,2,3148,272,28,1.0,5.0,0,0,0,1,0,1,0,1,0,0,0,0
117.96,4.3,2041,1,389.0,13.0,0,361,1,0,2,1866,52,11,1.0,11.988333333333333,0,0,0,1,9,7,1,0,0,1,0,0
10.67,2.5,0,1,245.0,31.0,3,455,0,0,2,4695,563,174,0.0,5.0,1,0,0,1,4,5,0,0,1,0,0,0
164.52,4.3,325,1,20.0,1.0,1,567,1,1,2,2960,291,231,2.0,24.0,0,0,1,1,6,3,0,0,0,0,0,1
30.35,4.2,2624,8,783.0,3.0,0,1739,1,1,4,1570,156,61,3.0,5.0,0,0,0,0,3,9,0,0,0,0,0,1
5.0,3.6,852,4,352.0,14.0,1,2014,1,0,1,430,48,23,0.0,18.0,0,1,1,0,7,0,0,1,0,0,0,0
159.94,4.7,1595,2,492.0,11.0,0,2687,1,0,5,1038,100,77,4.0,20.0,1,0,0,1,2,6,0,0,0,0,0,0
255.14,4.5,2005,8,547.0,3.0,0,2820,1,1,1,1804,245,83,0.0,5.0,0,0,0,0,5,7,0,1,0,0,0,0
107.06,3.4,0,3,342.0,26.0,1,1290,1,1,2,139,10,9,0.0,0.0,0,0,1,0,5,9,0,0,0,1,0,0
225.52,4.8,1453,2,217.0,25.0,0,1095,1,1,3,673,70,20,5.0,0.0,0,0,1,0,2,4,0,0,1,0,0,0
125.21,3.9,2071,5,434.0,23.0,2,2311,0,0,4,1251,14,96,2.0,7.0,0,0,0,1,3,9,0,0,0,1,0,0
91.19,4.5,475,2,403.7255102040816,29.0,0,2279,1,0,4,2366,193,67,2.0,13.0,1,1,0,1,0,2,0,0,0,1,0,0
84.78,3.4,6,6,467.0,8.0,3,3438,0,0,3,916,31,5,0.0,9.0,1,1,0,1,6,8,0,0,0,1,0,0
245.24,3.978268041237113,0,1,230.0,19.0,1,1639,0,1,1,3243,101,237,1.0,7.0,0,0,0,1,0,5,1,1,0,0,0,0
157.13,4.0,0,3,454.0,3.0,0,979,1,1,1,1481,176,103,0.0,0.0,1,0,0,0,6,2,1,0,1,0,0,0
174.96,4.4,760,4,661.0,27.0,0,797,1,1,1,3479,93,97,2.0,9.0,1,1,0,0,6,2,0,0,0,0,0,0
5.0,1.9,1441,3,432.0,13.0,2,448,1,0,1,2541,202,80,0.0,0.0,0,1,0,1,2,4,1,0,0,0,0,1
246.66,4.6,3314,3,503.0,1.0,0,3723,0,1,5,4585,79,286,3.0,22.0,1,1,0,0,4,9,0,0,1,0,0,0
165.13,4.2,4100,6,177.0,17.0,0,908,1,0,5,928,16,43,1.0,10.0,0,0,0,1,3,1,1,0,1,0,0,0
139.57,4.2,2977,8,443.0,24.0,0,1946,1,1,2,4137,304,127,2.0,14.0,1,0,0,0,7,1,0,0,0,1,0,0
178.29,3.3,2982,5,243.0,19.0,1,2037,1,0,1,1630,229,85,2.0,7.0,1,1,0,1,2,8,1,0,0,1,0,0
147.94,4.0,2903,1,154.0,28.0,0,3796,1,0,1,1009,49,33,1.0,26.0,0,0,0,1,9,0,0,0,1,0,0,0
219.3,3.9,449,4,545.0,1.0,2,3109,1,1,3,981,131,75,2.0,9.0,0,0,0,0,9,4,0,0,0,0,0,0
354.88,5.0,4919,10,918.0,1.0,0,4000,1,1,6,4556,470,163,5.0,16.0,1,0,0,0,4,7,0,0,0,0,0,0
161.94,4.2,130,1,637.0,10.0,2,993,1,1,2,2429,241,26,0.0,11.0,0,0,0,1,7,2,0,1,0,0,0,0
176.34,3.6,2409,6,189.0,14.0,1,2842,1,1,3,4642,361,232,2.0,24.0,0,0,0,0,2,2,0,0,1,0,0,0
250.66,3.7,3561,4,228.0,13.0,1,2894,0,0,2,2099,155,20,4.0,0.0,0,0,0,1,5,2,1,0,0,0,1,0
114.99,4.2,1255,3,266.0,7.0,1,559,0,1,4,1340,101,102,0.0,9.0,1,0,0,0,1,1,0,0,0,0,0,1
206.69,3.9,979,3,353.0,22.0,1,5,1,0,2,3748,311,62,3.0,2.0,1,0,0,1,8,7,1,0,0,0,0,1
148.87,3.978268041237113,0,3,384.0,1.0,0,2183,1,0,1,470,50,24,1.0,23.0,0,0,0,1,0,1,1,0,1,0,0,0
133.36,3.9,2772,1,353.0,6.0,1,5,1,1,1,1030,33,46,0.0,19.0,1,1,0,0,7,2,0,0,0,1,0,0
65.8,4.0,587,3,344.0,16.0,1,1536,1,1,4,4860,679,220,1.0,23.0,0,0,0,1,0,5,1,0,0,0,0,1
151.2,3.6,1611,1,526.0,19.0,3,1280,0,0,4,2235,322,153,2.0,11.0,1,1,0,0,7,9,0,1,0,0,0,0
196.15,3.6,3493,5,403.7255102040816,8.0,1,1245,1,1,4,4440,374,221,3.0,0.0,0,0,1,1,6,4,1,0,0,0,1,0
219.72,4.7,2148,2,561.0,25.0,0,1176,0,1,3,104,9,2,5.0,24.0,1,0,0,0,7,1,0,0,0,0,1,0
195.29,4.5,4500,8,745.0,1.0,0,1460,0,1,5,4574,539,254,5.0,25.0,0,0,0,0,3,5,0,0,0,0,0,1
174.98,4.2,3679,7,296.0,18.0,0,435,1,1,1,2739,289,91,1.0,7.0,0,0,0,0,8,2,0,0,0,0,1,0
113.13,4.0,2949,5,596.0,15.230456852791878,1,3726,1,1,2,4630,391,78,0.0,17.0,0,0,0,0,0,0,0,0,0,1,0,0
161.02,4.5,1056,2,487.0,23.0,2,1377,1,1,5,4526,220,68,2.0,8.0,0,1,1,0,5,2,0,0,0,0,1,0
83.73,4.1,0,1,500.0,26.0,2,888,1,1,2,970,84,10,0.0,9.0,0,1,1,0,2,0,0,0,0,0,1,0
293.79,2.7,0,1,70.0,18.0,2,1661,1,1,4,2696,189,140,0.0,0.0,0,0,0,1,2,9,0,0,0,0,0,0
97.66,4.1,1672,5,33.0,1.0,0,5,1,1,2,166,12,6,2.0,21.0,1,0,0,1,7,9,1,0,0,1,0,0
201.79,3.978268041237113,0,6,174.0,1.0,0,1113,0,1,1,2098,53,44,2.0,0.0,0,0,0,1,0,1,0,0,0,1,0,0
296.33,4.9,5258,9,778.0,1.0,0,4000,1,1,5,1471,86,107,4.0,16.0,1,0,0,0,0,4,0,0,0,0,1,0
119.63,3.2,0,1,854.0,5.0,1,1826,0,1,1,3915,125,53,3.0,19.0,0,0,0,1,9,4,0,0,0,0,1,0
173.24,4.5,3179,5,437.0,4.0,1,1375,1,0,3,448,20,30,1.0,14.0,1,0,0,0,0,6,0,0,0,0,1,0
275.32,4.9,2160,4,622.0,15.230456852791878,1,135,1,0,1,2417,41,59,0.0,13.0,0,0,0,1,5,7,1,0,0,1,0,0
280.98,4.4,3297,2,285.0,15.0,1,652,1,1,4,3713,155,29,1.0,28.0,1,0,0,0,6,3,0,0,0,0,1,0
75.91,3.0,1194,3,64.0,6.0,2,5,1,0,1,2292,236,131,1.0,13.0,1,0,0,1,3,7,0,1,0,0,0,0
229.56,4.2,4209,4,792.0,21.0,0,848,1,0,4,2761,187,17,3.0,14.0,0,0,1,1,2,2,1,0,0,0,1,0
299.92,4.7,2517,4,511.0,8.0,0,1476,1,1,6,3375,58,78,2.0,23.0,0,0,0,0,7,7,0,0,0,0,0,0
185.63,5.0,0,8,586.0,10.0,0,1072,0,1,2,593,58,9,2.0,19.0,0,0,0,0,7,7,0,0,1,0,0,0
187.53,3.3,2618,3,414.0,19.0,2,2330,0,0,2,2089,287,116,1.0,13.0,1,1,0,0,2,6,0,0,0,0,0,0
115.3,4.0,0,2,277.0,13.0,0,5,0,1,3,4261,291,125,2.0,8.0,1,0,0,0,9,4,0,0,0,0,1,0
205.96,3.6,1421,3,115.0,11.0,2,923,1,0,6,1363,22,53,2.0,24.0,1,0,1,0,4,7,0,0,0,1,0,0
42.2,3.9,1513,2,358.0,13.0,0,2369,1,0,1,196,23,2,1.0,8.0,0,0,0,1,9,2,0,0,0,0,1,0
415.41,4.0,2574,5,724.0,14.0,0,2492,1,0,6,4096,222,119,3.0,21.0,0,0,0,0,2,5,0,0,1,0,0,0
202.8,5.0,2662,9,553.0,1.0,0,1415,1,1,4,3632,215,234,3.0,12.0,1,0,0,0,3,4,0,1,0,0,0,0
132.64,3.5,0,4,666.0,34.0,0,2071,0,1,1,151,7,4,0.0,20.0,0,0,1,1,7,3,1,0,0,0,0,1
223.09,4.1,3443,3,258.0,20.0,0,5,1,0,3,3023,39,17,4.0,12.0,0,0,1,0,9,2,0,1,0,0,0,0
227.53,4.5,3814,5,395.0,9.0,2,1915,1,1,6,4338,257,296,2.0,36.0,0,0,0,0,5,6,0,0,0,0,0,1
173.63,3.6,0,1,75.0,21.0,0,2735,0,0,1,3852,292,50,0.0,20.0,1,0,1,0,7,9,0,0,0,1,0,0
261.04,4.3,2077,5,908.0,1.0,1,2769,1,1,6,3450,152,178,4.0,13.0,0,0,0,0,7,1,0,0,0,1,0,0
65.07,4.1,1640,4,382.0,1.0,0,3144,1,1,4,3281,146,241,2.0,33.0,0,0,0,0,5,6,0,0,0,0,0,1
110.67,4.3,5259,4,532.0,13.0,0,1446,1,1,1,3014,197,155,1.0,15.0,1,0,0,0,9,7,0,0,0,1,0,0
279.11,4.3,643,7,537.0,1.0,0,1462,0,1,5,3112,403,167,3.0,0.0,0,0,0,0,9,6,0,0,0,1,0,0
235.77,4.0,316,4,476.0,24.0,0,1735,1,0,1,670,26,27,0.0,28.0,0,0,0,0,3,1,0,0,0,0,1,0
208.26,4.1,2480,5,475.0,1.0,1,1384,0,1,4,213,12,2,2.0,1.0,0,0,0,1,7,3,0,0,0,0,0,1
154.26,3.3,0,2,476.0,32.0,0,870,0,1,2,1988,41,68,2.0,14.0,1,0,0,1,8,2,0,0,0,0,0,0
62.8,3.1,2631,5,455.0,19.0,0,1141,1,1,3,1279,185,89,1.0,23.0,1,0,0,1,4,7,0,1,0,0,0,0
289.64,4.4,3374,5,585.0,14.0,0,3075,1,1,3,3191,137,234,3.0,36.0,1,0,0,0,2,8,0,0,0,0,0,1
186.54,4.0,1837,7,398.0,1.0,1,1552,1,0,3,429,24,9,1.0,11.988333333333333,0,1,0,0,5,3,0,0,1,0,0,0
144.34,4.5,196,6,180.0,18.0,2,698,1,0,3,2314,98,125,2.0,12.0,0,0,0,1,5,6,0,0,0,1,0,0
87.91,4.2,2370,6,675.0,10.0,2,2530,0,1,4,2062,300,73,4.0,11.988333333333333,1,0,0,1,6,4,1,0,0,0,1,0
208.94,4.4,2133,5,545.0,1.0,0,1219,1,1,3,1757,200,108,2.0,17.0,0,0,1,1,5,5,0,0,0,1,0,0
69.1,3.7,986,3,481.0,28.0,2,3689,1,1,1,2480,97,30,3.0,23.0,0,0,0,1,4,4,0,0,1,0,0,0
5.0,3.8,0,1,202.0,14.0,2,903,0,1,1,4412,573,172,0.0,0.0,1,0,1,1,4,6,0,0,1,0,0,0
113.06,2.5,5283,2,178.0,26.0,0,587,1,1,3,3677,151,293,0.0,11.0,0,0,0,0,1,2,0,0,0,1,0,0
5.0,3.7,1490,1,263.0,35.0,2,765,0,1,1,1714,126,125,1.6757142857142857,6.0,0,0,1,1,7,4,0,0,0,0,0,1
98.06,3.5,81,1,352.0,10.0,2,93,1,0,1,3661,83,167,1.0,16.0,1,0,0,0,6,4,0,0,0,0,1,0
110.13,4.6,0,3,334.0,22.0,0,2119,1,1,4,4646,199,286,1.0,22.0,1,0,0,1,7,2,1,0,0,0,0,0
5.0,4.3,0,2,95.0,14.0,0,2184,1,0,3,1807,66,9,1.0,20.0,0,0,1,1,1,0,1,0,0,0,0,1
159.39,3.3,1176,2,444.0,27.0,0,1760,1,1,3,686,32,37,2.0,13.0,0,0,0,0,2,8,0,0,0,0,0,0
87.79,3.4,0,1,68.0,29.0,1,5,1,0,2,2554,231,161,0.0,3.0,0,0,0,1,8,2,1,1,0,0,0,0
181.31,3.7,666,2,182.0,1.0,0,2774,1,0,4,3821,218,222,0.0,17.0,0,0,1,0,7,4,0,0,1,0,0,0
43.67,3.4,0,1,194.0,26.0,0,2598,1,0,3,2922,191,89,0.0,0.0,1,0,0,0,9,5,0,0,0,1,0,0
132.0,4.4,805,1,770.0,1.0,1,1309,1,0,2,4768,553,324,1.0,17.0,0,0,0,0,9,5,0,0,1,0,0,0
127.46,3.9,2622,4,913.0,11.0,0,1707,1,1,4,3697,122,106,3.0,11.988333333333333,1,0,0,1,0,1,0,0,1,0,0,0
285.06,4.5,0,4,662.0,1.0,0,2331,0,1,4,814,28,56,4.0,20.0,0,0,0,0,1,0,0,0,1,0,0,0
5.0,3.0,0,1,20.0,44.0,1,443,1,0,1,1497,221,77,0.0,6.0,0,1,1,1,6,2,1,1,0,0,0,0
211.33,4.2,1409,5,791.0,1.0,2,2429,1,0,3,883,41,33,0.0,16.0,0,0,0,0,0,0,0,0,0,1,0,0
177.26,3.6,688,4,373.0,19.0,0,2565,1,1,2,3171,458,250,1.0,9.0,0,1,1,1,0,0,1,0,1,0,0,0
143.72,3.9,835,5,795.0,19.0,1,2050,1,1,4,876,92,56,1.0,31.0,0,1,0,1,9,2,0,0,0,0,1,0
87.91,3.2,2427,2,20.0,40.0,1,115,0,0,1,4106,249,172,0.0,0.0,0,0,0,0,7,2,0,0,0,0,0,0
262.02,4.5,1102,4,167.0,7.0,2,1298,1,1,3,4344,514,60,0.0,0.0,0,0,0,1,3,4,1,0,0,0,0,1
73.9,2.8,1546,4,202.0,19.0,0,1959,1,0,2,4218,176,150,0.0,1.0,1,0,0,0,4,3,0,0,1,0,0,0
150.56,4.3,0,6,473.0,4.0,1,2192,1,1,2,195,8,13,0.0,16.0,1,0,0,1,9,6,0,0,0,0,0,0
25.94,3.5,0,4,362.0,1.0,0,1763,0,1,4,1323,52,42,4.0,8.0,0,0,0,0,1,2,0,0,0,1,0,0
244.83,3.2,0,1,337.0,16.0,2,1842,1,1,1,3445,185,66,0.0,10.0,0,0,0,0,5,4,0,0,1,0,0,0
172.16,4.2,3495,3,596.0,28.0,0,4000,1,1,4,1746,171,65,2.0,27.0,0,0,0,0,2,7,0,0,0,0,0,1
60.75,3.8,1040,2,223.0,8.0,1,1167,1,1,1,3783,128,224,3.0,12.0,1,1,0,1,2,4,1,1,0,0,0,0
22.91,4.1,0,1,417.0,14.0,1,1708,0,0,4,2944,53,160,0.0,11.0,0,1,0,1,9,9,0,0,0,1,0,0
126.8,4.0,1869,4,251.0,23.0,1,1964,0,1,5,1180,54,11,3.0,13.0,1,0,0,0,9,8,0,0,0,1,0,0
189.63,4.7,2957,3,389.0,13.0,0,2661,1,1,6,4896,473,211,2.0,23.0,0,0,0,0,9,5,0,1,0,0,0,0
351.24,3.6,4991,5,671.0,14.0,2,1847,0,1,4,1758,169,91,0.0,23.0,1,0,0,0,5,5,0,0,0,0,1,0
287.71,4.5,3934,4,443.0,1.0,0,3795,1,1,3,201,17,8,3.0,21.0,0,0,0,0,8,6,0,0,1,0,0,0
108.07,4.6,1658,5,393.0,18.0,1,5,1,0,2,449,63,2,2.0,12.0,1,0,0,0,8,8,0,0,1,0,0,0
71.86,2.5,0,1,28.0,20.0,1,5,1,0,1,3439,392,24,1.0,1.0,0,0,1,1,5,7,1,0,0,0,0,1
85.12,3.6,4315,3,193.0,1.0,0,3464,0,1,4,4752,410,38,3.0,30.0,0,0,0,1,3,1,1,0,0,0,1,0
364.05,5.0,3800,4,703.0,8.0,0,612,1,1,3,745,45,31,5.0,31.0,0,1,0,0,9,7,0,1,0,0,0,0
5.0,3.6,2598,4,276.0,43.0,4,113,1,0,1,4242,214,330,0.0,0.0,1,1,0,1,0,6,0,0,0,0,0,0
5.0,3.3,557,1,383.0,28.0,2,5,0,1,1,1976,117,130,0.0,0.0,0,0,1,1,9,7,1,1,0,0,0,0
161.19,3.9,0,6,255.0,23.0,1,2055,1,0,2,352,39,3,2.0,0.0,0,0,1,0,1,4,0,0,0,0,0,1
218.5,4.1,1395,2,80.0,34.0,2,1788,0,1,3,3546,436,74,2.0,17.0,1,0,0,1,4,8,0,0,0,1,0,0
320.13,5.0,3941,6,747.0,4.0,0,2540,1,1,4,4028,442,24,2.0,22.0,0,0,0,0,8,3,0,0,0,1,0,0
255.36,3.9,2525,4,466.0,19.0,1,630,0,1,1,1225,157,7,4.0,11.988333333333333,0,0,0,1,5,1,0,0,0,0,1,0
89.38,4.3,1832,6,442.0,1.0,0,2893,1,0,1,4395,111,337,0.0,19.0,0,0,0,0,1,9,0,0,0,0,0,0
184.92,3.2,1619,3,220.0,16.0,0,1027,1,0,2,2076,298,97,3.0,24.0,0,0,0,1,1,9,0,0,0,1,0,0
232.48,4.1,3694,5,299.0,3.0,0,2047,1,0,2,1370,161,36,1.0,7.0,0,0,0,1,5,4,1,0,0,1,0,0
287.8,4.1,2149,6,679.0,12.0,0,2213,1,1,2,3272,434,74,2.0,13.0,0,1,0,0,1,9,0,0,0,0,0,1
76.91,3.978268041237113,1350,1,161.0,16.0,1,2468,1,0,1,2878,387,39,4.0,3.0,1,0,0,0,3,6,0,0,0,0,0,1
266.79,3.5,5026,7,629.0,4.0,0,352,0,1,3,2552,345,179,2.0,24.0,0,0,0,0,7,0,0,0,0,1,0,0
182.11,4.4,1119,2,365.0,6.0,2,966,0,0,4,2619,340,204,2.0,25.0,1,0,0,0,4,1,0,0,0,0,0,0
115.34,4.1,537,2,118.0,16.0,1,1552,1,0,2,4196,486,296,1.0,11.988333333333333,0,1,0,1,4,6,0,0,1,0,0,0
130.43,3.8,4238,5,676.0,10.0,0,1430,0,1,2,562,50,14,5.0,25.0,1,0,0,0,4,5,0,0,1,0,0,0
36.16,2.3,0,1,20.0,34.0,3,5,0,0,1,2935,87,158,0.0,13.0,0,1,0,1,3,6,0,0,0,0,1,0
204.0,3.8,0,1,183.0,14.0,3,5,1,1,2,4021,189,183,2.0,0.0,0,0,0,1,9,9,0,0,0,1,0,0
91.28,2.6,480,1,215.0,18.0,1,5,0,0,4,2272,111,68,0.0,1.0,0,0,0,0,1,3,1,0,0,1,0,0
78.43,4.5,6237,5,403.7255102040816,15.0,1,2067,1,1,2,1697,36,96,0.0,5.0,0,0,0,0,6,9,0,1,0,0,0,0
5.0,3.978268041237113,0,2,39.0,39.0,2,5,1,1,1,4469,292,312,2.0,3.0,0,0,0,1,6,2,0,0,0,0,1,0
122.25,3.1,4421,4,115.0,34.0,2,5,0,1,3,3163,435,243,1.6757142857142857,10.0,0,0,0,1,9,1,0,0,0,1,0,0
26.39,3.5,1529,4,710.0,12.0,0,5,1,1,3,4986,140,181,4.0,12.0,0,0,0,1,0,8,0,0,1,0,0,0
60.27,3.2,0,1,214.0,31.0,1,787,1,1,1,4616,421,28,0.0,0.0,1,0,1,1,7,9,1,0,1,0,0,0
49.7,3.7,516,4,316.0,33.0,1,1841,0,0,1,1867,249,123,0.0,20.0,0,1,0,0,9,9,0,0,0,0,0,0
98.98,3.7,1714,4,412.0,13.0,0,3037,1,0,1,3351,255,188,4.0,3.0,0,0,0,0,2,6,0,1,0,0,0,0
98.81,4.9,910,7,66.0,1.0,0,1437,0,1,5,268,18,19,2.0,31.0,0,0,1,0,0,6,0,0,0,0,1,0
154.64,4.4,2034,4,261.0,31.0,1,5,0,1,2,411,58,28,1.0,9.0,1,0,1,1,8,6,0,0,0,0,0,1
71.82,3.5,0,2,232.0,20.0,3,1668,0,1,2,1256,75,18,1.0,6.0,1,0,0,1,3,5,1,1,0,0,0,0
189.79,4.9,2682,5,741.0,3.0,2,2591,1,1,5,3957,584,54,3.0,11.0,1,0,0,0,4,4,0,0,0,0,0,1
219.59,4.3,561,5,630.0,1.0,0,2449,1,0,3,1802,67,33,1.0,11.988333333333333,0,1,0,0,5,3,0,0,0,1,0,0
220.71,4.0,3709,5,790.0,13.0,0,2291,1,1,4,985,54,24,2.0,19.0,0,0,0,1,7,9,1,1,0,0,0,0
60.57,3.978268041237113,0,1,118.0,31.0,1,5,1,1,1,970,11,47,1.0,8.0,0,0,0,0,3,8,0,0,1,0,0,0
266.15,4.8,3635,4,844.0,1.0,0,3413,1,0,6,4296,491,26,2.0,6.0,1,0,0,0,1,9,0,0,0,0,1,0
241.6,4.9,4215,5,593.0,1.0,0,4000,1,1,2,308,14,11,1.0,9.0,0,0,0,0,0,0,0,0,0,0,0,0
140.33,4.3,2771,5,683.0,18.0,0,2506,0,1,3,4959,359,63,2.0,15.0,0,0,0,0,6,6,0,0,0,0,0,0
350.92,4.9,1248,2,314.0,10.0,0,3478,1,1,2,87,12,1,2.0,7.0,1,1,0,0,2,7,0,0,1,0,0,0
162.6,4.4,3709,4,566.0,1.0,0,3060,1,1,4,2240,65,49,2.0,21.0,0,0,0,0,7,0,0,0,0,1,0,0
118.71,3.8,1836,6,354.0,13.0,2,5,0,1,2,3744,395,290,2.0,11.0,0,0,0,1,7,4,1,0,1,0,0,0
242.02,3.0,0,1,308.0,7.0,2,1626,1,0,1,3802,75,229,0.0,1.0,0,0,1,1,8,4,1,0,0,0,0,1
169.34,3.2,0,4,291.0,23.0,1,1112,0,0,1,4805,106,361,4.0,26.0,1,0,0,0,5,0,0,0,0,0,0,0
23.24,4.4,3074,6,401.0,45.0,1,270,1,1,1,4451,312,331,1.0,13.0,1,0,0,1,3,6,0,1,0,0,0,0
162.29,3.6,202,4,20.0,15.0,0,1683,1,1,1,2455,215,142,0.0,21.0,1,0,0,1,8,6,1,1,0,0,0,0
185.11,4.2,4213,1,660.0,15.0,1,1740,1,1,1,4420,96,115,0.0,12.0,0,1,1,1,3,0,0,0,0,0,0,0
287.88,4.2,168,6,308.0,18.0,2,2135,0,0,1,2980,405,147,2.0,13.0,0,0,1,0,9,9,0,0,1,0,0,0
321.3,4.8,2589,2,592.0,1.0,0,1608,1,1,1,4647,322,272,1.0,11.988333333333333,1,0,0,0,1,7,0,0,0,0,0,0
161.02,3.8,659,4,20.0,8.0,3,1406,1,1,1,4004,362,228,3.0,11.0,0,0,0,1,6,5,0,0,0,1,0,0
165.16,3.6,895,4,235.0,26.0,0,187,1,0,2,4030,404,106,1.0,7.0,0,0,1,1,5,8,0,0,0,0,1,0
5.0,3.1,368,4,463.0,22.0,0,624,1,1,1,4092,62,157,1.0,7.0,0,0,0,0,8,7,0,1,0,0,0,0
82.7,2.8,230,3,230.0,28.0,2,5,1,0,1,3695,531,21,3.0,8.0,1,0,0,1,9,9,0,0,1,0,0,0
5.0,3.4,0,1,320.0,30.0,2,5,1,1,1,4407,417,150,1.0,0.0,0,0,0,1,8,3,0,0,0,0,0,0
191.05,3.7,0,1,40.0,18.0,4,414,0,1,1,4157,193,289,2.0,11.988333333333333,0,0,1,1,2,6,0,0,0,0,0,0
93.07,3.5,0,1,69.0,28.0,1,409,1,1,1,3885,235,157,1.0,20.0,0,0,0,1,5,6,0,0,0,0,1,0
175.94,4.0,0,5,87.0,37.0,1,3042,1,1,3,3061,435,240,5.0,2.0,1,0,0,0,7,6,0,0,0,0,0,0
33.21,4.0,2615,3,94.0,25.0,3,2339,1,0,4,2891,173,96,0.0,12.0,1,0,0,0,6,0,0,0,0,1,0,0
170.61,4.9,2783,4,540.0,1.0,0,1911,0,0,3,3174,147,154,3.0,13.0,0,0,0,0,2,1,0,0,1,0,0,0
66.71,2.7,736,1,20.0,13.0,2,1117,0,1,2,4545,122,168,2.0,6.0,1,0,0,0,8,8,0,1,0,0,0,0
301.33,4.3,2476,4,402.0,13.0,0,2566,1,1,5,649,65,6,2.0,25.0,0,0,0,0,8,6,0,0,0,0,1,0
141.31,2.9,0,5,44.0,7.0,4,661,0,0,1,1807,263,53,1.0,0.0,0,0,0,1,0,6,0,0,1,0,0,0
152.05,3.978268041237113,82,4,629.0,2.0,1,1623,0,1,1,4547,560,55,0.0,18.0,1,0,0,1,1,7,1,0,0,0,0,0
99.27,3.9,0,2,20.0,10.0,1,475,1,1,1,2643,162,198,3.0,8.0,0,1,0,0,0,6,0,1,0,0,0,0
272.66,5.0,1814,4,534.0,1.0,0,3719,1,0,3,4671,196,323,1.0,13.0,0,0,0,0,0,2,0,0,0,1,0,0
173.24,4.1,1991,3,264.0,23.0,1,1845,0,1,1,1176,102,21,3.0,15.0,1,0,0,0,9,4,0,0,1,0,0,0
227.04,3.8,4581,4,629.0,23.0,0,2773,1,1,3,3202,323,35,4.0,22.0,1,0,0,0,8,2,0,0,1,0,0,0
77.09,3.5,5712,1,194.0,4.0,2,1883,1,1,3,904,50,54,1.0,15.0,1,0,0,1,8,7,1,0,0,0,0,1
168.03,3.7,3551,1,657.0,17.0,0,2807,0,1,4,3086,152,171,2.0,12.0,0,0,0,1,0,6,1,0,0,0,0,0
169.01,3.4,1514,1,298.0,21.0,2,536,1,1,1,4872,474,150,3.0,0.0,1,0,1,1,8,7,0,0,0,0,0,1
5.0,3.4,1996,1,313.0,35.0,0,2896,1,1,2,2180,174,34,1.0,2.0,1,0,1,0,8,9,1,0,1,0,0,0
328.5,3.9,2442,1,577.0,30.0,0,2645,1,1,2,4149,158,306,3.0,10.0,0,0,0,0,6,1,0,1,0,0,0,0
80.53,4.0,0,2,483.0,16.0,0,1747,1,1,2,2666,117,152,1.0,11.988333333333333,1,0,1,0,0,0,0,0,0,0,1,0
170.26,3.2,4529,5,371.0,18.0,1,991,1,1,3,4108,510,115,3.0,6.0,1,0,0,0,1,7,0,0,0,1,0,0
213.61,4.3,455,2,20.0,26.0,1,2218,1,0,1,4690,624,198,1.0,11.988333333333333,1,0,1,0,9,7,0,0,0,1,0,0
273.98,4.9,3456,8,631.0,1.0,0,3798,1,0,3,1739,191,96,3.0,12.0,0,0,0,0,1,1,0,0,0,0,0,0
261.9,4.0,2723,3,514.0,1.0,0,2103,1,1,3,4913,72,318,0.0,15.0,0,0,0,0,9,2,0,0,1,0,0,0
76.55,3.3,1259,1,269.0,38.0,0,905,1,0,3,3833,64,34,1.0,0.0,1,0,1,1,5,2,1,1,0,0,0,0
198.31,4.7,0,1,568.0,14.0,0,1179,1,1,1,1517,189,105,1.0,12.0,0,0,0,0,5,2,0,0,0,0,0,1
85.41,3.6,3222,2,590.0,25.0,1,2787,0,1,4,553,72,7,3.0,15.0,0,0,0,0,8,7,0,0,1,0,0,0
42.32,3.0,1149,4,61.0,26.0,1,5,1,1,1,2410,35,68,4.0,26.0,0,0,0,1,6,1,1,0,0,0,0,1
236.83,3.978268041237113,4336,4,560.0,2.0,0,3034,1,1,1,2032,251,25,5.0,14.0,1,1,0,0,6,6,0,0,0,0,0,0
230.88,4.1,630,2,757.0,5.0,1,1323,0,1,5,2319,130,129,3.0,25.0,1,0,1,0,7,0,0,0,1,0,0,0
158.03,3.9,0,1,145.0,28.0,0,392,1,1,1,1716,72,49,0.0,9.0,1,0,0,1,3,5,0,0,0,1,0,0
109.05,4.3,493,4,352.0,32.0,1,2753,1,0,1,4543,133,320,1.0,14.0,0,0,0,0,8,1,0,0,0,0,0,1
106.93,4.0,897,2,108.0,18.0,0,1373,1,1,4,3183,140,247,1.0,0.0,1,1,0,0,1,7,0,1,0,0,0,0
173.07,3.7,2904,2,369.0,45.0,3,426,1,0,1,2091,304,48,1.0,6.0,0,1,0,0,8,9,0,0,1,0,0,0
130.92,3.6,2364,5,307.0,5.0,2,3203,0,1,4,4364,388,324,0.0,26.0,0,1,1,1,5,0,0,0,0,1,0,0
258.44,3.9,1043,3,762.0,1.0,0,3684,1,1,3,4527,301,70,2.0,11.988333333333333,0,0,1,0,5,2,0,0,0,0,0,1
162.99,4.7,4056,7,596.0,4.0,0,1527,1,0,2,817,43,64,5.0,23.0,1,0,0,0,4,9,0,0,0,0,0,1
150.06,4.7,3170,3,639.0,21.0,0,783,1,0,3,1106,91,71,2.0,12.0,0,0,0,0,8,6,0,1,0,0,0,0
85.95,4.8,3455,4,605.0,32.0,0,1365,1,0,4,4230,330,326,3.0,7.0,0,0,0,1,1,3,1,0,0,0,1,0
152.52,3.2,0,3,525.0,21.0,0,169,0,1,3,1904,230,75,1.6757142857142857,9.0,0,0,1,1,2,3,0,1,0,0,0,0
99.83,3.6,3153,8,403.7255102040816,28.0,0,5,0,1,1,4116,381,225,0.0,1.0,0,0,0,1,2,7,0,0,0,0,1,0
210.06,3.9,3796,2,712.0,23.0,0,2564,1,1,2,2800,174,54,2.0,10.0,0,0,0,0,9,3,0,0,0,0,0,0
107.82,2.7,0,1,468.0,16.0,1,978,1,0,1,3825,148,242,0.0,4.0,1,0,0,0,1,2,0,1,0,0,0,0
156.03,4.3,0,2,166.0,10.0,0,2008,1,0,4,4467,136,331,2.0,13.0,1,0,0,0,6,9,0,0,0,1,0,0
91.9,4.5,967,2,606.0,5.0,1,1079,0,0,1,1768,232,15,0.0,0.0,1,0,0,1,4,2,1,0,0,0,0,1
37.62,3.8,0,1,20.0,37.0,3,1063,1,0,1,1435,34,51,1.0,6.0,0,0,0,1,6,8,1,0,0,0,0,0
118.93,3.9,6,4,582.0,11.0,1,925,0,0,2,3651,172,58,3.0,8.0,0,0,0,0,0,2,1,0,0,0,0,0
112.13,4.1,994,9,201.0,24.0,3,123,1,1,1,544,35,37,1.6757142857142857,15.0,0,1,1,0,0,1,0,1,0,0,0,0
188.44,4.4,0,2,521.0,12.0,0,1102,1,0,5,695,92,22,1.0,18.0,0,0,0,0,5,8,0,1,0,0,0,0
296.52,4.4,4765,5,545.0,16.0,0,2379,0,1,3,3670,144,63,5.0,5.0,0,0,0,0,7,3,0,0,0,1,0,0
141.69,4.6,3237,6,478.0,28.0,0,854,1,1,2,241,11,16,2.0,17.0,1,0,0,1,6,2,0,0,0,0,0,0
161.82,3.7,2575,4,291.0,5.0,0,1395,0,0,1,4194,569,228,1.0,15.0,1,0,0,1,6,1,0,0,0,1,0,0
151.99,3.7,652,4,182.0,36.0,3,1217,1,0,1,4779,304,29,1.0,0.0,1,0,1,0,0,2,0,0,1,0,0,0
76.07,3.5,167,1,287.0,26.0,1,5,1,0,1,2000,286,119,1.6757142857142857,18.0,0,0,0,1,1,3,0,0,0,0,1,0
89.73,3.7,0,2,411.0,5.0,0,8,0,1,3,2748,222,93,0.0,18.0,0,0,0,1,9,1,0,0,0,0,0,0
235.96,5.0,3945,7,622.0,1.0,0,3524,1,0,3,1849,47,101,3.0,23.0,0,0,0,0,6,4,0,0,0,0,1,0
157.12,3.3,6,2,403.7255102040816,1.0,0,1091,1,1,3,2656,300,26,1.0,0.0,0,0,0,0,4,0,1,1,0,0,0,0
150.19,3.2,322,3,171.0,49.0,2,5,1,1,2,395,10,2,3.0,16.0,0,1,0,1,8,9,0,0,0,0,0,1
303.43,5.0,2060,4,439.0,13.0,0,1371,1,1,2,596,32,5,4.0,15.0,0,0,0,0,7,6,0,0,0,0,0,1
267.78,4.5,1115,5,85.0,33.0,0,2231,1,1,2,1484,198,15,3.0,11.0,0,0,1,1,0,7,1,0,1,0,0,0
329.74,4.6,5536,2,428.0,1.0,0,1027,1,1,4,2777,154,120,3.0,11.0,1,0,0,0,7,5,0,0,0,0,0,1
74.23,3.6,8088,5,291.0,1.0,0,2352,1,0,2,3161,460,227,2.0,6.0,1,0,0,0,5,1,0,0,1,0,0,0
281.87,3.5,1969,3,126.0,8.0,1,3921,1,1,3,595,66,8,1.0,9.0,0,1,0,0,7,7,0,0,0,1,0,0
344.52,3.3,4553,5,629.0,1.0,0,536,1,1,4,1747,174,69,5.0,15.0,0,0,1,0,0,5,0,0,0,0,1,0
191.25,4.1,0,5,137.0,15.0,1,2402,1,1,2,1477,70,108,0.0,11.0,0,0,0,0,5,6,0,0,1,0,0,0
47.65,3.7,3427,4,412.0,6.0,1,2100,1,1,1,1564,153,117,1.0,12.0,0,0,0,1,2,7,0,0,1,0,0,0
198.27,4.4,1590,4,652.0,13.0,1,2493,1,1,2,2702,127,171,2.0,11.988333333333333,0,0,0,0,7,8,0,0,0,0,1,0
223.47,4.5,2624,4,807.0,7.0,1,1940,1,0,1,252,33,1,4.0,8.0,0,0,1,0,4,7,0,0,0,0,0,1
255.12,3.9,1170,3,586.0,22.0,0,2029,1,1,1,2802,415,180,0.0,20.0,0,0,0,1,2,4,0,1,0,0,0,0
202.11,3.2,0,3,20.0,51.0,1,687,0,0,4,3355,497,57,1.0,9.0,1,0,0,0,4,1,0,0,0,0,0,1
5.0,3.4,724,2,229.0,18.0,0,703,0,1,3,4198,422,215,0.0,12.0,1,1,1,1,8,4,1,0,0,1,0,0
128.92,5.0,774,3,267.0,10.0,0,2132,1,0,2,1107,57,25,3.0,7.0,0,0,0,0,3,4,0,0,0,0,0,1
164.14,3.7,0,4,125.0,20.0,2,468,1,1,2,1927,235,111,2.0,1.0,0,0,0,1,4,9,1,0,1,0,0,0
17.26,4.0,5263,1,287.0,18.0,0,1132,1,0,4,2381,325,118,2.0,15.0,0,0,0,1,6,8,1,0,0,1,0,0
111.61,3.8,1464,7,461.0,43.0,1,1021,1,0,1,4729,656,232,0.0,0.0,0,0,0,1,6,5,0,0,0,1,0,0
237.2,3.978268041237113,4178,4,615.0,23.0,0,201,1,1,5,3690,537,179,2.0,13.0,0,0,0,0,3,2,0,0,1,0,0,0
202.14,4.4,5826,5,115.0,1.0,0,814,1,1,1,465,66,9,1.0,6.0,0,0,1,0,0,6,0,0,0,0,0,1
206.76,4.4,1898,6,332.0,1.0,0,2128,1,0,2,3915,317,86,2.0,7.0,0,0,0,0,7,0,0,1,0,0,0,0
241.0,4.7,2870,5,725.0,2.0,1,1805,1,1,2,3176,228,112,1.0,22.0,1,0,1,1,4,8,0,0,1,0,0,0
245.04,5.0,1563,1,561.0,15.230456852791878,0,1856,1,1,3,1877,132,131,1.0,16.0,0,0,0,0,8,7,0,0,0,0,0,1
196.21,4.6,1166,6,292.0,16.0,0,2328,1,1,5,1480,156,16,3.0,26.0,0,1,0,1,2,0,1,0,0,0,0,0
74.28,4.2,985,3,719.0,25.0,1,1295,0,1,1,3383,479,50,0.0,3.0,0,0,0,0,1,8,0,0,1,0,0,0
132.56,3.978268041237113,1119,1,184.0,10.0,0,1347,0,0,3,3191,87,51,2.0,15.0,0,1,0,1,3,4,0,0,1,0,0,0
143.49,3.6,2304,5,437.0,1.0,2,2762,1,1,3,1500,89,112,0.0,18.0,1,0,0,0,6,4,0,0,0,1,0,0
5.0,2.8,0,3,252.0,24.0,1,5,1,0,1,4936,664,268,1.6757142857142857,5.0,0,0,1,1,3,2,1,0,1,0,0,0
143.76,3.4,1738,2,203.0,24.0,1,94,0,1,2,4281,270,204,0.0,0.0,0,0,0,1,6,6,0,1,0,0,0,0
9.1,4.2,0,2,539.0,12.0,2,1097,0,1,3,4981,87,134,1.0,7.0,1,0,0,0,1,3,0,0,0,0,0,1
168.26,4.4,0,1,682.0,1.0,0,1017,1,1,1,1254,94,8,0.0,14.0,1,0,0,0,1,8,0,0,0,0,0,0
83.37,3.6,1497,3,657.0,12.0,0,1230,1,1,5,2208,304,110,2.0,0.0,0,0,1,1,1,5,0,1,0,0,0,0
284.83,3.6,0,6,869.0,1.0,0,3489,0,0,4,1984,255,26,3.0,9.0,1,0,0,0,6,7,0,0,1,0,0,0
276.13,4.4,3557,2,544.0,17.0,0,74,1,1,2,3461,141,119,2.0,0.0,1,0,0,0,3,8,0,0,0,0,0,1
224.23,3.978268041237113,3482,7,663.0,8.0,1,1749,0,0,3,1998,202,131,3.0,6.0,1,1,0,0,0,4,0,1,0,0,0,0
235.71,3.9,0,6,20.0,13.0,2,910,0,1,2,1633,150,36,0.0,0.0,0,0,0,0,7,6,0,0,0,0,0,0
215.74,3.1,0,1,204.0,7.0,3,1944,0,1,1,1653,140,88,0.0,11.988333333333333,0,0,0,1,3,0,1,0,0,1,0,0
177.74,4.5,3182,4,462.0,4.0,1,3219,0,1,3,826,61,37,1.0,20.0,1,0,0,0,0,7,0,0,0,1,0,0
155.57,4.6,898,2,328.0,20.0,1,2940,0,1,2,3647,395,77,0.0,4.0,1,0,1,1,0,4,1,0,1,0,0,0
97.65,3.3,0,4,387.0,14.0,0,1239,1,0,3,3747,509,189,0.0,0.0,0,1,0,0,2,4,0,0,0,1,0,0
216.64,4.5,301,6,425.0,1.0,0,3940,1,1,2,898,86,25,4.0,34.0,1,0,0,0,8,0,1,0,0,0,1,0
185.88,3.7,2266,6,71.0,18.0,0,3536,1,1,4,1005,116,74,3.0,0.0,0,0,0,0,1,9,0,1,0,0,0,0
137.97,3.7,447,2,398.0,27.0,1,205,0,0,3,2316,190,138,1.0,1.0,0,0,1,1,8,5,1,0,0,0,0,1
119.16,4.7,1791,4,362.0,11.0,0,1087,1,0,4,4615,72,63,0.0,10.0,0,0,0,0,9,2,0,0,0,0,1,0
262.46,4.8,4085,6,386.0,24.0,1,1084,1,1,3,3960,68,201,2.0,14.0,1,0,0,0,2,0,0,0,0,1,0,0
183.16,3.8,2579,2,644.0,14.0,2,1011,1,0,1,1558,35,121,0.0,0.0,0,0,0,1,4,2,1,1,0,0,0,0
77.33,3.8,2681,6,563.0,5.0,0,3389,1,1,2,2427,156,36,5.0,17.0,1,1,0,0,2,0,0,0,0,0,0,1
36.77,3.6,0,1,20.0,31.0,1,623,0,0,2,2084,65,126,0.0,6.0,0,0,1,1,0,1,1,0,0,0,1,0
242.44,5.0,2538,6,761.0,5.0,0,3592,1,1,5,1985,100,16,1.0,5.0,0,0,0,0,0,0,0,1,0,0,0,0
108.46,4.8,4438,2,826.0,24.0,0,639,1,1,2,1001,46,56,3.0,20.0,0,0,0,0,1,5,0,0,0,0,1,0
207.18,3.9,419,3,301.0,17.0,3,2063,0,1,2,1656,159,104,1.0,0.0,0,0,0,0,2,6,0,0,0,0,0,1
5.0,3.6,0,1,345.0,19.0,2,770,0,0,1,2020,44,130,1.0,0.0,0,0,0,1,2,8,0,0,1,0,0,0
69.0,3.2,2781,4,442.0,29.0,2,1535,1,0,3,4483,245,214,1.0,8.0,0,0,0,1,9,9,0,0,0,0,1,0
172.43,3.7,100,1,234.0,48.0,0,5,1,0,1,2531,329,90,0.0,22.0,0,0,1,1,2,6,1,0,0,1,0,0
236.66,4.9,3128,3,786.0,7.0,3,2793,0,1,4,96,14,2,1.0,19.0,1,0,0,0,0,5,0,0,0,0,0,0
5.0,2.8,840,1,365.0,35.0,1,286,0,0,3,1150,32,43,0.0,11.988333333333333,0,0,0,0,5,9,1,0,1,0,0,0
263.51,4.8,4170,5,338.0,1.0,0,2521,1,1,5,4029,135,31,3.0,23.0,1,0,0,0,0,1,0,0,0,1,0,0
83.24,2.4,0,1,230.0,49.0,3,5,0,0,2,2304,284,78,0.0,0.0,1,0,1,1,8,2,0,0,1,0,0,0
5.0,5.0,0,8,660.0,15.0,1,1893,1,1,3,1624,150,129,1.0,29.0,1,1,0,0,1,2,0,0,0,0,1,0
171.29,4.2,710,1,224.0,15.0,0,537,1,1,3,4756,112,111,1.0,8.0,1,0,0,0,8,9,0,0,1,0,0,0
40.71,4.1,2294,2,477.0,11.0,3,470,1,1,4,3751,369,129,1.0,3.0,1,1,0,1,0,2,0,0,0,0,0,0
207.97,3.4,3299,5,20.0,23.0,0,567,1,1,1,4441,532,187,1.0,13.0,0,0,0,0,2,6,0,1,0,0,0,0
225.3,3.9,2242,3,538.0,38.0,1,2840,1,1,2,962,69,52,1.0,9.0,0,0,0,0,2,3,0,0,0,0,1,0
108.98,3.6,290,7,714.0,3.0,2,2358,1,1,3,2492,25,159,4.0,17.0,1,0,0,0,3,8,0,0,1,0,0,0
186.63,3.3,445,6,20.0,15.0,1,1607,1,1,2,1574,96,89,1.0,11.988333333333333,0,1,0,1,1,4,0,0,0,0,1,0
174.69,3.7,0,2,77.0,23.0,1,5,1,0,1,3702,52,246,0.0,13.0,1,1,0,1,8,3,0,0,0,0,0,1
37.6,4.1,621,2,306.0,22.0,0,1107,1,1,3,2085,307,134,0.0,11.0,0,0,0,1,6,6,1,0,1,0,0,0
107.11,3.1,420,1,482.0,34.0,0,5,1,0,2,2984,355,234,0.0,2.0,1,0,1,1,6,6,0,0,0,1,0,0
5.0,3.3,2464,2,128.0,6.0,1,5,1,0,4,2991,125,170,3.0,19.0,0,0,0,1,6,7,0,0,1,0,0,0
131.04,4.6,3934,10,718.0,19.0,1,3149,1,1,3,641,71,37,4.0,13.0,0,0,0,0,5,6,0,1,0,0,0,0
105.32,2.7,1358,3,199.0,32.0,2,2861,1,1,1,3518,418,129,1.0,13.0,0,0,0,0,9,2,0,0,0,0,1,0
143.04,4.3,554,4,577.0,30.0,1,1836,1,1,1,3649,371,88,1.0,10.0,0,0,0,1,6,9,0,0,1,0,0,0
9.91,3.4,678,1,108.0,20.0,2,5,0,1,2,2441,206,109,3.0,0.0,0,1,0,1,6,5,1,0,0,0,0,0
133.05,3.8,1187,7,334.0,8.0,0,786,1,1,1,3945,177,221,1.0,14.0,1,0,1,1,2,0,0,0,0,0,0,0
140.85,4.1,560,1,311.0,43.0,0,2950,1,1,2,4007,306,222,1.0,5.0,0,1,0,0,1,0,0,0,0,1,0,0
196.93,3.9,1768,4,480.0,42.0,1,1619,1,1,3,3306,220,192,3.0,14.0,0,0,0,0,4,5,0,0,0,0,0,0
169.43,3.978268041237113,0,1,20.0,27.0,2,726,0,0,1,2298,168,136,2.0,0.0,1,0,0,1,8,1,0,1,0,0,0,0
237.31,3.7,3879,6,410.0,12.0,0,375,1,1,1,3123,451,239,5.0,22.0,0,1,0,0,2,0,0,0,0,0,0,1
100.6,3.5,73,3,485.0,15.230456852791878,0,5,0,1,3,3232,112,78,0.0,9.0,1,0,0,0,7,4,0,0,0,1,0,0
45.13,4.1,0,2,179.0,33.0,1,5,0,1,2,3911,550,39,1.0,9.0,0,1,0,1,4,5,1,0,0,0,1,0
185.18,3.8,0,5,314.0,12.0,0,1632,0,1,5,737,68,41,4.0,16.0,0,1,0,1,7,1,1,0,0,1,0,0
181.18,3.9,2290,10,310.0,3.0,0,1189,1,0,4,3065,146,148,3.0,19.0,0,0,0,1,9,1,0,1,0,0,0,0
91.24,4.3,1196,1,313.0,1.0,1,2794,1,1,2,155,12,5,2.0,8.0,0,0,0,0,6,5,0,0,1,0,0,0
237.04,4.7,1760,4,530.0,1.0,1,2810,0,1,4,1092,129,75,2.0,12.0,0,1,0,0,6,4,0,0,0,0,0,1
200.21,4.3,1446,5,20.0,7.0,2,584,1,0,2,4823,541,137,0.0,6.0,0,0,1,0,4,6,0,0,0,0,1,0
43.91,3.8,943,1,20.0,24.0,2,1124,1,1,2,1737,127,116,0.0,15.0,0,0,0,1,9,5,1,0,0,0,0,0
17.59,3.3,381,5,428.0,10.0,2,1079,1,1,2,2125,147,130,0.0,7.0,0,0,0,1,9,3,0,0,0,0,0,1
118.27,4.7,1073,4,208.0,12.0,0,3980,1,1,2,2935,100,88,4.0,14.0,0,0,0,0,4,8,0,1,0,0,0,0
152.78,5.0,5193,5,994.0,1.0,1,4000,1,1,3,2103,69,86,3.0,26.0,0,0,0,0,8,1,0,0,0,1,0,0
153.3,4.5,0,3,20.0,17.0,3,1628,1,1,4,3028,159,115,4.0,7.0,1,1,0,1,0,1,1,0,0,1,0,0
219.43,4.6,1639,1,957.0,1.0,0,2701,0,0,3,3153,232,85,0.0,6.0,0,0,1,0,0,1,0,1,0,0,0,0
210.15,4.1,1053,5,429.0,5.0,2,5,0,0,4,4908,386,359,1.6757142857142857,14.0,0,0,0,1,9,3,1,0,0,1,0,0
123.35,5.0,947,7,505.0,1.0,0,1367,1,0,5,2695,274,74,0.0,15.0,0,0,0,0,2,6,0,0,0,1,0,0
145.58,3.6,0,4,639.0,23.0,0,1390,1,0,1,1053,80,74,0.0,3.0,0,0,0,1,3,9,1,0,1,0,0,0
102.2,4.0,1010,4,453.0,22.0,1,2176,0,1,1,4028,370,258,2.0,30.0,0,1,0,0,5,5,0,0,0,0,1,0
120.59,3.0,0,3,507.0,33.0,0,1901,0,0,3,2463,301,59,2.0,0.0,1,0,1,1,7,5,0,1,0,0,0,0
165.38,3.9,1556,3,895.0,6.0,1,3880,1,1,4,1045,110,49,2.0,11.0,0,0,1,1,9,2,1,0,0,0,0,0
223.47,4.6,1848,4,363.0,1.0,0,2798,1,0,4,2152,253,38,1.0,18.0,1,0,0,0,0,0,0,0,0,0,1,0
157.03,3.978268041237113,0,6,441.0,1.0,3,2769,1,1,4,3878,552,140,1.0,13.0,0,0,0,1,4,4,0,0,0,0,1,0
307.98,5.0,1987,3,411.0,18.0,0,3320,0,1,3,3531,177,123,5.0,12.0,0,0,0,1,1,3,0,1,0,0,0,0
191.69,4.1,325,3,449.0,26.0,1,1381,1,1,3,886,104,21,2.0,10.0,0,1,0,0,8,7,0,0,0,0,0,1
278.28,4.5,4538,5,364.0,14.0,1,2646,1,1,3,3760,218,176,1.6757142857142857,26.0,1,0,1,0,5,5,0,0,0,0,1,0
115.87,5.0,1717,4,258.0,16.0,0,818,1,1,1,3618,286,234,4.0,10.0,0,0,0,0,6,1,1,0,1,0,0,0
146.79,4.3,0,5,463.0,28.0,2,2251,1,1,2,167,9,3,1.0,2.0,0,0,0,1,8,4,0,0,0,1,0,0
64.97,3.7,1674,1,301.0,4.0,1,2024,1,1,3,3078,391,225,2.0,17.0,0,0,0,1,0,8,1,0,0,0,0,0
71.54,3.6,0,2,416.0,27.0,0,1474,1,1,3,628,33,45,1.0,5.0,0,0,0,1,3,8,0,1,0,0,0,0
278.99,5.0,3071,4,376.0,11.0,0,2451,1,1,4,533,34,32,2.0,21.0,0,0,0,0,5,5,0,0,0,0,1,0
103.35,4.1,0,2,521.0,18.0,1,1076,1,0,1,2632,387,37,0.0,11.0,1,0,0,1,4,4,1,0,0,0,0,1
207.26,4.2,5896,1,372.0,1.0,0,5,1,1,2,4941,426,340,5.0,0.0,0,0,0,1,4,9,0,0,0,1,0,0
119.03,4.5,876,3,605.0,15.230456852791878,0,2530,1,1,1,997,84,47,3.0,19.0,0,0,0,1,1,1,0,0,1,0,0,0
181.68,3.7,1054,4,437.0,21.0,1,1086,1,1,3,1360,105,17,0.0,16.0,0,0,0,0,7,6,0,0,0,1,0,0
191.43,4.0,1135,1,534.0,38.0,0,5,1,0,1,2459,105,195,0.0,18.0,1,0,0,1,6,5,0,1,0,0,0,0
170.63,3.5,610,4,378.0,24.0,0,1316,1,0,5,2696,400,195,3.0,7.0,0,0,0,1,1,5,1,0,1,0,0,0
283.8,4.3,1195,4,578.0,1.0,1,2097,1,1,2,546,25,23,0.0,9.0,0,0,0,0,6,5,0,0,0,0,1,0
242.27,4.4,5475,6,525.0,1.0,2,2804,1,1,1,4740,285,364,1.0,16.0,0,0,0,0,0,7,0,0,1,0,0,0
218.24,2.8,1401,2,502.0,10.0,0,567,1,1,2,203,15,11,0.0,5.0,0,0,0,1,6,3,1,0,0,0,0,1
166.89,3.4,0,2,20.0,20.0,0,109,1,1,1,1615,62,120,0.0,7.0,0,0,0,0,6,5,0,1,0,0,0,0
41.76,3.5,1324,4,299.0,1.0,0,1161,1,1,4,3555,162,158,1.0,22.0,1,0,0,0,7,4,0,0,0,1,0,0
96.42,5.0,4242,6,679.0,19.0,0,1495,1,1,3,2779,193,106,5.0,24.0,0,0,0,0,8,7,0,0,1,0,0,0
147.37,5.0,5038,5,332.0,4.0,1,1879,1,1,6,3548,408,158,0.0,16.0,0,0,0,1,4,1,0,0,0,0,0,0
285.9,5.0,0,5,469.0,1.0,1,3227,1,0,4,1558,91,37,0.0,6.0,1,1,0,1,6,6,0,1,0,0,0,0
180.73,4.6,3886,6,344.0,20.0,1,1002,0,0,4,1247,115,6,1.0,17.0,0,0,0,0,3,3,0,0,0,0,1,0
59.68,3.9,1339,4,555.0,1.0,0,1218,1,1,3,3082,449,41,3.0,25.0,0,1,0,1,8,9,1,0,1,0,0,0
161.69,4.3,6118,4,403.0,9.0,0,5,1,1,2,3035,100,162,0.0,23.0,0,1,0,0,7,1,0,0,1,0,0,0
6.01,4.0,1506,1,365.0,1.0,2,466,1,0,4,4056,326,229,2.0,7.0,0,0,0,1,3,3,0,1,0,0,0,0
101.02,3.2,929,1,303.0,35.0,1,846,0,1,1,4371,142,223,0.0,0.0,0,0,0,1,3,1,1,0,0,0,0,0
83.1,3.2,0,2,20.0,26.0,2,1487,1,1,1,2474,54,72,0.0,4.0,0,0,1,1,6,5,0,0,1,0,0,0
84.95,4.1,0,5,430.0,25.0,0,1407,1,1,1,1018,84,22,0.0,3.0,0,0,0,0,0,1,0,0,0,1,0,0
212.82,4.1,3054,5,841.0,1.0,0,3790,1,0,5,226,17,9,5.0,25.0,0,0,0,0,5,1,0,0,1,0,0,0
284.32,4.7,3986,3,665.0,10.0,0,1718,1,1,3,4627,304,202,2.0,26.0,0,0,0,0,9,4,0,0,0,1,0,0
66.91,2.9,0,1,20.0,24.0,1,411,0,0,3,325,46,17,0.0,7.0,0,0,0,1,1,3,0,0,1,0,0,0
284.24,4.2,2492,8,550.0,23.0,0,2341,0,1,1,4592,190,102,3.0,28.0,0,0,1,0,5,5,0,0,0,0,0,0
159.78,4.7,0,5,709.0,6.0,0,1730,1,1,4,2712,230,68,3.0,17.0,0,0,0,0,4,4,0,0,0,1,0,0
54.2,3.8,2031,3,770.0,27.0,1,723,1,1,2,3446,101,41,0.0,10.0,0,0,0,0,2,4,0,1,0,0,0,0
5.0,3.6,0,2,317.0,17.0,1,29,1,1,1,2473,353,80,0.0,6.0,0,0,0,1,3,3,1,1,0,0,0,0
123.41,3.7,1481,4,403.7255102040816,18.0,0,1827,1,1,2,1059,77,40,0.0,6.0,0,0,0,0,0,8,0,0,0,1,0,0
171.74,3.7,52,6,522.0,7.0,1,1801,1,0,2,2028,62,64,0.0,10.0,0,0,1,1,5,2,0,0,0,0,1,0
96.05,4.0,3978,6,342.0,4.0,0,2895,1,1,5,55,6,2,0.0,15.0,0,0,0,1,1,9,1,1,0,0,0,0
259.22,4.1,1599,1,420.0,9.0,0,1305,1,0,4,1824,210,81,1.0,9.0,1,0,0,0,6,2,0,0,0,0,0,1
311.92,4.0,3098,6,467.0,1.0,0,3406,1,1,3,2863,60,90,2.0,12.0,1,0,0,1,1,6,0,1,0,0,0,0
75.86,4.0,2877,5,241.0,21.0,2,1934,0,0,1,807,65,15,1.0,3.0,0,0,1,1,2,2,1,0,0,0,0,1
80.49,4.4,1715,3,376.0,7.0,0,1438,0,0,5,610,57,24,5.0,14.0,0,0,0,0,0,7,0,1,0,0,0,0
139.28,4.2,2356,5,621.0,1.0,0,1835,1,1,3,4817,248,55,3.0,20.0,0,1,0,0,4,3,0,0,0,0,0,1
195.93,5.0,3234,5,346.0,24.0,1,1033,1,1,4,894,132,4,2.0,9.0,0,0,0,0,8,8,0,1,0,0,0,0
182.14,4.2,1119,5,398.0,11.0,0,1917,0,0,4,3458,493,172,3.0,6.0,0,0,1,1,6,4,1,1,0,0,0,0
90.29,3.7,1237,4,291.0,12.0,2,1978,1,1,3,1383,156,56,2.0,0.0,0,1,0,1,0,3,1,0,1,0,0,0
95.57,3.7,0,2,81.0,29.0,3,1685,1,0,4,896,60,18,0.0,5.0,1,1,0,1,3,3,1,1,0,0,0,0
121.94,3.1,4044,2,87.0,20.0,0,2675,1,1,3,2956,266,196,3.0,0.0,0,0,0,0,9,4,0,0,1,0,0,0
106.07,3.7,0,1,405.0,15.0,0,1911,1,1,1,3778,510,153,0.0,17.0,0,0,1,0,1,5,0,0,0,0,0,0
48.97,4.9,347,1,244.0,13.0,1,622,1,1,1,1728,152,50,0.0,12.0,0,0,0,1,4,2,1,0,0,1,0,0
141.74,4.1,3624,6,484.0,8.0,0,666,1,1,3,1195,104,8,1.0,9.0,0,1,0,1,7,4,0,0,0,1,0,0
47.96,3.9,2629,2,232.0,8.0,1,586,0,1,2,4305,50,238,0.0,14.0,0,0,0,0,6,6,0,0,0,0,0,1
186.07,3.8,1728,2,23.0,1.0,0,1048,0,0,1,974,85,50,3.0,9.0,0,0,1,0,8,2,0,0,0,0,1,0
212.41,5.0,1530,6,734.0,9.0,0,2416,1,1,3,3926,117,69,3.0,11.988333333333333,0,0,0,0,9,8,0,0,0,0,1,0
221.74,4.3,3007,6,873.0,14.0,0,381,0,1,4,2542,54,98,2.0,11.0,0,0,0,1,9,9,1,0,1,0,0,0
181.05,4.3,3297,3,26.0,24.0,1,582,1,1,2,2406,215,47,1.0,10.0,0,0,0,0,7,7,0,0,1,0,0,0
152.59,3.9,5000,3,621.0,2.0,0,1948,1,0,3,2999,47,135,3.0,22.0,0,0,0,0,5,6,0,0,1,0,0,0
65.94,3.4,3280,5,714.0,7.0,0,5,0,0,4,1234,161,33,3.0,16.0,0,0,0,0,6,3,0,0,0,0,1,0
95.53,4.2,3069,2,103.0,9.0,1,1323,0,0,2,957,71,42,1.0,6.0,0,0,0,1,3,4,0,0,0,0,0,1
94.98,3.6,2916,3,650.0,14.0,1,1258,1,0,3,4746,418,270,0.0,7.0,1,0,1,1,0,1,0,0,1,0,0,0
193.02,3.9,3615,4,449.0,2.0,1,2813,1,1,3,786,55,7,3.0,23.0,0,0,1,0,2,6,1,0,0,0,0,1
60.16,3.8,2542,3,232.0,1.0,2,872,0,0,4,2298,237,90,1.0,8.0,1,0,1,0,1,3,0,0,1,0,0,0
5.0,3.7,0,1,355.0,8.0,0,1919,1,0,1,1024,34,54,0.0,36.0,0,0,0,1,0,7,1,0,0,0,1,0
201.17,4.6,3096,5,359.0,5.0,1,1399,0,1,1,963,25,14,4.0,3.0,0,1,0,1,2,3,1,0,0,1,0,0
108.62,3.5,2762,1,299.0,36.0,1,2117,0,1,4,2324,191,48,0.0,2.0,0,0,1,0,4,8,1,0,0,1,0,0
128.79,3.4,0,2,56.0,12.0,1,992,1,0,3,312,43,23,0.0,19.0,1,0,1,1,4,8,1,0,0,1,0,0
306.19,4.6,5389,6,543.0,15.230456852791878,0,2390,1,1,3,2878,303,227,4.0,14.0,1,0,0,0,2,7,0,0,0,0,1,0
93.05,3.3,0,1,361.0,20.0,0,5,1,1,1,784,81,7,1.0,16.0,0,0,1,1,0,9,0,0,0,1,0,0
86.32,3.6,0,3,68.0,13.0,0,1163,1,0,1,3245,82,92,0.0,0.0,0,1,0,1,8,0,0,1,0,0,0,0
213.95,4.3,3672,5,558.0,6.0,0,1173,1,1,4,3342,324,265,2.0,19.0,0,0,0,0,1,5,0,0,0,0,1,0
151.11,5.0,2114,3,159.0,13.0,0,178,1,1,1,2892,163,90,1.0,18.0,0,0,0,0,4,0,0,0,0,1,0,0
181.83,4.4,2546,3,155.0,24.0,3,5,0,1,3,476,43,35,4.0,3.0,1,0,0,1,0,9,0,0,1,0,0,0
98.5,3.8,0,7,465.0,22.0,0,852,1,0,2,2809,117,79,1.0,1.0,0,0,0,0,2,1,0,0,0,0,0,0
141.06,4.1,0,2,20.0,14.0,1,634,1,1,1,2026,277,81,2.0,0.0,0,1,0,0,4,6,0,1,0,0,0,0
92.07,2.9,88,6,598.0,28.0,1,750,0,1,2,4686,180,327,0.0,18.0,0,0,0,0,6,0,0,0,0,0,0,0
94.5,3.4,0,4,442.0,14.0,1,1573,0,1,4,1345,158,91,0.0,0.0,0,1,1,1,9,6,1,0,0,0,0,1
253.85,4.5,812,1,493.0,1.0,0,2381,1,1,2,3369,439,58,2.0,19.0,0,0,0,1,9,1,1,0,0,1,0,0
46.68,3.5,0,3,527.0,17.0,1,356,0,1,3,4277,581,213,2.0,4.0,0,0,0,0,9,8,0,0,0,1,0,0
167.34,4.2,1148,4,342.0,18.0,1,2964,1,0,4,2013,205,151,4.0,16.0,0,1,0,0,8,3,0,0,0,0,0,1
5.0,2.8,0,4,313.0,45.0,0,370,1,0,1,1079,25,61,0.0,0.0,0,0,0,1,8,6,0,0,1,0,0,0
192.94,3.9,2201,1,593.0,25.0,0,320,0,1,2,3940,252,270,0.0,19.0,0,0,0,0,9,1,0,0,0,1,0,0
170.7,3.8,2102,5,453.0,26.0,1,2083,0,0,3,4270,534,282,1.6757142857142857,11.988333333333333,0,0,1,0,9,5,0,1,0,0,0,0
5.0,3.1,1524,1,20.0,21.0,2,3016,0,0,1,1848,236,118,0.0,0.0,0,0,0,1,9,5,1,0,0,0,1,0
257.69,4.6,5291,4,580.0,10.0,0,2723,1,0,3,3181,101,34,3.0,26.0,0,0,0,0,5,3,0,0,0,0,1,0
135.56,3.6,2606,4,374.0,31.0,0,2104,1,1,2,1509,205,55,4.0,8.0,0,0,0,1,5,4,1,0,1,0,0,0
135.68,4.1,3554,5,595.0,27.0,3,1829,1,1,3,2999,209,180,5.0,0.0,1,0,0,1,4,7,1,0,0,1,0,0
111.04,4.4,4100,4,497.0,1.0,1,3010,1,1,4,1829,233,17,1.6757142857142857,15.0,0,0,1,0,9,7,0,0,1,0,0,0
188.85,3.6,0,1,239.0,17.0,1,5,1,1,4,587,75,43,1.0,13.0,1,0,0,1,0,2,0,1,0,0,0,0
70.24,4.0,0,6,20.0,18.0,0,69,1,1,2,3514,451,250,0.0,24.0,0,1,1,0,0,7,0,0,0,0,1,0
234.91,4.6,5335,7,786.0,2.0,0,3690,1,1,6,2090,34,144,3.0,14.0,0,0,0,0,4,4,0,0,1,0,0,0
201.81,4.4,1552,6,467.0,10.0,2,2175,1,0,2,4400,322,155,0.0,6.0,0,0,1,1,8,6,1,0,1,0,0,0
59.68,4.0,3151,8,585.0,41.0,1,1123,0,1,3,4056,406,211,0.0,6.0,0,1,0,1,2,3,0,0,1,0,0,0
179.88,4.5,855,5,805.0,2.0,0,1853,1,1,4,1540,196,32,2.0,24.0,0,0,0,0,8,0,0,0,1,0,0,0
96.77,3.5,0,5,343.0,6.0,2,5,1,1,1,4484,296,263,1.0,14.0,1,1,0,1,0,3,0,0,0,1,0,0
76.76,3.5,4371,5,394.0,9.0,3,1659,0,1,3,151,9,9,0.0,15.0,0,0,0,1,0,6,0,0,0,1,0,0
38.47,3.9,204,5,406.0,25.0,6,5,0,0,1,856,117,47,2.0,8.0,1,1,0,1,1,9,1,1,0,0,0,0
218.28,3.7,2320,1,264.0,22.0,0,1176,1,0,1,1034,47,18,0.0,2.0,0,1,1,0,4,4,0,0,1,0,0,0
68.8,3.3,0,1,20.0,29.0,2,1825,1,0,1,3065,145,88,0.0,4.0,1,0,0,0,3,1,0,0,1,0,0,0
107.02,3.8,1695,3,238.0,36.0,1,1646,1,1,2,149,7,3,0.0,0.0,1,1,0,1,2,3,0,0,1,0,0,0
287.67,5.0,3598,5,437.0,1.0,0,3384,1,1,5,98,8,6,0.0,4.0,1,0,0,0,1,0,1,0,0,0,0,0
214.38,3.7,0,4,632.0,15.230456852791878,0,2116,1,1,1,1597,124,100,2.0,24.0,1,0,0,0,7,3,0,0,0,1,0,0
239.83,3.4,5203,7,578.0,6.0,0,3190,1,1,4,1144,24,42,3.0,14.0,0,1,0,0,9,3,0,0,0,0,0,1
47.36,4.1,0,4,474.0,7.0,1,1339,1,0,2,2516,267,172,0.0,0.0,1,0,1,0,1,5,0,1,0,0,0,0
142.64,3.9,564,2,270.0,6.0,1,1810,1,1,3,1336,18,89,0.0,9.0,0,0,1,0,2,5,0,0,1,0,0,0
210.22,4.1,570,5,309.0,30.0,0,1548,1,0,3,4256,89,210,4.0,15.0,1,0,0,0,8,8,0,0,0,0,0,1
147.65,3.9,0,10,627.0,14.0,0,1077,1,0,4,602,80,29,2.0,6.0,0,0,0,0,0,1,1,0,0,0,0,0
211.26,4.3,1299,7,744.0,1.0,3,1648,1,1,2,3580,404,285,5.0,4.0,0,0,1,0,8,6,0,0,1,0,0,0
149.7,3.2,1916,1,481.0,31.0,0,792,0,0,1,246,6,11,1.0,10.0,1,0,0,0,3,7,0,0,0,1,0,0
74.78,4.1,3640,1,644.0,18.0,1,2935,1,0,2,3282,385,93,3.0,13.0,0,0,0,1,1,3,0,0,0,0,0,0
57.16,3.2,4665,3,546.0,9.0,3,367,1,0,3,3018,64,36,1.0,13.0,0,0,1,0,8,7,0,0,1,0,0,0
179.32,4.6,2394,6,571.0,13.0,2,999,0,1,2,1399,108,38,4.0,14.0,0,0,0,0,0,4,0,0,0,0,0,1
41.76,4.8,5278,2,478.0,7.0,0,2538,1,1,6,4877,532,216,3.0,13.0,0,0,0,0,4,2,0,0,0,1,0,0
163.48,3.4,552,2,146.0,23.0,3,541,0,0,1,3782,496,301,0.0,9.0,1,1,1,1,2,6,0,1,0,0,0,0
136.48,4.5,5255,3,237.0,1.0,0,2036,1,1,3,1934,255,54,1.6757142857142857,18.0,0,0,0,0,9,5,0,0,0,0,0,1
121.87,4.0,5638,4,312.0,21.0,0,1768,1,1,5,3399,328,88,1.0,17.0,0,0,0,0,4,3,0,0,0,0,1,0
248.27,3.8,3661,2,664.0,7.0,0,1794,1,1,3,436,41,5,1.0,12.0,0,1,1,1,9,4,0,0,0,0,0,0
280.32,4.9,5571,4,656.0,12.0,0,2734,1,1,4,1209,166,13,1.0,10.0,1,0,0,0,1,8,0,1,0,0,0,0
144.93,5.0,135,7,355.0,1.0,1,5,0,1,1,4566,378,300,4.0,14.0,0,0,0,0,1,5,1,0,0,0,1,0
137.27,4.3,476,2,20.0,1.0,0,3008,0,1,4,4744,388,234,3.0,9.0,0,0,0,1,3,1,1,1,0,0,0,0
97.67,3.9,0,1,395.0,28.0,2,1412,1,1,1,3213,169,34,1.6757142857142857,8.0,1,1,0,1,5,1,1,0,1,0,0,0
5.0,3.0,0,5,20.0,44.0,2,1093,1,1,1,65,9,0,0.0,1.0,0,1,0,1,2,6,0,0,0,1,0,0
220.56,5.0,4676,7,1067.0,16.0,0,2276,1,0,6,355,38,2,3.0,18.0,0,0,0,0,0,8,0,0,0,0,0,1
76.18,3.7,21,1,413.0,12.0,0,5,0,1,3,4044,593,286,2.0,12.0,1,1,0,1,4,5,1,0,0,1,0,0
65.18,3.8,1823,2,460.0,18.0,1,1720,0,0,3,4323,565,182,2.0,11.0,0,0,0,1,6,8,1,0,1,0,0,0
343.94,4.8,1780,6,614.0,6.0,0,3161,0,1,4,4205,449,51,4.0,25.0,0,0,0,0,1,1,0,0,1,0,0,0
234.14,3.9,4546,4,466.0,15.0,0,2775,1,0,2,470,23,12,1.6757142857142857,19.0,1,1,0,1,4,3,0,0,0,0,0,1
5.0,3.2,1557,1,403.7255102040816,39.0,3,1267,1,1,1,4317,47,303,3.0,7.0,0,0,0,1,5,5,1,0,0,1,0,0
243.38,3.7,1713,5,588.0,32.0,0,260,1,1,3,544,50,35,2.0,3.0,0,0,0,0,7,3,0,0,0,1,0,0
177.21,4.8,0,5,628.0,13.0,1,2223,1,1,4,4313,542,31,2.0,14.0,0,0,0,0,7,6,0,0,0,0,0,0
5.0,5.0,1941,3,475.0,3.0,0,782,1,0,1,4704,511,133,0.0,29.0,1,0,0,0,9,2,0,0,0,1,0,0
269.66,4.1,5236,6,380.0,2.0,0,2344,1,1,2,2236,319,161,4.0,27.0,1,0,0,0,4,8,0,0,0,0,0,0
72.7,2.8,1785,2,209.0,14.0,1,2830,1,1,2,1127,152,73,2.0,9.0,0,0,0,1,7,5,0,1,0,0,0,0
43.9,3.2,3067,3,467.0,15.0,0,1506,1,1,1,2463,174,161,1.0,5.0,0,0,0,0,8,2,0,0,0,0,0,1
52.35,4.7,2000,4,403.7255102040816,10.0,1,1438,1,1,6,2489,71,96,3.0,19.0,0,0,0,1,9,3,0,0,0,0,0,1
68.52,4.0,0,5,434.0,15.0,0,1413,1,1,2,4984,558,147,3.0,11.988333333333333,0,1,0,0,8,3,0,0,1,0,0,0
27.51,3.1,357,2,249.0,20.0,1,5,1,1,1,4082,529,297,0.0,15.0,0,1,1,1,3,5,0,0,0,0,0,1
212.31,3.8,0,1,309.0,20.0,1,5,1,0,3,212,12,10,1.0,18.0,1,0,1,0,9,0,0,0,1,0,0,0
150.51,4.2,6061,5,769.0,8.0,0,3430,0,0,1,4277,474,179,2.0,25.0,0,0,0,0,4,1,0,0,1,0,0,0
206.03,4.1,1244,5,581.0,4.0,1,606,1,1,4,4479,641,259,5.0,25.0,1,0,0,0,6,0,0,1,0,0,0,0
93.19,4.3,0,4,991.0,4.0,0,2939,0,1,2,1205,139,90,1.0,3.0,0,0,0,1,9,5,0,1,0,0,0,0
217.96,4.5,5828,7,123.0,1.0,1,1245,0,1,4,398,51,2,1.0,27.0,0,0,0,0,9,3,0,0,1,0,0,0
95.96,2.8,2088,1,230.0,20.0,3,5,0,0,1,2684,368,188,1.0,3.0,0,1,0,0,4,0,0,1,0,0,0,0
5.0,3.4,505,1,403.7255102040816,13.0,0,140,0,0,1,792,34,37,0.0,0.0,0,1,0,1,8,6,1,1,0,0,0,0
61.06,5.0,3443,5,787.0,23.0,0,1748,1,1,5,3638,153,135,3.0,19.0,0,0,0,0,1,5,0,0,0,0,0,1
291.09,3.8,0,4,540.0,28.0,3,3131,0,1,4,2324,38,100,0.0,2.0,1,0,0,0,7,4,0,0,0,1,0,0
178.84,5.0,4907,7,687.0,1.0,0,4000,0,0,4,1687,47,64,1.0,11.988333333333333,0,0,0,0,2,6,0,0,0,1,0,0
77.5,4.8,97,3,231.0,2.0,0,1746,1,1,1,4891,237,92,0.0,7.0,0,1,1,1,7,5,1,0,0,0,0,0
277.05,4.9,3532,4,661.0,4.0,1,1439,1,1,2,3669,88,160,4.0,29.0,0,0,0,0,9,1,0,0,0,0,0,0
111.73,3.0,0,3,247.0,27.0,3,2284,1,1,2,4610,127,105,1.0,7.0,1,0,0,0,8,5,0,1,0,0,0,0
134.97,4.1,3887,6,205.0,1.0,0,2012,1,1,6,2341,50,51,3.0,10.0,0,0,0,0,9,5,1,0,0,0,0,0
244.6,4.2,0,2,151.0,30.0,0,1257,1,1,1,1838,265,43,1.0,6.0,0,0,0,1,5,9,0,0,0,1,0,0
139.68,3.9,2129,2,422.0,6.0,3,1376,1,1,1,724,99,32,0.0,1.0,0,1,0,0,0,2,0,0,0,0,0,1
110.94,3.978268041237113,2527,4,487.0,3.0,0,771,1,0,1,4346,213,76,0.0,20.0,0,0,1,1,6,5,0,0,0,1,0,0
127.28,4.1,0,2,20.0,19.0,3,2282,1,1,2,3425,167,269,0.0,14.0,0,1,0,0,1,4,0,0,0,1,0,0
12.59,4.7,2703,1,279.0,33.0,1,719,1,0,1,1430,149,19,0.0,0.0,1,1,0,1,0,9,0,0,0,0,0,1
144.02,4.6,3773,6,381.0,1.0,2,2959,0,1,5,639,75,45,2.0,1.0,0,0,0,0,2,9,1,0,0,0,1,0
182.86,3.3,2686,3,274.0,19.0,2,5,1,1,2,165,20,5,3.0,5.0,0,1,1,0,4,8,0,0,0,1,0,0
232.48,3.9,706,7,362.0,14.0,1,863,0,1,3,453,18,24,2.0,10.0,0,0,0,0,0,3,0,0,0,1,0,0
258.55,4.4,2619,6,716.0,21.0,0,3042,1,1,4,1306,56,15,1.0,24.0,1,0,0,1,7,5,1,0,1,0,0,0
41.97,3.9,1870,1,186.0,34.0,0,1412,0,0,3,845,65,50,0.0,0.0,0,1,0,0,3,5,0,0,1,0,0,0
53.88,3.9,765,3,291.0,21.0,1,5,1,0,2,2601,55,81,1.0,20.0,0,0,0,0,7,8,0,0,0,0,1,0
158.23,3.7,2069,7,235.0,2.0,0,1878,1,1,3,1432,18,94,2.0,16.0,0,0,0,0,7,8,0,0,0,0,0,0
91.22,3.5,1437,1,618.0,15.230456852791878,0,3978,1,0,5,3494,424,267,1.0,11.988333333333333,0,0,1,0,0,5,0,0,0,0,0,1
32.71,4.6,525,2,551.0,22.0,1,78,1,1,1,2715,206,130,3.0,11.0,0,1,0,1,6,4,0,0,0,0,1,0
79.69,2.9,2600,4,146.0,8.0,0,2136,0,1,2,4511,648,141,1.0,0.0,1,1,0,1,9,0,1,0,0,0,0,1
176.4,4.5,346,5,396.0,4.0,0,3017,1,1,3,2210,23,15,3.0,14.0,1,0,0,1,5,1,0,0,0,1,0,0
64.48,4.3,2790,4,646.0,10.0,3,173,0,0,1,2734,169,85,3.0,15.0,0,0,0,0,3,9,0,0,0,0,0,1
122.04,3.3,0,3,20.0,24.0,3,710,1,0,1,4545,193,160,0.0,0.0,1,0,0,1,5,1,1,0,0,0,0,1
201.05,4.4,5771,9,1133.0,5.0,0,1118,1,1,3,1966,118,119,2.0,12.0,0,0,0,0,4,1,0,0,1,0,0,0
125.09,3.5,837,1,437.0,16.0,3,1867,1,0,1,2703,75,164,1.0,7.0,0,0,0,0,5,3,0,0,1,0,0,0
245.52,3.7,1463,6,364.0,18.0,1,1847,1,1,2,4093,41,101,1.0,1.0,0,0,1,0,0,7,0,0,1,0,0,0
141.68,4.0,2646,6,578.0,23.0,1,1528,0,0,2,2558,78,148,5.0,26.0,0,0,0,0,5,0,0,0,0,0,1,0
146.23,3.7,2078,4,721.0,11.0,0,3065,1,1,5,4923,415,42,0.0,15.0,0,0,1,0,1,3,0,0,1,0,0,0
178.71,2.9,12,2,210.0,16.0,2,2281,1,0,1,4723,49,150,0.0,8.0,0,0,0,0,1,1,0,0,0,1,0,0
171.44,4.6,2210,5,417.0,11.0,1,1657,1,0,4,3305,185,184,0.0,19.0,0,0,0,0,9,3,0,0,0,0,0,1
223.28,3.9,427,3,445.0,11.0,0,1744,0,1,3,4760,438,144,0.0,0.0,0,0,0,0,5,7,0,0,1,0,0,0
55.2,3.4,3439,3,372.0,24.0,0,2666,1,1,3,3641,312,175,2.0,23.0,0,0,0,0,8,4,0,0,0,0,0,0
104.5,4.5,851,3,180.0,13.0,2,1168,1,0,2,1231,120,94,2.0,7.0,1,0,1,0,5,4,0,1,0,0,0,0
180.29,3.3,74,1,407.0,22.0,0,1413,0,0,2,4848,598,363,2.0,13.0,0,0,0,1,1,1,0,0,0,1,0,0
343.83,4.6,6394,6,220.0,14.0,0,1977,1,1,3,3751,428,283,3.0,15.0,0,0,0,0,5,3,0,0,0,1,0,0
248.78,3.8,1769,4,869.0,5.0,2,538,1,1,3,4507,549,162,3.0,9.0,1,1,1,0,6,2,0,1,0,0,0,0
107.96,4.2,3040,4,419.0,31.0,0,5,1,1,1,1145,58,83,0.0,16.0,0,0,0,1,9,9,0,0,0,1,0,0
207.64,3.8,1618,3,656.0,22.0,0,1130,1,0,3,1263,166,54,4.0,11.988333333333333,1,1,1,1,2,2,1,1,0,0,0,0
92.21,3.2,0,3,381.0,18.0,0,2918,0,0,3,201,26,2,3.0,22.0,0,1,0,1,8,5,0,0,0,0,0,0
137.12,3.8,1541,5,517.0,7.0,1,1289,0,1,3,4140,530,300,4.0,0.0,1,1,0,0,6,4,0,0,0,0,0,0
235.53,4.3,3284,3,621.0,27.0,0,1585,1,1,3,3829,434,213,2.0,7.0,1,0,0,0,2,1,0,0,0,0,0,0
96.22,4.7,2864,9,353.0,25.0,0,1705,1,0,1,1777,21,124,4.0,9.0,0,1,1,1,3,6,0,0,0,0,0,0
53.37,3.8,1378,3,374.0,24.0,0,1099,1,0,4,3587,66,67,1.0,17.0,0,0,0,1,4,1,0,0,0,1,0,0
16.52,3.6,0,2,355.0,17.0,2,5,0,1,1,2165,48,26,0.0,0.0,1,1,0,1,4,7,0,0,1,0,0,0
163.71,3.3,1834,2,336.0,23.0,3,173,1,0,1,1885,224,20,0.0,17.0,0,1,1,1,1,6,0,0,1,0,0,0
5.0,3.1,0,5,406.0,32.0,2,5,1,0,3,1774,37,138,0.0,0.0,1,0,0,1,7,8,1,0,1,0,0,0
185.1,4.4,153,3,356.0,9.0,0,2449,1,1,2,2298,321,89,2.0,14.0,0,0,0,0,7,9,0,0,0,1,0,0
182.21,4.9,328,4,209.0,22.0,2,3056,1,0,1,2497,219,123,3.0,14.0,1,1,0,1,0,0,1,0,1,0,0,0
131.33,4.7,6133,7,633.0,1.0,0,1565,1,0,5,2777,87,101,2.0,2.0,0,0,1,0,2,3,0,0,0,1,0,0
118.18,4.5,4394,7,542.0,7.0,0,3111,0,1,4,1808,258,20,2.0,18.0,1,0,0,0,4,1,0,0,1,0,0,0
31.81,4.4,3875,1,139.0,20.0,0,5,1,0,6,1543,136,73,1.6757142857142857,16.0,1,0,0,1,9,9,0,0,0,1,0,0
90.93,4.7,3157,4,360.0,1.0,0,696,1,1,3,1131,154,57,4.0,10.0,0,0,1,1,7,5,0,1,0,0,0,0
150.52,4.3,16,5,414.0,1.0,2,74,1,0,4,4256,347,265,2.0,6.0,0,0,1,0,8,1,0,1,0,0,0,0
134.47,4.0,1274,7,682.0,16.0,1,5,1,1,1,3870,119,272,0.0,14.0,1,0,0,1,0,8,1,0,1,0,0,0
5.0,2.3,0,1,20.0,26.0,1,5,1,0,1,4837,541,219,1.6757142857142857,4.0,0,0,0,1,3,6,1,0,0,0,1,0
168.37,4.5,2688,6,390.0,14.0,0,1927,1,0,3,2581,384,55,3.0,14.0,1,0,0,0,7,7,0,0,0,1,0,0
201.46,4.9,3459,8,394.0,4.0,0,2275,1,1,3,2710,201,60,3.0,19.0,0,0,0,0,5,4,0,0,0,0,0,0
125.47,3.7,0,1,133.0,33.0,2,5,1,0,1,2436,240,173,2.0,11.0,0,1,1,0,9,1,1,0,0,0,0,1
314.76,3.6,0,1,20.0,8.0,1,2357,1,0,1,1148,25,88,1.0,1.0,1,0,0,0,9,8,1,0,1,0,0,0
207.33,3.5,615,6,492.0,15.230456852791878,1,1490,1,1,5,3646,371,197,4.0,10.0,0,0,0,0,7,1,1,0,0,1,0,0
176.41,3.4,0,2,308.0,28.0,0,720,1,1,5,3790,404,95,1.0,13.0,1,0,0,1,6,5,1,1,0,0,0,0
203.91,4.3,1136,3,250.0,1.0,0,1242,1,0,2,2789,46,118,1.0,8.0,1,0,0,1,8,2,1,0,0,0,1,0
277.86,3.9,3353,5,256.0,37.0,0,2189,0,1,4,3422,247,94,1.6757142857142857,16.0,0,0,0,0,4,1,0,0,0,1,0,0
54.09,3.7,1694,3,360.0,15.0,1,2153,1,0,1,2052,116,132,0.0,20.0,0,0,0,1,9,3,1,0,0,0,1,0
179.43,3.3,0,5,112.0,21.0,1,941,0,0,1,383,26,24,2.0,11.988333333333333,1,0,0,1,4,8,1,0,0,1,0,0
139.22,4.1,0,4,383.0,9.0,1,2295,1,1,5,4276,193,230,5.0,17.0,0,0,0,0,9,8,0,1,0,0,0,0
203.7,3.1,1539,2,20.0,23.0,1,5,0,0,1,3912,434,109,0.0,13.0,0,0,0,1,6,7,1,1,0,0,0,0
53.56,2.8,441,5,267.0,35.0,2,30,1,0,3,3891,330,243,1.0,14.0,0,1,0,0,2,9,0,1,0,0,0,0
83.19,3.6,1588,5,626.0,31.0,0,504,1,0,1,521,20,31,1.6757142857142857,1.0,0,0,0,1,6,0,0,0,0,1,0,0
108.06,3.3,0,2,29.0,24.0,2,1356,1,1,1,4093,249,95,2.0,9.0,0,0,0,1,5,8,1,0,0,0,1,0
155.36,3.8,967,3,357.0,27.0,1,2795,1,0,2,3886,258,230,2.0,0.0,1,0,0,1,0,0,1,0,1,0,0,0
143.35,4.0,10,3,528.0,8.0,0,1084,1,1,5,3157,169,207,2.0,1.0,0,0,0,0,9,5,0,0,1,0,0,0
54.02,4.4,0,1,534.0,19.0,0,2354,1,0,3,4410,338,235,0.0,12.0,0,0,0,1,3,3,1,0,0,0,0,1
294.77,4.2,3923,1,393.0,13.0,0,2667,1,1,1,3167,368,189,4.0,16.0,0,0,0,0,6,7,0,1,0,0,0,0
200.07,4.0,869,5,866.0,1.0,0,1635,1,1,1,2339,325,66,1.0,20.0,1,0,0,0,4,6,0,0,0,0,0,0
163.95,4.3,3005,4,20.0,4.0,0,1857,1,0,2,4423,396,118,2.0,13.0,0,0,0,0,8,8,1,1,0,0,0,0
138.3,4.1,0,5,335.0,14.0,2,5,0,0,2,499,65,31,0.0,11.0,0,0,1,1,9,8,1,0,0,1,0,0
116.1,5.0,3916,10,936.0,11.0,0,1425,0,0,3,2819,383,99,1.0,32.0,0,0,0,0,0,7,0,0,0,0,1,0
5.0,3.2,1442,4,472.0,32.0,0,241,0,0,1,2958,359,182,1.0,7.0,0,1,0,0,7,2,0,0,0,1,0,0
207.05,3.3,2372,3,393.0,23.0,3,1339,0,1,3,3827,232,123,0.0,13.0,0,0,0,1,3,6,1,0,1,0,0,0
270.04,4.9,954,3,332.0,25.0,0,1865,0,1,2,2320,93,40,4.0,23.0,0,0,0,0,2,2,0,1,0,0,0,0
191.72,2.9,5120,2,294.0,16.0,2,614,1,1,3,2301,259,123,0.0,11.0,1,0,0,1,5,5,1,0,0,0,1,0
261.8,3.3,335,1,231.0,8.0,0,1143,0,1,2,4444,525,306,1.0,15.0,0,1,1,1,4,8,1,1,0,0,0,0
130.97,4.5,1484,3,448.0,16.0,1,1878,1,1,2,813,44,49,0.0,13.0,0,0,0,0,8,5,0,1,0,0,0,0
101.68,3.9,701,7,528.0,7.0,0,3885,0,0,4,1281,16,87,2.0,13.0,1,0,1,1,3,8,1,1,0,0,0,0
44.23,3.1,421,6,616.0,25.0,1,2122,1,1,5,4993,384,343,4.0,9.0,1,0,0,0,1,9,0,0,0,1,0,0
140.29,4.2,3838,3,481.0,4.0,0,3159,1,1,2,2800,395,88,2.0,9.0,1,0,0,1,6,7,0,0,0,0,0,0
119.58,3.9,2988,7,312.0,15.0,0,199,1,1,3,3513,516,33,3.0,10.0,0,0,0,0,0,9,0,0,0,1,0,0
247.84,4.3,4529,3,514.0,6.0,0,5,1,0,3,4878,642,234,0.0,8.0,0,0,0,0,7,3,0,0,0,0,0,1
154.57,3.8,0,5,403.7255102040816,9.0,2,37,0,1,4,2948,328,67,3.0,8.0,0,0,1,1,8,8,1,0,0,1,0,0
166.51,4.5,0,3,221.0,4.0,0,2720,0,1,2,2320,234,122,0.0,9.0,0,0,0,1,7,8,1,0,1,0,0,0
94.98,3.7,1827,6,549.0,41.0,1,2263,1,0,1,3070,199,230,2.0,6.0,0,0,0,1,0,6,1,0,0,0,0,1
111.65,3.5,58,4,506.0,13.0,1,2311,1,1,1,616,74,44,0.0,0.0,0,0,0,0,1,7,0,0,0,0,1,0
115.53,4.9,3908,2,336.0,8.0,0,187,1,1,4,344,38,17,3.0,12.0,1,0,0,0,0,9,0,0,0,0,0,0
201.5,5.0,421,5,849.0,14.0,0,2398,1,1,3,764,110,6,1.6757142857142857,14.0,1,0,0,0,9,2,0,0,0,1,0,0
57.52,3.6,0,5,20.0,23.0,2,1288,0,0,2,3406,480,200,0.0,9.0,0,0,1,1,2,5,0,0,0,1,0,0
142.59,3.0,1496,6,241.0,14.0,0,2008,1,1,1,3033,65,35,0.0,12.0,1,0,0,1,7,0,1,0,0,0,0,1
128.52,3.5,6135,5,897.0,8.0,0,2604,1,0,2,4928,406,338,4.0,23.0,0,1,0,0,2,3,0,0,0,1,0,0
123.65,3.4,0,1,243.0,16.0,1,311,1,1,2,3717,102,286,0.0,12.0,0,0,0,1,7,4,0,0,0,0,0,1
102.04,3.9,1649,4,332.0,27.0,1,1230,1,1,3,2628,289,124,0.0,8.0,0,0,1,1,0,3,1,0,0,1,0,0
158.3,4.6,1558,8,454.0,11.0,1,1967,1,0,4,1788,196,137,3.0,1.0,1,0,1,0,9,0,0,0,0,0,1,0
123.94,4.7,368,2,333.0,11.0,2,689,1,0,3,734,57,23,1.0,6.0,0,0,0,1,0,3,0,0,0,0,0,0
100.71,3.8,0,3,378.0,34.0,3,319,1,0,1,4753,485,222,3.0,8.0,0,1,0,0,3,8,0,1,0,0,0,0
56.33,3.5,0,3,20.0,8.0,0,164,0,0,1,2949,128,119,3.0,4.0,0,0,0,1,5,9,1,0,1,0,0,0
5.0,3.2,618,2,658.0,10.0,1,2851,0,1,1,4487,225,139,0.0,0.0,1,0,0,1,6,4,0,1,0,0,0,0
208.0,4.4,1688,3,20.0,5.0,1,1325,1,1,2,3546,250,61,4.0,12.0,1,0,0,0,4,6,0,0,1,0,0,0
146.24,3.1,0,3,134.0,41.0,2,2920,1,1,3,4501,49,66,1.0,11.988333333333333,0,0,0,0,4,1,0,0,0,1,0,0
151.56,4.2,1397,5,462.0,26.0,0,1539,0,1,1,4557,120,107,2.0,12.0,0,0,0,1,1,5,0,0,1,0,0,0
169.62,3.6,2167,5,591.0,13.0,1,407,1,1,2,4490,294,256,4.0,12.0,1,0,0,0,7,3,0,1,0,0,0,0
88.85,3.9,2032,3,354.0,15.0,2,1332,0,0,6,3932,355,156,3.0,0.0,0,0,0,1,4,6,1,0,1,0,0,0
308.96,4.7,2096,6,880.0,1.0,0,2395,1,0,4,3113,39,136,3.0,19.0,0,0,0,0,2,9,0,1,0,0,0,0
194.68,4.1,1337,5,132.0,7.0,2,1654,1,0,1,3974,168,142,4.0,11.0,0,0,1,0,4,1,0,0,0,0,0,0
117.28,4.0,0,3,20.0,29.0,2,1136,1,1,1,1209,93,12,0.0,10.0,1,1,0,1,6,2,1,0,0,0,0,1
97.4,3.5,3535,4,454.0,1.0,0,1131,1,1,5,3459,243,73,5.0,14.0,0,0,0,1,0,2,0,0,0,1,0,0
133.5,3.978268041237113,3825,3,615.0,6.0,0,2218,1,1,3,4757,270,233,3.0,23.0,0,0,0,0,7,7,0,0,0,0,1,0
154.37,3.4,2165,5,634.0,9.0,0,1703,1,1,2,402,26,18,1.0,17.0,0,0,0,0,0,4,0,0,1,0,0,0
259.57,4.5,1923,5,455.0,1.0,0,525,1,1,4,2933,224,221,1.0,7.0,0,0,0,1,5,0,0,0,0,1,0,0
130.23,3.6,1975,4,599.0,17.0,0,2142,1,1,5,814,70,40,3.0,26.0,1,0,0,0,8,0,0,1,0,0,0,0
5.0,3.1,0,3,20.0,45.0,3,585,1,0,1,1254,21,65,0.0,0.0,1,1,1,1,1,7,0,0,0,0,0,1
69.82,3.978268041237113,1248,1,406.0,1.0,1,3349,0,0,3,1199,83,12,0.0,12.0,0,0,0,1,2,4,0,0,1,0,0,0
183.7,4.1,3064,2,293.0,18.0,1,1378,1,0,3,1052,57,78,0.0,11.0,0,0,0,1,3,8,1,0,0,1,0,0
148.81,3.5,695,2,274.0,21.0,1,372,1,1,1,1672,237,16,3.0,6.0,1,0,0,1,0,4,0,0,0,0,1,0
216.28,4.6,1473,6,403.7255102040816,10.0,1,259,1,0,6,335,11,2,2.0,14.0,1,0,0,0,5,1,0,0,1,0,0,0
69.87,4.2,0,2,20.0,23.0,3,5,1,0,1,3832,178,27,3.0,11.0,0,0,0,0,0,1,0,0,0,0,0,1
207.53,4.5,4226,3,327.0,18.0,0,1228,1,1,5,1566,74,120,5.0,14.0,0,0,0,0,2,5,0,0,0,1,0,0
263.51,4.4,3819,7,520.0,3.0,0,2230,1,0,5,1709,195,11,1.0,21.0,0,0,0,0,4,5,0,0,1,0,0,0
104.72,3.2,1238,2,20.0,13.0,1,1210,1,1,5,4382,272,95,5.0,10.0,0,0,0,1,5,2,0,0,0,0,0,0
116.93,3.4,0,1,100.0,23.0,0,986,1,1,1,1271,25,41,1.0,5.0,0,0,1,1,7,1,1,0,0,0,1,0
59.48,4.1,0,3,147.0,13.0,1,5,1,1,1,3654,380,63,2.0,10.0,0,0,1,1,2,6,0,0,0,0,0,0
185.22,3.5,2840,4,337.0,5.0,0,5,0,1,3,633,64,25,2.0,9.0,1,1,0,0,1,6,0,0,0,1,0,0
252.1,4.4,3690,3,632.0,1.0,0,2817,1,1,5,2066,195,51,4.0,11.988333333333333,0,0,0,0,2,7,0,0,0,0,0,0
170.51,3.7,1924,4,160.0,8.0,1,143,0,0,3,3061,87,102,0.0,14.0,0,0,0,0,2,1,0,0,0,0,0,1
101.88,4.1,4900,5,674.0,1.0,0,3312,1,1,3,1302,187,8,2.0,26.0,0,0,0,0,1,2,0,0,1,0,0,0
92.63,3.7,485,1,20.0,12.0,1,260,1,0,1,1341,186,50,1.0,16.0,0,0,0,1,5,0,0,0,1,0,0,0
200.8,5.0,4152,5,873.0,1.0,0,762,1,1,3,3541,364,277,4.0,7.0,0,0,0,0,8,7,0,0,0,0,1,0
204.61,4.6,243,1,158.0,14.0,1,268,1,0,3,4582,226,298,0.0,20.0,0,0,0,0,2,2,0,0,0,1,0,0
138.01,4.1,0,4,854.0,27.0,1,3046,1,1,3,3121,224,227,3.0,8.0,0,1,0,0,8,8,0,0,0,1,0,0
5.0,4.4,0,1,66.0,24.0,1,5,1,0,1,2609,103,21,0.0,6.0,1,1,0,0,0,1,0,1,0,0,0,0
124.04,4.0,0,1,212.0,19.0,1,355,1,1,3,3146,142,85,0.0,1.0,0,0,0,0,0,0,0,0,0,1,0,0
279.44,4.4,1070,4,782.0,19.0,0,1262,1,1,3,2553,144,43,0.0,7.0,1,0,0,1,1,2,1,0,1,0,0,0
160.53,3.5,1991,3,352.0,25.0,0,2930,1,0,5,3461,228,220,1.0,12.0,1,0,0,1,4,4,0,0,0,0,0,0
94.76,4.7,3645,6,683.0,23.0,0,1435,1,1,2,1486,154,17,3.0,17.0,0,0,0,0,1,8,0,0,0,1,0,0
152.43,4.3,4185,6,847.0,1.0,2,2357,1,0,6,2771,313,185,2.0,11.0,0,0,0,0,8,5,0,0,0,0,0,1
261.8,5.0,2284,7,219.0,1.0,0,3312,1,1,5,2643,349,117,4.0,19.0,0,0,0,0,7,3,0,1,0,0,0,0
138.46,4.5,613,2,662.0,17.0,0,1653,1,1,3,661,84,41,0.0,15.0,1,0,0,1,1,3,0,0,1,0,0,0
159.6,3.6,2221,5,448.0,20.0,2,1243,1,0,1,1101,25,40,5.0,13.0,0,0,0,0,0,9,0,0,0,1,0,0
219.23,4.5,818,5,319.0,12.0,0,1861,1,1,1,2681,322,116,0.0,23.0,1,0,0,0,6,8,0,0,1,0,0,0
77.79,3.6,0,1,214.0,23.0,1,933,1,1,2,4986,676,66,0.0,18.0,0,1,0,0,8,0,0,0,1,0,0,0
111.78,3.8,569,4,506.0,9.0,0,5,1,1,1,2237,131,21,0.0,11.0,0,0,0,1,3,2,0,0,1,0,0,0
300.54,4.7,4968,4,496.0,17.0,0,2333,1,1,3,4439,644,37,3.0,18.0,0,1,0,0,2,0,0,0,0,0,0,0
41.92,3.2,0,2,455.0,38.0,4,1686,0,1,2,2353,105,28,0.0,0.0,1,1,0,0,3,3,0,0,1,0,0,0
103.93,4.8,2380,3,273.0,9.0,1,1438,1,1,4,2300,51,73,3.0,0.0,0,0,1,1,0,0,1,0,0,1,0,0
341.51,3.7,3958,1,799.0,1.0,0,2290,1,1,4,1526,98,97,4.0,10.0,0,0,0,0,2,1,0,0,0,0,0,1
300.17,4.2,2116,5,607.0,3.0,0,5,0,1,3,2126,50,105,2.0,32.0,0,0,0,0,7,4,0,0,0,1,0,0
134.6,4.0,2146,4,279.0,16.0,1,1809,1,0,5,4225,601,95,0.0,24.0,0,0,0,0,5,2,0,0,0,0,0,0
378.46,4.5,1363,5,751.0,1.0,0,2952,1,1,5,960,93,8,4.0,18.0,1,0,0,0,1,5,0,0,0,1,0,0
155.51,4.3,1388,5,97.0,21.0,0,1305,0,0,3,1224,146,27,2.0,5.0,0,0,0,0,4,4,0,0,0,0,0,1
49.37,4.5,1142,6,656.0,8.0,0,1726,1,0,2,593,85,16,4.0,8.0,1,0,0,1,7,2,1,0,0,1,0,0
249.95,3.9,903,7,587.0,10.0,0,2367,1,1,1,4454,548,221,1.0,17.0,0,0,0,0,1,5,0,0,0,1,0,0
171.9,4.1,0,4,419.0,25.0,1,3215,0,1,2,3692,310,293,0.0,27.0,0,0,0,0,5,6,0,0,1,0,0,0
307.36,4.0,1272,4,524.0,1.0,2,1452,1,1,1,2693,128,34,3.0,4.0,0,0,1,0,2,0,0,0,0,1,0,0
164.83,4.8,4543,2,980.0,5.0,0,3141,1,1,3,1562,197,35,2.0,19.0,0,0,0,0,9,9,0,0,1,0,0,0
129.97,3.2,0,1,88.0,54.0,2,1148,1,1,1,120,17,5,1.0,11.988333333333333,0,0,1,1,0,5,0,1,0,0,0,0
75.44,3.6,1604,5,548.0,19.0,0,524,1,1,4,2391,254,116,1.0,19.0,0,0,0,0,6,9,0,0,0,0,0,1
156.12,4.1,1491,3,315.0,1.0,0,2177,1,1,2,2390,327,59,1.6757142857142857,13.0,0,0,0,0,6,5,0,0,0,0,0,1
82.72,3.7,1961,4,47.0,8.0,0,1877,1,0,1,4496,549,37,3.0,23.0,0,0,0,0,2,1,0,0,1,0,0,0
147.34,3.7,1663,1,341.0,16.0,1,2091,0,0,3,1558,24,56,4.0,3.0,0,0,0,1,1,9,1,0,0,0,1,0
165.8,3.7,0,4,280.0,18.0,0,5,1,1,2,4446,205,168,0.0,6.0,0,1,0,1,5,0,1,0,1,0,0,0
69.79,3.978268041237113,1281,5,388.0,30.0,0,3781,1,0,4,4605,219,253,0.0,21.0,0,0,0,1,7,8,0,0,0,0,1,0
208.67,4.3,2663,4,407.0,11.0,0,2387,0,0,2,1729,83,79,4.0,17.0,0,0,0,0,8,0,0,1,0,0,0,0
59.41,3.8,3457,1,310.0,1.0,0,2320,1,0,5,2518,290,78,0.0,23.0,0,0,0,0,4,8,0,0,0,1,0,0
210.94,3.8,4020,1,539.0,23.0,0,5,1,1,5,4482,560,136,0.0,14.0,0,0,0,1,0,1,1,0,1,0,0,0
257.04,3.9,5214,5,782.0,1.0,0,1380,1,0,4,452,29,17,1.6757142857142857,27.0,0,0,0,0,7,0,0,0,0,0,1,0
230.41,4.4,0,4,633.0,16.0,0,970,0,1,5,2916,44,102,1.0,6.0,1,1,0,1,1,8,0,0,0,0,0,0
149.68,4.6,1090,2,403.7255102040816,1.0,0,1368,1,1,4,4167,467,45,0.0,15.0,1,1,0,0,7,5,0,0,0,0,1,0
237.63,4.8,3153,3,425.0,7.0,3,133,1,1,4,3403,34,154,3.0,13.0,0,0,0,1,8,1,1,0,0,0,1,0
224.21,4.2,3131,3,788.0,17.0,0,1110,0,1,4,4413,427,59,5.0,6.0,0,0,0,0,2,6,0,0,0,0,0,0
156.5,3.3,615,3,510.0,14.0,0,887,1,1,2,4018,42,62,3.0,7.0,0,0,0,1,8,1,1,1,0,0,0,0
72.04,3.978268041237113,0,7,272.0,1.0,2,5,1,0,3,522,67,4,1.0,14.0,0,0,0,1,2,1,0,0,0,0,0,1
63.57,2.8,0,1,155.0,27.0,2,595,1,0,2,751,24,13,1.6757142857142857,0.0,0,0,0,0,6,2,0,1,0,0,0,0
58.6,4.9,4737,4,589.0,26.0,1,896,1,1,5,1978,41,57,3.0,0.0,0,0,0,0,8,3,0,0,0,0,1,0
181.71,4.1,1675,7,548.0,13.0,0,5,1,1,6,507,36,39,2.0,4.0,0,0,0,0,0,0,0,0,0,1,0,0
154.31,4.6,2967,3,724.0,1.0,1,853,1,1,1,2178,287,32,2.0,1.0,1,0,0,1,4,1,0,0,0,0,0,0
130.96,3.3,0,2,20.0,8.0,0,5,0,1,2,2436,175,173,1.0,22.0,0,0,0,1,3,1,0,0,0,0,0,0
127.7,3.8,3904,1,129.0,15.0,1,1821,0,1,2,2695,285,158,0.0,14.0,0,1,0,1,6,7,1,1,0,0,0,0
54.59,3.5,0,2,654.0,16.0,0,122,1,1,1,4838,495,173,0.0,0.0,1,0,0,1,2,9,0,0,1,0,0,0
166.38,3.9,0,5,498.0,5.0,0,384,1,1,4,309,5,11,0.0,25.0,0,0,0,0,4,8,0,0,1,0,0,0
293.63,4.1,1335,5,441.0,24.0,0,5,1,1,1,1872,259,99,3.0,0.0,0,0,1,1,3,0,1,0,0,0,0,0
279.18,3.6,2344,6,977.0,7.0,0,1625,1,1,1,4349,398,224,2.0,23.0,1,0,0,0,9,9,0,0,0,0,0,1
133.3,3.6,4354,2,180.0,8.0,1,1184,1,0,2,4678,629,317,1.0,1.0,1,0,0,0,1,1,0,0,0,1,0,0
134.28,3.5,2674,5,493.0,13.0,0,146,0,0,2,4229,400,115,3.0,13.0,0,0,0,0,8,0,0,0,0,0,0,1
57.56,4.2,1267,7,661.0,22.0,0,2353,1,1,4,4399,202,241,3.0,11.0,0,0,0,0,3,0,0,0,0,0,0,0
120.78,4.1,3771,1,346.0,27.0,1,1187,0,0,3,2395,340,165,2.0,18.0,0,0,0,0,1,3,0,0,0,1,0,0
80.71,4.6,1407,6,271.0,15.0,0,2203,0,1,3,1581,162,98,3.0,15.0,0,0,0,0,0,2,0,0,1,0,0,0
159.44,4.0,2897,1,159.0,7.0,1,850,1,1,3,3626,164,31,0.0,17.0,0,0,0,0,0,6,0,0,0,0,1,0
325.22,4.9,3099,5,667.0,24.0,0,1126,1,0,1,4025,124,104,2.0,32.0,0,0,0,1,2,6,1,0,1,0,0,0
5.0,3.5,79,1,149.0,35.0,1,5,1,1,1,278,18,3,0.0,14.0,0,0,0,0,4,3,0,0,0,1,0,0
172.5,3.4,1209,4,100.0,32.0,1,1922,0,0,3,1058,153,60,3.0,0.0,0,1,1,0,7,9,0,1,0,0,0,0
164.83,4.9,2105,4,315.0,13.0,0,899,1,1,1,4106,65,188,1.0,19.0,0,0,0,0,5,9,0,1,0,0,0,0
201.37,4.7,5314,6,722.0,1.0,0,828,1,0,5,2729,374,136,3.0,6.0,0,0,0,0,9,0,0,0,0,0,1,0
144.91,4.3,1531,8,701.0,2.0,0,1453,0,1,1,3087,356,100,1.0,26.0,1,0,0,0,7,0,0,1,0,0,0,0
264.98,4.7,2076,3,270.0,12.0,1,1820,1,1,3,2836,108,133,1.0,27.0,0,1,0,1,8,4,1,0,0,0,0,0
65.5,2.9,591,2,20.0,15.230456852791878,1,2081,1,1,2,3750,500,60,0.0,0.0,0,0,0,1,4,2,0,0,0,1,0,0
208.28,4.0,2272,1,603.0,7.0,0,703,1,1,3,1932,46,129,1.6757142857142857,18.0,0,0,1,0,4,8,1,0,0,0,0,0
28.67,3.3,2287,1,111.0,19.0,0,1946,0,0,1,1453,68,69,0.0,4.0,0,0,0,1,9,3,0,0,0,1,0,0
5.0,3.3,0,1,458.0,21.0,1,286,0,0,2,2903,120,206,0.0,13.0,1,0,1,1,3,7,0,0,0,0,1,0
111.51,4.2,3387,2,589.0,16.0,0,1667,1,0,4,4255,223,275,3.0,7.0,1,0,1,0,6,6,0,0,0,0,0,1
28.02,4.7,0,1,485.0,35.0,1,132,0,1,1,3715,148,207,0.0,0.0,1,0,0,0,3,3,0,1,0,0,0,0
5.0,2.2,0,2,111.0,28.0,2,516,0,0,1,1399,160,86,0.0,4.0,0,1,0,1,7,9,0,0,1,0,0,0
344.33,3.5,1860,3,643.0,22.0,2,844,1,1,3,3807,80,20,0.0,18.0,0,0,0,0,7,0,0,0,0,0,0,1
74.61,3.6,1172,1,594.0,26.0,1,1509,0,1,1,4556,326,303,3.0,15.0,0,0,0,0,5,3,0,0,1,0,0,0
158.0,3.9,1790,3,170.0,35.0,1,5,0,1,2,210,11,8,1.0,17.0,1,0,1,1,0,1,1,0,0,1,0,0
87.63,3.4,0,4,307.0,24.0,0,354,0,1,2,2910,218,195,1.0,7.0,0,1,0,0,1,2,0,0,1,0,0,0
134.78,4.5,1794,6,398.0,22.0,1,1030,0,1,5,4633,561,185,1.0,36.0,1,0,0,0,1,0,0,0,1,0,0,0
297.47,4.7,4051,7,740.0,1.0,0,3734,1,1,3,392,25,11,3.0,23.0,1,0,0,0,9,6,1,0,1,0,0,0
114.34,3.1,4753,6,535.0,12.0,0,447,1,0,1,4085,597,264,2.0,15.0,0,0,1,0,5,9,0,0,1,0,0,0
31.48,4.7,3278,1,199.0,9.0,1,1909,1,1,1,3747,472,112,3.0,9.0,0,1,0,0,0,8,0,0,1,0,0,0
61.86,3.7,0,2,618.0,30.0,0,5,0,1,1,4337,137,210,1.0,11.0,1,0,0,0,3,2,0,0,1,0,0,0
195.22,3.978268041237113,5338,6,496.0,11.0,0,3613,1,1,4,2192,324,52,5.0,17.0,0,1,0,0,7,4,1,0,0,0,0,0
142.16,4.5,2643,3,363.0,1.0,0,1945,1,1,4,2129,58,93,3.0,15.0,0,0,0,0,0,4,0,0,0,0,0,1
24.0,4.1,2940,3,416.0,14.0,1,1541,1,1,3,2918,85,29,2.0,9.0,0,0,0,0,7,1,0,0,0,1,0,0
44.6,4.0,307,2,419.0,15.0,0,1362,1,1,4,1282,49,87,0.0,4.0,0,0,0,1,4,5,1,0,1,0,0,0
195.08,5.0,0,6,998.0,1.0,0,1780,1,1,3,1040,32,19,1.0,16.0,1,0,0,1,3,9,0,0,0,1,0,0
320.68,4.5,1708,4,673.0,12.0,0,3118,1,1,2,3064,405,70,3.0,8.0,0,0,0,0,7,4,0,0,0,0,1,0
113.64,4.0,1873,3,244.0,25.0,1,477,0,0,6,4047,221,247,1.0,3.0,0,0,0,0,2,7,0,0,0,0,0,1
162.66,5.0,4867,3,425.0,16.0,0,1999,1,1,3,655,53,29,3.0,10.0,0,0,0,0,5,3,0,0,0,0,0,0
5.0,3.3,0,2,266.0,32.0,1,2896,1,0,1,2139,281,69,2.0,14.0,0,0,1,0,8,3,0,0,1,0,0,0
296.46,4.2,1579,4,578.0,1.0,0,1082,1,1,3,100,2,0,0.0,2.0,1,1,0,0,6,7,0,0,0,0,0,0
5.0,3.2,0,1,68.0,14.0,1,567,1,1,1,4626,646,34,0.0,0.0,0,0,1,1,3,3,0,0,0,0,1,0
110.27,4.2,0,7,721.0,16.0,0,867,1,1,2,4435,136,303,2.0,14.0,0,0,0,0,7,6,0,1,0,0,0,0
175.16,4.5,0,3,643.0,26.0,0,5,0,1,4,3392,331,149,1.0,1.0,0,0,1,0,0,1,0,0,0,0,0,0
166.21,4.1,555,5,416.0,12.0,0,1798,1,0,4,2200,54,61,1.0,13.0,0,0,1,0,3,3,0,0,0,0,0,1
94.12,3.2,0,4,417.0,12.0,2,1999,1,0,1,3570,364,252,1.0,3.0,0,0,0,0,5,4,0,0,1,0,0,0
220.45,4.0,1539,5,209.0,14.0,1,151,0,1,4,198,3,2,2.0,10.0,1,0,1,1,2,8,1,0,0,0,0,0
239.15,3.1,0,5,429.0,13.0,0,939,1,0,2,3448,504,169,0.0,28.0,0,0,1,1,6,8,0,0,0,1,0,0
260.5,3.7,706,2,245.0,15.0,1,1069,0,1,5,751,79,20,4.0,19.0,0,0,0,1,7,9,1,0,1,0,0,0
69.08,3.9,3997,3,889.0,20.0,0,272,1,0,1,816,8,58,4.0,14.0,0,0,1,0,6,5,0,0,0,0,0,1
145.94,3.9,0,2,182.0,33.0,1,745,1,0,3,3749,408,209,0.0,4.0,0,0,0,0,0,6,0,0,0,0,0,0
132.71,4.8,1687,4,20.0,45.0,1,1898,1,1,1,3355,322,242,0.0,0.0,0,0,1,1,1,9,0,0,0,1,0,0
115.37,3.7,0,1,455.0,14.0,2,1921,1,0,1,4057,403,267,1.0,25.0,1,0,1,1,5,1,1,0,0,0,1,0
183.72,3.3,0,1,522.0,30.0,0,1482,1,1,1,3229,175,85,3.0,8.0,0,0,0,0,3,6,0,0,0,0,1,0
177.29,4.5,2221,4,584.0,21.0,1,2606,1,1,4,4158,105,38,5.0,9.0,1,0,0,0,1,5,0,0,0,1,0,0
310.25,5.0,5402,6,646.0,3.0,0,3056,0,1,5,862,72,10,4.0,33.0,0,0,0,0,5,2,0,1,0,0,0,0
137.87,4.1,4357,3,520.0,21.0,1,3110,0,0,2,959,14,5,1.0,0.0,0,0,0,0,5,0,0,0,0,0,0,1
53.36,3.2,1383,3,186.0,19.0,2,1004,1,0,2,2232,79,85,2.0,7.0,0,1,0,1,9,6,0,0,0,0,0,0
188.05,4.4,0,5,477.0,20.0,0,139,1,0,5,351,23,12,1.0,11.0,0,0,0,0,0,5,0,0,0,0,1,0
264.67,3.7,1620,5,662.0,1.0,1,629,1,1,3,3295,140,168,2.0,11.988333333333333,1,0,0,0,1,6,0,1,0,0,0,0
34.64,4.0,1165,1,386.0,20.0,0,2869,0,1,4,1449,113,17,2.0,18.0,0,0,0,0,3,9,0,0,1,0,0,0
324.45,4.8,1205,8,506.0,17.0,1,2038,1,1,4,1084,137,67,4.0,20.0,0,0,0,0,3,3,0,1,0,0,0,0
235.93,4.3,4973,5,721.0,21.0,1,1324,1,1,4,4983,664,283,3.0,14.0,0,1,0,0,0,7,0,0,0,0,0,1
260.78,4.5,4951,6,626.0,19.0,0,4000,1,1,3,2746,209,173,3.0,21.0,0,0,0,0,7,0,0,0,0,0,0,0
289.61,4.8,2152,5,568.0,23.0,0,1706,1,0,5,4698,397,283,3.0,34.0,0,0,0,0,5,5,0,0,0,0,1,0
164.39,4.1,24,2,209.0,25.0,2,3518,1,1,2,2790,392,116,0.0,11.988333333333333,0,0,0,1,5,3,0,0,0,0,1,0
156.2,3.4,3620,3,151.0,5.0,0,944,0,0,1,481,14,18,0.0,17.0,1,0,0,1,8,0,1,1,0,0,0,0
125.13,4.6,79,1,347.0,21.0,1,600,1,0,4,1789,236,53,3.0,5.0,0,0,1,0,0,7,0,0,0,0,1,0
149.36,3.3,735,1,151.0,32.0,0,1077,0,0,3,1365,98,24,1.0,10.0,0,0,0,1,8,5,0,0,0,0,0,0
150.29,4.3,0,6,20.0,6.0,0,1001,1,0,4,4799,524,285,3.0,11.988333333333333,0,0,0,0,2,8,0,0,0,0,0,0
59.97,4.2,1269,6,430.0,1.0,1,2618,1,1,1,2756,313,13,4.0,14.0,1,0,0,0,5,4,0,1,0,0,0,0
62.75,3.7,1296,3,206.0,13.0,1,2373,0,1,1,357,33,16,0.0,6.0,1,1,0,1,4,7,0,0,0,1,0,0
237.68,4.4,0,1,697.0,24.0,1,3257,1,1,1,3055,413,201,1.0,1.0,0,0,0,1,2,7,0,0,0,1,0,0
341.61,3.0,1100,1,316.0,16.0,2,5,0,0,3,818,20,49,0.0,11.988333333333333,1,0,0,0,3,1,0,1,0,0,0,0
166.43,4.3,7687,1,403.7255102040816,13.0,0,1882,1,1,2,635,38,48,0.0,19.0,0,1,0,1,4,9,0,0,0,0,0,1
95.75,4.0,902,4,417.0,30.0,0,2882,1,1,1,2544,368,115,0.0,5.0,0,0,0,0,1,1,0,0,0,0,1,0
242.6,3.6,694,5,371.0,22.0,2,1103,0,1,3,2368,242,96,3.0,11.0,0,0,0,1,8,3,1,0,0,1,0,0
291.56,3.4,93,3,319.0,7.0,0,3121,1,1,2,1094,162,60,2.0,8.0,1,0,0,1,7,3,0,0,0,1,0,0
143.65,4.9,2819,7,212.0,17.0,0,685,1,1,1,1373,137,74,3.0,16.0,0,0,0,0,7,5,0,1,0,0,0,0
50.52,2.9,2313,1,428.0,10.0,2,33,1,1,1,1505,112,71,2.0,7.0,0,0,1,1,3,2,0,1,0,0,0,0
302.57,3.3,1642,4,977.0,36.0,0,1354,1,1,2,319,22,16,1.0,16.0,1,0,1,0,3,6,0,0,0,1,0,0
87.3,4.1,1712,4,446.0,32.0,0,730,0,0,1,296,28,13,1.0,21.0,1,0,1,0,7,6,0,0,1,0,0,0
5.0,3.1,1861,1,188.0,34.0,2,5,1,0,1,2264,155,40,0.0,4.0,1,1,0,0,4,8,0,0,0,0,0,0
103.49,4.1,1057,2,506.0,18.0,0,1789,0,0,4,76,1,1,2.0,24.0,0,0,1,0,4,1,0,0,0,0,0,1
346.21,5.0,2642,6,626.0,1.0,0,4000,1,1,4,3643,390,193,4.0,21.0,1,0,0,0,0,6,0,0,0,0,0,0
134.54,4.0,4809,3,611.0,19.0,0,3515,1,0,3,2617,142,57,3.0,5.0,0,0,0,0,5,8,0,0,0,1,0,0
156.4,4.4,3543,2,862.0,19.0,0,2247,1,0,5,273,25,18,2.0,11.988333333333333,0,0,0,1,7,8,1,1,0,0,0,0
255.72,4.4,0,4,130.0,17.0,0,945,1,1,4,3486,455,169,5.0,10.0,0,0,0,0,7,8,0,0,0,1,0,0
256.73,4.0,4799,6,397.0,11.0,2,477,0,0,5,4752,131,189,2.0,18.0,0,0,0,1,8,8,0,0,0,1,0,0
261.27,4.6,5180,4,738.0,1.0,0,4000,1,1,3,3469,157,238,5.0,27.0,0,0,0,0,9,4,0,1,0,0,0,0
169.08,3.2,4917,5,145.0,17.0,1,1505,1,1,2,2576,359,153,1.0,18.0,1,0,0,0,9,4,0,0,0,0,1,0
89.97,4.6,812,1,670.0,14.0,0,5,1,1,1,2174,52,116,1.0,16.0,0,0,0,0,0,1,1,1,0,0,0,0
141.9,4.0,2707,8,630.0,4.0,1,2670,1,0,1,1084,137,50,2.0,4.0,0,1,0,1,2,1,0,0,0,0,0,1
136.38,3.3,0,6,415.0,11.0,1,706,1,1,1,1251,93,92,2.0,0.0,0,1,0,1,7,3,1,0,0,0,0,1
62.58,4.6,0,5,157.0,26.0,2,2708,1,0,5,2245,112,99,4.0,14.0,1,0,0,0,3,1,0,0,0,0,0,0
191.52,4.0,1375,3,146.0,8.0,0,2331,1,1,4,3762,56,215,3.0,14.0,0,0,0,0,0,3,1,0,0,0,0,1
179.35,4.1,778,7,319.0,1.0,0,970,1,1,3,66,5,5,2.0,0.0,1,0,0,0,2,7,0,0,0,0,0,1
117.55,4.7,2204,4,706.0,22.0,0,1466,1,1,5,3466,355,168,3.0,25.0,0,0,0,0,4,3,0,0,0,0,0,1
99.95,4.2,498,5,555.0,1.0,1,2399,1,1,4,416,19,6,1.0,25.0,0,0,0,0,9,9,0,0,0,1,0,0
149.69,4.7,1111,3,317.0,17.0,0,1069,0,1,2,4091,519,251,1.0,23.0,0,0,0,1,3,8,0,0,0,1,0,0
159.09,4.1,4471,1,365.0,12.0,2,2485,1,1,3,2219,240,163,2.0,12.0,1,0,1,1,9,9,0,0,0,0,0,1
90.88,4.6,2354,3,113.0,4.0,0,1215,1,0,4,4731,412,82,3.0,11.988333333333333,0,0,0,0,6,3,0,0,0,0,0,1
237.44,4.8,2908,4,705.0,6.0,2,3407,1,1,3,2462,187,45,3.0,18.0,1,0,0,0,2,2,0,0,0,0,1,0
40.37,4.0,2329,4,446.0,20.0,0,5,0,1,2,769,86,22,4.0,10.0,1,0,0,0,2,3,0,0,1,0,0,0
129.51,3.6,0,2,60.0,37.0,1,5,0,1,2,3647,537,218,0.0,3.0,0,0,0,1,5,2,0,0,1,0,0,0
81.66,4.6,384,3,55.0,16.0,0,401,1,1,5,1320,157,38,1.0,8.0,1,0,0,0,7,6,0,0,0,0,1,0
90.14,4.0,0,3,474.0,32.0,1,470,0,1,4,4765,427,164,0.0,14.0,0,0,1,0,8,4,0,0,1,0,0,0
157.84,5.0,3099,8,792.0,12.0,2,619,1,0,3,4559,193,268,3.0,24.0,0,0,0,0,3,6,0,0,0,0,1,0
235.7,3.9,4065,2,667.0,7.0,1,2724,1,1,2,1393,17,85,0.0,14.0,1,0,1,1,5,5,0,0,0,0,0,1
119.11,3.2,0,2,98.0,24.0,1,5,0,1,1,3506,514,49,0.0,3.0,1,1,0,1,9,4,1,0,1,0,0,0
99.22,3.4,0,1,405.0,32.0,4,1457,1,0,2,961,36,49,1.0,0.0,0,0,0,0,0,4,0,0,0,0,1,0
99.32,4.0,1631,4,421.0,21.0,0,2546,0,0,6,569,29,10,1.0,9.0,0,0,0,0,8,5,0,0,0,0,1,0
5.0,3.3,246,2,310.0,34.0,1,5,0,1,5,1681,178,88,2.0,20.0,0,0,0,0,8,7,0,0,0,0,0,1
83.54,3.978268041237113,2391,1,128.0,23.0,1,2339,0,1,1,844,117,34,1.0,1.0,0,1,0,1,3,9,1,0,0,0,1,0
68.43,3.7,412,1,157.0,24.0,1,110,0,0,1,760,53,44,0.0,3.0,0,0,0,1,6,2,1,0,1,0,0,0
104.72,3.8,2596,7,562.0,13.0,1,2174,1,0,2,2929,348,222,0.0,11.988333333333333,0,0,0,1,9,2,1,0,0,1,0,0
76.99,3.3,0,1,300.0,27.0,0,1275,1,1,1,4224,370,158,1.0,13.0,0,1,1,0,9,4,0,0,0,1,0,0
187.46,5.0,2665,3,408.0,10.0,0,2407,1,1,4,2859,261,160,4.0,0.0,0,0,1,0,4,8,0,0,0,0,0,0
241.99,3.5,3082,6,491.0,27.0,1,1611,1,1,2,4657,476,151,2.0,0.0,1,0,0,0,7,9,0,0,0,0,0,1
274.3,4.0,3479,5,20.0,40.0,0,2029,1,1,4,738,42,7,2.0,4.0,0,0,0,0,0,6,0,0,0,0,0,1
192.52,3.978268041237113,1807,2,755.0,25.0,2,2092,0,0,3,1568,181,47,1.0,21.0,1,1,0,1,8,0,1,0,0,0,0,1
95.84,4.2,3779,1,507.0,14.0,0,1061,1,1,3,2980,284,173,2.0,0.0,0,0,0,0,5,6,0,0,1,0,0,0
107.69,3.4,0,1,364.0,30.0,4,1107,1,1,1,1468,181,63,0.0,0.0,0,1,1,1,8,3,1,0,0,1,0,0
148.4,3.1,830,4,118.0,24.0,0,1097,1,1,5,1326,158,94,0.0,11.988333333333333,1,0,1,1,9,6,1,0,1,0,0,0
69.16,3.1,0,2,81.0,15.0,2,142,0,0,1,218,14,6,1.0,6.0,1,0,0,1,3,0,0,1,0,0,0,0
98.34,4.5,2823,3,134.0,10.0,0,1009,0,0,1,1662,70,14,0.0,17.0,0,0,0,1,5,7,0,1,0,0,0,0
153.98,3.3,1934,2,439.0,4.0,1,304,1,1,3,4398,108,33,2.0,2.0,0,0,1,0,8,5,0,0,0,0,0,0
204.09,3.6,1526,4,364.0,28.0,0,272,1,1,2,4727,58,279,0.0,0.0,0,1,0,1,1,0,0,0,0,0,1,0
49.12,4.1,2180,3,293.0,17.0,0,1821,1,1,1,901,62,10,1.0,6.0,1,0,0,0,7,1,0,0,0,0,1,0
5.0,2.3,0,3,20.0,23.0,3,5,0,1,1,2280,160,63,1.0,4.0,0,1,1,1,8,6,1,0,0,0,1,0
138.04,3.7,1462,5,292.0,2.0,2,875,0,1,3,417,8,7,2.0,10.0,0,1,1,0,7,2,0,0,0,0,1,0
240.46,4.4,0,1,235.0,15.0,1,5,1,1,1,374,24,20,1.0,15.0,0,0,0,1,3,2,1,0,1,0,0,0
5.0,4.4,0,3,283.0,24.0,1,659,0,1,1,1888,137,47,1.0,14.0,1,0,0,0,5,4,0,0,0,1,0,0
94.6,3.978268041237113,7384,5,678.0,33.0,0,1915,1,1,4,2485,103,174,2.0,11.0,0,0,0,0,8,4,0,0,1,0,0,0
310.09,5.0,3242,4,713.0,8.0,0,1239,1,1,3,2360,205,137,1.0,20.0,0,0,0,1,9,5,0,0,0,1,0,0
115.49,4.2,0,2,403.7255102040816,16.0,1,1097,1,0,3,3471,345,208,2.0,9.0,1,1,0,1,4,9,1,0,1,0,0,0
307.08,4.2,5228,2,617.0,8.0,0,4000,1,0,3,3096,417,72,3.0,25.0,0,0,0,0,0,1,0,0,1,0,0,0
104.63,5.0,1967,6,587.0,1.0,2,2855,1,1,5,4241,347,141,1.0,4.0,0,0,0,0,3,3,0,1,0,0,0,0
150.18,3.8,330,4,102.0,19.0,1,2111,1,1,1,1029,128,34,3.0,8.0,0,0,0,1,4,0,0,1,0,0,0,0
86.83,3.9,1499,4,129.0,6.0,0,1198,1,1,1,3363,195,185,3.0,11.0,0,0,0,0,2,8,0,0,0,1,0,0
150.35,3.9,3628,5,517.0,8.0,0,1868,0,0,5,1525,206,24,1.0,22.0,0,1,0,0,9,5,0,0,0,0,0,0
28.15,3.3,42,2,373.0,19.0,1,1535,0,1,2,1792,18,73,3.0,16.0,0,0,0,0,9,4,0,0,0,1,0,0
92.66,3.7,3355,5,475.0,15.0,0,2556,1,1,6,1293,62,94,4.0,15.0,1,0,0,0,0,2,0,0,0,1,0,0
111.52,3.6,629,3,213.0,31.0,1,970,1,1,1,4664,247,56,0.0,22.0,1,1,0,0,4,3,0,0,1,0,0,0
249.31,3.978268041237113,4023,5,403.7255102040816,8.0,0,2334,0,1,3,4288,84,172,2.0,13.0,0,0,0,0,8,6,0,0,1,0,0,0
187.54,4.5,570,6,521.0,2.0,1,1045,0,1,5,3594,511,228,5.0,16.0,0,1,0,0,5,9,0,0,0,1,0,0
101.97,3.8,2060,2,544.0,27.0,0,1149,1,1,3,2675,193,21,2.0,7.0,0,0,1,0,9,1,0,0,0,0,0,1
136.84,3.5,0,5,128.0,15.0,3,1029,0,0,2,2183,307,17,0.0,7.0,1,0,0,1,9,5,0,0,1,0,0,0
210.6,4.1,3892,6,356.0,2.0,0,2530,0,0,4,1758,186,64,4.0,6.0,0,0,0,0,3,6,0,0,0,0,1,0
109.43,4.0,2096,3,560.0,3.0,4,1559,1,0,1,4898,610,282,1.6757142857142857,20.0,0,1,0,1,5,9,1,0,0,0,0,1
100.29,4.2,2338,6,360.0,6.0,0,469,1,1,4,656,45,22,0.0,11.0,0,0,0,0,9,8,0,0,0,0,1,0
109.55,3.6,823,2,329.0,28.0,2,605,1,0,1,1923,197,106,0.0,13.0,0,0,1,1,0,3,1,0,0,0,1,0
117.55,4.4,608,2,653.0,3.0,2,1710,1,1,4,2487,41,123,2.0,13.0,0,0,0,1,6,5,1,1,0,0,0,0
277.0,5.0,3941,3,556.0,11.0,0,3011,1,1,4,2289,54,78,5.0,21.0,1,0,0,0,4,5,0,0,1,0,0,0
105.52,4.1,3143,3,85.0,18.0,2,819,1,1,4,4113,187,149,2.0,4.0,0,0,0,0,6,4,0,0,1,0,0,0
36.57,4.1,0,8,139.0,5.0,2,639,1,1,2,2425,195,91,2.0,12.0,0,0,0,1,4,5,1,0,0,0,0,1
61.58,3.6,2124,5,441.0,15.0,2,1254,0,0,1,4374,255,187,2.0,24.0,1,0,1,1,9,7,0,0,1,0,0,0
149.6,4.5,641,2,230.0,14.0,1,5,1,1,3,472,20,34,2.0,11.988333333333333,0,0,0,1,6,6,0,0,1,0,0,0
136.96,5.0,3841,5,522.0,11.0,0,2750,1,1,4,3709,140,210,3.0,35.0,0,0,0,0,1,2,0,0,0,0,0,0
197.91,4.8,529,3,602.0,1.0,1,2437,1,1,2,2636,67,75,3.0,0.0,0,0,0,0,4,0,0,0,0,1,0,0
157.41,3.6,899,3,372.0,6.0,3,1656,1,1,1,1243,56,64,1.0,13.0,0,0,0,0,2,7,0,0,0,0,1,0
102.63,4.2,1653,7,403.7255102040816,23.0,0,1297,1,1,6,1531,132,99,2.0,15.0,0,1,0,1,2,9,1,0,0,1,0,0
184.09,4.3,103,5,429.0,25.0,0,2264,1,1,3,3314,223,122,2.0,8.0,1,0,0,1,0,6,1,0,1,0,0,0
161.91,4.2,505,4,718.0,10.0,1,1100,1,1,3,3335,246,138,0.0,12.0,0,0,1,0,0,3,0,0,0,1,0,0
167.52,3.8,2004,1,195.0,25.0,2,1189,1,1,4,2453,171,111,0.0,0.0,0,0,1,1,7,1,1,0,0,0,0,1
246.38,3.2,1710,1,186.0,16.0,2,1675,1,0,4,1626,89,36,3.0,14.0,0,0,0,0,1,9,0,0,1,0,0,0
92.21,4.3,1247,2,253.0,5.0,0,2376,1,1,1,4311,314,40,1.0,11.0,0,0,0,0,3,3,1,0,1,0,0,0
5.62,3.9,1249,2,470.0,17.0,0,2760,1,1,4,4567,538,345,0.0,2.0,1,0,0,0,6,7,0,0,0,0,1,0
284.6,3.9,1742,6,720.0,21.0,0,3691,0,1,5,226,18,13,4.0,20.0,0,0,0,0,0,4,0,0,1,0,0,0
226.74,4.2,3400,4,776.0,3.0,2,505,1,0,1,2063,309,83,1.0,6.0,0,0,0,0,5,1,0,0,1,0,0,0
233.13,4.9,2251,3,721.0,17.0,1,462,1,1,2,3129,118,85,4.0,9.0,0,0,0,0,1,9,0,1,0,0,0,0
311.02,4.4,1704,7,286.0,12.0,5,5,1,0,2,3649,252,126,2.0,28.0,1,0,0,0,9,7,0,0,0,0,0,0
205.68,4.7,0,4,364.0,1.0,1,1437,1,0,4,4181,83,307,2.0,23.0,1,1,0,0,7,6,0,0,0,1,0,0
31.61,4.3,0,2,325.0,18.0,0,704,1,0,1,3391,449,104,4.0,8.0,1,1,0,0,4,4,0,1,0,0,0,0
214.49,3.8,0,1,223.0,29.0,1,1029,1,1,2,4837,522,176,0.0,16.0,1,1,0,0,5,7,1,0,1,0,0,0
169.52,3.7,3323,3,403.7255102040816,22.0,0,1071,1,1,3,534,68,5,4.0,20.0,1,0,0,1,5,8,1,0,1,0,0,0
108.6,3.1,0,4,500.0,18.0,1,1601,1,0,3,2157,253,89,0.0,0.0,0,0,1,0,0,7,0,0,0,1,0,0
251.83,3.4,0,4,651.0,19.0,0,1767,1,0,4,1031,31,72,2.0,17.0,0,0,0,0,8,7,0,0,1,0,0,0
44.82,4.4,2981,2,20.0,10.0,2,2487,0,1,5,949,20,6,1.0,13.0,1,0,0,0,1,2,0,0,1,0,0,0
53.12,3.3,1151,5,418.0,21.0,0,5,0,1,3,4120,471,226,5.0,5.0,0,0,0,1,1,9,0,0,1,0,0,0
135.88,4.2,3001,7,212.0,10.0,1,3821,0,1,3,3290,271,185,1.0,13.0,0,0,0,0,0,0,0,0,1,0,0,0
229.58,4.8,2696,6,312.0,11.0,0,2350,0,1,2,987,100,47,1.0,8.0,0,0,0,0,2,6,1,0,1,0,0,0
137.02,2.9,0,2,449.0,31.0,1,1825,0,1,1,3736,69,204,0.0,9.0,1,1,0,1,0,8,0,1,0,0,0,0
176.32,2.6,0,4,574.0,23.0,1,178,0,0,3,4331,255,105,1.0,0.0,1,0,0,1,8,5,0,0,0,1,0,0
199.13,4.8,3355,4,436.0,6.0,0,163,1,0,5,1337,35,61,2.0,14.0,0,0,0,0,9,5,0,0,0,1,0,0
223.14,4.7,130,4,450.0,10.0,0,2592,0,1,2,4085,120,209,1.0,5.0,0,0,0,1,1,5,0,0,0,1,0,0
160.28,4.1,1490,2,198.0,22.0,0,1110,1,1,3,4371,296,163,0.0,0.0,1,0,0,0,7,8,0,0,1,0,0,0
318.72,3.978268041237113,3788,1,306.0,8.0,0,3272,1,1,2,4761,194,368,2.0,9.0,1,0,0,1,9,4,1,0,0,0,0,1
111.45,3.978268041237113,182,2,182.0,18.0,2,1347,1,0,2,3390,311,41,1.0,7.0,1,1,0,0,7,1,0,0,0,0,0,1
5.0,3.4,3426,1,328.0,12.0,2,424,0,0,2,2463,201,62,0.0,10.0,0,0,1,0,9,7,0,0,0,1,0,0
94.18,5.0,2572,3,95.0,36.0,1,1788,0,1,4,1543,161,13,3.0,13.0,0,1,1,0,2,2,0,0,1,0,0,0
183.11,3.978268041237113,4312,5,687.0,17.0,1,2575,1,1,3,4144,351,292,3.0,36.0,1,0,0,0,9,5,0,1,0,0,0,0
5.0,4.4,0,6,1200.0,10.0,0,2773,1,1,2,223,21,13,2.0,11.988333333333333,0,1,0,0,8,3,0,0,0,1,0,0
109.73,3.7,3869,4,712.0,11.0,0,93,1,0,2,1833,78,64,1.0,2.0,0,0,0,1,0,0,0,1,0,0,0,0
143.87,5.0,2947,5,613.0,17.0,0,1437,1,1,5,1412,49,12,3.0,19.0,0,0,0,0,9,1,0,0,1,0,0,0
65.29,3.9,0,1,20.0,1.0,1,1516,0,1,2,1184,94,63,0.0,12.0,0,1,0,1,7,7,1,0,0,0,1,0
101.12,4.4,512,2,336.0,11.0,0,865,1,0,3,129,9,4,0.0,11.0,0,0,1,0,3,9,0,0,0,0,0,0
19.94,3.0,0,2,307.0,19.0,0,332,0,1,2,4819,56,83,3.0,7.0,0,1,1,0,4,1,0,0,0,1,0,0
143.1,3.9,3711,3,336.0,25.0,0,805,1,1,4,142,13,3,2.0,4.0,0,0,1,0,4,0,0,0,0,1,0,0
223.8,4.1,1804,5,515.0,15.0,0,45,1,1,2,3344,497,174,3.0,6.0,0,1,0,0,6,5,0,0,0,0,0,0
165.14,4.8,2282,6,806.0,6.0,0,2012,1,0,6,4122,445,66,5.0,11.0,0,0,0,0,4,4,0,0,1,0,0,0
281.72,4.9,2753,7,528.0,21.0,0,457,1,1,6,906,92,42,0.0,3.0,0,0,0,0,0,3,0,0,1,0,0,0
231.31,3.9,2828,2,848.0,1.0,0,351,1,1,2,3118,196,153,5.0,10.0,0,1,0,0,5,2,1,0,0,1,0,0
95.81,3.7,2840,5,349.0,33.0,0,5,1,0,3,3880,202,116,2.0,2.0,0,1,0,1,7,0,1,0,1,0,0,0
75.06,3.978268041237113,3191,2,310.0,12.0,1,1385,0,0,1,1380,172,70,0.0,11.0,1,0,0,1,1,0,0,0,0,1,0,0
51.37,4.0,2450,3,609.0,23.0,3,193,1,1,3,3036,241,195,4.0,11.988333333333333,0,0,0,0,1,2,0,0,0,0,0,0
118.33,2.4,61,3,93.0,8.0,1,108,1,1,2,1949,209,145,1.0,11.988333333333333,1,0,0,0,2,0,0,0,0,0,0,0
228.0,3.4,2147,4,747.0,9.0,0,5,1,0,3,4893,297,52,1.0,15.0,0,0,0,0,3,5,0,0,1,0,0,0
49.28,3.4,1321,3,20.0,39.0,2,2204,0,1,1,1356,188,84,1.0,7.0,1,0,0,1,3,9,0,0,0,0,1,0
9.59,4.7,0,1,233.0,21.0,1,1442,0,1,2,2023,286,101,1.0,11.0,0,0,0,1,3,6,0,0,0,0,0,0
188.37,5.0,5337,4,582.0,7.0,0,3703,1,1,4,1629,61,78,2.0,36.0,0,0,0,0,9,5,0,0,0,0,1,0
102.15,3.5,0,4,20.0,13.0,4,5,1,1,1,607,67,44,0.0,1.0,0,0,1,1,0,7,0,0,1,0,0,0
206.21,4.0,3989,5,403.0,20.0,0,262,1,1,2,4958,379,24,2.0,19.0,1,0,0,0,3,4,0,0,0,0,0,0
108.68,3.9,646,4,411.0,24.0,0,532,1,1,1,872,63,42,3.0,22.0,1,1,0,0,8,5,0,0,0,1,0,0
351.52,4.6,2548,5,399.0,6.0,0,2117,0,1,2,2049,153,143,1.0,16.0,0,0,0,0,7,8,0,0,0,1,0,0
182.21,3.4,588,5,71.0,21.0,0,890,1,1,5,4704,546,369,2.0,3.0,0,0,1,0,4,9,0,0,0,0,0,0
47.63,2.8,307,2,489.0,1.0,1,2270,1,1,1,2018,291,22,1.0,12.0,1,0,0,0,3,6,0,0,0,1,0,0
108.18,3.7,156,1,403.7255102040816,10.0,0,2651,1,1,1,3047,441,214,2.0,0.0,0,0,0,0,5,1,0,0,0,1,0,0
193.44,5.0,4325,3,518.0,1.0,0,1131,1,0,4,1471,170,111,2.0,7.0,0,0,0,0,3,0,0,0,0,0,0,1
180.75,4.6,186,7,489.0,28.0,0,1667,0,0,4,1147,61,83,2.0,11.0,0,0,0,1,0,4,0,0,1,0,0,0
240.29,4.4,2360,4,326.0,7.0,1,941,1,1,4,688,54,24,3.0,11.0,0,0,0,0,9,7,1,0,0,0,1,0
210.08,4.3,2924,5,747.0,1.0,0,3472,1,1,2,1915,198,10,4.0,7.0,0,0,0,0,8,0,0,0,0,0,1,0
257.8,4.1,4706,8,883.0,4.0,0,1746,1,0,4,198,12,10,2.0,12.0,1,0,0,0,2,7,0,0,0,1,0,0
139.6,4.0,1535,3,314.0,18.0,1,1977,1,0,2,735,89,45,1.0,21.0,1,0,1,0,6,5,0,0,1,0,0,0
234.18,3.5,0,2,563.0,12.0,1,2590,1,1,1,2644,83,126,0.0,20.0,0,1,0,0,2,4,1,0,1,0,0,0
29.73,3.0,1250,1,460.0,24.0,1,1608,0,1,1,4693,242,30,0.0,7.0,1,1,0,1,4,1,0,0,0,1,0,0
75.64,4.7,0,2,230.0,17.0,0,3700,1,0,3,3365,356,97,0.0,3.0,0,0,0,1,2,9,0,0,0,0,0,1
164.9,4.0,3602,4,270.0,15.0,0,2836,1,0,5,1646,24,90,0.0,26.0,0,0,0,0,0,7,0,0,0,0,1,0
66.9,5.0,5467,2,739.0,1.0,0,1508,1,0,6,3125,228,61,2.0,18.0,0,0,0,0,6,7,0,0,0,0,0,0
54.09,4.0,4599,4,640.0,27.0,0,1927,1,1,3,4630,104,206,4.0,6.0,0,0,0,1,3,0,0,1,0,0,0,0
127.54,3.5,0,4,413.0,18.0,0,1820,1,0,1,929,36,57,0.0,0.0,0,0,0,1,6,4,0,0,1,0,0,0
183.86,3.6,0,4,389.0,29.0,1,499,1,1,6,115,13,6,2.0,17.0,1,0,0,0,3,5,0,0,0,0,0,0
252.35,4.7,0,4,403.7255102040816,23.0,1,967,0,0,3,2627,300,163,0.0,7.0,1,0,1,0,9,0,0,0,0,0,1,0
166.6,2.8,1638,4,20.0,20.0,0,1297,1,0,1,2562,42,72,3.0,3.0,0,0,0,1,6,3,0,1,0,0,0,0
103.29,3.6,30,3,146.0,35.0,0,5,1,0,3,2898,142,126,2.0,0.0,0,0,0,1,4,9,1,0,0,0,0,1
61.43,3.6,0,4,335.0,33.0,1,1720,1,0,4,2792,267,179,0.0,5.0,0,0,0,0,0,2,0,0,0,0,0,0
170.97,4.0,2702,3,361.0,24.0,0,3017,1,0,1,2677,226,116,2.0,10.0,1,0,0,1,6,2,1,0,0,0,0,1
169.43,4.1,0,3,299.0,35.0,0,803,1,0,1,484,46,4,1.0,16.0,0,0,0,0,5,1,0,0,0,0,0,0
5.0,4.0,225,7,20.0,10.0,2,1933,1,1,2,4218,562,238,2.0,5.0,0,0,0,1,2,2,1,1,0,0,0,0
30.85,3.3,0,3,20.0,30.0,2,5,0,0,1,449,9,21,0.0,0.0,0,0,0,0,9,0,0,0,1,0,0,0
269.53,5.0,0,6,139.0,20.0,2,1543,1,0,4,1337,194,13,5.0,16.0,1,0,0,0,8,7,0,0,0,0,0,0
163.8,4.5,1480,2,364.0,12.0,1,1089,0,1,2,1533,67,122,0.0,16.0,0,0,0,1,8,0,0,0,0,0,0,1
271.87,4.0,996,6,328.0,15.0,0,2230,1,0,2,1912,52,20,0.0,16.0,0,0,0,0,1,1,0,0,0,0,0,1
103.36,4.3,337,4,335.0,11.0,0,846,1,0,3,1741,107,108,3.0,14.0,1,0,0,0,4,2,0,0,0,1,0,0
249.05,5.0,3523,7,946.0,32.0,0,2539,1,1,2,3861,78,271,2.0,13.0,0,0,0,0,1,1,0,0,1,0,0,0
110.62,4.1,1684,3,104.0,4.0,1,1782,1,1,3,609,41,32,3.0,7.0,0,1,1,1,3,3,0,0,0,0,1,0
156.39,2.7,1799,3,471.0,6.0,1,4000,1,0,1,2720,404,21,1.0,18.0,0,0,0,0,1,8,0,0,0,0,1,0
291.56,3.4,2590,3,671.0,6.0,0,3354,0,0,2,2757,40,53,1.0,19.0,0,0,0,1,3,4,1,0,0,1,0,0
126.11,3.1,2293,5,351.0,1.0,0,631,1,0,4,1018,106,48,3.0,12.0,0,0,0,1,0,4,1,0,0,1,0,0
220.01,4.5,1485,5,507.0,2.0,2,1884,1,1,5,1580,99,45,3.0,19.0,0,0,0,1,6,2,1,0,1,0,0,0
214.7,5.0,1955,3,752.0,1.0,1,1824,1,1,2,3812,146,299,4.0,15.0,0,0,0,0,9,2,0,0,0,0,0,1
130.39,3.7,1555,5,641.0,14.0,0,2469,1,0,5,200,9,9,3.0,17.0,0,1,0,0,0,3,0,0,0,0,0,1
68.05,3.1,1602,1,667.0,2.0,2,212,1,1,3,188,21,3,1.0,10.0,0,0,0,1,4,2,1,0,0,0,1,0
239.3,4.3,0,3,832.0,20.0,1,1770,1,0,2,4189,149,284,1.0,1.0,0,0,0,0,0,8,0,0,0,1,0,0
182.42,3.4,104,3,680.0,12.0,0,724,1,1,1,4384,238,53,3.0,18.0,0,0,0,1,7,8,0,0,0,1,0,0
97.63,4.0,4032,5,592.0,3.0,0,1243,0,1,2,4733,89,274,3.0,17.0,1,0,1,0,4,5,1,0,1,0,0,0
163.4,4.3,2652,6,654.0,8.0,1,2939,1,1,3,3159,268,166,2.0,14.0,0,0,0,0,1,5,1,0,1,0,0,0
147.57,4.2,0,1,293.0,4.0,2,2232,1,1,3,3442,308,70,1.0,4.0,0,0,0,0,2,1,0,0,0,1,0,0
82.03,4.2,2847,1,91.0,17.0,2,453,0,1,2,3018,219,138,2.0,11.0,0,1,0,1,9,0,0,0,1,0,0,0
76.39,3.9,2829,3,725.0,8.0,0,1853,1,1,2,1443,180,55,1.0,24.0,1,0,0,1,1,5,1,0,1,0,0,0
191.6,4.6,2007,1,771.0,15.230456852791878,1,1078,0,1,4,4084,298,20,0.0,12.0,0,0,0,0,9,9,1,0,0,1,0,0
126.26,3.6,1670,5,470.0,22.0,0,2296,1,1,2,1060,56,57,0.0,15.0,0,0,0,1,3,0,0,0,1,0,0,0
84.43,3.5,0,2,547.0,1.0,1,5,0,0,2,1977,228,105,0.0,12.0,0,0,0,1,0,7,0,0,0,0,0,1
193.02,3.3,1076,3,219.0,27.0,0,575,1,0,4,1704,116,125,0.0,11.0,0,0,0,1,8,6,0,0,1,0,0,0
294.93,3.6,2354,3,240.0,11.0,1,5,0,1,3,4076,412,302,0.0,0.0,0,0,1,1,8,3,0,0,0,1,0,0
250.54,4.5,6466,5,901.0,1.0,0,3322,1,0,5,2071,51,26,3.0,27.0,0,0,0,0,2,1,0,0,0,1,0,0
15.16,4.2,0,3,302.0,19.0,1,2411,1,1,4,4561,571,59,0.0,8.0,0,0,0,1,1,5,1,0,0,1,0,0
285.83,4.1,4412,4,375.0,4.0,0,2346,1,0,3,4601,548,366,0.0,18.0,0,0,0,0,9,6,0,0,0,1,0,0
235.63,3.5,3933,5,766.0,13.0,0,1660,0,1,2,4376,373,119,1.0,29.0,0,0,0,0,6,1,1,0,0,0,0,0
280.28,4.2,1749,6,617.0,14.0,0,797,1,1,2,229,33,16,2.0,28.0,0,0,0,0,6,8,0,0,0,0,0,0
169.47,3.3,1793,4,334.0,31.0,1,2459,1,1,2,4198,49,249,1.0,20.0,0,0,1,0,2,9,0,1,0,0,0,0
225.95,3.978268041237113,1504,2,579.0,7.0,1,1567,0,1,5,275,4,21,1.0,24.0,0,1,0,0,3,6,0,0,1,0,0,0
247.48,5.0,4659,8,461.0,10.0,1,2328,1,1,6,3760,247,282,4.0,21.0,1,0,0,0,2,2,0,0,0,1,0,0
150.19,3.6,2914,7,205.0,1.0,1,1925,1,1,5,2095,49,142,0.0,16.0,0,0,0,0,2,9,1,0,0,0,0,0
230.59,2.7,0,1,536.0,18.0,0,5,0,0,1,2833,142,120,1.0,0.0,0,0,1,1,6,5,0,0,0,0,0,0
220.6,3.978268041237113,2491,4,353.0,7.0,0,1968,1,0,1,3290,421,59,1.0,5.0,0,0,0,0,6,8,0,0,1,0,0,0
156.39,4.3,1581,3,418.0,1.0,1,708,1,1,4,3096,279,159,2.0,21.0,0,0,1,0,3,0,0,0,0,1,0,0
130.21,5.0,3622,4,648.0,1.0,0,1591,1,0,6,2548,43,27,2.0,7.0,0,0,0,0,4,3,0,0,1,0,0,0
160.46,4.1,4105,5,476.0,23.0,0,2947,0,0,2,3012,95,175,5.0,20.0,1,0,0,0,7,8,0,0,0,0,1,0
80.3,3.2,663,2,98.0,35.0,2,283,0,1,1,2865,322,210,2.0,12.0,0,1,0,0,2,6,0,0,0,1,0,0
198.54,4.9,2421,4,942.0,5.0,0,204,1,1,5,888,48,50,3.0,13.0,0,1,0,0,3,3,0,0,0,0,0,0
144.22,4.4,356,5,51.0,34.0,2,1367,1,0,1,1337,35,59,1.0,24.0,0,1,1,0,9,5,0,0,1,0,0,0
256.05,3.4,2085,2,245.0,14.0,0,2151,0,1,4,1649,212,86,0.0,4.0,0,0,0,0,0,5,0,0,0,1,0,0
69.22,3.978268041237113,1566,2,750.0,1.0,1,2159,0,1,4,613,66,41,1.0,23.0,0,0,0,0,4,4,0,0,0,1,0,0
67.22,2.6,0,1,20.0,26.0,0,1402,1,1,1,3301,112,99,2.0,9.0,1,0,0,1,9,7,1,0,0,0,0,0
6.84,2.9,0,1,94.0,47.0,3,5,0,0,1,2735,77,63,1.0,12.0,0,0,0,1,9,9,0,0,0,0,1,0
42.0,3.978268041237113,0,1,575.0,22.0,2,1046,1,0,2,1975,56,55,0.0,17.0,0,1,0,0,8,9,0,1,0,0,0,0
305.78,3.7,1536,5,742.0,8.0,0,1227,1,0,2,4720,492,51,2.0,7.0,0,0,0,0,4,7,0,0,0,1,0,0
196.14,5.0,1072,1,409.0,1.0,0,1970,1,0,5,1683,234,25,4.0,11.0,1,1,0,0,8,9,0,1,0,0,0,0
214.13,2.5,0,5,58.0,36.0,0,5,1,0,1,1607,81,73,0.0,14.0,0,0,1,1,7,0,1,1,0,0,0,0
50.19,3.7,0,4,313.0,19.0,1,5,1,1,2,3080,236,130,0.0,8.0,1,0,0,1,0,4,1,0,1,0,0,0
5.0,3.3,0,3,228.0,1.0,1,1484,1,1,2,911,92,56,0.0,22.0,1,0,0,0,0,2,0,0,0,0,0,0
217.49,4.1,3262,4,374.0,27.0,0,630,1,1,1,833,29,24,2.0,6.0,0,0,0,0,5,1,0,0,1,0,0,0
206.77,3.8,3699,3,303.0,7.0,0,2736,0,1,3,926,64,55,4.0,17.0,0,0,0,1,9,7,0,0,0,1,0,0
12.93,4.1,1772,4,253.0,15.230456852791878,1,5,1,1,4,4464,545,160,2.0,16.0,0,0,0,1,7,5,0,0,1,0,0,0
195.74,5.0,716,5,45.0,16.0,1,1533,1,1,2,3193,127,86,2.0,13.0,0,0,0,0,1,0,0,1,0,0,0,0
111.05,4.0,0,4,511.0,8.0,1,349,1,1,1,4808,630,273,2.0,33.0,1,0,0,1,6,1,1,1,0,0,0,0
123.3,3.9,1176,4,110.0,8.0,2,2036,1,1,2,4384,429,249,1.0,21.0,1,1,0,0,9,6,0,0,0,0,1,0
114.17,3.9,0,6,403.7255102040816,9.0,2,909,1,1,1,2938,83,124,1.0,0.0,0,0,0,1,0,7,0,0,0,1,0,0
30.23,3.7,1680,1,531.0,17.0,1,2721,1,1,3,223,27,10,0.0,11.0,0,0,0,1,3,2,1,0,0,0,0,0
160.19,3.1,1040,3,362.0,28.0,0,344,0,0,1,4355,618,132,0.0,0.0,1,0,1,1,8,3,0,0,1,0,0,0
5.0,3.4,0,2,457.0,20.0,1,5,0,1,2,2278,60,13,0.0,4.0,1,0,0,1,9,4,1,0,0,1,0,0
89.99,3.0,0,3,524.0,12.0,1,5,1,0,4,4275,538,156,2.0,8.0,1,1,0,1,5,4,0,1,0,0,0,0
246.0,3.6,4053,2,743.0,1.0,0,2765,1,1,3,1033,123,55,4.0,24.0,0,0,0,0,7,7,0,0,0,0,0,1
182.94,4.2,1640,5,656.0,15.0,2,2657,0,0,1,4719,707,353,2.0,0.0,0,0,0,0,0,7,0,0,0,0,1,0
81.52,5.0,1791,3,542.0,1.0,0,3024,0,1,4,861,36,51,2.0,9.0,0,0,0,0,7,0,0,0,0,0,0,0
11.35,3.4,0,2,155.0,36.0,3,5,0,0,1,3615,195,140,0.0,1.0,1,0,0,0,6,3,0,0,0,0,0,0
143.69,2.2,557,4,20.0,33.0,1,5,1,0,2,1512,20,57,0.0,6.0,0,1,0,1,5,2,1,0,0,0,0,1
230.62,4.2,2068,3,196.0,11.0,0,495,1,1,2,2433,100,25,2.0,14.0,0,0,0,1,2,3,0,0,0,0,0,0
20.57,2.2,608,1,395.0,17.0,0,1644,0,0,1,1187,13,73,0.0,4.0,1,1,1,0,6,3,0,0,0,0,0,1
5.0,3.5,0,5,232.0,3.0,0,670,0,1,1,3684,275,129,1.0,4.0,0,1,1,1,7,7,0,0,1,0,0,0
72.79,3.8,312,1,596.0,26.0,2,909,0,0,2,3853,91,23,0.0,9.0,1,0,1,0,2,5,0,0,0,0,0,0
207.33,4.4,905,2,346.0,9.0,2,2942,1,1,2,2441,358,155,3.0,8.0,1,0,1,0,5,7,0,0,0,1,0,0
181.72,3.0,2848,6,321.0,13.0,2,1519,1,0,2,4280,204,116,1.0,14.0,1,0,0,0,2,7,0,0,0,0,0,1
152.62,4.4,1412,2,278.0,13.0,1,1937,1,1,4,4971,738,284,2.0,25.0,0,0,0,0,3,8,0,1,0,0,0,0
265.15,4.9,5102,5,566.0,3.0,0,1694,1,1,4,4088,433,166,1.0,16.0,0,1,0,0,4,5,0,0,0,0,0,0
218.61,4.0,3929,4,912.0,3.0,0,1840,1,1,3,4708,66,221,1.0,9.0,1,0,0,0,3,9,0,0,0,1,0,0
178.23,4.2,281,6,595.0,32.0,2,1110,1,0,1,2734,313,91,0.0,13.0,1,0,0,0,1,8,1,0,0,1,0,0
42.69,4.0,280,4,314.0,20.0,0,596,1,1,1,310,21,2,3.0,9.0,0,1,0,0,9,4,0,0,1,0,0,0
244.37,4.0,4678,7,761.0,5.0,0,2026,1,1,4,3120,273,133,1.0,12.0,0,0,0,0,5,3,1,0,0,1,0,0
133.58,4.7,1521,1,165.0,18.0,1,5,1,1,2,586,11,35,1.0,3.0,1,0,1,0,7,4,0,0,0,1,0,0
129.04,4.8,1325,4,458.0,1.0,0,1869,1,0,4,4084,569,198,2.0,13.0,0,0,0,0,0,0,0,0,1,0,0,0
185.32,3.9,1309,4,387.0,13.0,0,5,1,1,4,1417,112,37,2.0,4.0,0,0,0,0,0,0,0,0,0,0,0,1
186.99,3.8,577,3,202.0,12.0,1,1392,1,1,3,3685,533,115,2.0,10.0,0,0,0,0,9,5,0,0,0,0,1,0
277.54,4.8,2540,4,613.0,7.0,0,1723,1,1,4,4428,589,241,1.0,16.0,0,0,0,0,7,0,0,0,0,0,0,1
182.96,3.4,1587,2,327.0,13.0,1,622,1,1,1,4772,479,219,0.0,0.0,0,0,0,0,1,9,0,0,0,0,1,0
151.47,4.6,3106,6,752.0,4.0,0,4000,1,1,6,127,14,6,2.0,23.0,1,0,0,1,6,3,0,0,0,1,0,0
163.14,3.5,1093,2,462.0,22.0,3,2382,1,1,1,1874,255,128,0.0,8.0,0,0,0,0,5,6,0,0,0,1,0,0
214.41,4.0,0,4,201.0,16.0,0,2748,0,1,3,2994,85,136,0.0,12.0,0,0,0,0,0,9,0,0,0,0,0,1
153.48,3.7,0,3,272.0,1.0,0,2428,1,0,3,1041,95,19,2.0,6.0,0,1,1,0,1,3,0,0,1,0,0,0
74.9,4.0,733,3,300.0,6.0,0,868,1,1,4,3660,57,209,1.6757142857142857,20.0,0,0,0,0,9,1,0,0,0,0,0,1
147.73,4.1,934,1,451.0,14.0,0,1865,1,0,2,164,10,1,1.0,9.0,1,0,0,0,6,0,0,0,0,0,0,0
86.26,4.5,1812,2,20.0,5.0,2,1080,1,1,3,1480,212,43,3.0,20.0,0,0,0,0,4,7,0,0,0,0,1,0
245.89,5.0,3235,4,349.0,7.0,2,2563,1,1,3,1423,19,80,2.0,19.0,0,0,0,0,8,7,0,0,1,0,0,0
66.49,3.1,312,2,276.0,22.0,0,1944,0,1,3,3493,372,248,0.0,21.0,0,1,0,1,5,5,0,0,0,0,0,0
5.0,3.9,117,1,20.0,36.0,2,5,1,0,1,615,19,22,0.0,11.988333333333333,0,1,0,1,0,2,1,0,0,1,0,0
20.82,3.1,3364,3,202.0,18.0,0,1155,1,0,2,3867,489,147,1.6757142857142857,10.0,0,0,0,0,3,8,0,0,0,0,0,0
107.46,4.3,331,8,660.0,14.0,0,2609,1,0,5,1235,97,13,3.0,5.0,0,0,0,0,1,3,0,1,0,0,0,0
188.89,3.978268041237113,2527,5,526.0,10.0,0,1796,0,0,3,801,93,13,2.0,20.0,1,1,0,1,9,6,1,0,0,1,0,0
143.16,3.5,2170,8,263.0,28.0,2,8,1,1,3,1617,123,71,1.0,14.0,0,0,0,0,8,5,0,1,0,0,0,0
167.83,4.2,2140,2,588.0,17.0,0,669,1,0,5,2401,315,191,2.0,20.0,0,0,0,0,2,9,0,1,0,0,0,0
95.48,3.5,87,2,36.0,20.0,1,5,0,0,1,1538,83,62,0.0,11.988333333333333,0,0,0,0,2,7,0,0,1,0,0,0
5.0,4.3,1635,5,478.0,19.0,0,575,0,1,3,673,76,20,0.0,7.0,1,0,0,1,7,6,0,1,0,0,0,0
5.0,2.8,984,4,377.0,29.0,4,5,0,0,2,1157,87,61,0.0,11.988333333333333,0,0,0,1,6,0,1,0,1,0,0,0
107.19,4.5,3954,5,467.0,9.0,0,743,0,1,6,2255,84,95,3.0,24.0,0,0,0,1,5,0,0,0,0,1,0,0
286.11,4.1,1281,7,190.0,6.0,1,1712,1,1,1,4831,626,127,2.0,0.0,0,0,0,1,5,6,1,0,0,0,1,0
69.35,3.978268041237113,2689,1,575.0,19.0,0,846,1,1,5,4055,374,118,2.0,22.0,0,0,1,1,8,9,0,0,0,1,0,0
199.53,3.8,648,3,232.0,22.0,2,2954,1,0,1,3654,479,73,0.0,1.0,0,1,0,1,2,4,0,0,0,1,0,0
90.41,4.6,987,3,159.0,1.0,2,1318,0,0,3,1773,142,84,0.0,22.0,0,0,1,1,9,9,1,0,1,0,0,0
43.01,2.6,0,5,477.0,30.0,3,5,0,1,2,3912,147,213,0.0,9.0,0,0,0,1,3,4,1,0,0,0,0,1
158.41,4.7,2040,4,659.0,20.0,2,2886,0,1,4,1985,53,137,1.0,19.0,0,1,0,0,0,2,0,0,0,1,0,0
271.35,3.8,2382,5,329.0,8.0,1,2436,0,1,3,85,11,6,3.0,22.0,1,0,0,0,8,7,0,1,0,0,0,0
39.09,4.6,888,8,680.0,8.0,2,1569,1,0,2,2245,160,31,4.0,20.0,1,0,0,0,9,3,0,0,1,0,0,0
111.51,4.2,1943,3,222.0,4.0,2,480,1,0,3,4578,58,285,1.0,13.0,0,1,0,0,3,2,0,0,1,0,0,0
93.45,5.0,0,4,545.0,1.0,0,1001,1,1,1,1059,12,40,0.0,1.0,1,0,0,0,7,3,0,1,0,0,0,0
275.36,4.2,1685,4,870.0,1.0,1,3812,1,1,4,3191,441,128,2.0,4.0,1,0,0,0,2,7,0,0,0,0,0,1
172.56,4.2,2356,8,357.0,1.0,0,484,1,1,3,2525,377,60,5.0,13.0,0,0,0,0,0,6,0,0,0,0,0,0
111.5,3.8,653,2,429.0,20.0,0,789,0,1,1,74,9,5,4.0,22.0,1,1,0,1,3,3,1,0,0,1,0,0
80.92,3.3,1634,4,20.0,22.0,2,929,0,1,1,2510,370,189,1.0,0.0,0,0,0,1,3,5,1,0,0,0,1,0
214.48,5.0,2607,4,550.0,22.0,0,921,0,0,3,1345,153,106,2.0,15.0,0,0,0,0,2,5,0,0,1,0,0,0
21.09,4.2,2245,3,262.0,13.0,0,426,1,0,2,4312,427,93,3.0,22.0,0,0,1,0,8,5,1,0,0,0,0,1
168.83,4.7,376,1,201.0,5.0,1,3710,1,0,4,4248,44,224,2.0,6.0,0,0,0,0,4,7,0,1,0,0,0,0
195.94,5.0,5492,3,262.0,6.0,0,1782,1,0,3,2350,284,45,5.0,13.0,1,0,0,0,8,6,0,0,1,0,0,0
111.42,3.3,6636,4,604.0,29.0,0,1111,1,1,3,1690,198,59,2.0,15.0,1,1,0,0,1,2,0,0,0,0,1,0
223.65,4.3,2039,4,528.0,29.0,0,1980,1,1,3,3385,277,257,1.0,22.0,0,0,0,1,5,2,0,0,0,0,0,1
299.16,3.5,5115,4,368.0,15.0,1,4000,1,1,4,1493,132,90,2.0,30.0,1,1,0,0,0,5,0,0,0,1,0,0
38.55,3.1,0,1,20.0,13.0,0,918,1,0,3,112,16,2,0.0,6.0,0,0,0,0,1,4,0,0,0,1,0,0
220.91,3.5,1980,2,360.0,5.0,0,1725,1,1,4,1520,188,49,2.0,18.0,0,0,0,1,2,6,0,0,1,0,0,0
295.31,4.0,3357,4,428.0,16.0,1,1440,0,1,4,1262,130,36,0.0,14.0,0,1,0,1,9,7,1,0,0,1,0,0
205.69,4.6,3883,6,642.0,23.0,0,3092,1,0,5,382,18,5,0.0,7.0,0,0,0,0,3,6,0,0,0,0,1,0
180.31,3.978268041237113,1235,5,217.0,12.0,0,2719,1,1,3,1107,94,48,3.0,18.0,0,0,0,0,7,0,0,0,0,0,0,0
164.6,3.2,5850,5,488.0,14.0,0,4000,1,1,2,1983,135,143,1.6757142857142857,8.0,0,0,0,0,3,1,0,0,1,0,0,0
148.13,3.4,1597,3,20.0,23.0,0,446,1,1,1,1418,195,28,1.0,9.0,1,0,1,0,7,9,0,0,0,0,0,1
214.8,4.1,1228,1,628.0,1.0,0,1265,0,1,3,2291,294,23,5.0,19.0,1,0,0,1,9,4,0,1,0,0,0,0
27.08,4.1,0,1,141.0,18.0,2,668,0,1,1,736,35,49,1.0,0.0,0,0,0,1,5,7,1,1,0,0,0,0
163.03,3.5,4446,4,296.0,28.0,2,2259,1,1,1,4458,646,232,0.0,9.0,0,1,0,1,6,6,1,0,1,0,0,0
194.63,4.1,0,6,396.0,7.0,0,2526,0,0,5,1397,161,98,1.0,20.0,1,0,0,1,4,2,0,1,0,0,0,0
154.21,4.3,2568,1,306.0,35.0,1,5,0,0,3,76,8,5,0.0,22.0,1,1,1,1,3,0,0,0,1,0,0,0
68.71,4.3,2160,2,274.0,32.0,4,1990,1,0,1,1461,32,55,2.0,2.0,1,0,0,1,6,9,0,1,0,0,0,0
81.59,3.9,1878,3,544.0,28.0,0,2341,1,0,1,1655,179,83,0.0,11.988333333333333,0,1,0,1,8,5,1,0,1,0,0,0
146.78,4.2,3453,5,652.0,10.0,0,1597,1,1,4,3324,422,81,4.0,28.0,0,0,0,0,8,2,0,0,1,0,0,0
243.12,3.7,2810,3,725.0,10.0,1,1036,1,1,4,3744,441,227,3.0,17.0,1,0,0,0,2,7,0,0,0,1,0,0
216.76,3.978268041237113,834,3,307.0,13.0,0,1421,0,1,1,1113,126,26,1.0,15.0,0,0,0,0,7,9,0,0,1,0,0,0
133.17,4.6,2241,5,472.0,11.0,0,1954,0,0,3,314,46,12,2.0,19.0,1,0,0,1,4,2,0,0,0,0,0,1
5.0,3.1,0,1,350.0,29.0,2,5,1,1,4,3269,199,162,0.0,0.0,0,0,0,1,8,1,0,0,0,0,0,1
188.41,3.9,569,4,546.0,5.0,0,1542,1,1,3,1573,151,43,3.0,4.0,0,1,0,0,7,4,0,0,0,0,0,0
5.0,3.8,1935,4,582.0,29.0,1,1803,1,0,4,3518,196,193,1.0,7.0,0,1,1,1,8,7,1,1,0,0,0,0
86.32,3.3,4393,3,780.0,15.0,0,2119,1,0,2,909,41,16,2.0,11.0,1,0,0,1,5,7,0,0,0,0,0,1
5.0,3.1,0,1,39.0,15.0,1,2034,1,1,1,380,51,6,0.0,9.0,0,0,0,1,0,6,0,0,0,1,0,0
227.52,3.7,0,1,556.0,28.0,0,307,1,1,1,3271,479,193,3.0,6.0,0,1,1,1,4,9,0,0,0,0,0,0
224.89,4.0,4476,5,465.0,19.0,0,1298,1,0,1,4752,699,84,0.0,9.0,0,0,0,0,9,9,0,0,1,0,0,0
68.94,3.9,3582,4,593.0,6.0,1,1932,1,0,2,2142,89,80,1.0,0.0,1,0,1,1,6,4,0,1,0,0,0,0
5.0,2.8,0,1,20.0,24.0,0,5,0,0,1,333,28,6,1.0,12.0,0,0,1,1,7,6,0,1,0,0,0,0
158.37,3.5,76,1,826.0,29.0,0,3597,0,1,1,1851,252,145,2.0,9.0,0,0,0,1,4,0,0,0,0,1,0,0
98.42,4.2,3578,1,567.0,16.0,1,645,1,1,4,3804,164,209,2.0,22.0,0,1,0,0,6,9,0,0,0,0,1,0
220.46,3.9,2155,3,419.0,8.0,1,2537,0,0,2,513,13,35,4.0,13.0,0,0,0,1,9,7,1,0,1,0,0,0
250.05,4.2,0,2,169.0,5.0,2,928,0,1,1,2013,44,34,1.0,0.0,0,1,1,1,0,4,0,0,1,0,0,0
187.88,3.7,3179,5,638.0,1.0,0,2688,1,1,2,99,8,2,2.0,31.0,1,0,1,0,0,0,0,0,0,1,0,0
54.72,3.7,1935,7,596.0,16.0,1,2463,1,1,3,2422,227,57,0.0,22.0,0,0,0,0,0,8,0,0,0,1,0,0
75.95,3.978268041237113,216,1,342.0,32.0,2,656,1,1,2,4937,322,49,2.0,11.988333333333333,0,1,0,1,2,3,0,0,0,0,1,0
180.01,4.1,2637,3,103.0,4.0,0,180,0,0,4,1243,60,23,2.0,9.0,1,0,0,0,3,8,0,1,0,0,0,0
99.82,4.3,3074,3,366.0,18.0,0,1309,1,1,4,4796,156,331,1.6757142857142857,19.0,0,0,1,0,7,7,0,0,0,1,0,0
253.4,2.9,2255,2,387.0,7.0,1,5,1,1,1,633,71,20,1.0,7.0,0,0,0,0,5,8,0,0,1,0,0,0
5.0,3.9,75,1,163.0,30.0,0,2617,0,0,2,3046,38,201,5.0,8.0,0,1,0,1,1,5,0,0,0,0,1,0
223.39,4.8,675,4,121.0,17.0,0,1970,0,0,5,1572,137,26,0.0,25.0,0,0,0,0,0,2,0,0,0,0,0,1
290.58,5.0,1277,1,495.0,11.0,1,2983,1,1,2,1609,231,89,4.0,23.0,0,0,0,0,1,7,0,0,1,0,0,0
163.82,3.6,1087,4,481.0,29.0,0,1683,1,1,2,351,30,23,1.0,5.0,0,0,0,0,9,3,0,0,1,0,0,0
130.67,4.5,1781,2,656.0,18.0,0,2417,1,1,4,4105,413,197,0.0,11.988333333333333,0,0,0,1,7,1,1,1,0,0,0,0
45.23,4.3,2684,1,417.0,6.0,0,2318,1,0,3,4100,507,80,0.0,8.0,0,0,0,1,6,6,0,0,0,1,0,0
210.01,3.1,1269,1,380.0,16.0,1,416,0,0,1,4869,390,222,2.0,12.0,0,1,0,0,8,3,0,0,0,1,0,0
239.83,4.0,1458,7,615.0,15.0,1,647,1,0,3,3259,187,125,0.0,19.0,0,0,0,0,9,5,0,0,0,0,0,0
250.45,4.5,2920,8,581.0,13.0,0,2732,1,1,3,2235,137,31,3.0,22.0,1,0,0,0,6,3,0,1,0,0,0,0
174.65,4.4,2470,8,585.0,13.0,1,2114,1,0,6,4839,375,352,1.0,14.0,1,0,0,0,2,5,0,0,0,0,0,0
167.36,3.6,717,6,289.0,21.0,0,469,1,1,2,2362,209,79,3.0,4.0,1,0,0,0,4,4,0,1,0,0,0,0
151.92,4.3,3101,4,97.0,5.0,2,1400,1,1,3,3322,374,66,0.0,9.0,0,0,0,0,5,6,0,0,0,0,0,0
226.66,3.9,3072,3,298.0,1.0,0,2457,1,1,3,3309,382,213,3.0,5.0,0,1,0,0,8,1,0,0,0,0,0,0
133.97,4.9,461,4,339.0,20.0,0,2854,1,0,1,2914,81,128,2.0,11.0,0,1,0,1,7,3,0,0,0,1,0,0
113.33,4.3,1430,3,545.0,16.0,0,711,0,1,1,2793,176,213,0.0,23.0,0,0,0,1,8,5,1,0,0,0,0,0
255.07,4.8,775,10,821.0,1.0,0,2062,1,0,4,1920,200,24,1.0,17.0,0,0,0,0,3,8,0,0,0,0,0,1
46.96,3.5,448,5,434.0,17.0,2,1776,0,1,3,536,24,28,4.0,15.0,0,0,0,0,7,3,0,0,0,0,0,0
217.55,4.7,3301,1,858.0,1.0,0,1128,0,1,4,3571,106,148,2.0,15.0,0,0,0,0,5,0,0,0,1,0,0,0
186.38,3.7,2867,1,550.0,2.0,0,2741,1,0,2,557,11,25,3.0,8.0,1,0,0,1,0,4,0,1,0,0,0,0
228.06,3.2,833,1,273.0,9.0,1,431,1,0,2,1549,163,63,2.0,14.0,0,1,1,0,7,2,1,0,1,0,0,0
303.52,5.0,2850,3,703.0,15.230456852791878,0,3719,1,1,4,2470,369,54,5.0,12.0,0,0,0,0,8,9,0,0,1,0,0,0
159.31,2.9,461,5,480.0,1.0,0,675,1,1,1,161,6,9,2.0,12.0,0,0,0,1,1,4,1,0,0,0,1,0
199.02,4.2,3585,5,414.0,17.0,0,2226,1,1,1,923,35,49,3.0,11.988333333333333,0,0,0,0,3,1,0,1,0,0,0,0
192.76,3.978268041237113,3397,4,547.0,10.0,0,2595,1,0,4,3275,94,32,3.0,24.0,1,0,0,0,5,2,0,0,1,0,0,0
33.58,4.2,874,5,403.7255102040816,13.0,0,2811,1,1,1,3194,406,20,0.0,11.0,0,1,0,1,9,6,1,0,0,1,0,0
193.81,4.4,2682,6,398.0,1.0,0,1292,0,1,3,3875,505,185,2.0,7.0,1,0,0,1,4,6,0,0,1,0,0,0
168.73,3.5,1389,4,199.0,20.0,2,1864,0,1,2,1802,164,55,1.0,19.0,1,1,1,0,0,3,0,0,1,0,0,0
97.12,3.978268041237113,2304,1,313.0,25.0,2,1630,1,0,1,1303,27,13,0.0,17.0,0,0,0,1,2,6,1,0,0,0,1,0
272.52,4.2,764,2,306.0,18.0,1,926,0,0,3,557,32,3,3.0,0.0,1,0,0,0,0,2,0,0,0,1,0,0
141.08,4.4,2329,2,20.0,5.0,1,3631,1,1,5,4648,533,40,1.0,25.0,0,0,0,0,0,1,0,1,0,0,0,0
209.59,3.5,0,2,160.0,38.0,0,1295,0,1,1,1486,161,26,0.0,0.0,0,0,0,1,6,3,1,1,0,0,0,0
118.96,3.8,3083,1,34.0,1.0,0,882,0,0,2,503,60,28,3.0,3.0,0,1,0,1,4,4,0,0,0,1,0,0
221.03,3.7,0,1,101.0,23.0,3,875,1,0,3,1514,183,44,2.0,13.0,0,0,1,1,6,8,0,0,0,1,0,0
265.03,3.8,5560,6,538.0,8.0,0,1481,1,1,3,2613,129,56,4.0,24.0,0,0,0,1,2,5,1,0,0,0,0,1
228.04,4.0,3435,5,302.0,6.0,0,2709,0,1,3,3217,347,207,2.0,36.0,0,0,0,0,1,7,0,1,0,0,0,0
135.66,4.0,2844,5,151.0,20.0,2,2395,1,0,2,2638,352,19,3.0,29.0,0,0,0,0,8,4,0,0,1,0,0,0
82.45,3.8,1211,4,849.0,9.0,0,3305,1,1,4,2770,249,23,3.0,9.0,0,0,0,0,0,8,0,0,0,1,0,0
36.76,2.3,1979,2,398.0,21.0,2,69,1,0,1,2846,378,82,1.0,8.0,0,0,1,0,9,2,0,1,0,0,0,0
66.17,3.0,3279,2,453.0,24.0,1,1315,1,0,1,4954,116,325,2.0,11.0,0,0,0,1,9,4,0,0,0,0,0,0
82.4,4.0,864,3,64.0,19.0,3,195,1,0,1,3306,78,226,1.0,0.0,0,0,1,0,8,6,0,0,0,1,0,0
234.93,5.0,1023,2,603.0,32.0,0,5,1,1,3,104,13,5,0.0,27.0,0,1,0,0,2,2,0,0,0,1,0,0
154.79,4.0,4258,2,351.0,13.0,0,3486,0,0,2,3158,199,137,2.0,16.0,0,0,0,0,3,3,0,0,1,0,0,0
136.6,4.1,829,7,403.7255102040816,1.0,0,5,1,1,1,1484,110,97,1.0,6.0,0,0,0,0,6,4,0,0,0,1,0,0
38.35,3.8,3441,3,358.0,37.0,1,609,1,0,3,4130,459,117,3.0,5.0,0,1,1,0,5,0,0,0,0,0,1,0
75.95,3.9,3058,4,198.0,3.0,0,1891,0,1,3,366,31,10,0.0,0.0,0,0,1,0,9,0,0,0,0,0,1,0
244.6,4.6,3652,8,246.0,15.0,2,4000,1,0,4,2088,230,65,3.0,36.0,1,1,0,0,3,2,0,0,0,1,0,0
281.86,3.3,2374,4,176.0,23.0,2,198,0,0,2,1118,31,82,1.0,20.0,1,0,1,0,3,9,0,0,1,0,0,0
304.56,3.8,1200,1,867.0,34.0,0,3135,1,0,3,1573,29,35,0.0,10.0,0,1,0,0,1,8,0,0,0,1,0,0
41.64,2.9,1496,2,157.0,27.0,0,1832,1,0,2,447,6,17,0.0,11.988333333333333,0,0,0,1,9,6,0,0,0,0,0,0
243.62,4.2,2215,3,388.0,16.0,1,2350,0,1,2,4518,414,93,4.0,26.0,0,0,0,0,8,9,1,0,1,0,0,0
107.83,3.978268041237113,4060,6,251.0,17.0,1,5,1,1,1,3217,68,36,1.0,8.0,0,0,1,1,7,2,1,1,0,0,0,0
289.17,4.4,4272,6,908.0,15.0,0,3108,1,1,4,3280,412,27,5.0,18.0,0,0,0,0,1,2,0,0,0,0,0,0
282.48,4.8,6477,1,762.0,2.0,0,511,0,1,2,1121,118,54,4.0,14.0,0,1,0,0,2,1,0,1,0,0,0,0
194.07,4.1,5680,4,281.0,17.0,1,165,1,1,1,506,44,9,2.0,21.0,0,0,1,1,9,0,0,0,0,1,0,0
185.84,3.7,584,4,782.0,16.0,1,3028,1,0,2,145,14,7,1.0,6.0,0,0,0,0,7,7,0,0,1,0,0,0
194.51,4.0,2347,2,222.0,13.0,0,2315,1,1,2,3504,86,76,1.0,13.0,0,0,0,0,0,9,0,0,1,0,0,0
207.92,3.6,3663,5,513.0,8.0,2,4000,1,1,5,3728,83,141,2.0,10.0,1,0,0,0,5,7,0,0,1,0,0,0
248.79,4.7,2187,5,666.0,13.0,1,2673,1,0,3,1681,250,59,4.0,22.0,1,0,0,0,9,6,0,0,0,1,0,0
248.1,4.4,2600,2,902.0,18.0,0,326,1,1,3,3339,391,82,0.0,29.0,0,0,0,1,2,7,0,0,0,0,0,0
100.07,3.2,0,2,94.0,27.0,1,1883,1,0,2,651,13,45,0.0,0.0,0,0,0,1,1,7,0,0,0,1,0,0
203.38,5.0,864,5,569.0,8.0,0,2341,1,1,3,1124,13,38,0.0,16.0,0,0,0,0,4,1,0,0,0,0,1,0
71.95,2.9,1434,2,403.7255102040816,27.0,1,631,1,0,3,4793,713,257,1.0,6.0,0,0,0,0,4,3,0,0,1,0,0,0
209.47,5.0,7335,7,821.0,1.0,0,2426,1,0,3,3835,253,225,1.0,31.0,0,0,0,0,7,7,0,0,0,1,0,0
127.98,3.8,891,7,238.0,2.0,1,1521,1,0,3,4483,614,171,1.0,25.0,1,0,0,0,3,1,0,1,0,0,0,0
164.65,3.978268041237113,0,5,321.0,9.0,1,3276,1,1,3,376,44,4,2.0,12.0,1,0,0,0,2,1,0,0,0,1,0,0
156.88,5.0,2970,6,264.0,4.0,1,724,0,1,1,3396,225,170,3.0,16.0,0,0,0,0,0,8,0,1,0,0,0,0
203.75,4.3,1866,6,241.0,5.0,1,1859,0,1,5,1240,89,75,1.0,12.0,0,0,0,0,7,0,0,0,0,0,0,1
202.29,4.2,0,2,353.0,16.0,0,1693,1,0,2,1420,188,56,4.0,1.0,0,0,0,0,6,1,0,0,0,0,1,0
259.86,4.2,412,8,599.0,29.0,3,913,1,0,4,2213,169,111,3.0,21.0,0,0,0,1,4,1,0,0,1,0,0,0
48.32,5.0,0,7,802.0,15.0,0,2502,0,1,4,2034,204,36,2.0,15.0,0,0,0,0,2,0,0,0,1,0,0,0
267.1,4.1,367,5,322.0,19.0,0,2481,0,1,1,3710,250,137,1.0,11.988333333333333,0,0,0,0,3,4,0,0,1,0,0,0
5.0,3.6,0,1,424.0,27.0,3,767,1,0,5,2231,154,146,2.0,0.0,1,0,1,0,4,1,0,0,0,0,0,1
175.35,4.4,304,5,405.0,7.0,0,555,1,1,4,2460,230,132,3.0,0.0,0,0,0,1,5,8,1,0,0,0,1,0
162.02,4.0,1658,3,535.0,5.0,0,795,0,0,3,2759,78,97,2.0,16.0,0,0,0,0,2,8,0,0,0,0,0,1
291.76,3.2,630,5,508.0,18.0,0,262,1,1,3,1590,131,104,5.0,10.0,0,0,0,0,4,3,0,0,0,0,0,1
220.2,3.8,2577,4,582.0,23.0,0,2491,1,1,5,4736,537,122,0.0,9.0,1,0,0,0,5,0,0,0,0,1,0,0
235.86,3.8,4728,1,97.0,15.230456852791878,1,801,0,0,5,3655,198,77,1.0,4.0,1,0,0,1,1,8,0,0,0,0,0,0
183.86,3.0,4262,2,264.0,26.0,2,903,1,1,3,1368,186,61,0.0,0.0,0,0,0,1,7,2,0,0,0,0,0,0
238.08,5.0,4140,8,836.0,1.0,0,3890,0,0,5,3185,122,238,3.0,19.0,0,0,0,0,3,3,0,0,0,0,0,0
222.03,4.4,3576,1,596.0,14.0,0,1613,1,0,2,3900,288,208,1.6757142857142857,20.0,0,1,0,0,1,4,0,0,0,0,0,1
300.51,4.2,4828,4,711.0,8.0,0,1975,1,1,2,1556,152,115,2.0,2.0,1,0,0,0,9,8,0,0,1,0,0,0
154.08,4.4,1636,4,712.0,25.0,0,1267,1,1,2,3924,553,236,1.0,13.0,1,1,0,0,0,6,0,0,0,0,1,0
67.47,3.1,666,1,71.0,35.0,5,2744,1,1,1,428,41,32,0.0,0.0,0,0,0,1,0,3,0,0,1,0,0,0
124.37,3.8,1685,4,114.0,13.0,2,1748,0,1,2,2125,74,53,5.0,0.0,0,0,0,0,9,6,0,0,0,0,0,0
256.42,3.8,0,4,873.0,1.0,0,2527,0,1,2,4253,301,67,2.0,0.0,0,0,0,0,9,7,0,1,0,0,0,0
5.0,4.0,3471,6,496.0,14.0,2,2802,0,0,2,2956,287,87,2.0,10.0,0,0,1,0,8,7,0,0,0,0,0,0
150.39,3.6,1213,5,445.0,13.0,1,743,1,0,1,3412,282,117,3.0,8.0,0,0,0,1,1,8,0,0,1,0,0,0
163.77,4.1,3152,4,727.0,6.0,0,2818,0,1,5,98,6,1,1.0,25.0,1,0,0,0,8,0,0,0,0,0,1,0
203.4,3.7,1656,2,68.0,17.0,1,1178,0,1,2,2758,156,32,2.0,0.0,0,0,0,0,3,4,0,0,0,1,0,0
5.0,3.4,4912,4,79.0,1.0,1,1470,1,0,3,855,109,37,0.0,0.0,0,0,0,0,1,8,0,0,1,0,0,0
79.09,3.9,945,3,415.0,17.0,2,5,1,1,1,194,18,6,1.0,7.0,0,1,0,0,7,3,0,0,0,1,0,0
137.2,4.1,2155,5,503.0,6.0,2,2900,1,1,3,4700,492,36,3.0,13.0,0,0,0,0,5,3,0,0,1,0,0,0
196.92,4.6,0,5,764.0,20.0,1,346,1,0,3,4881,311,121,4.0,24.0,0,0,0,0,3,9,0,0,1,0,0,0
25.67,3.5,763,3,202.0,28.0,1,2182,1,1,1,2180,119,97,0.0,2.0,1,0,1,1,3,6,1,0,1,0,0,0
254.29,4.1,4551,6,710.0,19.0,0,935,1,0,3,3875,76,117,5.0,4.0,0,0,0,0,8,2,0,0,1,0,0,0
175.68,4.0,5262,2,694.0,29.0,0,2178,1,0,4,3362,336,137,5.0,7.0,1,0,0,1,2,3,0,0,0,0,1,0
296.73,4.3,2856,4,313.0,25.0,0,1124,0,1,3,4647,688,100,1.0,10.0,0,0,0,0,4,6,0,0,1,0,0,0
221.36,5.0,3473,3,346.0,19.0,2,2742,1,1,2,3840,76,304,2.0,16.0,0,0,0,1,9,3,0,0,0,0,0,0
230.09,5.0,2479,4,518.0,22.0,3,1916,0,1,2,4358,621,142,2.0,33.0,1,0,0,0,9,6,0,0,0,0,0,1
78.67,4.4,0,2,484.0,4.0,1,362,0,1,5,1684,251,102,2.0,25.0,0,0,0,0,2,9,0,0,0,1,0,0
195.61,4.7,1762,5,783.0,3.0,0,1256,1,1,4,1166,132,41,0.0,8.0,1,0,0,0,1,3,0,1,0,0,0,0
142.28,3.9,0,1,254.0,22.0,1,5,1,1,2,4902,456,151,1.0,1.0,0,0,0,1,7,0,0,0,0,0,0,0
133.68,4.2,2984,3,288.0,3.0,1,2339,0,1,5,923,125,28,0.0,24.0,0,0,0,0,7,9,0,0,0,1,0,0
202.77,3.6,0,4,426.0,4.0,1,592,0,0,3,4409,163,120,2.0,20.0,0,0,0,1,4,8,1,1,0,0,0,0
21.88,4.1,513,4,331.0,30.0,1,2594,1,1,3,857,60,65,1.0,27.0,0,0,0,1,1,5,0,0,0,0,1,0
165.21,4.2,1308,4,532.0,1.0,1,5,1,1,3,1939,242,76,2.0,18.0,1,0,0,0,5,9,0,0,1,0,0,0
318.23,4.6,2425,5,724.0,9.0,0,3182,1,1,3,183,2,1,3.0,31.0,0,0,0,0,9,3,0,0,0,0,1,0
131.57,3.6,923,4,503.0,15.0,0,2296,1,1,1,1768,185,50,0.0,11.0,0,0,0,1,5,6,0,0,0,0,0,0
284.74,5.0,2291,6,699.0,8.0,0,1388,1,1,3,2221,174,29,4.0,24.0,1,0,0,0,3,6,0,0,1,0,0,0
151.3,4.9,2486,6,676.0,28.0,0,3753,1,1,3,4855,482,292,3.0,5.0,0,0,0,0,6,4,0,0,1,0,0,0
62.73,3.3,823,3,271.0,25.0,2,269,1,0,2,2856,84,18,0.0,9.0,0,0,0,1,7,7,0,0,0,0,0,0
46.28,4.4,4024,5,780.0,6.0,0,3735,1,1,2,854,81,63,1.0,14.0,1,0,1,1,8,3,0,0,1,0,0,0
42.66,3.4,0,3,344.0,25.0,1,208,1,1,1,1987,95,39,0.0,13.0,1,1,0,0,2,5,0,0,0,1,0,0
70.5,3.2,3735,2,565.0,21.0,1,5,1,1,2,3196,193,37,0.0,10.0,0,0,0,1,9,5,1,0,0,0,0,0
119.14,2.9,0,4,223.0,14.0,2,2079,0,0,1,3342,145,148,2.0,0.0,0,0,0,1,2,4,0,0,0,0,1,0
69.43,4.6,2349,4,509.0,19.0,0,1463,1,1,2,1161,121,9,2.0,29.0,1,0,1,1,6,3,0,0,1,0,0,0
215.26,3.8,0,6,403.7255102040816,1.0,0,2798,1,1,2,1788,207,38,1.0,23.0,0,0,0,0,7,2,0,0,0,1,0,0
216.44,4.4,0,7,119.0,21.0,0,2166,1,1,1,869,74,33,3.0,26.0,1,0,1,0,3,0,0,0,0,0,0,0
82.62,4.0,0,5,731.0,18.0,3,3481,1,1,2,417,11,11,5.0,14.0,0,0,0,1,1,3,0,0,0,0,1,0
307.18,5.0,1263,2,544.0,10.0,1,2088,1,1,4,220,20,11,1.0,19.0,0,0,0,0,8,3,0,0,0,0,1,0
52.33,3.978268041237113,0,5,135.0,16.0,0,613,0,0,1,2177,102,66,1.0,2.0,0,0,0,1,8,8,1,0,0,0,0,1
221.48,4.3,5086,6,464.0,14.0,0,3618,1,1,5,4083,89,249,1.0,21.0,0,0,0,1,7,0,0,0,0,0,1,0
102.36,4.5,0,1,250.0,31.0,0,21,1,1,1,2630,199,128,4.0,1.0,0,0,0,0,4,0,0,0,1,0,0,0
292.76,5.0,3744,3,708.0,9.0,1,2379,1,0,4,554,52,32,4.0,14.0,1,0,0,0,9,9,0,0,1,0,0,0
141.71,4.5,0,5,424.0,1.0,1,523,0,0,2,3686,532,29,2.0,22.0,0,0,0,1,2,6,0,0,1,0,0,0
316.1,3.7,1935,3,152.0,7.0,1,1357,0,1,3,2282,319,105,4.0,17.0,0,0,0,0,4,2,0,0,0,1,0,0
152.12,3.3,986,1,323.0,20.0,2,215,1,0,2,3538,365,178,2.0,0.0,0,1,0,1,6,0,0,1,0,0,0,0
17.87,4.1,1329,2,319.0,1.0,0,2112,1,0,4,1710,200,76,1.6757142857142857,6.0,1,0,0,0,7,0,0,0,0,0,0,0
190.38,4.2,5198,4,310.0,5.0,1,2214,1,1,2,3187,85,163,2.0,19.0,1,0,0,0,0,5,0,0,1,0,0,0
93.3,3.8,66,1,315.0,1.0,0,1158,1,0,3,1334,129,92,0.0,3.0,0,0,0,0,3,0,0,1,0,0,0,0
134.58,3.978268041237113,0,3,166.0,28.0,1,296,0,0,2,3700,299,60,0.0,12.0,0,0,0,0,1,0,0,0,0,1,0,0
98.75,4.4,3427,8,51.0,24.0,1,3049,0,0,1,2088,185,25,2.0,7.0,0,0,0,0,5,9,0,0,1,0,0,0
25.36,4.1,0,3,63.0,17.0,0,2149,1,1,2,2203,211,114,3.0,6.0,0,1,0,0,6,2,0,0,0,1,0,0
61.51,3.3,353,2,506.0,16.0,2,3177,1,1,2,1353,136,98,0.0,3.0,0,1,0,1,8,0,0,0,1,0,0,0
202.43,4.2,4999,7,481.0,13.0,0,999,0,1,2,3850,91,153,2.0,15.0,0,0,0,0,4,9,1,0,0,0,0,0
295.74,4.9,3072,5,480.0,8.0,0,1627,1,0,2,2326,180,21,2.0,25.0,1,0,0,0,7,4,0,0,1,0,0,0
76.84,3.3,3391,1,315.0,17.0,1,1725,1,1,3,4139,290,58,2.0,4.0,1,1,0,1,1,8,1,0,0,0,0,0
200.65,4.1,1514,4,540.0,16.0,1,1700,0,1,1,4258,454,182,2.0,13.0,0,0,0,0,6,2,0,0,0,0,1,0
137.97,3.7,223,2,253.0,32.0,0,1496,0,1,2,1639,212,110,4.0,8.0,1,1,0,0,6,1,0,1,0,0,0,0
230.63,3.8,2266,3,346.0,31.0,1,2320,1,0,1,871,60,8,2.0,10.0,0,0,0,0,8,5,0,0,0,0,0,0
141.91,5.0,0,5,71.0,1.0,2,3412,0,0,2,3922,449,233,2.0,15.0,0,0,0,0,1,4,0,0,0,0,0,1
271.66,4.0,569,5,522.0,14.0,0,470,1,0,2,3792,139,273,4.0,11.0,0,0,0,1,5,5,1,0,0,0,0,0
165.24,4.0,2348,5,531.0,15.0,0,2928,1,1,2,3644,215,70,0.0,6.0,0,0,0,1,7,7,0,0,1,0,0,0
115.05,4.0,4187,4,300.0,11.0,0,1395,1,1,2,3328,200,113,0.0,16.0,0,0,0,0,6,3,0,0,0,0,1,0
110.72,4.3,2498,1,571.0,23.0,0,1533,1,0,3,4922,466,92,0.0,11.988333333333333,0,0,0,0,0,4,0,0,1,0,0,0
84.33,4.0,0,2,400.0,1.0,1,662,1,1,4,1692,30,53,2.0,15.0,0,0,0,1,0,3,1,0,1,0,0,0
150.64,2.8,2550,3,20.0,28.0,2,1785,1,0,1,387,36,22,1.0,2.0,1,0,1,1,0,1,1,0,0,0,0,0
53.2,4.2,0,2,328.0,15.0,1,625,1,1,1,2987,196,73,0.0,1.0,1,1,0,1,7,2,0,0,1,0,0,0
13.03,3.5,1462,1,20.0,34.0,1,5,0,0,1,2297,246,149,1.0,9.0,1,0,0,0,6,4,0,0,1,0,0,0
271.1,4.2,2464,6,327.0,13.0,0,1115,1,0,5,1339,165,26,3.0,8.0,0,0,0,0,7,2,0,0,1,0,0,0
100.23,3.4,0,6,493.0,14.0,0,1511,1,1,1,2877,106,26,1.0,2.0,0,0,0,1,2,4,1,0,0,0,0,1
160.09,4.1,0,6,427.0,15.0,0,2283,1,1,3,1977,295,13,4.0,20.0,0,1,0,1,4,9,1,0,0,1,0,0
106.39,4.2,5181,1,816.0,14.0,0,1951,1,1,3,4447,482,29,2.0,0.0,0,0,0,0,0,2,0,1,0,0,0,0
59.13,3.2,0,1,32.0,26.0,0,92,1,1,2,3633,71,253,1.0,9.0,1,0,1,0,5,2,0,0,0,1,0,0
61.64,3.6,278,2,402.0,14.0,0,5,1,1,4,2555,205,203,0.0,13.0,1,0,0,1,3,0,1,0,0,0,1,0
189.55,3.2,1316,5,277.0,6.0,2,844,1,0,1,4921,367,182,1.0,4.0,0,0,0,1,4,6,0,0,0,0,0,0
97.61,5.0,3060,6,632.0,19.0,0,1717,0,0,4,1099,58,45,0.0,9.0,0,0,0,0,1,2,0,0,0,0,0,0
323.24,4.0,933,5,439.0,5.0,1,5,1,1,3,1893,20,19,2.0,3.0,0,0,0,0,9,8,0,0,0,0,1,0
309.49,4.7,2873,6,916.0,10.0,1,4000,1,0,6,4844,223,117,4.0,20.0,0,0,0,0,8,3,1,0,0,0,1,0
37.24,3.1,0,1,433.0,14.0,2,717,1,0,1,2256,258,66,0.0,4.0,1,1,0,1,4,1,0,0,1,0,0,0
116.24,4.0,0,5,687.0,9.0,0,2916,0,1,3,994,86,43,0.0,22.0,0,0,0,0,0,0,0,0,0,1,0,0
147.31,3.5,1341,2,152.0,30.0,0,1469,0,0,1,2280,305,81,3.0,0.0,1,1,0,1,7,3,1,0,0,1,0,0
108.56,3.9,0,5,603.0,3.0,1,804,1,0,3,993,15,26,0.0,5.0,1,0,0,0,2,7,0,0,0,1,0,0
161.95,4.9,5135,4,569.0,6.0,1,1884,0,0,3,1360,167,69,3.0,13.0,0,0,0,0,5,0,0,1,0,0,0,0
133.58,3.6,0,2,691.0,7.0,0,1536,1,0,2,4091,165,278,0.0,14.0,0,0,0,1,4,7,1,0,1,0,0,0
172.41,4.4,1380,2,660.0,6.0,1,1366,1,1,4,4585,174,251,2.0,19.0,0,0,0,0,4,0,0,0,1,0,0,0
183.74,4.5,1348,1,242.0,24.0,3,2004,1,1,3,2181,160,21,1.0,0.0,0,0,0,1,5,0,1,1,0,0,0,0
64.62,4.2,0,1,20.0,15.230456852791878,1,5,0,1,1,1549,35,8,0.0,0.0,0,0,0,1,6,5,0,0,1,0,0,0
39.96,3.8,96,6,40.0,29.0,2,610,0,1,3,580,66,11,2.0,5.0,1,0,0,1,8,5,1,0,0,1,0,0
188.54,3.9,2566,3,583.0,39.0,2,2132,1,0,3,3653,258,279,2.0,24.0,1,0,1,0,7,2,0,0,0,0,0,1
436.46,4.7,5072,4,376.0,1.0,0,3908,1,0,5,743,22,53,2.0,27.0,1,1,0,0,4,1,0,0,0,1,0,0
212.2,3.5,0,7,769.0,1.0,0,2049,1,0,5,738,32,10,3.0,14.0,1,0,0,1,2,0,0,0,0,0,1,0
152.8,4.2,1544,4,869.0,8.0,2,1898,1,1,2,1666,53,102,3.0,16.0,1,0,1,1,8,1,0,1,0,0,0,0
105.27,3.8,0,4,341.0,20.0,0,2273,1,0,5,4485,507,165,1.0,10.0,0,0,0,0,3,4,0,0,0,0,0,0
223.05,4.5,1110,4,276.0,15.0,2,2756,1,1,2,2206,255,155,1.0,21.0,1,0,0,1,0,3,0,1,0,0,0,0
145.56,2.6,516,4,415.0,17.0,0,1304,1,1,4,990,117,28,0.0,20.0,0,0,0,0,8,6,0,0,0,0,0,1
50.75,3.9,801,1,434.0,20.0,3,5,1,0,2,3243,79,113,2.0,14.0,0,0,0,1,0,3,0,0,0,1,0,0
266.95,4.5,3433,5,626.0,1.0,0,871,1,1,4,2772,333,42,3.0,13.0,0,0,0,0,0,3,0,0,0,0,0,0
175.63,3.6,1442,1,542.0,17.0,0,1948,1,0,1,162,13,7,1.0,0.0,0,0,0,0,7,6,0,0,0,0,0,1
310.31,4.7,6261,8,658.0,3.0,0,1878,1,0,6,4534,134,139,4.0,19.0,0,0,1,0,9,1,0,0,0,0,0,1
234.04,4.4,4408,4,450.0,14.0,1,2278,1,1,3,567,56,15,0.0,13.0,0,0,0,0,0,9,0,1,0,0,0,0
181.72,4.5,857,6,574.0,12.0,0,2082,1,0,4,4192,374,39,0.0,0.0,0,0,1,0,0,9,0,0,0,0,0,0
351.55,5.0,5698,5,697.0,1.0,0,4000,1,1,3,4254,213,195,4.0,36.0,1,0,0,0,9,2,0,0,0,1,0,0
192.72,4.6,3758,3,745.0,9.0,0,2864,1,1,3,3506,210,162,5.0,21.0,0,1,0,0,5,7,0,1,0,0,0,0
178.71,4.2,1353,3,807.0,22.0,0,3761,1,0,4,3661,177,180,4.0,11.0,1,0,0,0,4,7,0,0,0,0,0,0
5.0,3.3,0,9,189.0,17.0,0,635,1,0,1,4359,65,331,0.0,8.0,0,1,1,0,2,9,0,0,1,0,0,0
80.5,4.7,1626,4,610.0,17.0,1,5,1,1,1,1578,53,115,2.0,12.0,0,0,0,0,2,7,0,0,0,0,0,1
181.97,3.8,0,1,261.0,19.0,1,2222,1,1,2,4604,383,111,2.0,5.0,0,0,0,0,8,2,0,0,0,0,0,0
109.58,4.5,1870,4,516.0,2.0,0,5,0,1,1,4872,119,162,1.0,17.0,0,0,0,0,4,2,0,0,0,0,0,1
51.4,3.6,2705,2,420.0,27.0,3,1586,0,1,1,3227,196,168,0.0,0.0,0,0,0,1,2,6,0,1,0,0,0,0
94.33,4.6,639,2,217.0,4.0,2,634,1,1,3,4760,447,345,4.0,0.0,0,0,0,0,3,5,0,0,0,1,0,0
225.82,4.1,424,2,71.0,19.0,1,5,1,1,2,979,57,69,1.0,20.0,0,0,0,0,7,1,0,1,0,0,0,0
237.56,3.8,3034,5,328.0,12.0,2,568,1,1,2,2367,26,19,3.0,0.0,1,0,0,0,0,3,0,0,0,1,0,0
88.18,4.3,3205,8,223.0,10.0,0,1470,1,0,3,4337,219,265,1.0,12.0,0,1,0,1,2,8,0,0,1,0,0,0
127.79,2.8,0,1,416.0,19.0,0,969,0,0,2,1653,234,59,1.0,3.0,0,0,0,1,4,3,1,0,0,1,0,0
222.37,4.3,3267,4,454.0,1.0,0,2995,1,0,4,3323,493,234,3.0,15.0,0,0,0,0,3,6,0,0,0,0,1,0
226.53,4.9,317,3,633.0,2.0,0,2378,1,1,4,559,55,19,3.0,10.0,0,0,0,1,5,9,0,1,0,0,0,0
163.39,4.0,3249,3,707.0,5.0,1,1492,1,1,1,3707,227,224,4.0,18.0,1,1,1,1,9,6,0,1,0,0,0,0
171.39,4.0,861,1,608.0,10.0,0,203,1,1,5,3773,209,49,2.0,13.0,0,0,0,0,9,3,0,0,1,0,0,0
209.03,4.5,0,5,684.0,15.0,0,987,1,1,3,2775,183,36,1.0,15.0,0,0,0,0,4,5,0,0,1,0,0,0
137.74,4.1,2474,2,542.0,11.0,1,1259,1,0,4,747,73,58,1.0,8.0,1,1,0,0,0,1,0,0,0,1,0,0
108.45,4.0,144,3,349.0,8.0,0,451,0,1,2,348,36,19,0.0,8.0,1,0,1,0,7,7,0,0,0,1,0,0
78.76,4.4,0,4,690.0,11.0,0,1140,1,0,1,1401,204,82,2.0,18.0,0,0,0,1,2,9,0,0,1,0,0,0
78.55,4.9,0,2,299.0,26.0,0,68,1,0,3,1522,79,24,1.0,11.0,0,1,0,1,6,0,0,0,0,0,0,0
57.21,4.2,501,2,20.0,16.0,2,2361,0,0,1,455,49,24,1.0,12.0,0,0,0,1,6,7,1,1,0,0,0,0
107.96,4.6,1238,5,960.0,1.0,0,2660,1,1,3,2499,59,140,2.0,32.0,1,0,0,0,8,0,0,0,0,1,0,0
86.23,4.3,1975,6,652.0,1.0,0,1785,1,1,3,745,39,46,3.0,6.0,0,0,0,0,7,2,0,0,0,1,0,0
226.74,3.4,600,1,251.0,15.230456852791878,3,583,1,0,3,66,4,1,0.0,6.0,0,0,0,1,4,9,1,0,1,0,0,0
194.4,5.0,6788,6,862.0,13.0,1,2319,0,1,4,3940,469,23,3.0,27.0,0,0,0,1,9,5,0,0,0,0,0,1
135.61,4.5,1626,2,616.0,4.0,0,1624,1,1,2,3074,70,95,2.0,17.0,0,0,0,0,9,6,0,0,0,0,1,0
61.9,4.2,944,4,552.0,17.0,0,1625,1,0,4,1311,92,11,2.0,23.0,0,0,0,0,6,4,0,0,0,0,0,1
71.39,3.3,1956,1,533.0,19.0,2,595,1,1,1,4438,191,91,0.0,9.0,1,0,0,1,7,5,1,0,1,0,0,0
62.65,3.5,2838,3,670.0,12.0,0,1594,1,0,3,51,5,2,0.0,4.0,0,0,1,0,2,5,0,0,0,0,0,0
165.68,3.6,522,7,114.0,1.0,1,133,1,1,2,2778,317,79,0.0,0.0,0,1,0,0,1,0,0,0,0,0,1,0
145.93,4.1,2646,5,128.0,21.0,1,861,1,1,2,1870,164,43,1.6757142857142857,4.0,1,0,0,0,9,0,0,0,1,0,0,0
84.91,3.6,0,4,417.0,29.0,1,2073,1,1,2,4568,529,49,1.0,6.0,0,1,1,1,5,3,1,0,0,0,0,0
82.77,4.1,4517,4,104.0,27.0,0,1239,1,0,1,4225,226,310,2.0,4.0,0,0,0,0,3,4,0,0,0,1,0,0
138.94,4.7,2199,4,667.0,14.0,0,2653,1,0,1,2220,121,146,0.0,16.0,1,0,0,0,2,4,0,0,0,0,0,1
302.52,4.3,2232,5,290.0,4.0,0,2530,1,1,1,3505,182,146,1.0,17.0,1,0,0,1,1,8,1,1,0,0,0,0
205.47,3.5,691,6,399.0,28.0,0,5,1,1,1,363,42,24,0.0,2.0,1,0,1,1,5,7,1,0,0,0,1,0
57.91,3.7,296,5,300.0,20.0,2,1194,1,1,2,2516,345,195,1.0,7.0,0,0,0,0,6,1,0,0,1,0,0,0
225.31,3.4,0,6,516.0,15.230456852791878,0,1704,1,1,3,4090,148,66,1.0,19.0,1,0,0,1,8,5,0,0,0,1,0,0
223.49,3.6,5077,3,615.0,7.0,0,2259,0,1,6,107,3,6,1.0,31.0,0,0,0,0,4,5,0,0,0,0,0,0
296.27,5.0,2994,5,961.0,1.0,0,4000,1,1,1,3185,370,106,5.0,12.0,1,0,0,0,9,3,0,1,0,0,0,0
21.54,4.3,3115,2,583.0,17.0,2,852,0,0,2,887,90,67,1.0,0.0,0,0,0,0,1,9,0,0,1,0,0,0
75.21,3.5,0,2,850.0,19.0,3,1301,1,0,4,1997,180,30,0.0,13.0,0,0,0,1,0,3,1,0,0,1,0,0
139.65,4.3,1837,1,788.0,21.0,0,1595,1,1,4,1433,168,104,0.0,5.0,0,1,0,1,4,3,0,0,0,0,1,0
193.78,4.7,847,5,284.0,26.0,2,2188,1,1,1,1323,63,8,0.0,2.0,0,0,0,0,1,5,0,0,0,0,1,0
156.61,3.7,4823,5,403.7255102040816,9.0,0,1875,1,1,1,2617,262,16,3.0,18.0,0,0,0,0,6,1,0,0,0,0,1,0
24.35,3.0,745,2,230.0,27.0,1,776,1,1,1,4520,293,340,0.0,9.0,0,0,0,1,4,3,0,1,0,0,0,0
5.0,4.5,2865,5,395.0,6.0,2,2196,1,1,3,1499,128,91,4.0,6.0,1,0,0,1,9,1,0,0,1,0,0,0
99.07,4.2,176,5,131.0,8.0,0,176,0,1,1,657,26,43,1.0,19.0,0,0,0,0,4,3,0,0,0,0,1,0
140.11,4.2,1953,1,479.0,5.0,3,76,1,0,1,1838,50,25,0.0,6.0,0,1,0,1,9,9,0,0,0,0,0,0
158.91,4.8,3687,4,219.0,7.0,0,2541,1,1,4,354,45,23,2.0,21.0,1,1,0,0,2,7,0,0,0,1,0,0
54.68,3.978268041237113,0,4,261.0,18.0,2,341,0,0,3,3529,61,76,0.0,0.0,0,0,1,1,6,9,0,0,0,0,0,1
137.56,4.0,2765,3,281.0,10.0,2,1044,1,1,5,715,96,45,0.0,0.0,0,0,0,0,3,7,0,0,0,0,1,0
243.02,4.8,3168,4,485.0,35.0,0,2163,0,1,3,1259,28,35,4.0,19.0,0,1,0,0,7,0,0,0,0,1,0,0
201.9,3.6,3037,2,200.0,13.0,0,3501,0,1,5,971,45,76,3.0,14.0,0,0,0,0,4,2,0,0,1,0,0,0
290.55,4.8,4348,6,522.0,17.0,0,2236,1,1,1,1794,147,32,1.0,7.0,0,0,0,0,9,7,0,0,1,0,0,0
139.34,2.8,0,3,488.0,15.0,0,1022,1,1,1,732,64,14,0.0,7.0,0,1,0,1,7,5,1,0,0,1,0,0
148.18,3.9,2709,4,403.7255102040816,18.0,1,976,0,1,1,1789,194,118,1.0,11.988333333333333,1,0,0,1,1,4,0,0,0,1,0,0
74.33,3.978268041237113,489,1,20.0,20.0,1,938,1,1,1,4154,42,241,2.0,13.0,0,0,0,1,1,6,1,0,0,0,0,1
119.6,5.0,4835,5,602.0,1.0,0,2602,1,1,5,4627,237,345,4.0,5.0,0,0,0,0,2,3,0,1,0,0,0,0
68.33,4.0,2646,3,279.0,26.0,2,447,1,1,2,2503,237,41,1.0,13.0,1,1,0,0,3,3,0,0,0,0,0,1
146.25,4.2,2669,2,107.0,1.0,0,2535,1,0,1,2415,62,60,1.0,17.0,0,0,0,0,0,7,0,0,0,0,0,1
310.86,3.7,2600,5,552.0,1.0,0,1879,1,1,2,358,33,23,5.0,24.0,0,0,0,0,4,2,0,0,1,0,0,0
248.52,5.0,5985,6,808.0,1.0,0,3109,1,1,4,2525,77,38,3.0,30.0,0,0,0,0,8,9,0,0,1,0,0,0
42.26,3.5,1055,4,403.7255102040816,27.0,3,1162,0,1,2,1716,130,8,1.0,6.0,1,0,0,1,9,5,0,0,1,0,0,0
5.0,4.5,3898,4,177.0,4.0,0,2833,1,1,5,4210,108,191,5.0,21.0,0,0,0,0,4,0,0,0,0,0,1,0
29.18,3.4,1171,4,187.0,3.0,3,5,1,1,3,250,6,9,1.0,10.0,0,0,0,1,8,1,1,0,0,0,1,0
97.07,4.7,2620,10,434.0,13.0,1,1325,1,1,3,512,45,25,5.0,17.0,0,0,0,0,6,7,0,0,1,0,0,0
5.0,3.2,0,3,394.0,21.0,2,555,0,0,2,3224,375,162,2.0,2.0,0,0,0,0,5,7,0,0,0,1,0,0
43.15,3.4,0,1,195.0,18.0,1,484,1,1,1,793,118,27,0.0,13.0,0,0,0,0,7,4,0,0,1,0,0,0
194.07,4.2,3247,3,262.0,1.0,0,405,1,1,3,4337,603,274,3.0,19.0,1,0,0,0,5,6,0,0,1,0,0,0
169.73,4.3,3365,6,382.0,1.0,0,1966,1,1,3,1205,69,50,1.0,3.0,1,0,0,0,5,2,0,1,0,0,0,0
79.39,3.9,0,3,89.0,15.0,2,201,1,1,1,4857,553,78,1.0,0.0,0,0,0,1,1,4,0,1,0,0,0,0
191.08,4.3,3614,4,219.0,20.0,0,1019,0,0,3,1121,83,23,0.0,14.0,1,1,0,0,0,2,0,0,1,0,0,0
319.81,5.0,211,3,366.0,12.0,2,3899,0,1,1,1445,86,97,2.0,16.0,0,0,0,1,6,7,0,0,1,0,0,0
236.79,3.9,92,3,710.0,27.0,2,2245,1,0,3,2313,212,172,2.0,15.0,0,0,0,0,2,0,0,0,0,0,0,1
193.01,3.9,0,4,219.0,3.0,3,1634,1,1,2,4794,521,225,1.0,0.0,1,0,0,0,8,1,0,0,0,0,1,0
74.9,4.6,1134,4,462.0,10.0,1,2144,1,1,5,2715,57,114,4.0,16.0,1,0,0,0,6,6,0,0,0,0,1,0
252.83,4.6,2306,3,310.0,10.0,0,5,0,1,3,1186,122,74,0.0,21.0,0,0,0,0,0,0,0,1,0,0,0,0
151.07,3.7,0,4,284.0,26.0,0,1213,1,0,2,2886,176,169,1.0,5.0,0,0,1,0,9,0,0,0,0,0,1,0
22.07,3.978268041237113,0,2,53.0,18.0,2,296,1,1,1,3405,191,93,1.0,11.988333333333333,0,0,0,1,2,5,1,0,1,0,0,0
236.61,4.3,509,3,484.0,1.0,1,1449,1,1,4,2032,249,134,2.0,18.0,0,0,0,0,7,8,0,0,1,0,0,0
147.45,3.1,0,1,665.0,14.0,3,2798,0,1,1,516,64,6,3.0,0.0,0,0,0,1,7,4,1,0,0,0,0,1
223.11,4.4,5106,5,431.0,1.0,0,1032,1,1,1,1730,127,51,3.0,16.0,0,0,0,0,5,3,0,1,0,0,0,0
78.48,3.6,1102,4,221.0,30.0,0,5,0,0,4,4248,100,193,3.0,11.0,1,1,0,1,6,5,0,1,0,0,0,0
100.85,4.6,733,1,20.0,41.0,1,759,0,1,3,1539,114,30,4.0,3.0,0,0,0,1,4,4,1,0,0,1,0,0
244.96,3.7,2173,7,354.0,13.0,2,5,0,0,1,3475,384,73,1.6757142857142857,12.0,0,0,0,0,4,4,0,0,0,1,0,0
163.26,4.6,1481,5,605.0,1.0,0,2811,1,1,3,3674,267,89,4.0,6.0,0,0,0,0,7,0,0,0,0,0,0,1
276.96,4.8,2723,1,502.0,3.0,0,2321,1,0,4,3564,518,53,3.0,19.0,1,0,0,0,4,3,0,0,1,0,0,0
207.18,3.4,1467,1,86.0,4.0,0,2062,1,1,3,3437,145,160,0.0,13.0,0,0,0,1,6,4,0,0,0,0,1,0
143.4,3.7,3281,4,649.0,6.0,1,1679,1,0,4,1554,130,35,2.0,9.0,0,0,0,0,8,5,0,0,0,0,0,1
313.03,5.0,5029,5,403.7255102040816,1.0,0,3697,1,1,2,199,10,12,5.0,23.0,0,0,0,0,0,1,0,0,1,0,0,0
73.53,4.3,1375,8,413.0,1.0,0,345,1,0,4,3968,182,44,1.0,11.0,0,1,1,0,9,4,0,0,0,0,1,0
144.79,4.2,1453,3,684.0,5.0,0,1668,0,0,1,630,66,29,2.0,14.0,0,0,0,0,4,8,0,0,0,1,0,0
156.15,2.9,2605,3,661.0,1.0,0,4000,1,1,4,2342,26,102,4.0,24.0,1,0,0,0,6,1,0,0,1,0,0,0
215.03,4.3,3011,4,574.0,8.0,0,2450,1,1,6,2075,243,87,3.0,0.0,0,0,0,0,4,2,0,0,0,0,1,0
170.64,4.0,1625,1,368.0,19.0,2,5,1,1,1,4553,483,86,0.0,12.0,0,0,0,0,8,3,0,1,0,0,0,0
5.0,2.5,0,2,20.0,23.0,2,5,0,1,1,4994,187,328,2.0,17.0,0,0,0,1,4,9,1,1,0,0,0,0
5.0,3.2,0,1,20.0,35.0,3,5,1,0,1,1972,74,28,2.0,12.0,0,0,1,1,0,0,1,0,0,0,0,1
183.66,3.9,386,7,495.0,1.0,0,2510,1,1,2,4722,635,207,4.0,13.0,1,0,0,0,9,8,0,0,0,1,0,0
86.79,3.5,0,1,259.0,6.0,2,508,0,0,2,1785,43,19,2.0,1.0,0,0,0,1,9,5,0,0,0,0,0,1
230.82,3.9,278,5,193.0,15.230456852791878,0,1574,0,1,5,4140,524,274,3.0,16.0,0,0,0,1,0,6,1,1,0,0,0,0
130.56,4.2,0,2,495.0,8.0,2,1325,0,1,3,2567,107,109,1.0,7.0,0,0,0,1,4,3,1,0,1,0,0,0
71.24,3.4,2650,1,324.0,14.0,2,2446,1,0,2,1335,152,28,0.0,16.0,0,1,0,1,5,5,0,0,0,0,0,1
16.38,3.9,0,3,186.0,13.0,0,5,0,1,1,1309,72,36,2.0,0.0,0,0,0,0,3,4,0,0,0,0,0,1
118.59,3.1,3931,4,20.0,41.0,2,1151,1,0,1,395,24,11,1.6757142857142857,11.988333333333333,0,0,0,1,4,0,1,0,0,0,0,0
263.83,4.2,4632,9,290.0,12.0,0,2637,1,0,2,4184,475,97,2.0,17.0,1,0,0,0,1,4,0,0,1,0,0,0
79.49,3.8,562,3,20.0,10.0,1,5,1,0,1,830,69,64,1.0,0.0,0,0,1,1,0,0,0,0,0,1,0,0
105.66,4.5,2301,1,215.0,12.0,0,2157,1,1,1,2035,293,111,0.0,13.0,0,0,0,0,4,8,0,0,0,0,0,1
285.33,5.0,7011,7,522.0,3.0,0,2046,1,1,3,3019,259,64,4.0,35.0,1,0,0,0,2,1,0,0,0,0,1,0
95.46,4.3,231,2,468.0,6.0,1,1695,1,1,2,4920,524,191,3.0,9.0,1,0,0,0,8,8,0,0,0,0,0,0
253.52,4.0,813,3,549.0,31.0,0,2217,1,0,4,197,10,8,3.0,15.0,0,0,0,0,6,8,0,0,0,0,0,1
93.04,3.4,0,4,20.0,21.0,1,5,0,1,1,3161,246,106,0.0,22.0,0,0,0,0,9,3,0,0,0,1,0,0
150.96,3.8,1955,1,379.0,17.0,0,367,0,1,3,3495,165,31,1.0,11.0,0,0,0,1,7,3,1,0,0,1,0,0
207.61,4.1,1411,5,552.0,24.0,3,2783,0,0,2,2870,208,75,0.0,5.0,0,0,0,1,9,2,1,0,0,1,0,0
187.32,4.7,1248,5,403.7255102040816,16.0,2,2401,1,1,2,3706,340,81,1.0,7.0,0,0,0,0,1,0,0,0,0,0,0,1
214.44,4.3,4419,4,664.0,7.0,0,430,1,0,1,647,59,25,2.0,10.0,0,0,0,0,6,3,1,0,0,0,1,0
211.21,3.978268041237113,5293,5,782.0,1.0,1,2537,1,1,4,1164,75,12,3.0,14.0,1,0,0,0,6,8,0,0,0,0,0,0
163.47,3.9,4422,6,342.0,32.0,1,3067,1,1,5,4770,222,185,3.0,19.0,0,0,0,0,8,6,0,0,0,0,0,1
217.55,3.1,0,6,683.0,1.0,0,2360,1,1,3,1991,102,157,2.0,17.0,0,0,1,0,6,6,0,0,0,1,0,0
121.39,3.8,0,3,264.0,16.0,0,1039,1,1,5,1817,52,54,0.0,11.0,0,0,0,1,2,0,0,0,0,0,0,0
186.3,3.978268041237113,0,1,389.0,28.0,2,5,0,0,2,4242,177,97,3.0,6.0,0,1,1,1,4,4,0,1,0,0,0,0
249.95,4.8,2236,7,589.0,3.0,0,1934,1,1,4,2408,41,188,4.0,16.0,0,0,0,0,6,3,0,0,0,1,0,0
5.0,3.6,0,1,262.0,29.0,0,5,1,1,2,288,6,20,1.6757142857142857,5.0,1,0,0,1,2,0,0,0,1,0,0,0
84.68,3.3,1126,2,132.0,24.0,2,5,0,1,2,4839,564,85,0.0,14.0,0,1,0,1,5,3,1,1,0,0,0,0
235.56,4.1,2346,4,550.0,1.0,0,1898,1,1,4,2636,307,129,2.0,30.0,0,0,0,0,1,8,0,1,0,0,0,0
79.62,3.1,28,3,107.0,6.0,1,5,0,1,1,4017,341,93,0.0,8.0,0,0,1,1,5,4,0,0,0,0,0,1
73.89,3.6,1136,1,369.0,31.0,0,586,1,0,1,4121,521,188,2.0,9.0,1,0,0,1,2,2,0,0,0,0,0,1
279.67,4.3,1780,4,585.0,33.0,0,614,1,1,4,3143,154,59,5.0,13.0,0,0,1,0,6,5,0,1,0,0,0,0
5.0,3.5,2094,1,291.0,32.0,1,950,1,1,2,2212,149,159,1.0,13.0,0,0,1,1,1,5,0,0,0,0,1,0
198.86,4.6,1532,1,516.0,7.0,0,1352,1,1,3,3624,194,180,0.0,20.0,0,0,0,0,4,8,0,0,0,1,0,0
92.42,3.7,530,5,463.0,12.0,1,409,1,1,2,2805,170,53,2.0,18.0,0,1,0,0,0,6,0,0,0,0,1,0
138.15,4.6,0,2,371.0,6.0,1,312,0,0,3,3264,271,35,3.0,5.0,0,0,0,0,4,8,0,0,0,0,1,0
287.1,4.3,2608,3,478.0,20.0,1,2533,1,0,3,850,67,10,3.0,9.0,0,0,0,0,9,8,0,0,1,0,0,0
85.53,3.5,4377,6,215.0,15.0,3,890,1,0,1,489,30,20,0.0,3.0,0,0,0,0,1,9,0,0,0,0,1,0
114.8,3.3,0,4,318.0,36.0,1,163,0,0,2,1794,221,122,0.0,2.0,0,0,0,0,1,3,0,1,0,0,0,0
145.16,3.0,506,5,770.0,11.0,0,2150,0,1,3,4408,590,112,2.0,27.0,1,1,0,0,3,7,0,0,0,0,0,0
122.08,3.9,4994,5,843.0,13.0,1,692,0,1,2,2082,246,74,1.0,15.0,0,0,0,1,5,9,1,0,1,0,0,0
79.64,4.7,825,1,646.0,1.0,0,593,1,1,2,57,2,3,0.0,18.0,0,0,0,1,5,1,1,0,0,1,0,0
175.99,3.5,517,8,470.0,5.0,0,2148,1,1,2,924,44,67,4.0,15.0,1,0,0,0,6,1,0,0,0,1,0,0
297.12,4.9,4776,6,537.0,4.0,0,3368,0,1,2,1910,211,41,2.0,17.0,1,0,0,0,3,9,0,0,0,1,0,0
261.39,3.9,3180,3,482.0,1.0,0,1939,1,1,3,452,41,10,0.0,8.0,0,0,0,0,5,4,0,0,1,0,0,0
190.48,4.0,1363,3,372.0,27.0,0,484,1,1,3,60,0,4,0.0,17.0,0,0,0,0,8,4,0,0,0,0,1,0
104.1,3.5,0,3,59.0,39.0,3,1132,0,1,1,2123,227,83,1.0,9.0,0,0,1,0,2,1,0,1,0,0,0,0
204.92,4.6,941,4,138.0,1.0,2,3249,0,1,2,3702,307,132,3.0,24.0,0,0,0,0,4,8,0,0,1,0,0,0
253.92,3.8,2267,1,435.0,18.0,1,558,1,1,4,4494,528,122,3.0,2.0,1,0,0,0,7,2,0,0,0,0,0,1
85.12,3.6,1754,3,221.0,20.0,2,449,0,0,4,3900,482,158,0.0,25.0,0,0,0,1,9,5,0,0,0,0,1,0
92.57,3.7,990,2,20.0,26.0,2,99,1,1,3,2410,292,108,3.0,7.0,0,0,0,1,5,1,1,0,0,0,0,0
228.0,4.8,4799,4,361.0,1.0,0,2233,1,0,5,105,4,1,3.0,21.0,0,0,0,0,7,4,0,1,0,0,0,0
108.94,3.9,1950,4,69.0,13.0,1,1025,1,1,1,3766,380,43,0.0,8.0,0,1,0,1,4,9,1,1,0,0,0,0
236.46,4.7,405,2,754.0,1.0,1,2499,1,1,2,4913,669,39,5.0,17.0,0,0,0,0,4,4,0,0,0,0,0,1
118.76,4.5,1969,4,558.0,9.0,2,3063,1,1,3,3934,436,79,1.0,12.0,0,0,0,0,1,2,0,0,0,0,0,1
192.56,3.7,5426,5,801.0,1.0,0,1993,1,1,3,716,66,39,4.0,8.0,0,0,0,0,6,9,0,0,0,1,0,0
158.61,4.7,2414,5,612.0,1.0,1,5,0,1,3,2731,159,140,0.0,20.0,0,0,0,0,3,9,0,1,0,0,0,0
7.02,3.978268041237113,457,3,466.0,12.0,2,364,0,0,3,1665,168,73,3.0,2.0,0,1,0,0,4,1,1,1,0,0,0,0
73.92,3.2,506,3,20.0,21.0,2,1456,1,1,1,4696,491,301,1.0,10.0,0,0,0,1,7,8,1,0,0,0,0,0
191.26,3.5,0,1,645.0,17.0,2,1587,1,0,2,1356,24,67,1.6757142857142857,17.0,0,0,0,1,9,9,1,0,0,0,0,0
118.86,4.8,0,4,629.0,1.0,0,1283,1,0,4,823,39,6,3.0,15.0,0,0,0,0,9,6,0,0,0,0,0,0
75.61,5.0,2075,7,763.0,14.0,0,3082,1,1,1,415,49,16,0.0,15.0,1,0,0,0,4,0,0,0,0,0,0,0
178.06,4.1,0,5,581.0,1.0,0,3718,1,1,5,1902,149,80,1.0,25.0,0,0,0,0,4,6,0,1,0,0,0,0
287.18,4.8,3628,7,522.0,1.0,0,2941,1,1,4,634,21,46,0.0,4.0,0,0,0,0,7,7,0,1,0,0,0,0
23.96,3.3,3439,2,224.0,5.0,2,2114,1,0,2,2999,178,117,1.0,0.0,0,1,0,1,0,6,0,0,0,0,0,1
91.01,4.8,1366,5,403.7255102040816,17.0,1,2244,1,1,2,4701,452,78,1.0,14.0,1,0,1,0,8,4,0,0,1,0,0,0
247.24,3.8,0,3,76.0,29.0,1,937,1,1,2,1803,224,48,1.0,10.0,0,0,1,0,7,9,0,0,1,0,0,0
53.41,4.1,938,4,33.0,21.0,1,2569,1,0,4,4257,483,283,1.0,8.0,0,0,0,1,2,2,0,0,0,0,1,0
139.83,3.2,0,2,235.0,20.0,1,1945,1,0,3,688,61,47,2.0,10.0,1,1,0,0,6,3,0,0,0,0,1,0
165.67,4.2,1517,6,463.0,22.0,1,1605,1,1,3,2287,85,95,3.0,21.0,0,0,1,0,2,0,0,0,0,0,1,0
107.13,4.0,0,3,612.0,13.0,0,5,0,1,3,1181,109,38,2.0,30.0,0,0,1,1,1,5,1,1,0,0,0,0
15.2,3.5,278,1,534.0,24.0,1,5,1,1,2,4119,201,40,0.0,10.0,0,0,0,1,7,7,1,0,0,0,0,0
172.0,3.2,265,2,822.0,15.230456852791878,0,5,0,0,1,3252,375,139,0.0,18.0,0,0,1,1,2,5,1,1,0,0,0,0
199.32,4.0,1488,5,160.0,8.0,1,3155,1,1,3,3626,85,71,1.0,26.0,0,0,0,1,5,5,0,0,1,0,0,0
107.81,3.3,880,3,351.0,31.0,0,5,0,1,1,1066,20,34,0.0,0.0,1,0,0,1,4,2,0,0,0,0,0,0
130.38,4.3,1695,3,320.0,11.0,3,930,0,1,1,4231,499,52,0.0,9.0,0,0,0,0,1,7,0,0,0,0,0,1
207.73,3.5,2202,1,565.0,5.0,0,2611,0,1,3,1565,99,82,0.0,12.0,0,0,0,0,1,8,0,0,0,0,1,0
209.3,3.9,1860,5,630.0,10.0,0,1618,0,0,5,76,11,0,1.0,27.0,0,0,0,0,6,5,0,0,0,0,0,1
62.79,4.9,626,3,837.0,12.0,2,1466,1,1,3,865,112,17,4.0,23.0,1,0,0,0,5,9,0,0,0,1,0,0
81.91,4.2,746,2,723.0,8.0,2,617,1,1,2,952,97,7,3.0,0.0,0,0,0,0,8,8,0,1,0,0,0,0
144.47,3.5,0,1,444.0,9.0,1,1496,0,1,3,2788,115,217,0.0,10.0,1,0,0,0,2,9,0,0,0,0,0,0
166.12,3.9,456,1,166.0,28.0,1,92,1,0,4,4344,624,316,1.0,15.0,0,1,1,0,5,5,0,0,0,0,0,0
180.58,3.8,1675,5,578.0,1.0,0,3355,1,1,2,2930,337,76,2.0,12.0,0,0,0,1,4,3,0,0,0,1,0,0
159.51,4.5,242,7,564.0,1.0,0,354,1,1,2,4510,116,184,3.0,14.0,0,0,0,0,0,3,0,0,0,0,1,0
36.08,3.7,2571,1,107.0,24.0,0,1756,1,1,2,709,73,36,0.0,0.0,0,1,1,1,6,4,0,0,0,0,0,0
82.86,3.6,3557,3,601.0,8.0,1,1768,1,1,3,4686,248,321,0.0,9.0,0,1,0,0,0,4,0,0,1,0,0,0
196.68,4.1,3546,6,227.0,1.0,2,80,1,0,4,2729,318,57,2.0,5.0,1,0,0,0,0,8,0,0,0,0,0,0
133.96,3.9,0,1,476.0,1.0,3,5,1,1,2,1327,50,48,0.0,12.0,1,0,1,1,2,1,1,1,0,0,0,0
244.94,4.4,1061,8,324.0,20.0,0,2460,1,1,3,2237,208,91,3.0,11.988333333333333,0,0,0,0,2,7,0,0,1,0,0,0
44.89,4.6,724,4,544.0,13.0,0,355,1,1,3,977,95,56,1.0,33.0,1,0,0,0,0,2,1,0,0,1,0,0
186.32,4.0,1871,4,317.0,30.0,1,2490,1,1,4,4240,562,227,2.0,0.0,0,1,0,1,4,3,1,1,0,0,0,0
5.0,1.9,347,1,20.0,35.0,1,6,0,0,1,3572,341,27,1.6757142857142857,0.0,0,1,0,1,7,9,1,0,1,0,0,0
210.93,4.7,1259,5,375.0,18.0,1,1116,1,0,2,2396,170,118,2.0,11.988333333333333,0,0,0,0,1,5,0,0,0,0,0,0
68.96,3.4,1579,3,161.0,34.0,1,1535,1,1,1,4491,54,121,0.0,11.0,1,1,0,0,8,7,0,0,0,0,1,0
225.63,3.2,564,3,403.7255102040816,30.0,1,1361,0,1,2,2813,138,171,2.0,15.0,0,0,0,1,1,5,1,0,1,0,0,0
262.48,4.3,1556,3,331.0,14.0,0,1522,0,1,1,1902,100,94,1.0,8.0,1,0,0,0,1,3,0,0,1,0,0,0
137.23,4.1,0,5,458.0,12.0,1,5,1,1,4,259,31,7,2.0,17.0,0,1,0,0,5,6,0,1,0,0,0,0
114.8,3.5,1791,4,313.0,1.0,1,2802,1,1,3,523,47,29,1.0,1.0,0,0,0,0,6,1,0,0,0,1,0,0
5.0,3.5,0,1,20.0,22.0,3,1043,0,0,2,1063,81,46,0.0,5.0,0,0,1,1,3,4,1,0,1,0,0,0
94.92,4.2,2247,1,721.0,1.0,1,670,1,0,3,753,62,15,1.0,11.988333333333333,1,0,1,0,3,8,0,0,0,1,0,0
160.98,4.7,3368,5,272.0,12.0,0,2772,0,0,4,2232,114,69,4.0,22.0,0,0,0,1,3,9,0,1,0,0,0,0
53.7,3.5,0,3,267.0,14.0,0,535,0,0,2,3738,408,270,0.0,4.0,1,1,0,1,6,8,0,0,0,0,1,0
165.63,3.1,0,5,515.0,21.0,1,264,1,1,4,1865,93,60,1.0,0.0,1,1,0,1,1,1,0,0,0,0,0,1
60.67,3.7,835,1,725.0,19.0,3,611,1,0,1,3181,133,131,1.0,2.0,1,0,0,1,5,4,0,0,1,0,0,0
54.25,3.0,3279,5,432.0,17.0,0,5,1,0,2,3493,108,57,4.0,5.0,1,0,0,1,9,7,1,0,0,0,0,0
123.2,3.7,2280,1,427.0,18.0,0,869,0,1,3,4589,253,211,1.0,24.0,1,0,0,1,0,0,1,0,1,0,0,0
188.11,3.4,690,4,398.0,14.0,0,252,0,0,2,1638,219,68,3.0,6.0,0,0,0,1,9,7,1,0,0,1,0,0
58.91,3.8,4680,2,20.0,1.0,0,1995,1,0,2,4655,407,212,2.0,13.0,0,0,0,0,7,6,0,0,0,0,1,0
137.68,4.4,2514,5,541.0,21.0,0,1395,0,0,4,1107,162,64,0.0,9.0,1,0,0,0,4,3,0,0,1,0,0,0
103.06,4.0,312,4,262.0,7.0,3,1420,1,1,2,4022,455,248,4.0,24.0,1,0,0,0,3,6,0,1,0,0,0,0
10.34,3.3,1207,1,20.0,26.0,1,5,0,0,1,3990,383,83,2.0,7.0,0,1,1,1,5,4,0,0,1,0,0,0
173.65,4.2,0,1,20.0,13.0,4,1095,1,1,1,395,37,20,1.0,3.0,0,1,0,1,0,0,0,0,0,0,0,0
87.33,3.5,1865,2,807.0,7.0,0,232,0,0,1,2982,116,21,2.0,11.988333333333333,0,0,0,0,9,3,0,1,0,0,0,0
137.32,3.9,1617,3,194.0,3.0,0,1680,1,1,2,376,39,17,1.0,24.0,0,0,0,0,6,8,0,1,0,0,0,0
69.9,3.5,2012,3,364.0,15.0,2,2145,1,0,5,4358,75,98,2.0,18.0,0,0,0,0,3,9,0,0,1,0,0,0
108.41,3.6,0,3,327.0,15.0,1,1248,1,0,4,4856,336,31,1.0,13.0,0,0,0,0,6,1,0,0,0,0,0,0
124.58,3.2,2459,4,573.0,11.0,0,528,1,1,3,2721,165,95,0.0,4.0,0,0,1,1,5,1,0,0,0,1,0,0
76.35,3.4,0,4,24.0,20.0,2,5,1,1,2,3223,454,187,0.0,0.0,0,0,0,1,1,7,0,0,1,0,0,0
136.79,3.5,0,4,137.0,2.0,2,5,0,0,4,4740,607,369,3.0,15.0,0,0,0,0,1,8,0,0,0,0,1,0
133.7,3.4,2755,3,198.0,34.0,2,5,1,0,2,1839,39,108,0.0,0.0,1,0,0,0,6,0,0,0,0,0,0,0
69.65,3.1,0,1,44.0,19.0,2,5,0,0,1,836,27,20,0.0,0.0,0,0,0,1,6,8,1,0,0,0,0,0
150.98,4.4,0,7,170.0,4.0,1,1982,1,0,3,3143,55,61,0.0,12.0,1,0,0,0,1,2,0,0,0,0,1,0
287.32,4.4,1616,5,339.0,22.0,2,2165,1,1,2,1137,21,53,0.0,16.0,1,0,0,0,3,3,0,0,0,1,0,0
311.42,2.9,238,3,391.0,11.0,0,1036,0,0,1,3791,136,111,2.0,0.0,0,0,0,1,5,2,1,0,0,0,1,0
109.78,4.0,1764,2,644.0,46.0,0,855,0,1,2,3716,111,93,0.0,8.0,0,0,0,1,1,5,0,0,0,0,0,1
220.9,4.2,522,8,434.0,2.0,0,2881,0,1,2,2819,42,21,1.0,36.0,0,0,0,0,3,3,0,0,0,0,0,1
41.12,3.7,3295,2,645.0,9.0,2,1784,1,1,4,4129,123,288,2.0,5.0,0,0,0,1,2,6,0,1,0,0,0,0
167.43,4.6,0,2,233.0,5.0,2,2609,0,0,2,2466,44,120,3.0,18.0,1,1,0,0,9,2,0,0,0,1,0,0
5.0,2.9,2925,2,405.0,1.0,0,1792,1,1,1,4377,622,190,0.0,6.0,0,1,0,0,5,6,0,0,0,0,0,0
352.63,5.0,5081,4,398.0,6.0,0,2865,1,1,2,2503,317,77,2.0,12.0,0,0,0,0,4,3,0,0,0,0,0,0
252.57,3.9,2226,4,800.0,21.0,1,5,1,1,5,4510,137,234,2.0,12.0,1,0,0,0,4,4,0,0,0,0,1,0
230.99,4.7,4222,6,436.0,6.0,0,3699,1,0,4,3231,454,31,5.0,22.0,0,0,0,0,0,8,0,0,0,0,0,1
96.81,4.0,4956,5,89.0,19.0,2,3955,1,1,2,297,39,12,0.0,12.0,0,1,0,1,9,1,1,0,0,1,0,0
116.34,4.2,1007,3,537.0,1.0,0,2950,1,1,2,1249,86,76,1.0,6.0,0,0,0,0,5,0,0,0,0,0,0,0
131.1,4.1,2349,1,439.0,24.0,0,976,1,1,1,1357,142,13,2.0,16.0,0,1,0,0,4,5,0,0,0,1,0,0
141.95,3.8,887,7,270.0,1.0,0,3963,1,1,5,2692,117,163,2.0,17.0,0,0,0,0,3,1,0,0,0,1,0,0
246.98,4.1,0,3,437.0,16.0,1,2574,0,1,4,873,91,42,2.0,13.0,0,0,0,0,2,8,0,0,0,0,1,0
70.06,4.0,4072,4,341.0,1.0,0,1201,0,1,1,3191,310,138,1.0,10.0,0,0,1,1,6,7,0,0,1,0,0,0
439.23,5.0,5123,5,982.0,2.0,0,2617,1,1,4,640,7,44,1.0,12.0,0,0,0,0,7,0,0,0,0,0,0,0
191.92,4.5,1340,5,698.0,12.0,0,2272,1,0,4,4397,321,239,2.0,8.0,1,0,0,0,7,4,0,0,0,0,1,0
298.82,4.9,2964,3,577.0,5.0,0,1578,1,0,2,3564,447,200,1.0,35.0,0,0,0,0,5,6,0,0,1,0,0,0
320.62,5.0,1622,10,465.0,1.0,1,2075,1,1,5,1803,192,139,3.0,21.0,0,0,0,0,7,2,0,0,1,0,0,0
180.39,3.5,1378,3,359.0,10.0,0,1720,0,0,2,3995,378,106,5.0,14.0,0,0,0,0,1,1,0,0,0,0,0,0
252.54,4.3,0,6,349.0,34.0,0,1063,0,1,1,1671,118,13,0.0,2.0,0,0,1,1,2,8,0,1,0,0,0,0
79.58,4.7,2100,4,52.0,21.0,0,993,1,1,2,1818,255,91,4.0,17.0,1,0,0,1,9,3,1,0,0,0,0,0
134.2,4.0,0,2,60.0,22.0,0,3210,1,0,1,4384,651,106,2.0,2.0,0,1,0,1,9,3,1,1,0,0,0,0
196.17,2.9,2391,2,400.0,20.0,0,3497,0,1,4,683,10,7,4.0,11.0,0,1,0,0,2,2,0,1,0,0,0,0
117.37,3.2,0,4,263.0,1.0,0,1220,1,1,1,3165,395,240,0.0,16.0,0,0,1,1,8,5,0,0,0,1,0,0
124.57,4.5,2139,6,355.0,16.0,0,2532,1,1,3,1236,103,71,0.0,19.0,1,0,0,0,0,5,1,0,1,0,0,0
10.48,3.8,3044,4,465.0,13.0,0,206,1,0,3,2399,196,137,2.0,1.0,0,0,1,0,5,4,0,0,0,0,0,0
141.58,4.0,712,5,147.0,27.0,0,3588,1,1,3,91,4,4,1.0,14.0,0,0,1,0,2,7,1,0,0,0,1,0
168.92,3.7,0,4,510.0,36.0,0,3238,1,1,1,2515,173,108,3.0,11.0,0,0,0,0,6,3,1,0,1,0,0,0
57.89,3.4,0,4,175.0,17.0,1,5,1,1,3,381,28,18,0.0,7.0,1,0,0,1,0,4,1,0,0,1,0,0
123.73,3.8,1339,5,437.0,8.0,0,610,1,0,3,240,18,6,2.0,8.0,0,1,0,0,1,4,0,0,0,1,0,0
189.82,4.1,2488,5,451.0,1.0,0,2587,1,1,4,834,71,59,1.0,29.0,0,0,0,1,1,2,0,0,0,1,0,0
115.54,2.8,0,1,451.0,40.0,1,145,0,0,1,246,33,14,0.0,1.0,1,1,1,1,4,3,1,1,0,0,0,0
71.38,3.9,1468,3,382.0,26.0,2,1933,1,0,4,1509,110,21,1.0,8.0,0,0,1,1,3,1,0,0,0,0,0,1
252.6,5.0,2352,5,692.0,15.0,0,1515,1,1,3,2806,152,107,2.0,33.0,0,0,0,0,2,9,0,0,0,1,0,0
57.74,4.4,4814,6,433.0,1.0,0,1409,1,0,4,1349,155,74,3.0,22.0,0,0,0,1,8,2,1,0,0,1,0,0
108.08,3.978268041237113,377,2,368.0,25.0,0,5,1,0,2,3914,482,263,0.0,0.0,1,0,0,0,7,8,0,0,0,0,0,1
140.51,3.9,0,6,204.0,5.0,0,726,0,1,4,2319,211,121,4.0,19.0,0,0,0,0,4,6,0,1,0,0,0,0
99.04,4.1,738,5,487.0,16.0,1,3410,0,1,2,3422,286,200,3.0,7.0,1,1,0,1,2,8,1,0,0,0,1,0
270.86,5.0,3905,6,613.0,7.0,0,1924,1,0,5,4414,411,83,1.0,6.0,0,0,0,0,4,8,0,0,1,0,0,0
172.81,3.3,4222,1,586.0,30.0,0,2865,0,0,1,982,137,23,1.0,3.0,1,0,1,0,0,0,0,0,0,0,1,0
144.13,4.8,3026,1,109.0,15.0,0,559,1,0,1,1824,55,35,1.0,11.0,0,1,0,1,5,3,0,0,0,0,0,0
209.82,4.0,5701,5,343.0,11.0,1,2747,1,1,2,912,45,59,1.0,9.0,1,0,0,0,1,8,0,1,0,0,0,0
40.86,4.8,0,1,471.0,16.0,2,1559,1,0,5,3125,290,219,0.0,21.0,0,0,0,0,3,8,0,0,0,0,0,0
226.0,3.4,0,6,202.0,9.0,0,1629,1,1,2,115,3,2,1.0,0.0,0,0,0,1,2,9,0,0,1,0,0,0
217.37,4.3,2683,3,707.0,30.0,0,1105,1,1,3,1609,111,10,1.0,4.0,1,0,0,0,8,4,0,1,0,0,0,0
234.27,3.7,1437,5,365.0,11.0,0,2237,1,1,6,2188,181,124,1.0,12.0,0,0,0,0,8,0,0,0,0,1,0,0
165.9,4.6,2948,6,507.0,1.0,1,2789,1,1,4,653,36,33,5.0,8.0,0,0,0,0,5,6,0,0,0,0,1,0
5.0,3.7,687,3,273.0,28.0,0,2270,1,0,4,3109,458,121,1.0,14.0,1,0,1,0,6,5,0,1,0,0,0,0
5.96,3.6,1024,1,286.0,33.0,1,5,0,1,2,3623,62,187,2.0,3.0,1,0,0,1,5,0,1,0,0,0,0,1
189.72,3.5,0,3,226.0,31.0,0,1043,1,1,1,2699,53,123,0.0,11.988333333333333,0,0,0,0,8,6,0,0,0,0,0,1
5.0,3.7,2002,5,113.0,17.0,1,933,0,1,2,776,48,54,3.0,1.0,0,0,0,1,1,3,0,0,0,0,0,1
88.57,4.0,0,2,650.0,14.0,1,2293,1,0,2,350,27,19,0.0,2.0,0,0,0,1,9,8,1,0,0,1,0,0
128.74,4.4,0,1,227.0,26.0,2,1187,0,1,1,1409,152,15,2.0,1.0,0,1,1,0,8,0,0,0,1,0,0,0
232.06,4.7,2089,1,628.0,24.0,1,1586,1,1,1,981,25,76,2.0,17.0,0,0,0,0,6,1,0,0,0,0,0,0
160.8,3.5,2507,3,238.0,11.0,0,1874,0,1,5,2992,417,140,0.0,20.0,0,0,0,0,6,1,0,0,0,1,0,0
206.39,4.1,1278,5,20.0,14.0,1,5,0,1,5,1141,151,58,0.0,12.0,0,0,0,1,4,2,0,1,0,0,0,0
126.67,3.7,4533,3,255.0,15.0,1,2660,1,1,4,215,31,1,0.0,13.0,1,1,0,1,3,0,1,0,1,0,0,0
5.0,4.0,2506,4,90.0,30.0,2,5,1,1,2,2448,298,57,3.0,3.0,0,0,1,0,0,2,0,0,0,0,1,0
207.42,3.8,0,3,307.0,33.0,0,1343,1,1,2,3120,277,90,0.0,0.0,0,0,0,1,0,5,1,0,0,0,0,0
164.54,4.3,3795,4,247.0,19.0,1,1988,1,1,3,3081,340,117,1.0,11.0,0,0,0,0,4,6,0,0,0,0,1,0
138.46,3.4,0,1,20.0,28.0,1,5,0,0,1,2557,366,49,0.0,12.0,0,0,0,1,4,6,1,1,0,0,0,0
166.05,3.7,2144,3,349.0,6.0,2,1615,0,1,1,3312,167,142,0.0,11.988333333333333,1,0,1,0,3,1,0,0,0,0,0,1
232.73,3.8,1142,5,495.0,16.0,2,1142,1,1,1,4416,457,268,1.0,15.0,0,0,0,0,6,2,0,0,1,0,0,0
134.65,3.8,3541,4,403.7255102040816,4.0,0,2481,1,0,2,4406,617,174,2.0,8.0,1,0,0,0,9,2,0,0,0,0,0,0
71.79,3.2,0,1,401.0,9.0,1,762,1,1,6,2266,224,113,1.0,9.0,0,0,0,1,2,5,0,0,0,0,0,0
274.8,4.2,3200,4,518.0,2.0,0,2414,1,0,4,2617,36,125,1.6757142857142857,21.0,1,1,0,0,7,6,0,0,1,0,0,0
55.07,4.1,686,3,275.0,14.0,0,5,1,1,1,4864,474,88,0.0,8.0,0,1,0,0,0,7,0,1,0,0,0,0
170.44,3.9,3387,1,437.0,21.0,1,2236,1,0,2,4186,136,253,3.0,26.0,1,0,0,1,8,5,0,0,0,0,0,1
36.08,3.7,0,4,367.0,29.0,2,257,0,0,2,4094,339,212,0.0,11.988333333333333,0,0,0,0,2,7,1,1,0,0,0,0
216.06,3.9,4439,3,716.0,7.0,0,1668,1,0,5,4814,635,208,4.0,10.0,0,0,0,0,1,8,0,0,0,1,0,0
83.91,4.4,1828,6,946.0,2.0,0,3004,0,1,4,148,17,10,3.0,28.0,0,1,0,0,1,3,0,0,0,1,0,0
117.07,4.4,2193,4,391.0,24.0,1,2729,1,0,3,4886,686,317,0.0,11.0,0,0,1,0,7,3,1,0,0,1,0,0
88.21,3.1,4157,2,180.0,22.0,1,5,1,1,3,1664,71,55,2.0,16.0,0,0,0,1,0,2,0,0,0,1,0,0
201.94,3.2,1203,6,476.0,24.0,3,2054,0,1,2,1282,108,63,2.0,21.0,0,0,0,0,7,9,0,1,0,0,0,0
166.32,4.8,1403,6,616.0,26.0,0,1240,1,1,2,2889,356,163,2.0,14.0,1,0,0,0,5,2,0,1,0,0,0,0
176.12,4.2,3456,3,302.0,1.0,0,2730,0,1,3,2111,159,141,4.0,11.0,0,0,0,0,8,3,0,0,1,0,0,0
228.73,4.0,0,1,735.0,13.0,1,2434,1,0,3,4539,412,337,2.0,17.0,0,0,0,0,5,6,0,0,0,0,0,0
327.56,5.0,1706,5,796.0,1.0,0,3464,1,1,5,4260,229,175,3.0,24.0,0,0,0,0,7,6,0,0,0,0,0,1
270.38,4.2,3043,4,466.0,27.0,0,2222,1,1,6,2768,57,77,0.0,22.0,0,0,0,0,5,5,0,0,0,0,0,1
155.53,4.4,726,2,499.0,14.0,2,1023,1,1,2,3604,223,275,2.0,7.0,1,0,0,0,9,1,0,0,0,0,0,1
93.3,3.4,3638,4,465.0,14.0,1,1295,0,1,3,1297,29,41,1.0,3.0,1,0,1,0,4,4,0,0,0,1,0,0
185.7,4.5,5697,7,364.0,1.0,0,4000,1,1,6,2699,80,162,4.0,29.0,0,0,0,0,9,0,0,0,0,0,0,1
152.17,4.6,5108,2,675.0,14.0,0,2485,1,1,6,2033,246,61,3.0,19.0,0,0,0,0,0,5,0,0,0,0,0,0
118.08,3.8,3041,4,550.0,25.0,0,2674,1,1,5,1334,188,32,3.0,10.0,0,0,0,0,8,5,0,0,0,0,0,1
207.57,4.8,3688,4,725.0,8.0,1,1055,1,1,1,4205,455,170,2.0,9.0,0,0,0,0,3,0,0,0,0,0,0,1
5.0,3.9,2898,1,43.0,30.0,3,5,0,1,1,2388,83,125,0.0,8.0,1,0,1,1,8,3,0,0,0,1,0,0
220.62,3.6,8,6,667.0,10.0,0,2437,1,1,4,1109,90,29,2.0,13.0,0,0,0,0,2,5,0,0,0,1,0,0
161.34,3.9,766,4,609.0,8.0,1,2614,0,1,3,3093,385,172,2.0,17.0,1,0,1,0,7,3,0,0,0,0,0,0
236.71,5.0,2614,4,289.0,3.0,0,3459,1,1,4,336,29,7,5.0,11.988333333333333,0,0,0,0,7,4,0,1,0,0,0,0
306.09,5.0,3703,2,403.7255102040816,22.0,0,3011,1,1,3,2983,372,96,4.0,21.0,0,0,0,0,1,8,0,0,0,1,0,0
54.47,3.5,0,3,20.0,15.230456852791878,2,1478,1,0,2,4159,496,269,0.0,16.0,0,0,0,1,9,4,1,0,0,0,0,0
79.3,3.9,47,1,91.0,18.0,1,5,0,0,4,2284,123,117,0.0,9.0,0,0,1,1,9,0,1,0,0,0,0,0
100.36,3.3,1874,1,228.0,23.0,2,5,1,1,1,2375,353,180,0.0,0.0,0,1,1,1,7,3,0,0,0,0,0,0
38.79,3.4,1609,3,306.0,17.0,1,508,1,1,4,2412,326,157,3.0,5.0,0,0,0,1,6,5,1,0,0,1,0,0
142.8,3.8,4479,3,391.0,4.0,0,2235,1,1,5,1424,113,97,2.0,9.0,1,0,0,0,2,4,0,1,0,0,0,0
363.53,3.9,3269,6,749.0,15.0,0,3600,1,0,3,691,9,53,4.0,24.0,0,0,0,0,6,5,0,1,0,0,0,0
110.92,3.3,1582,1,200.0,35.0,2,1491,0,1,5,704,57,45,3.0,3.0,0,0,0,0,5,1,0,0,1,0,0,0
128.03,4.5,0,1,491.0,40.0,3,945,0,0,1,1167,100,93,2.0,10.0,0,0,0,1,1,6,0,0,0,1,0,0
92.64,3.6,3252,2,155.0,17.0,0,765,1,1,1,899,76,10,2.0,5.0,0,1,0,0,1,5,0,0,1,0,0,0
59.51,3.3,0,4,20.0,4.0,0,2557,0,0,2,1617,24,25,1.0,8.0,1,0,0,0,2,9,0,0,0,0,1,0
173.17,3.9,0,3,465.0,11.0,1,1366,1,0,1,453,62,6,3.0,4.0,0,1,0,0,3,3,1,0,1,0,0,0
303.27,4.4,5210,4,365.0,9.0,0,1392,1,1,3,286,26,10,1.0,14.0,0,0,0,0,3,1,0,0,0,0,0,0
27.71,3.8,0,2,216.0,33.0,2,2080,0,0,1,514,73,33,2.0,14.0,0,0,0,0,2,1,0,0,0,0,0,0
67.75,4.1,1080,1,328.0,23.0,0,21,0,1,4,2147,183,170,0.0,25.0,0,0,1,1,7,8,1,1,0,0,0,0
104.97,3.9,1047,1,825.0,1.0,0,364,1,0,1,4449,402,69,4.0,16.0,1,0,0,1,4,5,0,1,0,0,0,0
117.76,2.9,1366,2,213.0,24.0,1,1658,1,0,1,2030,207,13,2.0,1.0,0,0,1,0,5,5,0,0,0,0,0,1
228.88,5.0,3503,6,666.0,40.0,1,3494,1,0,5,1165,22,56,3.0,7.0,1,0,0,0,3,9,0,0,0,0,0,1
322.98,3.7,2682,3,384.0,20.0,0,2331,0,0,2,1321,71,33,4.0,2.0,0,0,0,0,8,0,0,0,0,0,0,0
251.9,4.0,3398,5,716.0,25.0,0,1993,1,1,2,2570,46,174,5.0,16.0,0,0,0,0,2,8,0,0,0,1,0,0
5.0,3.3,0,2,218.0,30.0,2,5,1,1,3,4923,464,95,0.0,0.0,0,0,0,1,9,2,1,0,0,1,0,0
28.52,4.6,0,7,304.0,25.0,1,1719,0,0,2,4843,537,329,1.0,2.0,1,0,0,0,4,0,0,0,0,0,0,1
7.85,3.9,0,3,359.0,18.0,1,5,0,1,1,4812,107,160,0.0,21.0,0,1,0,1,6,2,0,0,1,0,0,0
221.95,4.6,0,6,275.0,33.0,0,2422,1,0,3,1644,199,121,4.0,21.0,0,0,0,1,6,2,1,0,0,0,1,0
192.67,4.1,73,3,77.0,4.0,2,538,1,1,1,2318,261,62,2.0,21.0,0,0,0,0,9,0,0,0,1,0,0,0
137.37,4.1,1020,4,334.0,21.0,0,2295,1,1,1,1413,183,77,1.0,1.0,0,0,1,1,0,3,0,0,0,1,0,0
50.21,3.2,0,2,403.7255102040816,28.0,1,5,1,1,1,3142,280,170,0.0,0.0,0,0,0,0,0,1,0,0,0,1,0,0
84.32,4.0,1856,4,195.0,17.0,0,2049,1,1,4,2347,285,74,0.0,6.0,0,0,0,0,0,9,0,0,0,0,1,0
74.2,5.0,0,2,368.0,17.0,1,1723,1,1,4,1390,81,94,0.0,24.0,1,0,0,1,1,8,1,1,0,0,0,0
297.48,4.2,6943,7,878.0,1.0,0,1396,1,1,5,4604,468,25,2.0,31.0,0,0,0,0,8,5,0,0,0,0,0,1
137.39,4.3,2142,3,632.0,25.0,3,5,1,1,4,2902,256,151,0.0,10.0,0,0,0,0,1,1,0,0,0,1,0,0
157.05,3.8,1934,3,295.0,12.0,2,1304,0,1,1,4791,513,75,2.0,9.0,1,0,0,0,3,3,0,0,0,1,0,0
287.7,4.2,2868,6,703.0,1.0,0,3496,0,1,2,3808,464,171,1.0,5.0,0,0,1,0,1,7,0,0,0,0,0,1
301.6,4.2,0,9,598.0,15.0,3,2975,1,1,2,3789,115,274,3.0,24.0,1,0,0,0,4,4,0,0,0,1,0,0
224.51,4.1,3861,8,547.0,25.0,0,2573,1,1,1,1025,49,10,0.0,16.0,1,1,1,0,1,3,0,0,0,0,0,0
261.55,3.5,1003,5,476.0,5.0,0,5,1,1,2,941,116,27,1.0,11.988333333333333,0,0,0,1,1,3,0,0,0,1,0,0
185.4,3.9,3587,4,673.0,1.0,0,2227,1,0,2,4737,168,58,2.0,16.0,0,0,0,0,2,7,0,0,1,0,0,0
201.52,3.8,2627,3,255.0,14.0,0,3627,1,1,5,4408,642,318,3.0,8.0,1,0,0,0,6,0,0,0,0,0,0,0
311.66,4.9,2120,4,765.0,13.0,0,2338,1,0,6,1633,228,120,2.0,16.0,0,0,0,0,1,6,0,0,0,0,1,0
96.76,2.9,1001,1,403.7255102040816,42.0,3,580,0,0,1,1173,70,16,0.0,4.0,0,1,0,0,7,2,1,0,1,0,0,0
183.39,3.0,2935,5,539.0,1.0,0,3347,0,0,1,3770,339,279,4.0,22.0,1,0,0,1,0,6,0,0,0,0,0,1
99.98,4.3,1797,2,329.0,22.0,1,1591,1,1,4,3268,404,34,1.0,4.0,1,0,1,0,5,6,0,1,0,0,0,0
224.26,3.4,1117,3,166.0,16.0,1,188,0,0,1,4897,603,346,1.0,0.0,0,1,1,1,3,5,0,0,0,0,1,0
125.86,3.9,0,1,403.7255102040816,35.0,1,369,1,1,2,3496,303,273,4.0,0.0,0,0,0,1,4,2,0,0,0,0,1,0
259.9,3.1,302,5,191.0,28.0,0,2123,0,1,1,1518,198,118,1.0,1.0,0,0,0,1,9,2,0,1,0,0,0,0
182.5,4.0,1695,4,251.0,35.0,0,850,1,0,3,3945,150,287,4.0,18.0,1,0,0,0,5,5,0,0,1,0,0,0
84.66,4.1,3628,4,577.0,10.0,0,2423,0,0,2,1295,63,96,3.0,22.0,0,0,0,0,0,2,0,0,1,0,0,0
118.42,3.5,1115,4,307.0,25.0,4,2402,0,0,2,3892,520,86,2.0,7.0,1,1,1,0,7,0,0,0,0,0,0,0
152.85,3.4,0,4,403.7255102040816,15.0,1,1276,1,1,3,865,126,41,1.0,27.0,0,0,0,1,7,1,0,0,0,0,0,0
143.68,3.978268041237113,2958,2,215.0,18.0,0,1170,1,0,1,2474,336,179,1.0,0.0,1,0,0,0,6,2,0,0,0,0,1,0
186.87,4.8,6421,9,849.0,10.0,0,523,1,0,5,2035,291,90,3.0,28.0,0,0,0,0,1,9,0,0,0,1,0,0
163.41,2.7,361,1,20.0,23.0,3,764,0,0,3,257,18,9,2.0,12.0,0,0,0,0,5,3,1,1,0,0,0,0
197.41,4.0,0,5,462.0,33.0,2,1333,1,1,6,4106,489,245,0.0,22.0,1,0,0,1,7,6,0,0,0,0,1,0
276.25,5.0,0,5,283.0,21.0,1,2024,1,1,4,3398,402,122,0.0,12.0,1,0,0,0,9,6,0,1,0,0,0,0
247.93,4.3,4128,5,649.0,1.0,0,4000,1,1,6,2936,112,69,5.0,21.0,0,0,0,0,2,9,0,0,0,0,0,1
75.49,3.978268041237113,146,2,585.0,35.0,2,642,1,0,1,1995,209,111,0.0,9.0,0,0,0,0,7,9,0,1,0,0,0,0
274.08,4.7,4486,4,889.0,4.0,0,2215,0,1,3,2448,161,167,4.0,21.0,1,0,0,0,8,1,0,0,0,0,1,0
303.13,4.8,3657,5,705.0,11.0,0,1827,1,1,3,1009,68,32,3.0,11.988333333333333,0,0,0,1,5,5,0,0,0,0,0,0
204.3,4.1,2352,4,635.0,8.0,2,1113,1,1,3,3553,483,90,3.0,8.0,1,0,1,1,0,0,1,0,0,0,1,0
187.6,5.0,3348,3,275.0,20.0,0,2780,1,1,4,4255,60,299,3.0,11.988333333333333,1,0,0,0,1,4,0,0,1,0,0,0
227.46,4.3,1158,6,169.0,6.0,0,1268,1,0,1,1733,87,16,4.0,22.0,0,0,0,0,6,0,0,0,0,0,1,0
185.81,3.9,2948,1,187.0,12.0,1,1673,1,0,2,3140,225,69,1.0,14.0,0,0,0,1,9,0,0,0,0,0,0,0
233.34,3.7,324,1,277.0,23.0,4,5,1,0,2,2495,315,103,0.0,0.0,1,0,1,1,7,7,1,0,0,0,0,1
90.57,3.3,1275,4,20.0,22.0,1,5,0,1,2,2861,356,182,0.0,12.0,0,1,0,1,9,5,0,0,1,0,0,0
108.56,3.4,267,5,321.0,17.0,2,5,1,0,1,3345,433,144,1.0,1.0,1,0,0,0,3,3,0,0,0,0,1,0
195.77,3.7,402,2,397.0,15.0,2,5,0,1,4,1305,144,49,0.0,0.0,0,1,0,1,9,1,1,0,0,0,1,0
67.95,3.6,0,1,179.0,25.0,1,1249,0,0,1,507,41,11,2.0,11.988333333333333,1,0,0,0,8,5,0,0,0,1,0,0
126.15,5.0,2969,4,304.0,17.0,0,521,1,1,4,3029,310,182,2.0,12.0,0,0,0,0,5,9,0,1,0,0,0,0
139.85,3.9,0,3,394.0,22.0,1,1676,0,1,3,3585,313,136,2.0,20.0,1,0,0,1,3,9,1,0,0,0,0,1
103.03,3.8,80,3,439.0,7.0,0,1695,0,1,1,3081,419,33,2.0,20.0,0,0,0,1,8,0,1,0,1,0,0,0
134.17,3.978268041237113,181,5,20.0,11.0,0,2897,1,1,1,4771,523,295,1.0,12.0,1,0,1,0,3,9,0,0,0,0,0,1
77.12,5.0,1536,3,484.0,10.0,0,1484,0,0,2,3634,499,238,5.0,19.0,0,0,0,1,8,4,1,0,0,0,0,0
5.0,3.9,3511,3,305.0,16.0,0,993,1,0,1,1166,104,78,3.0,14.0,0,0,1,0,7,3,1,0,0,1,0,0
104.35,3.5,0,2,368.0,16.0,0,1886,0,0,1,708,85,55,2.0,17.0,0,1,0,0,6,4,0,0,0,0,0,0
225.41,4.5,706,2,216.0,27.0,2,161,0,1,1,1965,150,126,3.0,12.0,0,1,1,1,8,3,0,0,0,1,0,0
134.1,4.1,3171,1,840.0,2.0,2,457,1,1,4,2140,192,164,1.0,26.0,0,0,1,0,8,8,0,1,0,0,0,0
171.75,4.2,0,3,340.0,25.0,1,5,1,1,3,4795,478,153,4.0,0.0,0,0,0,0,1,1,0,1,0,0,0,0
199.93,4.2,1271,1,366.0,2.0,0,1900,1,1,5,3876,510,136,4.0,3.0,0,0,0,0,7,0,0,0,0,1,0,0
5.0,4.4,1465,3,397.0,1.0,0,2529,1,0,1,4722,464,136,1.0,10.0,0,0,0,1,7,8,0,0,1,0,0,0
148.45,4.1,2878,5,119.0,15.0,0,519,0,1,2,644,68,45,0.0,11.0,1,1,0,1,4,8,0,0,1,0,0,0
234.07,4.2,2272,8,793.0,7.0,0,4000,0,1,3,2360,96,120,3.0,10.0,1,0,0,0,8,1,0,1,0,0,0,0
147.06,4.3,1176,3,520.0,17.0,0,2467,1,1,5,4884,653,38,3.0,11.0,1,0,0,0,4,7,0,0,0,0,0,1
286.72,5.0,4351,3,475.0,13.0,0,3213,1,1,3,252,20,4,5.0,22.0,1,0,0,0,4,7,0,0,0,0,0,1
112.44,3.1,290,4,407.0,19.0,2,1006,1,1,3,4067,404,198,1.0,11.988333333333333,0,0,0,1,0,4,0,0,1,0,0,0
242.11,4.5,0,2,347.0,18.0,0,1350,0,1,3,1703,44,42,5.0,25.0,0,0,0,0,9,9,0,1,0,0,0,0
144.17,4.0,793,6,487.0,1.0,0,2558,1,1,3,1728,80,18,0.0,6.0,0,0,0,0,3,4,0,0,0,0,1,0
196.72,4.0,425,2,525.0,19.0,3,438,1,0,3,1919,94,90,2.0,11.0,1,0,1,1,9,5,1,0,0,0,0,0
240.8,5.0,2179,6,516.0,1.0,0,4000,1,1,5,1490,102,76,4.0,22.0,0,0,0,0,8,2,0,0,0,0,0,1
223.26,4.1,3464,2,528.0,21.0,1,2127,1,0,3,4268,431,293,2.0,7.0,0,0,1,0,7,5,0,0,1,0,0,0
136.92,3.8,536,7,570.0,12.0,0,3476,1,1,5,4203,265,331,2.0,10.0,0,0,0,0,5,3,0,0,0,0,0,0
213.35,4.0,0,5,547.0,13.0,0,1746,1,1,2,1190,96,49,1.0,0.0,1,0,1,1,8,7,1,0,0,1,0,0
190.82,4.1,5474,5,427.0,3.0,0,1228,1,1,6,2660,270,203,4.0,13.0,0,0,0,1,9,7,0,0,0,0,0,0
5.0,4.3,2071,3,183.0,23.0,4,2028,0,0,1,1982,233,128,1.0,8.0,0,0,0,1,3,7,0,0,1,0,0,0
235.73,3.6,0,4,402.0,35.0,0,1154,0,1,1,549,54,10,0.0,3.0,1,0,0,1,5,9,1,1,0,0,0,0
250.08,4.0,47,1,604.0,8.0,0,972,1,1,4,3159,375,239,5.0,2.0,1,0,0,0,7,3,0,0,0,0,0,1
331.73,4.1,2784,5,774.0,9.0,1,1296,1,1,5,976,28,21,1.0,6.0,0,0,0,0,3,1,0,0,1,0,0,0
174.4,4.1,4784,6,422.0,8.0,0,2881,1,1,2,3903,91,25,3.0,17.0,0,0,0,0,0,0,0,0,0,0,1,0
91.66,3.0,0,1,170.0,37.0,2,1850,1,0,4,3332,121,151,0.0,18.0,1,0,1,1,8,2,0,0,0,0,1,0
162.58,4.0,4,6,463.0,2.0,0,799,0,1,3,3171,98,69,2.0,0.0,1,0,0,1,1,5,0,0,1,0,0,0
247.13,4.5,0,6,550.0,5.0,1,1549,1,0,5,1577,63,60,2.0,22.0,0,0,0,0,0,8,0,0,0,0,0,1
198.11,5.0,4461,2,291.0,17.0,0,1521,0,1,1,3901,557,227,1.0,11.0,0,0,0,1,6,8,0,0,0,0,0,0
192.47,4.2,2205,5,156.0,3.0,0,1230,1,1,4,1709,207,109,3.0,12.0,0,0,0,0,1,1,0,0,0,1,0,0
249.42,4.3,5194,5,474.0,3.0,1,1659,1,1,2,576,48,44,4.0,26.0,0,0,0,1,9,4,0,1,0,0,0,0
159.05,4.0,288,3,385.0,24.0,0,1244,1,1,2,4637,55,90,0.0,2.0,0,0,0,1,9,2,0,0,0,1,0,0
256.26,4.6,1073,6,214.0,10.0,0,1417,1,0,3,1919,234,38,0.0,26.0,0,0,1,0,9,6,0,0,0,0,0,0
5.0,2.8,0,4,20.0,15.230456852791878,1,5,0,1,3,1012,113,42,2.0,6.0,0,1,0,1,7,4,1,0,0,0,0,0
222.94,4.3,2339,6,605.0,22.0,1,1801,0,0,4,4910,498,341,3.0,14.0,1,0,0,1,6,0,1,1,0,0,0,0
157.01,4.0,978,2,457.0,7.0,1,450,1,0,2,219,30,14,0.0,5.0,1,0,0,1,9,7,1,0,1,0,0,0
86.78,4.9,1403,3,419.0,29.0,0,2461,1,1,2,1741,177,97,3.0,15.0,0,1,1,1,5,6,0,1,0,0,0,0
98.95,4.3,1767,5,329.0,4.0,0,4000,1,0,4,484,15,32,1.6757142857142857,20.0,0,0,1,1,3,6,0,0,0,0,0,0
192.55,3.8,82,5,321.0,28.0,0,638,1,1,2,1653,100,17,0.0,14.0,0,0,0,1,9,6,1,0,1,0,0,0
299.74,4.2,0,3,274.0,30.0,0,1208,1,1,1,553,29,6,3.0,20.0,1,1,0,0,0,1,0,0,0,0,0,1
121.72,3.3,0,2,223.0,15.0,2,1460,0,1,2,528,69,17,1.0,14.0,0,0,0,1,7,5,0,0,0,0,1,0
84.83,4.4,0,4,122.0,18.0,0,2497,0,0,2,3261,141,57,1.0,16.0,0,0,1,0,3,0,0,0,0,0,0,0
15.19,3.2,2397,3,344.0,23.0,0,2176,1,1,5,4169,443,105,0.0,18.0,1,0,0,0,4,1,0,0,1,0,0,0
150.54,4.5,1145,3,316.0,13.0,0,276,0,0,2,1033,51,9,5.0,10.0,0,0,0,0,2,2,0,0,0,0,1,0
145.18,3.6,2147,4,500.0,26.0,0,802,1,1,1,4635,84,301,4.0,14.0,0,1,0,0,0,3,0,0,1,0,0,0
183.75,4.8,5555,4,400.0,34.0,0,2967,1,1,2,4973,578,229,0.0,13.0,0,0,0,0,5,0,0,0,0,0,0,1
253.53,3.5,2599,4,246.0,16.0,0,51,1,0,2,2489,192,192,2.0,4.0,1,0,0,1,2,2,0,1,0,0,0,0
60.8,4.1,2750,2,528.0,26.0,1,1648,0,0,2,3993,128,213,0.0,11.988333333333333,1,0,0,1,1,5,0,0,1,0,0,0
194.75,3.6,1250,2,20.0,5.0,2,5,0,1,2,4471,242,233,0.0,0.0,1,0,0,0,7,9,0,1,0,0,0,0
205.77,4.4,1732,3,72.0,1.0,0,1987,0,0,5,3180,398,182,0.0,17.0,0,0,0,0,8,4,0,0,1,0,0,0
206.62,3.9,2752,5,50.0,11.0,0,113,1,1,2,783,87,19,0.0,0.0,1,0,0,0,9,8,0,0,0,1,0,0
91.06,3.978268041237113,314,2,20.0,6.0,0,1593,1,0,1,446,32,19,0.0,7.0,0,0,0,1,9,6,0,0,0,0,1,0
188.78,3.3,321,4,305.0,14.0,0,2591,0,1,3,702,88,14,0.0,15.0,0,0,0,0,4,9,0,0,0,0,1,0
102.16,4.3,87,4,600.0,1.0,2,5,1,0,3,4448,598,99,0.0,10.0,0,0,1,0,8,5,0,0,0,0,1,0
149.43,4.3,2468,4,500.0,18.0,1,5,0,1,3,1001,69,11,2.0,11.0,1,1,0,0,6,1,0,0,1,0,0,0
184.0,4.7,252,2,568.0,7.0,1,765,1,0,2,656,15,44,2.0,7.0,0,1,0,0,1,7,0,1,0,0,0,0
84.76,3.7,0,4,745.0,1.0,2,1439,1,0,2,2266,254,163,1.0,2.0,1,0,1,1,9,3,1,0,1,0,0,0
134.25,2.9,1962,1,266.0,15.230456852791878,0,890,1,1,1,3855,356,285,3.0,13.0,1,0,0,1,3,4,1,0,0,0,1,0
156.09,4.5,2423,7,628.0,16.0,0,1098,0,0,1,4773,65,346,2.0,12.0,1,0,0,0,9,5,0,0,0,0,1,0
207.16,3.1,2409,4,346.0,27.0,1,3522,0,1,2,1686,239,86,2.0,18.0,0,0,0,1,4,3,0,1,0,0,0,0
181.94,3.6,0,4,403.7255102040816,8.0,0,1494,1,1,3,4468,453,194,1.6757142857142857,17.0,1,0,0,0,2,2,0,0,0,0,0,1
264.55,3.7,3494,5,385.0,13.0,1,1631,1,0,2,2525,372,109,2.0,15.0,0,0,0,0,2,1,0,0,0,0,1,0
182.11,4.4,185,1,48.0,3.0,0,2025,0,1,2,1659,51,26,2.0,10.0,0,0,0,1,0,9,0,0,0,0,1,0
185.67,4.1,684,5,721.0,27.0,2,2116,0,1,4,4898,665,172,1.0,15.0,0,1,0,1,0,9,0,0,0,0,0,1
344.08,4.7,472,3,123.0,3.0,2,1710,1,1,4,4135,472,276,1.0,6.0,1,0,0,0,4,9,0,0,0,0,1,0
247.27,3.7,3141,3,253.0,5.0,0,3612,1,1,6,1667,114,128,0.0,11.988333333333333,1,0,0,0,8,4,0,0,1,0,0,0
204.92,5.0,4213,1,1016.0,23.0,0,1242,1,0,1,4033,171,231,2.0,13.0,0,0,0,0,5,8,0,0,0,1,0,0
166.03,3.3,43,7,505.0,13.0,1,3058,1,1,3,1457,176,103,3.0,6.0,0,0,0,0,8,8,0,0,0,1,0,0
189.12,5.0,1912,3,760.0,13.0,0,1879,1,1,2,3524,426,134,1.0,17.0,1,0,0,1,8,3,0,0,0,1,0,0
139.55,4.0,3640,4,505.0,2.0,0,2903,1,0,3,2957,209,77,1.0,17.0,0,0,0,0,8,4,0,0,1,0,0,0
76.85,3.1,893,1,134.0,13.0,1,5,1,1,1,4985,391,337,0.0,9.0,0,0,0,1,7,2,0,0,0,1,0,0
238.41,3.8,3351,8,390.0,9.0,1,1766,0,1,3,2526,148,73,4.0,25.0,0,0,0,0,6,7,0,0,0,0,0,0
155.61,5.0,4564,8,312.0,22.0,0,2642,0,1,4,3408,78,175,4.0,16.0,0,0,0,0,2,1,0,0,1,0,0,0
213.41,5.0,3083,5,201.0,17.0,0,2981,1,1,4,1658,77,53,4.0,16.0,0,0,0,1,7,4,0,0,0,0,0,1
102.18,3.6,530,5,527.0,16.0,0,5,1,0,3,2893,291,213,3.0,5.0,0,0,0,1,6,9,0,0,0,1,0,0
70.36,3.1,0,4,185.0,23.0,1,5,1,0,4,3730,137,147,0.0,14.0,0,0,0,1,4,3,0,0,0,1,0,0
27.05,4.0,3662,1,604.0,5.0,0,1845,0,1,3,304,29,20,0.0,26.0,1,0,0,0,0,0,0,0,1,0,0,0
187.87,2.8,1465,6,40.0,1.0,2,2829,1,0,3,1530,158,69,3.0,1.0,0,0,0,1,7,9,1,0,0,0,0,0
83.91,4.4,1670,1,589.0,6.0,2,1202,1,1,1,2976,227,15,1.0,24.0,0,0,1,0,1,9,0,0,0,1,0,0
130.71,4.3,0,6,588.0,17.0,0,578,1,1,3,4919,607,72,1.0,23.0,0,0,0,0,4,8,0,0,0,0,1,0
127.99,3.8,3746,3,355.0,1.0,0,1615,1,1,3,1144,18,75,2.0,1.0,1,0,0,0,9,6,0,1,0,0,0,0
114.08,3.1,0,1,501.0,10.0,0,5,0,0,2,2925,77,81,0.0,0.0,0,0,0,1,0,0,1,0,1,0,0,0
79.62,3.6,0,2,86.0,19.0,1,550,1,0,3,1910,232,111,1.0,21.0,0,0,0,1,6,3,0,0,1,0,0,0
166.09,4.0,3635,2,545.0,9.0,0,1174,1,0,2,3168,459,98,2.0,14.0,0,1,0,0,1,5,0,0,0,0,0,1
189.27,4.6,4128,5,784.0,1.0,0,3208,1,1,4,2721,105,18,2.0,36.0,0,0,0,0,4,8,0,0,0,1,0,0
117.95,3.978268041237113,1568,4,397.0,20.0,3,1425,0,0,3,4238,593,41,2.0,11.0,0,0,0,0,1,3,0,1,0,0,0,0
132.42,3.6,97,4,403.7255102040816,26.0,1,2477,1,1,5,3701,238,66,1.0,1.0,0,1,1,0,3,3,0,0,1,0,0,0
207.62,4.7,1758,4,433.0,24.0,0,1386,1,1,4,3203,164,64,2.0,12.0,0,0,0,1,7,1,1,0,0,0,0,0
271.2,4.2,5108,2,502.0,29.0,0,2074,0,0,5,3959,453,69,4.0,17.0,0,0,0,0,3,9,0,1,0,0,0,0
127.75,3.4,357,2,302.0,8.0,0,592,0,1,3,3717,231,287,0.0,17.0,0,0,0,1,4,6,1,0,0,0,1,0
126.57,4.4,1708,1,470.0,8.0,2,515,0,1,4,2486,267,61,2.0,0.0,0,0,0,1,7,1,0,0,0,0,0,0
32.53,3.9,2317,5,432.0,12.0,1,5,1,0,2,1893,241,31,2.0,10.0,1,0,0,0,7,0,0,0,0,0,0,1
170.37,3.8,1473,5,754.0,1.0,2,1333,1,1,6,3149,467,109,1.0,16.0,0,0,0,1,9,1,1,0,0,0,0,1
66.02,3.8,2363,3,148.0,33.0,0,189,1,1,4,2344,128,164,0.0,11.0,1,0,0,1,2,8,0,0,0,0,0,0
41.58,4.9,248,3,269.0,7.0,1,891,1,1,3,3094,159,149,0.0,11.0,0,0,0,0,9,6,0,0,1,0,0,0
133.35,4.5,2640,2,412.0,22.0,1,326,0,1,3,1692,128,57,4.0,19.0,0,0,0,0,7,6,0,0,1,0,0,0
293.01,4.5,1896,6,482.0,1.0,2,1002,1,0,4,4731,125,155,0.0,5.0,1,0,0,0,3,1,0,0,0,1,0,0
131.57,4.0,0,1,443.0,15.0,2,279,1,1,2,4006,299,252,0.0,11.988333333333333,0,1,0,1,5,8,1,1,0,0,0,0
329.1,5.0,2283,4,544.0,2.0,1,853,1,1,2,4632,173,72,1.0,9.0,0,0,0,0,5,1,0,0,0,1,0,0
75.38,3.7,0,1,94.0,34.0,2,5,1,0,2,1519,193,85,1.0,6.0,0,0,1,1,8,2,0,1,0,0,0,0
199.59,4.4,876,5,181.0,13.0,1,5,1,1,3,2281,44,135,3.0,15.0,1,0,0,0,7,7,0,0,0,1,0,0
259.17,3.978268041237113,87,3,672.0,13.0,0,4000,1,0,4,1205,81,25,2.0,25.0,0,0,0,1,8,1,1,0,0,0,1,0
5.0,2.2,0,1,20.0,37.0,4,5,0,0,1,2158,88,132,0.0,6.0,0,0,0,0,5,5,0,0,0,1,0,0
354.08,5.0,4405,7,1013.0,1.0,0,2541,1,1,3,4098,354,145,3.0,20.0,0,0,0,0,3,6,0,1,0,0,0,0
5.0,3.6,0,3,505.0,36.0,1,2760,1,0,2,2088,59,111,0.0,12.0,0,0,0,0,0,0,0,0,0,0,0,1
219.83,4.3,3091,5,356.0,1.0,0,2639,1,1,3,1908,204,106,1.0,9.0,0,0,0,1,2,0,1,0,0,0,0,1
77.97,3.2,0,5,126.0,22.0,0,295,0,1,2,2785,69,24,0.0,0.0,0,0,0,1,4,1,1,0,0,0,0,0
82.41,3.9,0,2,427.0,29.0,3,1128,1,1,1,1390,25,13,1.0,9.0,0,0,1,1,7,9,1,0,0,0,1,0
222.87,4.1,715,5,396.0,17.0,3,845,1,1,3,3152,258,189,1.0,13.0,0,0,0,0,6,4,0,0,1,0,0,0
222.67,4.1,4543,6,674.0,20.0,1,2647,0,0,5,4752,198,62,1.0,7.0,0,0,1,1,7,0,0,0,1,0,0,0
242.94,4.4,8344,2,309.0,1.0,0,2120,1,1,4,2108,172,69,1.6757142857142857,14.0,0,0,0,0,1,5,0,1,0,0,0,0
25.8,3.978268041237113,0,3,328.0,10.0,1,1312,0,0,3,4784,501,126,2.0,10.0,0,0,0,1,7,3,0,0,0,0,0,1
106.49,2.7,2354,3,363.0,30.0,0,2167,1,0,2,4927,360,372,3.0,11.0,0,0,0,0,4,9,0,0,0,0,1,0
161.24,4.1,1310,5,395.0,6.0,2,985,1,0,4,140,14,6,1.0,11.988333333333333,1,0,0,0,7,4,0,0,0,1,0,0
51.6,2.5,0,1,87.0,5.0,4,5,0,1,2,2174,187,11,1.0,12.0,0,1,0,1,1,8,1,1,0,0,0,0
149.12,4.1,2224,3,125.0,5.0,0,736,0,1,2,4134,390,107,4.0,4.0,0,0,0,0,7,2,0,0,0,0,0,0
202.23,4.2,108,6,705.0,20.0,0,1726,1,0,3,1843,132,140,5.0,18.0,0,0,0,0,3,7,0,1,0,0,0,0
212.84,3.8,2302,1,134.0,30.0,0,241,0,1,2,2193,130,87,1.0,11.0,1,0,1,0,7,0,0,0,1,0,0,0
179.86,3.9,239,4,527.0,14.0,0,2290,1,1,5,3532,223,133,4.0,16.0,0,0,0,0,3,2,0,1,0,0,0,0
146.85,3.978268041237113,3553,1,439.0,17.0,1,315,0,0,4,1677,55,89,2.0,15.0,0,0,0,0,3,4,1,0,0,1,0,0
150.77,3.978268041237113,0,4,467.0,14.0,0,1108,1,1,3,2038,73,117,0.0,11.0,1,0,1,1,0,1,0,0,0,0,0,0
249.83,4.5,3485,5,510.0,5.0,0,3344,1,0,3,2616,265,101,1.0,29.0,1,0,1,0,6,1,0,0,0,0,0,1
202.42,4.0,2405,3,789.0,10.0,0,1433,1,0,5,895,88,22,2.0,16.0,0,0,0,0,6,3,0,1,0,0,0,0
141.32,4.1,4578,4,769.0,1.0,1,734,1,1,2,3609,346,230,2.0,11.988333333333333,0,0,0,0,9,4,0,0,0,1,0,0
147.13,4.5,3520,3,334.0,7.0,1,3400,1,0,2,2301,41,177,1.0,0.0,1,0,0,0,4,7,0,0,1,0,0,0
176.2,3.6,2286,5,591.0,20.0,0,1208,0,1,4,2222,267,80,3.0,3.0,0,0,0,1,2,2,1,0,0,0,0,0
129.7,3.4,0,1,305.0,12.0,1,2812,1,1,2,99,6,4,3.0,5.0,0,0,1,0,9,9,0,0,0,0,0,0
287.58,4.9,3355,5,573.0,11.0,0,4000,1,0,2,937,112,6,2.0,3.0,0,1,0,0,7,9,0,1,0,0,0,0
55.99,3.3,87,1,621.0,23.0,0,2374,1,1,1,4469,334,124,4.0,10.0,0,1,0,0,3,9,0,0,0,0,0,1
266.7,4.6,2196,4,106.0,7.0,2,201,1,0,6,778,58,60,2.0,11.0,0,0,0,1,4,7,1,0,1,0,0,0
106.91,4.7,0,6,589.0,6.0,1,2936,1,1,5,3028,160,154,0.0,11.0,0,0,0,0,7,7,0,0,0,1,0,0
116.19,3.5,0,1,552.0,19.0,2,558,0,1,1,1214,26,41,0.0,5.0,0,0,0,0,2,3,0,1,0,0,0,0
109.09,3.978268041237113,2802,3,613.0,13.0,2,87,0,1,2,2488,361,75,1.0,19.0,0,0,0,0,5,5,0,0,0,0,0,0
262.07,5.0,4940,2,569.0,5.0,0,3199,1,1,2,1781,174,138,1.0,13.0,0,0,0,0,4,5,0,0,0,0,0,1
90.19,4.0,2264,3,94.0,11.0,0,2074,1,1,1,3312,360,51,0.0,0.0,0,0,0,1,6,0,0,0,0,1,0,0
174.83,3.978268041237113,1911,4,123.0,21.0,1,890,1,0,2,1674,148,11,2.0,25.0,1,0,0,0,6,9,0,0,0,0,1,0
95.83,3.5,2379,6,414.0,16.0,1,1910,0,1,4,4235,122,89,3.0,24.0,0,0,1,0,5,7,0,0,0,0,1,0
185.62,4.6,2647,5,190.0,6.0,1,1735,1,0,5,3307,469,256,2.0,23.0,0,0,0,0,1,7,0,0,0,1,0,0
185.98,4.1,2977,5,564.0,14.0,0,671,1,1,4,4358,510,236,1.6757142857142857,17.0,0,0,0,1,3,8,1,0,0,1,0,0
189.23,3.8,5175,5,715.0,4.0,0,2697,1,0,4,4784,573,140,1.0,17.0,0,0,0,0,5,8,0,0,0,0,0,0
216.42,3.7,145,3,40.0,21.0,0,2248,0,1,1,1978,54,35,1.0,8.0,0,0,0,0,5,5,0,0,0,0,0,0
52.23,3.9,1879,7,76.0,26.0,1,2794,0,1,4,857,87,25,2.0,15.0,0,0,1,0,5,0,0,0,0,0,1,0
39.0,3.5,0,3,374.0,24.0,3,419,1,0,4,1452,144,99,2.0,13.0,1,0,0,0,2,3,0,1,0,0,0,0
182.89,3.9,1878,5,696.0,1.0,0,782,1,1,1,2904,153,193,1.0,16.0,1,0,0,0,8,2,0,0,0,0,0,1
150.64,4.3,3965,4,494.0,13.0,2,1621,1,1,3,4991,134,203,3.0,25.0,0,0,0,0,8,6,0,0,0,0,0,1
244.45,3.0,2756,1,195.0,16.0,1,5,0,1,5,4582,626,314,2.0,2.0,0,0,0,0,4,8,0,1,0,0,0,0
173.41,4.4,1482,2,235.0,4.0,1,3101,0,1,3,2851,309,25,1.0,17.0,0,0,1,0,3,7,0,0,0,0,0,1
93.12,4.1,1630,3,386.0,15.230456852791878,0,3691,1,1,3,95,10,3,2.0,14.0,0,0,0,0,7,8,0,0,0,0,1,0
201.41,3.9,0,9,747.0,13.0,0,639,1,1,3,2937,36,74,3.0,2.0,0,0,0,0,2,2,0,0,1,0,0,0
270.66,4.0,2202,1,36.0,1.0,2,1333,0,0,3,4543,242,207,2.0,14.0,0,1,0,0,9,2,0,0,0,0,0,1
5.0,3.5,0,5,107.0,16.0,1,988,1,1,1,3148,358,87,2.0,11.988333333333333,0,0,0,1,0,0,1,1,0,0,0,0
228.43,4.7,0,2,277.0,11.0,0,1763,1,0,1,2022,293,102,5.0,4.0,0,0,0,0,4,4,0,0,0,1,0,0
5.0,3.3,3020,2,226.0,5.0,0,169,1,1,1,2862,64,192,0.0,10.0,0,1,0,1,2,8,0,0,0,0,0,0
100.42,3.7,2378,7,409.0,28.0,0,1231,0,0,1,4160,324,280,1.0,12.0,0,0,0,0,9,8,0,1,0,0,0,0
121.28,3.9,2900,1,582.0,34.0,0,1010,1,0,3,4519,206,214,1.0,12.0,0,0,1,1,0,8,0,0,0,1,0,0
370.67,4.8,4914,8,419.0,13.0,1,185,1,1,5,3869,43,188,3.0,22.0,0,0,0,0,8,9,0,0,0,0,0,0
260.2,3.3,0,2,292.0,1.0,2,2529,0,1,2,3736,258,132,1.6757142857142857,25.0,0,0,0,0,6,7,0,0,0,1,0,0
231.74,4.3,0,4,659.0,12.0,1,2170,0,0,3,3943,207,251,0.0,2.0,0,0,0,0,4,8,0,0,0,0,1,0
90.43,3.3,2268,1,311.0,29.0,1,1131,0,1,2,986,45,39,0.0,12.0,0,0,1,1,8,5,1,0,0,0,0,0
190.38,3.5,1400,2,156.0,14.0,0,3801,1,1,3,3420,489,96,2.0,23.0,0,0,0,0,0,4,0,0,0,1,0,0
144.79,3.9,1768,7,175.0,16.0,0,1866,1,1,4,3295,378,146,2.0,0.0,0,0,0,0,6,6,1,0,0,1,0,0
67.0,3.978268041237113,9,4,487.0,8.0,1,2671,1,1,2,4919,220,64,3.0,0.0,1,0,0,0,5,9,0,0,1,0,0,0
194.22,3.4,1985,3,383.0,18.0,0,3127,0,1,4,3597,344,80,3.0,19.0,1,0,0,0,5,1,0,1,0,0,0,0
314.54,3.7,2841,3,681.0,12.0,0,2226,1,1,4,1333,67,39,2.0,27.0,0,0,0,0,0,1,0,0,1,0,0,0
244.78,4.6,0,4,355.0,5.0,0,1590,1,1,3,3810,53,249,3.0,8.0,0,0,0,0,9,5,0,1,0,0,0,0
213.2,3.9,2562,3,263.0,7.0,0,5,0,1,4,273,28,16,1.0,5.0,0,0,0,0,1,5,0,0,0,1,0,0
244.99,4.5,648,4,859.0,20.0,1,1085,1,0,3,3072,150,98,2.0,16.0,0,0,0,0,3,9,0,0,1,0,0,0
22.55,3.5,0,1,171.0,9.0,1,2055,1,1,2,4102,405,215,3.0,11.0,0,0,0,0,8,8,0,1,0,0,0,0
216.82,3.8,3283,3,683.0,1.0,1,4000,1,1,2,3615,402,204,2.0,20.0,0,0,0,1,8,6,1,0,0,1,0,0
41.2,3.978268041237113,2505,4,614.0,3.0,0,2458,0,1,4,2773,98,30,5.0,2.0,0,0,0,0,0,3,0,1,0,0,0,0
179.04,4.6,1214,7,628.0,5.0,0,1302,1,1,4,3700,548,26,2.0,18.0,0,0,0,0,4,4,0,0,1,0,0,0
89.47,3.5,0,1,259.0,22.0,2,1439,1,1,1,3976,320,189,2.0,7.0,1,0,1,0,3,7,0,0,0,1,0,0
129.25,4.3,4457,3,147.0,4.0,0,2005,0,1,2,4401,455,260,5.0,20.0,1,1,0,0,4,5,0,0,0,0,1,0
5.0,3.8,0,1,171.0,16.0,1,1361,0,0,2,1200,174,40,0.0,4.0,0,0,0,1,8,3,1,0,0,0,0,1
222.4,4.5,615,4,661.0,3.0,0,2471,1,0,3,2135,135,59,0.0,16.0,0,1,0,0,4,8,0,1,0,0,0,0
180.26,4.6,1611,1,392.0,1.0,0,2842,1,1,3,2438,315,60,0.0,14.0,1,0,1,1,7,5,0,0,0,0,0,0
223.64,5.0,3949,6,830.0,12.0,1,4000,1,1,3,2498,120,130,3.0,16.0,0,0,0,0,9,1,0,1,0,0,0,0
234.82,4.2,168,9,251.0,19.0,0,1258,1,1,2,2752,106,146,2.0,10.0,1,1,0,1,5,7,0,1,0,0,0,0
52.18,4.3,1604,6,402.0,26.0,0,1422,1,0,3,1815,250,85,2.0,11.0,1,0,0,0,7,4,1,0,0,0,0,0
148.67,3.9,0,1,20.0,1.0,3,1818,0,0,3,462,42,11,0.0,11.0,0,0,1,1,1,6,0,0,0,0,0,0
75.15,3.3,0,3,516.0,25.0,0,5,1,1,1,3003,111,62,2.0,12.0,0,1,0,1,2,5,0,0,1,0,0,0
29.76,4.6,0,2,163.0,17.0,1,1067,0,0,1,768,46,25,1.0,4.0,1,0,0,0,6,8,0,1,0,0,0,0
209.34,4.1,430,4,20.0,46.0,2,434,1,0,2,4482,428,307,1.0,0.0,0,0,0,0,9,5,0,0,1,0,0,0
157.69,4.1,1932,4,476.0,8.0,1,4000,1,1,3,2864,122,37,1.6757142857142857,18.0,1,0,0,0,8,1,0,0,0,0,1,0
216.36,4.1,0,5,654.0,1.0,0,2654,1,0,2,2254,225,173,5.0,23.0,0,0,0,0,9,1,0,0,1,0,0,0
78.9,3.6,2547,4,288.0,19.0,1,2501,1,1,3,4425,555,279,3.0,7.0,0,0,0,0,6,8,0,1,0,0,0,0
172.2,4.5,4831,1,328.0,32.0,2,1989,0,1,1,2409,273,118,1.0,0.0,0,0,1,0,2,1,0,0,0,0,1,0
215.79,4.5,2070,2,75.0,22.0,3,3133,1,1,2,2046,275,125,3.0,6.0,0,0,0,0,3,8,0,0,0,0,1,0
120.06,4.4,5974,5,236.0,5.0,0,1225,1,1,5,2879,257,213,0.0,19.0,0,0,0,0,6,8,0,0,1,0,0,0
19.57,4.1,2024,1,376.0,13.0,1,5,1,1,2,2669,181,151,0.0,12.0,1,1,0,0,5,3,0,1,0,0,0,0
81.8,3.8,1657,1,110.0,11.0,1,458,0,1,3,1702,220,90,0.0,0.0,0,0,0,1,0,6,1,1,0,0,0,0
194.44,3.2,0,3,522.0,23.0,2,172,1,1,3,542,19,23,1.0,1.0,1,0,0,1,9,5,0,0,0,0,0,0
53.37,3.4,794,4,377.0,22.0,0,2692,1,0,2,3732,249,59,1.0,6.0,1,0,0,1,9,5,0,0,0,0,1,0
186.96,3.9,2318,3,576.0,11.0,2,1505,1,1,6,1295,52,45,1.0,20.0,0,0,0,0,7,3,0,1,0,0,0,0
252.64,5.0,2124,7,985.0,1.0,0,3456,1,0,5,4852,134,309,5.0,27.0,0,0,0,0,1,1,0,0,1,0,0,0
230.64,4.7,2901,4,694.0,17.0,1,231,0,0,2,4004,176,191,0.0,23.0,0,1,1,0,2,6,0,0,0,1,0,0
165.68,3.0,74,4,124.0,23.0,1,2201,1,0,3,3399,380,192,2.0,8.0,0,1,0,1,6,4,1,1,0,0,0,0
91.79,4.0,0,1,338.0,33.0,2,5,0,1,1,4970,707,32,0.0,11.0,0,0,1,1,8,8,0,1,0,0,0,0
233.07,3.6,2870,1,226.0,37.0,1,580,0,1,3,3649,94,144,0.0,18.0,0,0,1,1,8,8,0,0,0,0,1,0
41.68,2.9,0,8,404.0,11.0,0,123,1,1,4,579,16,38,1.0,21.0,0,0,0,1,9,9,1,0,0,0,0,0
171.59,3.8,2921,6,514.0,6.0,0,2128,1,0,2,1434,64,64,2.0,13.0,0,0,0,1,8,4,1,0,0,1,0,0
150.03,4.3,872,4,447.0,25.0,0,24,1,1,2,3517,414,197,0.0,1.0,0,0,0,0,3,7,0,0,0,1,0,0
203.84,4.6,1923,5,707.0,2.0,2,1750,1,1,4,2719,201,144,1.0,13.0,0,0,0,0,8,1,1,0,0,0,1,0
217.72,4.1,4264,1,652.0,25.0,2,3424,1,0,4,1842,195,49,1.6757142857142857,5.0,1,0,0,1,8,2,1,0,1,0,0,0
5.0,3.5,0,3,349.0,33.0,2,1238,0,1,1,3724,494,234,1.0,2.0,1,1,1,0,8,3,0,0,0,0,1,0
83.21,3.7,916,4,118.0,24.0,2,1288,0,0,3,581,48,45,2.0,5.0,1,0,1,1,5,3,1,0,1,0,0,0
96.25,3.978268041237113,695,4,145.0,18.0,0,1121,1,1,3,4340,190,34,2.0,2.0,0,0,1,0,9,9,0,0,0,0,0,0
155.76,4.1,1970,4,430.0,19.0,1,1720,1,1,3,2951,330,146,3.0,11.988333333333333,0,0,0,1,0,1,1,1,0,0,0,0
81.34,4.0,1186,5,107.0,17.0,0,535,1,1,4,1349,93,81,0.0,10.0,1,0,0,0,3,6,0,1,0,0,0,0
118.04,3.9,291,3,124.0,29.0,2,1928,1,0,2,3035,297,162,2.0,8.0,0,1,0,1,4,0,1,0,0,1,0,0
225.58,2.7,1084,3,336.0,8.0,0,1424,1,0,1,550,75,41,0.0,1.0,0,0,0,1,3,1,1,1,0,0,0,0
167.35,4.2,287,3,497.0,25.0,1,2082,0,0,1,4241,252,182,1.0,16.0,0,0,0,0,8,9,0,1,0,0,0,0
212.05,4.0,3316,3,287.0,33.0,1,1028,1,1,1,1736,192,60,4.0,4.0,0,0,1,0,6,5,0,0,0,0,0,0
179.8,4.0,1331,2,146.0,17.0,0,1832,0,1,1,3041,249,79,2.0,7.0,1,0,0,0,2,7,0,0,0,1,0,0
250.05,3.7,0,4,345.0,27.0,1,3301,1,1,3,1102,35,40,2.0,0.0,1,0,0,1,2,1,0,0,1,0,0,0
379.68,4.4,3974,4,632.0,30.0,3,2893,1,0,3,605,26,32,0.0,0.0,0,0,0,0,9,2,0,1,0,0,0,0
162.05,4.4,133,4,414.0,15.230456852791878,0,1300,1,1,2,615,72,27,2.0,17.0,0,1,0,1,4,1,1,1,0,0,0,0
80.01,4.1,1685,5,420.0,1.0,0,1881,0,0,1,2553,363,13,1.0,5.0,0,0,0,1,3,9,0,0,0,0,0,0
5.0,2.8,0,1,240.0,26.0,1,499,0,1,1,3455,414,67,0.0,7.0,1,1,0,1,8,0,1,1,0,0,0,0
110.19,4.3,92,3,259.0,1.0,2,713,1,0,3,3146,400,68,2.0,11.0,1,0,0,0,7,5,0,0,1,0,0,0
137.81,3.6,0,4,728.0,4.0,0,1909,1,1,1,2131,266,125,2.0,9.0,0,0,0,1,9,5,1,0,0,0,0,1
227.54,3.978268041237113,0,3,436.0,7.0,2,2203,1,1,6,4107,299,303,3.0,17.0,1,0,0,0,3,1,0,0,0,0,1,0
326.28,4.5,4356,1,510.0,1.0,0,1933,1,0,1,3537,316,229,4.0,15.0,0,0,0,0,8,9,0,1,0,0,0,0
232.97,3.5,3061,4,143.0,15.0,2,1938,1,0,3,3979,564,34,3.0,13.0,0,0,0,1,2,2,1,0,0,0,0,0
260.77,3.3,405,3,56.0,32.0,0,1986,0,1,5,2246,267,146,2.0,10.0,0,1,1,0,5,8,0,0,0,0,1,0
374.69,3.3,0,3,609.0,7.0,3,3400,0,1,2,1331,88,26,1.0,17.0,0,0,0,0,4,0,0,0,0,0,0,1
220.95,4.0,843,3,163.0,15.0,1,1863,1,0,5,3067,84,213,1.0,5.0,0,0,0,1,8,7,1,0,1,0,0,0
233.54,3.5,3036,4,628.0,6.0,0,5,1,1,1,3291,92,235,1.0,15.0,0,1,0,1,5,6,0,0,0,0,0,1
103.67,3.8,1257,6,449.0,1.0,0,1488,0,1,1,4576,472,142,1.0,4.0,1,0,0,0,7,2,0,0,1,0,0,0
125.52,4.3,1680,6,236.0,5.0,0,2086,1,1,5,930,56,67,1.0,0.0,0,0,0,1,0,0,0,0,0,0,0,0
139.37,3.2,1925,1,175.0,25.0,1,995,0,1,2,4475,511,77,2.0,0.0,1,0,0,1,3,9,0,0,1,0,0,0
104.92,4.1,3189,1,164.0,26.0,3,5,1,0,3,773,84,7,0.0,14.0,0,0,0,1,5,8,1,0,0,0,0,1
105.93,4.0,1910,5,250.0,22.0,0,1509,0,0,2,1735,87,129,1.0,9.0,1,0,0,0,2,3,0,0,1,0,0,0
61.92,5.0,67,5,493.0,16.0,1,1496,1,0,3,2632,84,134,1.0,0.0,1,1,0,1,5,3,0,0,0,0,0,0
211.32,3.3,2232,3,583.0,7.0,0,887,0,0,1,1435,18,110,1.0,5.0,0,0,0,1,2,1,0,0,0,1,0,0
58.83,3.6,0,1,377.0,37.0,1,1012,1,1,3,2835,263,158,2.0,11.988333333333333,0,0,0,1,5,0,0,0,0,1,0,0
300.11,4.7,5606,9,871.0,6.0,0,3620,0,1,4,742,20,34,2.0,22.0,0,0,1,0,4,2,0,0,0,1,0,0
234.52,4.4,3783,5,575.0,14.0,0,1291,1,1,3,2805,265,54,2.0,26.0,1,1,0,0,3,7,0,0,0,0,0,1
150.3,4.8,0,5,528.0,19.0,0,75,1,1,3,4601,163,42,2.0,11.0,0,0,0,1,3,8,0,1,0,0,0,0
221.27,2.7,0,4,447.0,2.0,1,1056,0,1,2,726,52,24,2.0,6.0,1,0,0,0,5,4,0,0,0,0,0,0
239.93,3.1,2522,3,210.0,20.0,1,921,1,1,2,139,18,2,2.0,13.0,1,0,0,0,5,8,0,0,0,0,0,0
186.77,4.4,4524,2,496.0,33.0,0,1838,0,1,4,2977,352,197,2.0,13.0,0,0,0,0,5,3,0,1,0,0,0,0
76.57,3.2,0,6,139.0,31.0,2,5,1,1,1,2540,253,63,1.0,0.0,0,0,0,1,9,0,1,1,0,0,0,0
124.59,4.3,847,5,490.0,20.0,2,304,0,1,2,3145,189,223,4.0,22.0,0,0,1,0,0,9,0,0,1,0,0,0
219.03,5.0,3511,5,534.0,1.0,0,1066,0,1,5,2561,27,103,2.0,17.0,1,0,0,1,7,6,0,0,0,0,0,0
95.84,4.1,4468,2,20.0,17.0,0,5,1,0,3,3183,124,182,0.0,0.0,0,1,0,1,9,1,0,1,0,0,0,0
60.24,3.7,2149,3,582.0,7.0,0,2127,1,1,3,1643,16,67,3.0,5.0,0,0,0,0,0,4,0,0,0,0,0,0
163.95,3.5,1537,6,101.0,19.0,2,1157,1,0,4,2767,375,159,0.0,30.0,0,0,0,0,7,1,0,0,1,0,0,0
259.67,3.8,2247,3,367.0,1.0,0,2658,0,0,4,1733,54,34,1.0,26.0,0,0,0,1,3,7,0,0,0,0,1,0
225.32,4.2,3739,9,480.0,1.0,0,3449,1,0,5,4341,380,227,0.0,16.0,0,0,1,0,3,8,0,1,0,0,0,0
166.25,4.6,904,7,133.0,17.0,2,430,1,0,1,3148,333,153,0.0,21.0,0,0,0,1,7,3,1,0,0,0,1,0
145.12,4.1,1201,1,513.0,12.0,0,2612,1,1,1,3174,283,158,2.0,18.0,0,0,0,0,0,9,0,0,0,0,0,1
103.88,3.2,2589,2,203.0,11.0,0,83,1,0,2,1867,167,25,3.0,8.0,1,0,1,0,6,6,0,0,0,0,1,0
349.39,3.7,0,5,355.0,1.0,0,967,1,0,3,1116,14,63,3.0,21.0,0,0,0,0,2,2,0,0,0,1,0,0
234.67,4.7,2292,3,448.0,15.0,0,2648,1,1,3,79,3,5,1.0,12.0,0,1,0,0,8,7,0,0,0,1,0,0
31.27,3.4,0,2,20.0,14.0,4,338,1,0,1,2354,259,90,2.0,11.988333333333333,0,0,1,1,1,9,1,0,0,0,0,1
111.7,5.0,2365,6,668.0,6.0,0,3842,1,1,5,2142,157,132,5.0,21.0,0,0,0,0,9,2,0,1,0,0,0,0
152.33,2.4,1154,5,929.0,15.0,0,286,0,0,1,2801,221,219,1.0,0.0,0,0,1,0,4,6,0,0,0,1,0,0
158.97,4.1,2873,5,266.0,26.0,2,2339,0,1,4,4150,51,297,0.0,11.0,0,0,0,0,0,0,0,0,0,0,0,0
116.46,3.8,244,5,431.0,31.0,0,5,1,1,3,727,23,50,1.0,0.0,0,1,0,1,1,9,1,0,1,0,0,0
158.18,4.5,2998,4,376.0,37.0,2,5,1,1,1,4780,360,25,1.0,16.0,1,1,1,1,6,8,1,0,0,1,0,0
211.48,4.3,257,4,643.0,18.0,2,1673,1,1,5,2245,187,101,2.0,16.0,0,0,0,1,1,9,1,0,0,0,0,1
272.2,4.9,354,8,380.0,1.0,0,2665,1,1,2,965,99,50,3.0,9.0,1,0,0,1,7,6,0,1,0,0,0,0
172.71,4.3,4458,5,735.0,5.0,1,3239,1,1,1,1023,111,49,2.0,28.0,1,0,0,0,6,0,1,0,0,1,0,0
266.02,3.978268041237113,5667,5,726.0,1.0,0,2594,1,1,3,3674,73,211,3.0,31.0,1,0,0,0,7,8,0,0,1,0,0,0
142.53,4.5,2503,4,502.0,35.0,0,2765,0,0,3,643,22,21,1.0,7.0,0,0,0,0,1,9,0,0,0,0,0,1
226.69,4.6,261,4,462.0,16.0,0,2239,1,1,5,608,40,40,1.6757142857142857,19.0,0,0,0,0,8,6,0,0,0,0,0,1
101.22,4.2,0,4,220.0,24.0,0,1666,1,1,4,4999,602,147,0.0,12.0,0,0,0,0,1,0,0,0,1,0,0,0
198.49,3.9,0,1,469.0,10.0,3,5,0,1,2,3358,357,65,0.0,0.0,1,1,0,1,1,4,1,0,0,0,1,0
5.0,3.6,1295,4,716.0,34.0,4,2965,1,1,1,4796,492,367,1.0,7.0,1,0,0,1,5,0,0,0,0,0,0,0
200.2,4.2,5886,5,860.0,4.0,0,1561,1,1,1,4349,219,141,5.0,19.0,0,0,0,0,0,8,0,0,1,0,0,0
182.56,3.978268041237113,1461,4,427.0,15.0,0,1137,1,1,3,3223,223,29,0.0,9.0,0,0,0,0,9,6,0,1,0,0,0,0
163.21,3.2,5189,1,380.0,15.0,1,2158,1,1,1,4122,188,23,0.0,16.0,0,0,0,1,9,6,0,0,0,0,1,0
58.3,4.1,0,7,523.0,6.0,0,3181,1,1,4,4762,378,161,0.0,1.0,0,0,0,0,3,8,0,0,1,0,0,0
207.15,3.1,2100,4,334.0,1.0,1,2451,1,0,1,512,15,2,0.0,0.0,0,0,1,1,7,5,0,1,0,0,0,0
194.73,4.2,4183,5,386.0,1.0,0,2488,1,1,3,3226,173,137,1.0,32.0,0,0,0,0,9,1,0,0,1,0,0,0
194.32,4.7,3040,4,238.0,1.0,0,235,1,1,3,4283,239,273,3.0,31.0,1,0,0,1,6,8,1,0,1,0,0,0
345.66,4.6,2733,6,438.0,11.0,0,2194,1,1,4,2688,354,99,2.0,20.0,0,0,0,0,8,1,0,0,0,0,0,0
123.89,5.0,3443,2,562.0,15.0,3,5,1,1,2,313,12,15,3.0,17.0,0,0,0,1,3,9,0,0,0,0,1,0
45.38,3.7,452,4,462.0,15.0,0,3560,1,0,6,932,129,40,4.0,11.0,0,0,0,1,5,5,0,0,0,0,0,1
124.3,4.0,2478,3,158.0,2.0,0,977,0,1,2,3819,175,230,2.0,18.0,1,0,0,1,6,9,0,0,0,0,1,0
241.44,4.1,1945,4,569.0,11.0,0,1129,0,0,5,2785,321,152,0.0,15.0,1,0,0,1,4,8,0,0,1,0,0,0
55.09,3.3,0,4,59.0,16.0,0,1087,0,0,1,2933,71,208,2.0,2.0,0,1,0,1,3,5,0,0,0,1,0,0
199.11,4.9,4749,4,256.0,10.0,0,1354,0,1,3,1473,186,85,3.0,1.0,0,0,0,0,5,0,0,0,0,0,1,0
228.36,4.5,3380,7,565.0,1.0,0,2697,1,0,4,3443,425,23,3.0,22.0,0,0,0,0,1,6,1,0,0,0,1,0
182.34,5.0,1998,7,616.0,1.0,0,551,1,1,6,1817,200,85,1.0,31.0,1,0,0,0,0,2,0,0,1,0,0,0
88.99,3.4,3545,3,771.0,8.0,0,3191,1,1,2,1700,204,77,2.0,12.0,0,0,0,0,7,9,0,0,0,0,1,0
146.68,4.7,0,5,110.0,11.0,2,1149,1,0,5,837,97,23,2.0,16.0,0,1,0,1,7,8,1,0,0,1,0,0
193.17,4.8,1060,8,477.0,16.0,0,2589,1,0,1,1817,168,53,1.0,23.0,0,0,0,0,2,7,0,0,0,0,1,0
110.88,2.9,5339,1,538.0,1.0,0,5,1,1,1,511,21,34,1.0,28.0,1,0,1,0,5,3,0,0,0,0,0,0
234.4,3.8,2875,4,540.0,17.0,0,5,0,0,1,1047,81,73,0.0,0.0,1,0,0,1,3,4,1,0,1,0,0,0
94.98,4.0,2956,2,323.0,12.0,0,2326,0,1,2,3696,78,116,0.0,29.0,0,0,0,1,4,8,0,0,1,0,0,0
177.68,3.5,1015,5,267.0,19.0,2,1382,1,0,1,3696,515,156,3.0,8.0,0,0,0,0,2,8,0,0,0,0,1,0
254.0,4.7,3140,2,119.0,17.0,0,2444,1,1,3,602,85,9,3.0,29.0,0,0,0,0,6,6,0,0,0,0,0,0
118.98,3.7,4052,5,240.0,35.0,1,1053,1,0,2,1361,198,38,1.0,15.0,1,0,0,1,4,9,1,0,0,1,0,0
213.51,3.978268041237113,2006,4,327.0,20.0,0,536,1,1,3,3085,139,156,2.0,18.0,0,0,0,0,6,8,0,0,0,1,0,0
248.59,3.9,3652,2,403.7255102040816,18.0,0,1946,1,1,5,3623,402,20,2.0,23.0,1,1,0,0,4,2,0,0,0,0,0,1
115.47,3.5,4230,6,164.0,25.0,0,2160,1,0,4,982,131,23,2.0,19.0,0,0,0,0,7,2,0,0,0,0,0,1
136.3,4.1,1389,2,469.0,26.0,3,973,0,1,1,2372,38,37,0.0,0.0,1,1,1,1,8,3,1,0,1,0,0,0
102.3,5.0,2806,4,647.0,12.0,0,782,1,1,1,4821,212,293,3.0,7.0,0,0,0,0,3,7,0,0,0,0,1,0
204.99,3.3,0,1,20.0,22.0,0,1432,1,0,1,4129,78,54,2.0,11.0,0,0,0,1,4,3,0,0,0,0,1,0
297.64,4.8,2053,5,543.0,17.0,0,5,1,1,4,1099,161,23,3.0,19.0,1,0,0,1,9,8,1,0,0,0,0,0
51.61,2.8,0,3,268.0,46.0,0,120,1,0,2,905,24,7,1.0,0.0,0,0,0,1,1,6,1,0,0,1,0,0
171.88,3.7,4111,1,396.0,1.0,0,1616,1,1,2,1426,110,86,1.0,16.0,0,0,0,0,8,5,0,0,1,0,0,0
97.12,3.2,0,1,29.0,31.0,0,849,0,1,1,2083,188,25,1.0,0.0,1,0,1,1,3,7,1,0,1,0,0,0
273.06,4.5,4092,2,598.0,23.0,1,2991,0,1,1,2364,326,74,2.0,9.0,1,0,0,1,2,5,1,0,0,1,0,0
185.39,3.7,1198,5,161.0,19.0,1,1380,0,0,1,1444,59,67,0.0,7.0,1,1,0,0,8,3,1,1,0,0,0,0
83.54,3.2,48,4,104.0,23.0,1,1436,1,1,1,4300,62,201,1.6757142857142857,13.0,0,0,0,0,6,2,0,0,1,0,0,0
152.86,3.978268041237113,2023,4,235.0,32.0,1,1111,1,1,2,1110,63,31,3.0,14.0,0,0,0,1,6,8,1,0,1,0,0,0
27.0,3.8,964,4,311.0,26.0,2,442,0,1,1,2693,60,79,2.0,0.0,0,1,0,0,7,9,0,0,0,0,1,0
5.0,3.5,0,1,420.0,23.0,1,158,1,1,3,4489,333,235,0.0,28.0,1,0,1,1,0,9,0,0,1,0,0,0
338.69,3.8,3672,4,411.0,14.0,1,3048,1,1,3,4362,317,226,5.0,0.0,1,0,0,0,2,3,0,0,1,0,0,0
286.38,3.2,1943,4,636.0,15.0,0,542,1,1,2,620,57,42,0.0,15.0,0,0,0,0,6,7,0,0,1,0,0,0
5.0,3.1,2557,2,106.0,23.0,0,5,0,0,1,4197,197,309,2.0,10.0,0,1,1,1,2,8,1,1,0,0,0,0
170.92,4.0,3569,5,161.0,25.0,4,1613,1,0,3,2419,130,178,1.6757142857142857,31.0,0,1,0,1,3,8,1,1,0,0,0,0
5.0,4.1,218,4,284.0,11.0,0,1857,1,1,3,562,69,29,1.0,23.0,0,0,0,1,4,5,1,0,0,1,0,0
5.0,3.1,0,2,182.0,29.0,0,5,1,0,1,3067,71,92,0.0,0.0,0,0,0,1,6,5,1,0,1,0,0,0
166.28,4.3,6313,6,676.0,1.0,0,3668,1,1,2,2799,164,127,1.6757142857142857,21.0,0,0,0,0,0,7,0,0,0,0,0,0
78.62,2.5,0,4,65.0,15.0,2,1819,0,0,3,1317,156,44,0.0,0.0,1,0,0,1,2,7,0,0,0,0,1,0
5.0,3.3,0,1,405.0,32.0,0,1428,1,0,1,1278,43,77,1.0,7.0,1,0,0,1,3,7,1,0,1,0,0,0
187.51,4.5,0,5,185.0,10.0,0,1975,1,1,3,2753,238,165,2.0,18.0,0,0,0,0,1,0,0,0,1,0,0,0
245.1,4.6,2852,3,734.0,13.0,2,1546,1,1,4,1293,165,44,1.0,16.0,1,0,0,0,8,0,0,0,0,0,0,1
201.74,3.5,1427,4,482.0,15.0,1,24,0,1,3,3187,99,180,1.0,6.0,0,0,1,0,8,6,0,0,0,1,0,0
131.92,4.5,0,2,435.0,16.0,0,2166,0,1,3,1028,85,78,2.0,16.0,1,0,0,1,8,5,0,0,0,0,0,1
137.91,4.4,1122,4,280.0,19.0,0,2165,0,0,2,3385,227,34,0.0,12.0,0,0,0,0,4,0,0,0,1,0,0,0
257.05,5.0,241,2,318.0,23.0,0,1027,1,1,4,867,23,15,5.0,22.0,0,0,0,1,2,9,0,0,0,1,0,0
188.06,3.3,0,3,389.0,22.0,0,5,1,0,2,4636,488,131,1.0,19.0,0,0,0,1,8,6,1,0,0,0,0,1
112.38,4.3,918,4,101.0,23.0,2,5,1,0,1,3120,116,189,0.0,0.0,0,0,0,0,0,9,0,1,0,0,0,0
206.2,3.7,3264,4,706.0,18.0,0,452,1,0,2,1175,86,86,1.6757142857142857,18.0,0,0,0,0,2,9,0,0,0,0,1,0
133.59,4.8,1820,5,289.0,1.0,1,2262,0,0,3,2770,404,205,2.0,7.0,0,0,0,1,5,1,0,1,0,0,0,0
121.74,3.2,0,1,277.0,20.0,3,665,1,1,2,4312,147,280,4.0,5.0,1,1,0,1,5,3,1,0,1,0,0,0
156.97,4.6,0,2,615.0,17.0,1,40,1,1,1,4348,508,210,4.0,4.0,1,0,0,0,5,8,0,0,1,0,0,0
172.4,4.3,1302,4,875.0,27.0,2,479,1,0,3,4385,537,132,3.0,14.0,0,0,0,0,2,0,0,0,0,0,0,1
101.47,4.0,738,6,458.0,31.0,3,1987,0,1,1,4614,510,148,0.0,0.0,0,1,0,1,8,4,0,0,0,1,0,0
147.68,4.1,3919,1,373.0,20.0,0,2397,1,1,1,3012,76,28,0.0,12.0,1,0,0,0,3,9,0,0,1,0,0,0
262.28,3.6,619,3,403.7255102040816,36.0,2,144,0,1,2,3596,144,123,1.0,3.0,1,0,1,1,1,8,1,1,0,0,0,0
114.84,3.978268041237113,6575,4,664.0,1.0,2,3257,1,1,4,3701,293,165,4.0,9.0,1,0,0,0,7,8,0,0,0,0,1,0
158.12,4.2,2668,5,281.0,9.0,1,1055,1,0,4,2248,202,158,1.0,6.0,0,1,0,0,0,3,1,0,0,0,1,0
43.4,3.0,0,4,107.0,33.0,1,644,0,0,1,4541,432,134,0.0,11.988333333333333,0,0,0,1,4,9,1,0,0,0,0,0
28.95,3.4,1574,4,645.0,25.0,0,5,0,1,2,2138,318,93,1.0,0.0,1,1,1,0,2,6,0,0,1,0,0,0
255.06,4.4,2200,5,608.0,18.0,0,2027,1,1,2,4713,572,341,2.0,16.0,0,0,0,1,6,1,0,0,0,0,0,1
58.86,3.8,0,1,444.0,19.0,0,5,0,0,1,3290,100,128,1.0,12.0,0,1,0,0,1,9,0,0,0,1,0,0
5.0,2.7,2319,4,344.0,5.0,0,5,0,0,2,2868,283,117,4.0,12.0,0,0,0,0,8,7,0,0,0,0,1,0
181.84,3.4,3286,6,897.0,9.0,0,1643,1,1,4,1245,90,71,5.0,16.0,0,0,0,1,1,0,0,0,0,0,0,1
26.36,2.8,830,3,140.0,40.0,1,5,1,0,1,3334,401,125,0.0,1.0,0,0,0,1,9,2,1,0,0,0,0,1
88.26,4.0,76,3,199.0,1.0,1,1567,0,1,3,731,99,32,0.0,15.0,0,0,0,1,9,5,1,0,0,1,0,0
164.97,4.9,4379,9,1065.0,1.0,0,4000,1,0,4,3271,36,80,4.0,14.0,0,0,1,0,6,3,0,0,1,0,0,0
104.53,4.2,3180,2,1038.0,30.0,0,5,1,1,4,4460,114,113,4.0,16.0,0,0,0,1,2,2,1,0,1,0,0,0
205.9,3.978268041237113,671,2,781.0,16.0,1,1465,1,0,3,1235,54,69,2.0,15.0,0,0,1,0,3,3,0,0,0,0,0,1
12.8,4.1,0,1,303.0,24.0,1,5,1,1,1,2869,426,126,1.0,0.0,1,0,0,0,7,0,0,0,0,1,0,0
103.2,4.6,608,1,418.0,13.0,2,124,1,1,2,2662,56,23,4.0,13.0,1,1,0,0,0,6,0,1,0,0,0,0
5.0,4.9,1876,1,403.7255102040816,23.0,1,571,0,1,2,4351,358,266,0.0,10.0,0,0,1,1,1,2,0,0,0,0,1,0
68.66,3.8,0,1,97.0,45.0,4,5,1,1,1,3519,134,213,0.0,5.0,0,0,0,1,7,4,0,0,0,1,0,0
94.79,3.4,461,1,344.0,37.0,3,5,1,1,1,4049,306,155,0.0,11.988333333333333,0,1,0,1,7,6,1,0,0,1,0,0
5.0,2.9,752,1,403.7255102040816,16.0,2,5,0,1,1,1801,131,106,0.0,0.0,1,0,0,1,3,9,0,0,1,0,0,0
5.0,4.6,0,2,114.0,18.0,3,1424,1,1,2,1021,66,31,0.0,15.0,1,1,1,1,9,2,0,0,0,0,0,1
56.06,3.6,0,3,393.0,29.0,2,703,0,0,1,366,49,18,1.0,15.0,0,0,0,1,8,6,0,0,1,0,0,0
297.84,4.0,1418,4,528.0,15.230456852791878,2,1293,1,1,3,403,53,24,2.0,26.0,0,0,0,0,9,8,0,0,0,0,1,0
115.59,3.7,1948,3,385.0,23.0,1,622,0,1,2,640,26,24,1.0,16.0,0,1,0,1,0,5,1,0,1,0,0,0
249.86,3.978268041237113,0,8,358.0,13.0,0,1192,0,1,3,4904,566,126,3.0,20.0,0,0,0,0,3,2,0,0,0,1,0,0
134.32,4.2,2789,7,485.0,25.0,1,1117,1,0,1,2654,29,43,0.0,6.0,1,0,0,0,8,7,0,0,0,0,1,0
5.0,4.6,512,2,300.0,1.0,1,941,1,0,2,2483,133,107,1.0,16.0,1,1,0,1,9,1,1,0,0,1,0,0
87.42,3.8,1461,5,209.0,5.0,0,3119,0,1,3,492,30,7,0.0,9.0,0,0,1,0,3,0,0,0,0,1,0,0
168.1,3.9,0,4,304.0,30.0,2,85,1,1,4,691,49,11,0.0,13.0,0,0,0,0,7,8,0,0,1,0,0,0
40.99,4.2,3041,3,228.0,20.0,2,2126,1,1,1,1261,35,64,1.0,2.0,0,0,1,1,5,9,1,0,0,0,0,1
158.63,4.6,1600,7,207.0,16.0,0,1924,0,1,1,1655,122,113,3.0,8.0,0,0,0,0,4,3,0,1,0,0,0,0
173.1,4.0,1155,1,754.0,3.0,0,931,1,1,2,3379,291,246,3.0,10.0,0,0,0,1,9,9,0,0,0,0,1,0
177.29,4.4,3255,5,418.0,13.0,0,2437,1,0,2,1406,29,65,3.0,12.0,0,0,0,0,5,0,0,0,0,0,1,0
124.39,4.0,616,4,300.0,19.0,0,2212,0,1,1,2790,294,168,3.0,13.0,1,1,0,0,2,2,0,0,1,0,0,0
191.39,3.3,0,2,20.0,21.0,1,770,0,0,2,4434,402,157,4.0,10.0,0,1,1,0,0,8,0,0,0,0,0,1
108.16,3.2,0,1,216.0,5.0,3,204,0,0,1,518,65,19,1.0,4.0,0,0,1,1,2,0,1,0,1,0,0,0
53.38,3.7,1408,4,146.0,12.0,2,291,1,0,3,2570,68,70,0.0,15.0,0,0,0,0,0,8,0,0,1,0,0,0
54.04,4.1,0,5,557.0,39.0,1,1734,0,1,1,232,30,5,0.0,11.988333333333333,0,0,0,0,0,1,0,0,1,0,0,0
114.3,3.6,289,1,140.0,32.0,1,793,0,0,2,4493,95,233,0.0,14.0,0,0,0,1,6,2,0,0,0,1,0,0
140.63,4.2,2649,3,332.0,12.0,0,2245,1,0,4,4135,277,222,2.0,23.0,1,0,0,0,8,0,1,0,0,0,0,1
204.15,3.6,0,2,500.0,7.0,0,877,1,1,3,2901,219,25,1.0,11.988333333333333,1,0,0,1,0,1,0,0,0,0,0,0
179.48,3.9,3956,4,765.0,2.0,0,1849,1,1,1,1657,103,118,3.0,9.0,1,0,0,1,6,1,1,0,0,0,1,0
212.08,4.4,1108,7,565.0,7.0,0,3837,0,1,3,1048,88,77,5.0,18.0,0,0,0,0,0,9,0,1,0,0,0,0
25.77,4.5,2910,4,652.0,19.0,0,1088,1,1,1,420,55,10,0.0,0.0,0,0,0,0,6,5,0,0,0,1,0,0
116.72,3.8,3336,4,579.0,15.230456852791878,0,58,1,0,6,3545,165,261,4.0,9.0,0,0,1,1,8,8,1,0,1,0,0,0
308.14,5.0,4227,4,466.0,9.0,3,1266,1,1,1,3557,409,270,2.0,16.0,0,0,0,0,0,8,0,0,0,0,0,0
239.58,3.6,484,4,540.0,13.0,0,1006,1,1,3,3723,519,62,0.0,17.0,0,0,0,0,1,4,0,1,0,0,0,0
56.75,5.0,0,3,414.0,14.0,1,1491,1,0,2,2165,186,125,3.0,11.988333333333333,0,0,0,0,6,5,0,0,1,0,0,0
163.95,4.0,1909,5,418.0,10.0,0,1867,1,1,3,2778,147,213,2.0,3.0,1,0,0,1,2,2,1,1,0,0,0,0
5.0,3.8,1262,1,313.0,25.0,2,5,0,0,4,3459,253,254,1.0,5.0,1,0,0,1,6,1,0,0,0,1,0,0
160.92,4.1,2420,1,141.0,16.0,0,2170,1,1,1,4331,75,87,0.0,0.0,0,0,0,1,0,2,0,1,0,0,0,0
290.51,4.3,5168,3,405.0,4.0,0,3540,1,1,2,4038,305,187,0.0,12.0,1,0,0,0,9,2,0,0,0,0,0,1
187.41,4.2,448,6,366.0,10.0,0,3141,1,0,1,995,124,5,1.0,9.0,0,0,0,1,9,9,0,0,0,1,0,0
106.01,3.2,1345,1,144.0,9.0,1,808,0,1,1,444,12,5,4.0,33.0,0,1,0,0,4,5,1,0,1,0,0,0
18.58,3.3,2835,3,575.0,23.0,2,5,1,0,4,1804,177,114,2.0,18.0,1,0,0,1,6,2,1,0,0,0,1,0
155.98,3.1,1545,1,224.0,27.0,1,1573,0,1,1,4356,174,67,2.0,26.0,0,0,0,0,1,3,1,0,0,0,1,0
188.59,4.5,3606,5,102.0,1.0,0,1872,1,1,5,3255,305,232,1.0,19.0,0,0,0,0,7,9,0,0,0,1,0,0
171.56,4.0,505,5,523.0,28.0,0,1106,1,0,3,433,62,2,1.0,17.0,0,0,0,0,3,1,0,0,1,0,0,0
146.95,3.4,251,4,363.0,13.0,0,1729,1,1,2,3772,496,290,2.0,4.0,1,0,0,0,4,6,0,0,0,1,0,0
178.24,4.3,1137,2,566.0,20.0,1,615,1,1,3,2715,349,96,2.0,19.0,1,1,0,0,1,4,0,1,0,0,0,0
162.24,4.4,3331,2,344.0,25.0,0,5,1,0,3,3266,121,256,2.0,16.0,1,0,0,1,0,9,0,0,0,1,0,0
99.24,3.9,0,1,20.0,1.0,0,734,0,0,1,1384,76,101,3.0,0.0,0,1,0,1,3,2,0,1,0,0,0,0
274.7,4.1,1499,4,865.0,17.0,1,2014,1,0,5,4431,181,203,1.0,24.0,0,0,0,1,2,7,0,0,1,0,0,0
5.0,3.3,423,1,20.0,31.0,2,5,0,0,1,2695,85,117,0.0,0.0,0,1,1,1,4,2,0,0,1,0,0,0
5.0,2.0,1330,4,204.0,29.0,1,5,1,1,1,3243,356,101,0.0,3.0,0,0,0,0,0,6,0,0,0,1,0,0
237.7,4.1,1307,3,562.0,1.0,0,2038,1,1,5,3711,284,62,3.0,11.988333333333333,0,0,0,0,4,2,0,0,0,1,0,0
113.93,3.0,1340,3,453.0,20.0,0,2526,1,0,1,4711,352,324,1.0,2.0,0,1,1,1,7,2,1,0,0,0,0,1
172.27,3.5,1645,2,543.0,1.0,0,1210,0,1,2,696,32,43,0.0,15.0,0,0,0,1,9,6,1,0,0,0,0,0
114.42,4.5,102,1,142.0,11.0,0,5,1,1,4,4543,564,131,2.0,1.0,0,0,0,0,6,2,0,0,0,1,0,0
160.33,5.0,1332,6,630.0,15.0,3,2762,1,1,2,1398,122,85,2.0,15.0,1,0,0,0,0,2,0,0,0,0,0,0
127.16,3.5,4811,5,362.0,1.0,0,455,1,0,3,2162,69,67,4.0,7.0,0,0,0,1,3,2,0,0,0,1,0,0
132.78,3.6,1443,6,218.0,15.0,0,2528,0,0,4,1792,146,42,2.0,5.0,0,0,0,0,5,3,0,0,0,0,0,0
233.36,4.9,4499,3,551.0,13.0,2,3281,1,1,5,896,22,17,5.0,22.0,0,1,0,0,9,2,0,0,0,0,0,1
65.09,3.2,0,1,692.0,24.0,2,488,0,1,3,1679,75,15,3.0,6.0,0,0,1,1,1,6,0,0,0,0,0,1
288.97,4.4,1591,3,279.0,14.0,0,3026,1,1,5,1476,185,34,1.0,24.0,0,1,1,0,2,3,0,0,0,1,0,0
164.93,3.8,1382,1,321.0,20.0,0,355,0,0,2,2297,80,126,0.0,11.988333333333333,0,0,0,1,3,7,1,0,0,0,0,0
175.41,4.4,1758,5,671.0,1.0,0,2344,0,1,3,2211,246,70,3.0,23.0,0,0,0,0,4,2,0,0,0,1,0,0
5.0,3.8,0,1,236.0,22.0,3,173,0,1,1,3385,317,156,0.0,9.0,0,0,0,0,0,6,0,0,0,0,0,1
173.94,3.1,1164,4,452.0,5.0,0,1807,1,1,2,4003,391,264,3.0,19.0,0,1,0,1,4,2,1,0,1,0,0,0
225.35,5.0,6497,8,497.0,25.0,0,1481,1,1,2,769,24,36,3.0,28.0,0,0,0,0,6,5,0,0,0,0,0,0
256.78,4.5,4602,6,423.0,4.0,1,200,1,0,1,4347,557,312,2.0,9.0,0,0,0,1,6,7,1,1,0,0,0,0
138.07,3.3,2105,5,488.0,1.0,1,1230,0,1,1,4150,64,214,0.0,5.0,0,1,0,0,6,8,0,0,1,0,0,0
116.76,4.1,3539,4,778.0,14.0,0,2123,1,0,3,1382,25,102,0.0,7.0,1,0,0,0,2,2,0,0,1,0,0,0
35.69,3.2,853,4,20.0,50.0,2,196,1,1,2,477,63,20,1.0,0.0,1,1,0,1,7,1,0,1,0,0,0,0
235.01,5.0,4429,4,295.0,8.0,0,3264,1,0,4,3580,512,50,4.0,10.0,1,0,0,0,8,3,0,1,0,0,0,0
216.54,4.5,1418,4,265.0,7.0,0,660,0,1,5,774,20,37,0.0,16.0,0,0,0,0,9,5,0,0,0,1,0,0
332.76,3.978268041237113,3401,2,369.0,8.0,1,1675,0,1,4,4246,531,183,3.0,10.0,0,0,0,0,3,8,0,0,0,0,0,1
235.31,4.4,1731,6,306.0,3.0,1,634,1,1,2,271,38,9,2.0,14.0,1,0,0,0,3,2,0,0,1,0,0,0
125.43,3.9,2716,3,79.0,22.0,0,5,1,0,1,3631,315,65,3.0,11.988333333333333,1,0,0,1,2,9,0,0,0,0,1,0
149.51,4.2,2556,5,893.0,24.0,0,2220,1,1,2,2580,286,197,2.0,28.0,0,0,1,1,3,4,0,0,0,0,0,0
110.76,4.2,3003,2,283.0,27.0,2,5,1,1,1,65,1,3,2.0,21.0,0,0,0,0,1,4,0,0,1,0,0,0
216.47,3.7,2681,4,513.0,7.0,1,1180,1,0,4,3430,492,176,1.0,8.0,1,0,0,0,2,7,0,0,0,1,0,0
204.31,5.0,6738,6,661.0,4.0,0,1679,1,0,4,228,7,16,3.0,21.0,0,0,0,0,3,0,0,0,0,1,0,0
135.4,4.4,3806,5,617.0,1.0,0,4000,1,1,3,4647,572,33,2.0,22.0,1,0,0,0,4,8,0,0,1,0,0,0
155.12,4.6,5818,4,456.0,23.0,1,2390,1,1,3,924,88,73,1.0,13.0,0,0,1,1,5,2,1,1,0,0,0,0
208.27,3.6,3532,4,273.0,4.0,1,684,1,1,2,446,25,8,3.0,13.0,0,0,0,0,2,6,0,0,0,0,0,1
307.62,4.1,1033,7,568.0,13.0,0,1982,1,0,1,611,54,23,3.0,18.0,1,0,0,0,4,0,0,0,0,0,0,0
280.71,4.2,5524,9,822.0,6.0,0,3422,1,1,3,2853,69,59,1.0,32.0,1,0,0,1,8,3,0,0,0,1,0,0
175.53,3.6,0,4,383.0,18.0,0,1831,0,0,3,1839,229,137,4.0,23.0,1,0,0,1,8,9,0,1,0,0,0,0
200.23,3.978268041237113,3742,4,104.0,28.0,0,874,1,1,1,4972,653,244,1.0,0.0,0,0,1,0,7,3,0,0,1,0,0,0
217.2,3.8,3178,5,594.0,1.0,2,3195,1,1,1,1308,57,16,3.0,18.0,1,0,0,1,3,5,0,0,1,0,0,0
121.38,3.8,0,6,531.0,20.0,2,1167,1,0,3,2565,51,43,2.0,10.0,1,0,0,0,2,0,0,0,0,0,1,0
242.79,4.5,2131,4,349.0,20.0,2,2610,1,0,3,1670,92,72,1.6757142857142857,15.0,0,0,0,0,0,9,0,0,0,0,0,1
259.57,5.0,2815,7,548.0,1.0,0,1854,1,1,5,4669,118,246,4.0,13.0,0,0,0,0,8,3,0,0,0,1,0,0
79.19,4.0,1297,4,257.0,22.0,1,2981,0,0,3,3023,358,70,0.0,7.0,0,0,1,1,9,2,1,0,0,1,0,0
152.28,4.6,0,3,525.0,1.0,1,1656,0,1,2,3544,76,131,0.0,9.0,1,0,0,0,9,8,0,0,0,1,0,0
311.54,4.9,3583,4,249.0,1.0,0,2791,0,1,1,3497,65,135,2.0,10.0,0,0,0,0,1,3,0,0,1,0,0,0
212.71,3.6,3550,4,717.0,8.0,0,3663,1,1,3,4207,382,268,1.0,36.0,0,0,0,1,3,3,0,0,0,0,0,0
5.0,3.3,0,3,93.0,20.0,3,586,1,0,2,986,57,18,0.0,19.0,0,0,0,1,0,2,0,1,0,0,0,0
190.38,5.0,1814,4,605.0,12.0,0,1750,1,1,4,2702,111,189,1.0,11.0,0,0,0,0,1,5,0,0,1,0,0,0
152.2,3.9,3014,2,401.0,21.0,1,795,0,1,2,1999,226,91,0.0,18.0,0,0,0,1,7,0,1,0,0,1,0,0
110.82,2.9,0,1,235.0,41.0,2,1625,1,1,1,2777,48,184,1.0,9.0,0,1,0,1,4,1,0,0,0,1,0,0
119.67,3.978268041237113,1153,7,20.0,24.0,0,1697,1,0,3,712,71,52,0.0,11.0,0,0,0,0,1,8,0,0,0,0,1,0
130.04,4.1,0,4,450.0,40.0,2,163,0,1,1,305,45,22,0.0,7.0,0,0,1,1,9,2,0,0,0,0,0,0
196.23,4.6,1932,8,540.0,8.0,0,874,1,1,2,1051,42,7,0.0,29.0,1,0,0,0,9,5,0,0,0,1,0,0
216.14,4.0,2344,3,213.0,2.0,0,246,1,1,3,1131,113,74,4.0,0.0,0,0,0,1,3,9,0,0,0,0,1,0
104.38,3.9,4140,5,403.7255102040816,26.0,0,1362,1,0,1,4514,301,138,3.0,1.0,1,1,0,0,8,9,0,0,0,0,0,1
113.45,3.8,1654,5,186.0,30.0,1,5,1,0,1,769,33,16,0.0,0.0,0,0,0,1,3,4,0,0,0,0,0,1
93.57,5.0,1416,7,378.0,17.0,0,994,1,1,3,3070,249,190,5.0,0.0,0,0,0,1,0,1,0,0,0,1,0,0
178.13,4.3,3505,5,374.0,6.0,0,2766,1,1,2,1526,32,60,5.0,24.0,0,0,0,0,1,2,1,1,0,0,0,0
64.42,3.5,3395,2,415.0,18.0,0,2024,0,0,1,4293,597,342,2.0,22.0,0,0,0,0,0,1,0,0,0,0,1,0
14.47,3.3,1793,5,95.0,17.0,1,928,1,1,4,4400,152,118,0.0,10.0,0,0,0,0,4,0,0,0,0,1,0,0
128.77,4.4,2223,5,359.0,9.0,0,1286,1,1,6,1546,72,40,2.0,24.0,0,0,0,0,2,1,0,0,1,0,0,0
148.87,4.2,0,2,664.0,12.0,1,1638,1,1,3,1845,160,131,4.0,4.0,1,1,0,0,2,6,0,0,0,0,0,1
58.81,3.4,2045,1,385.0,33.0,0,834,0,1,1,4107,92,122,2.0,10.0,1,1,1,1,7,1,0,0,0,0,0,0
38.31,3.0,180,1,270.0,31.0,2,1509,0,1,1,3039,242,21,0.0,7.0,0,0,0,0,8,3,0,0,0,0,1,0
117.91,3.9,0,5,664.0,17.0,1,2967,1,1,3,4413,108,153,0.0,13.0,0,0,0,0,2,4,0,0,0,0,1,0
146.71,4.4,1848,4,371.0,25.0,1,1538,0,0,5,2337,34,176,1.0,19.0,1,0,0,0,4,8,0,1,0,0,0,0
206.31,4.3,0,8,791.0,1.0,0,995,0,1,6,1081,133,63,2.0,20.0,0,0,0,0,6,0,0,0,0,1,0,0
135.67,3.7,408,4,151.0,23.0,0,5,1,0,1,2566,287,195,0.0,3.0,0,1,0,0,0,6,0,0,1,0,0,0
53.3,3.8,173,5,325.0,22.0,2,2330,1,1,2,600,66,8,3.0,11.0,0,0,0,0,8,3,0,0,0,0,0,0
152.66,4.5,142,1,227.0,18.0,0,357,1,1,5,3271,143,47,3.0,1.0,0,0,0,1,8,8,1,0,1,0,0,0
184.81,3.8,1845,6,356.0,24.0,0,200,1,0,2,405,12,19,0.0,11.988333333333333,1,0,1,0,1,8,0,0,0,0,1,0
194.13,3.8,1190,4,372.0,11.0,0,5,1,1,2,2890,327,84,3.0,14.0,0,0,0,0,6,6,0,1,0,0,0,0
156.64,4.0,0,6,547.0,10.0,0,2568,1,1,4,574,66,40,2.0,26.0,0,0,0,0,6,8,0,0,0,0,0,0
97.37,4.3,1023,5,815.0,1.0,0,3083,1,1,4,3035,42,239,4.0,15.0,0,0,0,0,4,1,0,0,0,1,0,0
145.39,4.0,0,3,375.0,15.0,1,1271,1,1,2,435,13,23,1.0,8.0,0,0,1,0,5,5,0,0,0,1,0,0
245.53,4.1,0,3,358.0,20.0,2,5,1,1,2,3295,119,250,0.0,28.0,1,0,0,0,2,7,0,0,1,0,0,0
86.87,3.978268041237113,0,5,492.0,20.0,1,5,1,0,1,3144,348,20,5.0,9.0,1,0,0,0,9,2,0,0,1,0,0,0
112.12,4.6,270,6,376.0,6.0,1,1914,1,0,4,4718,465,327,0.0,19.0,0,1,1,1,7,5,0,0,0,1,0,0
232.22,3.9,4797,6,288.0,1.0,0,1190,1,0,2,4393,453,74,2.0,30.0,0,0,0,0,9,6,0,0,0,0,0,1
136.38,4.1,494,4,516.0,26.0,0,5,1,1,2,350,8,7,3.0,17.0,0,0,1,1,5,4,1,0,0,0,1,0
5.0,3.4,889,3,244.0,28.0,0,424,1,0,1,1952,70,31,0.0,8.0,1,0,0,1,5,5,1,0,0,1,0,0
67.78,4.1,1733,3,403.7255102040816,15.0,0,1494,1,0,2,554,39,17,1.0,6.0,1,0,0,1,1,3,0,0,0,1,0,0
198.67,4.8,3961,8,1039.0,1.0,1,3060,1,1,3,2835,323,144,5.0,1.0,0,1,0,0,9,0,0,0,0,0,0,1
73.92,3.0,0,3,392.0,23.0,1,1625,0,0,1,1600,92,29,1.0,29.0,1,0,0,1,1,5,0,0,0,0,0,0
253.84,4.3,1367,8,1122.0,11.0,0,1291,1,1,1,3856,101,219,3.0,36.0,0,0,0,0,3,5,0,1,0,0,0,0
252.94,5.0,5602,5,524.0,14.0,0,2043,0,1,3,1291,129,15,4.0,28.0,0,0,0,0,7,8,0,0,0,1,0,0
79.14,3.9,723,5,388.0,20.0,2,396,0,1,3,4420,227,212,1.0,10.0,0,0,0,1,1,6,0,0,1,0,0,0
128.84,4.0,401,1,462.0,35.0,1,1422,0,0,3,978,54,7,0.0,2.0,1,0,0,0,3,8,0,0,0,1,0,0
173.28,3.5,1664,4,356.0,38.0,1,1479,1,0,3,3930,46,159,2.0,10.0,0,0,0,0,3,0,1,0,1,0,0,0
260.92,4.6,0,6,252.0,18.0,1,3716,1,1,4,226,33,11,4.0,3.0,1,0,0,0,0,8,1,0,1,0,0,0
109.8,4.9,3379,2,496.0,4.0,0,1981,1,1,1,3916,164,51,4.0,0.0,0,0,0,0,8,0,0,0,0,1,0,0
129.67,4.5,3630,4,678.0,1.0,2,2615,0,0,2,1405,190,24,2.0,10.0,0,0,0,1,0,4,0,0,1,0,0,0
222.1,3.7,1680,3,924.0,11.0,0,1783,1,1,2,4413,241,241,2.0,13.0,1,0,1,0,1,8,0,0,0,1,0,0
171.55,2.9,2796,4,537.0,19.0,0,2075,0,1,4,3451,302,59,2.0,0.0,0,0,0,1,0,3,0,0,0,1,0,0
286.63,4.1,0,5,550.0,7.0,0,417,1,1,2,704,104,53,2.0,20.0,1,0,0,1,8,1,1,0,0,0,0,1
214.78,4.4,2029,7,317.0,11.0,1,4000,0,1,6,3126,316,76,3.0,19.0,0,0,0,0,4,1,0,0,0,0,0,1
244.15,3.9,2653,3,352.0,25.0,1,812,0,1,3,2737,143,24,1.0,9.0,0,0,1,0,7,5,0,1,0,0,0,0
202.68,3.9,419,3,512.0,26.0,0,3193,0,1,4,1028,131,46,5.0,13.0,1,0,0,1,8,1,1,0,0,0,0,0
346.64,4.2,1298,4,403.7255102040816,1.0,0,1259,1,1,3,1432,175,49,3.0,10.0,0,1,0,0,0,9,0,1,0,0,0,0
113.75,4.7,0,3,300.0,1.0,0,738,1,1,3,1147,96,27,0.0,10.0,0,0,0,0,4,1,0,0,0,0,0,0
58.14,3.8,0,1,433.0,21.0,1,2480,1,0,1,781,55,54,1.0,0.0,0,0,1,1,1,4,0,0,0,1,0,0
326.79,4.0,462,3,477.0,15.0,0,1026,1,1,4,3198,193,69,1.0,15.0,1,0,0,1,2,2,1,0,1,0,0,0
70.94,4.2,0,4,359.0,12.0,1,1716,1,1,2,2224,277,144,2.0,11.988333333333333,0,0,1,1,8,3,1,0,1,0,0,0
70.94,4.4,2803,5,579.0,1.0,0,1434,0,0,2,1570,172,115,1.0,11.988333333333333,0,0,0,0,4,5,0,1,0,0,0,0
138.57,4.3,844,7,499.0,20.0,1,1863,0,0,2,3735,249,192,4.0,0.0,1,0,0,0,8,1,0,0,0,1,0,0
64.32,4.3,2978,6,605.0,18.0,2,2312,1,0,5,1956,280,101,1.0,25.0,0,0,0,0,2,2,0,0,0,0,1,0
255.95,4.7,417,4,794.0,1.0,0,5,1,1,2,542,79,12,2.0,17.0,1,0,0,0,2,4,0,0,0,0,1,0
5.0,3.9,0,5,304.0,15.0,1,5,0,1,1,3238,360,74,3.0,6.0,0,0,1,0,6,3,0,0,0,1,0,0
139.34,4.0,1613,6,356.0,16.0,1,1453,1,1,2,3643,189,49,3.0,14.0,0,0,1,1,6,1,0,0,0,0,1,0
106.38,4.9,522,4,664.0,21.0,0,800,1,0,2,2481,298,111,5.0,11.988333333333333,1,0,0,1,7,5,1,0,0,0,0,0
228.7,4.5,4752,1,461.0,12.0,0,2434,1,0,4,4095,309,107,3.0,25.0,0,0,0,0,8,6,0,0,0,1,0,0
183.21,3.3,74,4,370.0,34.0,1,2043,0,0,1,3892,198,72,1.0,13.0,0,0,1,1,0,2,0,0,0,0,0,1
135.25,3.9,4356,2,445.0,17.0,0,576,0,1,3,3331,101,175,1.0,8.0,0,0,1,0,9,6,0,0,0,0,1,0
145.69,3.8,1986,1,398.0,25.0,2,5,1,0,1,4612,308,82,0.0,3.0,0,0,1,1,2,5,0,0,0,1,0,0
125.65,3.6,0,3,295.0,17.0,0,5,1,1,2,1313,153,100,0.0,17.0,1,0,0,1,5,9,1,0,0,0,0,1
181.96,5.0,532,3,408.0,6.0,3,1470,0,1,3,1470,115,80,5.0,21.0,0,0,0,0,2,1,0,0,0,0,0,0
188.99,4.0,2024,3,588.0,3.0,0,1246,0,1,3,453,25,18,2.0,13.0,0,0,0,0,7,8,0,0,1,0,0,0
92.63,3.978268041237113,3761,2,419.0,21.0,2,1042,1,0,4,3673,57,98,1.6757142857142857,6.0,0,0,0,1,1,6,1,0,0,0,1,0
178.78,4.1,7744,3,488.0,12.0,0,3658,1,1,4,3212,203,39,5.0,13.0,0,1,0,0,1,4,0,0,0,0,0,0
197.81,3.1,2483,1,550.0,13.0,0,1754,1,1,3,4887,531,328,3.0,17.0,0,1,0,0,5,6,0,1,0,0,0,0
228.13,3.8,1159,2,196.0,21.0,0,2027,1,1,3,2819,271,154,4.0,13.0,1,1,0,0,3,3,0,1,0,0,0,0
463.68,3.5,3600,6,402.0,3.0,1,2602,1,1,2,2382,177,62,5.0,20.0,0,1,0,1,9,2,0,0,0,0,0,0
112.64,4.1,2836,1,183.0,17.0,1,2080,1,1,3,79,5,2,2.0,7.0,0,1,0,0,1,2,0,0,1,0,0,0
164.4,4.0,660,1,20.0,33.0,0,599,1,0,1,4420,611,122,0.0,9.0,0,0,0,1,7,6,0,0,1,0,0,0
102.23,4.3,1466,3,519.0,4.0,3,1564,1,1,3,3769,224,110,0.0,9.0,0,0,0,0,3,0,0,0,1,0,0,0
279.2,4.6,6262,5,842.0,2.0,0,3525,1,1,4,200,5,13,4.0,30.0,0,0,0,0,5,1,0,0,0,0,1,0
105.32,2.6,77,3,35.0,35.0,3,1047,0,0,1,3748,334,273,2.0,2.0,0,1,1,0,0,7,0,0,0,1,0,0
5.0,3.1,1914,1,20.0,29.0,2,5,1,0,1,4961,90,211,2.0,11.988333333333333,1,0,0,1,5,3,0,0,1,0,0,0
56.17,4.1,3701,2,275.0,26.0,0,228,1,1,2,2375,38,180,2.0,18.0,0,0,0,0,4,6,0,0,0,0,0,0
212.95,4.3,2061,1,273.0,14.0,0,2889,0,0,1,3033,290,174,2.0,12.0,0,0,0,0,6,4,0,0,0,1,0,0
71.73,4.1,2079,4,162.0,20.0,3,239,1,0,2,3869,518,117,1.0,10.0,1,0,0,0,6,1,0,0,0,0,0,1
208.03,3.978268041237113,639,3,367.0,24.0,1,5,0,0,2,4364,120,235,0.0,9.0,0,0,0,1,0,9,0,0,0,1,0,0
15.25,4.1,0,1,417.0,4.0,0,1340,1,1,3,1541,192,106,3.0,21.0,0,0,0,0,6,4,0,0,0,0,0,1
5.0,3.2,1290,3,313.0,24.0,1,2795,1,0,1,3384,54,199,0.0,0.0,0,0,1,1,5,7,0,0,0,0,0,0
166.0,3.5,285,2,85.0,22.0,0,678,1,0,3,934,74,59,0.0,12.0,0,0,1,1,4,9,1,0,0,0,0,1
210.74,4.9,1588,8,801.0,1.0,0,3980,1,1,4,376,37,3,1.0,11.988333333333333,1,0,0,0,4,5,0,0,0,1,0,0
29.82,2.5,816,4,129.0,12.0,2,3066,1,0,1,872,115,28,1.0,3.0,1,0,1,1,2,4,1,1,0,0,0,0
181.78,4.2,809,6,549.0,19.0,0,2468,1,1,3,50,4,1,5.0,17.0,1,0,0,0,4,4,0,0,0,0,0,0
48.08,3.2,1747,1,345.0,34.0,1,1468,1,1,2,3947,566,56,2.0,0.0,1,0,0,1,8,7,1,1,0,0,0,0
204.62,4.4,3702,5,454.0,6.0,0,1943,1,0,3,1567,162,76,2.0,7.0,0,0,0,0,0,0,0,0,0,1,0,0
55.83,4.4,3191,1,173.0,26.0,1,379,0,1,4,435,6,31,3.0,8.0,0,0,0,0,6,9,0,1,0,0,0,0
145.08,3.3,3118,5,835.0,1.0,0,1736,1,1,1,2961,120,164,1.6757142857142857,0.0,0,0,0,0,0,2,0,0,0,0,1,0
99.53,4.1,4757,5,535.0,12.0,1,1906,1,0,2,838,106,34,1.0,27.0,0,0,0,0,0,6,0,0,0,0,0,0
69.9,3.978268041237113,0,5,314.0,11.0,2,2418,0,1,4,1255,68,31,0.0,12.0,1,0,0,1,5,8,0,1,0,0,0,0
224.43,3.6,5156,1,416.0,1.0,0,377,1,1,3,343,45,2,2.0,0.0,0,0,0,1,8,4,0,0,0,0,1,0
194.0,4.4,1068,5,118.0,16.0,0,903,1,0,2,4587,315,353,0.0,5.0,0,0,0,0,6,1,0,0,1,0,0,0
5.0,3.7,2391,1,412.0,28.0,4,5,1,1,2,3466,374,107,2.0,11.988333333333333,0,1,0,1,9,8,0,0,0,0,0,0
112.18,3.9,5571,6,527.0,32.0,1,184,1,1,3,465,33,28,2.0,11.988333333333333,1,0,0,0,5,3,0,0,0,0,0,0
147.37,4.6,3001,3,522.0,33.0,1,958,1,0,3,2579,262,104,1.0,12.0,1,1,0,1,2,0,0,0,1,0,0,0
205.97,3.6,1091,3,409.0,1.0,0,3035,1,1,4,3934,553,189,5.0,31.0,1,0,0,0,1,7,0,0,1,0,0,0
54.89,3.7,2371,4,273.0,1.0,2,586,1,1,2,3301,82,238,2.0,17.0,0,0,0,0,3,3,0,0,1,0,0,0
185.33,4.1,0,4,264.0,26.0,1,1074,1,0,1,3583,340,264,3.0,15.0,0,0,0,0,0,6,0,0,0,0,1,0
5.0,3.0,3006,3,667.0,19.0,3,448,1,0,2,126,12,7,0.0,5.0,0,0,0,0,4,3,0,1,0,0,0,0
162.64,4.0,2526,1,888.0,23.0,0,1701,1,1,4,2758,88,216,2.0,26.0,0,0,0,0,5,8,0,0,0,1,0,0
52.34,3.5,0,1,95.0,15.230456852791878,2,620,0,0,4,1601,224,18,0.0,11.988333333333333,0,0,1,1,1,4,1,1,0,0,0,0
108.46,4.5,1952,7,670.0,22.0,1,2104,1,1,4,1325,191,17,3.0,22.0,0,0,0,0,2,0,0,0,0,0,0,1
83.36,4.2,779,1,303.0,19.0,0,1802,0,0,3,3019,224,139,0.0,14.0,0,1,1,1,3,6,0,1,0,0,0,0
5.0,4.0,1819,3,309.0,17.0,1,774,1,1,3,3651,400,110,0.0,0.0,0,0,0,1,7,9,0,0,0,1,0,0
109.29,4.9,0,1,222.0,10.0,0,54,0,1,1,843,47,15,0.0,1.0,0,1,0,1,3,1,1,1,0,0,0,0
135.07,3.6,149,4,433.0,32.0,2,2740,0,1,2,3053,369,163,1.0,10.0,0,1,0,0,0,5,0,0,0,1,0,0
164.63,3.7,4988,2,348.0,12.0,0,2151,1,1,2,268,16,16,2.0,9.0,0,0,0,0,5,3,0,0,0,0,0,1
123.53,3.6,1090,3,387.0,21.0,1,142,0,1,1,3142,61,93,1.0,7.0,1,0,0,1,2,6,0,0,0,0,0,1
12.04,3.4,98,2,20.0,16.0,2,840,1,1,2,3761,424,264,1.0,0.0,0,0,0,0,0,6,1,0,1,0,0,0
208.76,4.0,4285,6,854.0,14.0,0,1200,1,0,4,1825,19,29,1.0,12.0,1,0,0,0,5,1,0,1,0,0,0,0
110.03,3.8,0,2,403.7255102040816,1.0,2,533,0,1,1,616,31,26,2.0,14.0,0,0,0,1,6,0,0,0,1,0,0,0
215.99,3.6,972,4,328.0,38.0,1,1361,1,1,1,2328,75,71,0.0,15.0,0,0,1,1,2,6,0,0,0,0,0,1
74.46,4.1,3768,4,403.7255102040816,22.0,0,5,1,1,3,1930,46,116,5.0,3.0,0,0,0,1,8,9,1,0,1,0,0,0
312.38,4.5,3185,4,349.0,15.0,0,734,1,1,6,4485,654,47,3.0,9.0,0,0,0,0,0,5,0,0,0,0,0,0
136.27,3.9,2608,5,601.0,12.0,1,150,1,1,4,981,117,25,2.0,14.0,0,0,0,0,9,6,0,0,0,0,0,0
189.32,4.3,0,4,375.0,26.0,1,2317,1,0,5,2471,234,17,1.0,14.0,1,0,0,0,4,7,0,1,0,0,0,0
128.28,3.4,0,1,340.0,25.0,1,2472,0,1,2,820,103,10,0.0,2.0,0,0,0,1,4,6,1,0,0,1,0,0
187.48,4.4,1085,3,462.0,3.0,0,1995,1,0,3,2138,148,121,2.0,14.0,1,0,0,1,5,8,0,0,0,0,0,1
215.14,4.6,0,10,948.0,1.0,0,1103,1,1,2,3244,90,188,4.0,16.0,0,0,0,0,0,7,0,0,1,0,0,0
183.48,4.5,4339,3,772.0,11.0,0,2254,1,1,4,2667,350,15,2.0,19.0,0,0,0,0,4,5,0,0,0,1,0,0
60.55,3.5,3884,1,487.0,1.0,0,1213,0,0,3,2192,52,130,0.0,12.0,1,1,1,1,0,4,1,0,0,0,0,0
200.76,3.8,2650,4,257.0,18.0,1,5,1,1,1,1793,50,88,2.0,28.0,1,1,0,1,1,8,0,0,0,1,0,0
45.69,3.6,1156,3,95.0,27.0,1,1623,1,1,2,2162,196,84,0.0,13.0,0,0,0,0,0,6,0,0,0,0,0,1
243.8,3.7,2463,5,673.0,4.0,2,388,1,0,3,1552,200,54,1.0,9.0,0,0,0,0,7,7,0,0,0,0,0,0
162.02,3.8,1305,1,471.0,12.0,0,445,1,0,1,2397,82,99,3.0,4.0,1,0,0,1,1,9,1,0,1,0,0,0
113.89,2.9,0,3,125.0,32.0,1,5,1,0,2,3967,134,35,0.0,0.0,0,0,0,1,2,5,0,0,0,0,0,0
109.31,4.4,3624,3,263.0,21.0,1,1745,1,0,1,2620,327,186,3.0,19.0,1,0,0,0,6,5,0,0,0,0,1,0
5.0,3.4,832,2,291.0,44.0,1,5,1,1,1,3177,265,77,0.0,13.0,0,1,0,1,7,2,1,0,0,0,1,0
227.54,4.3,2747,1,429.0,1.0,0,3457,1,1,2,2998,276,92,1.6757142857142857,23.0,0,1,0,0,8,5,0,1,0,0,0,0
197.93,4.2,2445,7,426.0,11.0,0,1860,1,1,5,2489,87,66,4.0,15.0,0,0,0,1,6,1,1,0,0,0,0,0
223.48,2.9,0,4,128.0,32.0,2,924,0,0,3,1174,21,47,0.0,11.0,0,1,1,0,0,8,0,0,0,0,0,0
169.71,3.978268041237113,932,4,420.0,31.0,2,850,1,1,5,747,84,47,3.0,22.0,0,1,0,0,9,5,0,1,0,0,0,0
184.95,3.4,88,1,330.0,17.0,1,319,1,0,2,4661,654,51,1.0,16.0,0,0,0,1,0,8,0,0,1,0,0,0
197.33,4.0,1605,2,602.0,22.0,1,629,1,0,3,1079,110,38,4.0,6.0,0,0,0,0,3,8,0,0,0,0,0,1
200.28,4.2,3837,1,669.0,1.0,2,5,1,1,2,2414,241,169,2.0,0.0,1,0,1,0,8,8,0,0,0,1,0,0
112.73,3.3,990,3,105.0,21.0,3,936,1,0,2,1574,169,118,0.0,17.0,0,0,0,1,4,9,1,0,0,1,0,0
5.0,3.3,2390,4,533.0,19.0,4,1192,1,0,1,3230,143,254,0.0,14.0,1,0,0,1,4,2,0,0,0,0,0,0
226.78,5.0,942,5,560.0,8.0,0,3384,1,1,3,4591,142,42,3.0,13.0,0,0,0,0,9,8,1,0,0,0,1,0
5.0,2.1,0,3,20.0,44.0,2,5,1,0,1,1295,132,73,0.0,0.0,1,0,1,1,6,2,1,0,1,0,0,0
93.7,3.1,1780,4,364.0,22.0,2,1736,1,0,2,4056,109,244,0.0,0.0,1,1,1,1,7,0,0,1,0,0,0,0
163.06,4.2,1362,4,227.0,8.0,0,3493,1,1,2,2893,198,41,3.0,19.0,0,0,1,1,7,1,1,0,1,0,0,0
143.29,4.1,1118,1,775.0,20.0,3,2735,1,0,4,4904,473,157,2.0,20.0,0,0,0,1,8,1,1,0,0,0,0,0
235.5,4.7,0,6,266.0,7.0,3,2673,1,1,2,4606,557,258,2.0,20.0,0,0,0,0,0,0,0,0,1,0,0,0
49.04,3.8,0,2,20.0,34.0,1,751,1,1,2,3092,196,153,0.0,1.0,0,1,0,1,5,0,0,0,0,0,0,0
155.46,4.6,3541,5,525.0,16.0,1,3016,0,1,3,3716,80,161,4.0,11.0,1,0,0,0,9,3,0,0,1,0,0,0
191.21,5.0,2611,7,115.0,3.0,0,751,0,0,4,3686,171,137,3.0,13.0,0,1,0,1,3,5,1,1,0,0,0,0
178.33,4.7,3549,6,503.0,15.230456852791878,1,5,1,1,2,1868,259,123,0.0,1.0,0,0,0,1,9,7,0,0,0,0,0,1
144.94,3.7,3400,1,42.0,18.0,0,25,0,1,2,1875,135,143,0.0,16.0,0,0,0,1,5,1,0,0,1,0,0,0
174.13,4.1,3185,1,481.0,22.0,1,1096,0,1,1,2834,337,32,0.0,0.0,0,1,0,0,2,2,0,0,0,0,0,1
207.87,4.7,1602,6,871.0,9.0,1,915,1,1,4,2390,188,77,5.0,7.0,0,0,0,0,0,6,0,0,0,0,0,1
205.71,5.0,2489,3,120.0,10.0,0,2828,1,1,4,1060,112,38,2.0,27.0,1,0,0,0,2,0,0,0,0,0,1,0
6.0,3.978268041237113,0,1,543.0,16.0,1,969,1,0,1,509,51,21,0.0,9.0,0,0,0,1,9,5,0,0,1,0,0,0
81.44,3.9,1758,1,163.0,31.0,3,5,0,0,2,3645,521,212,0.0,3.0,0,0,0,0,4,2,0,0,1,0,0,0
196.48,3.8,1350,1,115.0,23.0,2,1669,0,1,1,3271,348,199,1.0,4.0,1,0,1,0,0,2,0,0,0,0,0,1
210.85,4.9,2104,6,739.0,6.0,0,185,1,1,3,3441,436,77,2.0,16.0,1,0,0,0,4,1,0,0,0,1,0,0
86.23,3.6,4198,5,723.0,9.0,1,1780,1,0,1,3140,189,37,1.0,11.988333333333333,0,0,1,0,2,0,0,0,0,0,1,0
60.73,4.1,0,1,100.0,22.0,1,5,0,0,2,534,16,33,0.0,0.0,1,0,0,0,1,1,0,1,0,0,0,0
118.15,3.8,1381,6,777.0,5.0,0,2582,1,0,4,4068,140,229,4.0,25.0,0,0,0,0,7,7,0,0,0,0,1,0
223.35,4.0,0,2,403.7255102040816,31.0,1,359,0,0,3,4994,657,150,0.0,0.0,0,0,1,1,6,1,1,0,0,0,0,0
161.88,3.9,3616,5,269.0,3.0,0,1925,1,0,4,4351,550,213,3.0,3.0,1,0,0,1,2,9,0,0,0,0,0,0
163.48,3.9,0,3,507.0,21.0,2,2224,1,1,1,1382,156,89,2.0,1.0,0,1,0,1,6,2,0,1,0,0,0,0
20.93,5.0,0,1,566.0,5.0,0,335,1,1,1,3164,103,189,2.0,34.0,0,0,0,1,0,6,0,0,0,1,0,0
193.56,3.5,1557,1,307.0,29.0,1,499,1,1,1,4631,213,324,1.0,8.0,1,1,1,1,6,3,1,0,0,0,0,1
212.55,3.6,168,4,479.0,15.0,1,2046,0,1,5,3051,58,16,0.0,11.0,0,0,0,1,2,3,0,0,1,0,0,0
74.67,3.7,0,4,239.0,24.0,1,5,0,0,1,612,7,23,0.0,9.0,0,0,0,1,1,2,1,0,0,0,0,1
330.75,4.4,176,4,255.0,14.0,0,909,1,1,3,1122,136,21,0.0,26.0,1,0,0,1,1,7,0,0,1,0,0,0
36.87,2.8,0,1,452.0,38.0,2,2034,1,0,1,3990,120,24,0.0,7.0,1,0,0,1,4,4,1,0,0,1,0,0
263.88,4.7,3051,4,387.0,12.0,0,2501,1,1,6,2862,235,59,4.0,16.0,0,0,0,0,7,9,0,0,0,1,0,0
110.2,4.0,696,1,20.0,15.230456852791878,3,1129,0,1,1,4237,270,230,0.0,0.0,0,0,0,1,3,8,1,0,0,1,0,0
222.15,4.1,2523,1,20.0,31.0,0,3754,1,0,3,4169,318,290,3.0,25.0,0,0,0,1,3,4,1,0,0,0,1,0
130.6,3.1,0,3,183.0,8.0,1,5,1,0,2,1514,155,22,4.0,5.0,0,0,0,1,8,0,0,0,0,0,1,0
113.72,4.4,2602,5,273.0,3.0,0,3545,1,1,3,2298,222,44,1.0,36.0,0,0,1,0,8,8,0,0,0,0,0,1
146.6,4.1,844,7,331.0,25.0,0,1174,0,1,4,1729,227,111,3.0,11.988333333333333,1,0,0,1,6,7,0,1,0,0,0,0
349.82,5.0,6004,5,668.0,1.0,0,3234,1,1,3,4898,482,90,5.0,32.0,1,0,0,0,0,4,0,0,0,1,0,0
47.84,3.6,1356,5,453.0,32.0,3,900,0,0,2,4675,691,266,0.0,3.0,0,1,0,0,8,0,0,0,1,0,0,0
165.92,4.6,822,1,289.0,22.0,2,2313,0,0,1,3785,114,102,1.0,0.0,0,1,0,0,2,1,0,0,1,0,0,0
330.43,4.7,2667,3,602.0,3.0,1,1906,1,1,4,1128,60,45,2.0,19.0,0,0,0,0,3,5,0,0,0,0,0,1
205.06,4.6,1719,4,512.0,21.0,0,2827,1,1,2,1920,264,27,2.0,5.0,0,0,0,0,6,1,0,0,0,0,0,1
71.11,4.7,2866,5,528.0,24.0,0,2540,1,1,5,647,78,29,5.0,12.0,0,1,0,0,4,2,0,0,0,0,0,0
91.24,3.3,0,1,20.0,12.0,3,5,1,0,1,3299,106,103,0.0,1.0,0,1,0,1,8,0,0,0,1,0,0,0
206.37,5.0,2234,6,406.0,4.0,1,1983,1,1,2,3668,66,148,5.0,28.0,1,1,0,0,3,8,1,0,0,0,0,1
262.31,4.0,813,5,379.0,8.0,0,2051,1,1,3,4133,606,74,3.0,28.0,0,0,0,0,1,2,0,0,0,1,0,0
115.25,4.1,1271,5,569.0,25.0,0,227,1,1,2,405,22,18,0.0,15.0,0,0,0,1,2,1,0,0,0,1,0,0
9.5,3.7,0,1,20.0,10.0,0,861,1,0,1,4113,573,142,0.0,11.0,1,0,0,0,8,5,0,0,0,1,0,0
174.15,3.8,1184,2,325.0,3.0,0,1715,1,1,4,3972,504,148,2.0,14.0,0,0,0,0,2,5,0,0,0,0,1,0
201.04,4.2,485,4,691.0,11.0,2,855,1,0,1,225,9,12,2.0,11.988333333333333,0,1,1,0,6,3,0,0,0,0,0,1
174.22,4.8,3534,7,468.0,3.0,0,2796,1,0,3,3327,162,265,4.0,13.0,0,0,0,0,2,4,0,0,0,1,0,0
102.9,4.3,2459,5,397.0,1.0,0,3866,0,1,4,4162,78,59,0.0,17.0,1,0,0,0,0,2,0,0,0,0,1,0
5.0,3.9,0,1,23.0,29.0,1,5,0,0,1,151,17,6,0.0,0.0,0,1,0,1,7,8,1,1,0,0,0,0
176.89,3.8,0,2,20.0,15.0,2,889,0,0,1,2373,211,37,0.0,0.0,0,0,0,1,1,7,1,0,0,0,1,0
135.16,3.4,0,1,77.0,11.0,0,1284,0,0,1,1572,60,15,4.0,12.0,1,0,0,1,8,5,0,0,0,0,1,0
203.3,5.0,1549,6,693.0,6.0,0,2949,1,1,2,2669,138,35,0.0,6.0,1,0,1,0,1,2,0,1,0,0,0,0
180.18,3.6,3476,3,621.0,1.0,0,592,0,1,4,4999,717,120,2.0,14.0,1,0,0,0,2,6,0,0,1,0,0,0
241.73,4.0,1243,4,321.0,33.0,1,2181,1,1,2,2134,210,152,1.0,14.0,0,0,0,1,2,6,1,0,0,0,0,1
39.2,4.7,2015,3,60.0,17.0,0,685,1,1,3,1726,101,136,2.0,29.0,0,0,0,0,0,2,1,1,0,0,0,0
49.99,3.8,0,1,149.0,19.0,1,404,1,0,1,3072,76,143,0.0,17.0,0,1,1,1,3,2,0,0,0,0,1,0
130.87,2.7,2797,5,582.0,13.0,0,1841,1,1,1,4443,123,35,1.0,31.0,0,0,0,0,9,0,0,1,0,0,0,0
158.42,3.3,313,4,630.0,16.0,1,886,1,1,2,127,13,0,3.0,13.0,0,0,0,1,9,3,0,0,0,0,0,1
206.34,2.6,0,3,55.0,15.230456852791878,0,1245,0,1,3,4274,454,75,4.0,12.0,0,0,0,0,8,2,0,0,0,0,0,1
73.07,4.2,719,2,604.0,13.0,0,1955,0,1,2,523,19,7,1.0,7.0,0,0,0,0,0,9,0,0,1,0,0,0
256.16,4.8,2323,4,158.0,1.0,0,1981,0,1,1,4608,389,50,2.0,22.0,0,0,0,0,8,3,0,0,0,0,0,0
7.62,2.9,0,1,27.0,26.0,3,5,0,0,1,375,21,8,0.0,0.0,0,1,1,1,3,0,0,0,1,0,0,0
117.48,3.7,833,1,20.0,13.0,1,115,0,0,2,487,14,23,1.0,5.0,1,1,1,1,0,3,0,0,0,0,0,0
311.95,5.0,4777,5,419.0,1.0,0,1306,1,0,1,3557,264,220,1.0,33.0,0,0,0,0,6,9,0,0,0,1,0,0
298.91,4.2,1640,5,420.0,8.0,0,1827,1,0,1,4997,504,391,3.0,27.0,1,0,0,0,4,2,0,0,0,0,1,0
187.92,3.7,0,4,205.0,18.0,1,1776,0,0,1,3730,160,69,0.0,8.0,0,0,0,1,5,4,0,1,0,0,0,0
205.22,4.1,639,4,328.0,1.0,0,2153,1,1,1,2733,47,50,2.0,13.0,0,0,0,1,5,2,0,0,1,0,0,0
63.24,2.7,0,5,269.0,15.0,2,1149,1,1,4,1284,79,6,3.0,0.0,0,1,0,0,8,5,0,0,0,1,0,0
121.19,3.4,95,3,378.0,15.0,0,1424,1,1,3,283,9,7,3.0,19.0,0,0,0,1,4,1,0,0,0,0,0,1
155.32,3.6,3249,3,416.0,1.0,2,1132,0,1,4,2857,33,16,1.0,2.0,0,0,0,0,8,4,0,1,0,0,0,0
125.82,3.8,2289,5,710.0,13.0,0,3267,1,0,4,1561,29,97,2.0,11.988333333333333,0,0,0,0,1,6,0,0,0,0,0,0
57.01,4.3,336,1,42.0,37.0,3,1911,0,0,3,89,6,0,4.0,8.0,0,1,0,0,8,0,0,0,0,0,0,0
223.77,4.6,0,4,275.0,8.0,3,168,1,1,3,4805,656,65,0.0,3.0,1,0,0,0,2,4,0,1,0,0,0,0
273.99,4.5,755,6,560.0,16.0,0,5,1,1,5,353,24,26,3.0,14.0,0,0,0,0,4,6,0,1,0,0,0,0
242.56,4.3,4790,6,705.0,1.0,0,3754,1,1,4,2343,336,88,3.0,25.0,0,0,0,0,7,8,0,0,1,0,0,0
236.78,4.8,2939,2,578.0,9.0,0,656,1,1,6,633,46,17,3.0,6.0,1,0,0,0,2,4,0,0,0,1,0,0
76.21,3.8,853,1,446.0,15.0,1,2057,0,0,1,4173,55,198,0.0,14.0,0,0,1,1,3,5,1,1,0,0,0,0
75.59,3.8,1953,3,265.0,5.0,0,2975,1,1,2,497,38,14,2.0,9.0,1,0,0,1,2,9,1,0,1,0,0,0
151.33,4.4,1288,5,709.0,13.0,0,500,0,1,3,3737,105,266,2.0,19.0,1,0,0,1,2,3,0,0,0,1,0,0
150.69,3.8,4291,3,509.0,3.0,0,2964,1,1,4,2270,183,64,0.0,14.0,0,0,1,1,4,3,1,0,0,1,0,0
57.72,3.9,0,4,305.0,13.0,3,545,1,1,1,559,29,42,2.0,15.0,0,0,0,1,8,5,0,0,0,0,0,1
168.16,3.7,1079,1,565.0,5.0,2,1865,1,1,1,100,6,3,4.0,8.0,0,0,0,0,6,8,0,0,0,1,0,0
286.99,4.2,1317,4,693.0,1.0,1,1391,1,1,4,181,17,13,3.0,5.0,1,0,0,0,3,5,0,0,1,0,0,0
231.76,4.2,5610,4,457.0,26.0,0,2334,1,0,3,3330,225,240,4.0,10.0,0,0,0,0,9,9,0,0,0,1,0,0
250.54,4.7,749,6,668.0,3.0,0,195,1,0,3,198,20,3,4.0,23.0,1,0,0,0,8,8,0,1,0,0,0,0
96.76,3.6,4091,4,284.0,1.0,1,2623,1,1,3,4751,171,180,4.0,8.0,0,1,0,0,5,0,0,0,0,0,0,0
72.0,4.3,0,1,404.0,11.0,1,122,1,1,1,1154,169,27,3.0,7.0,1,0,1,0,0,1,0,0,0,0,0,0
236.37,4.0,840,2,664.0,13.0,0,3318,1,1,2,3725,400,99,3.0,13.0,0,0,0,0,4,9,0,0,0,1,0,0
127.52,3.3,641,3,922.0,13.0,2,2273,1,1,1,1897,144,85,1.0,13.0,0,0,0,0,1,9,0,0,1,0,0,0
117.38,4.5,147,5,455.0,5.0,0,1900,0,0,5,3267,288,23,4.0,26.0,1,1,0,0,2,9,0,0,1,0,0,0
5.0,3.3,0,1,109.0,31.0,1,5,0,1,2,3956,398,255,0.0,4.0,0,0,0,1,1,4,1,0,0,0,0,0
171.55,4.7,446,4,121.0,6.0,0,1475,1,1,1,1743,17,91,3.0,18.0,0,1,0,0,5,1,0,0,0,0,0,1
81.8,4.0,3872,4,637.0,15.230456852791878,0,2052,1,1,3,2589,89,38,4.0,18.0,1,0,1,1,5,3,1,0,0,0,1,0
254.53,4.2,3461,7,160.0,13.0,0,1187,1,1,3,1358,202,76,3.0,17.0,0,0,0,0,0,5,0,0,0,1,0,0
89.02,3.9,1685,1,20.0,33.0,4,5,1,1,4,492,21,26,0.0,0.0,0,1,1,1,1,5,0,1,0,0,0,0
266.16,3.7,4281,7,482.0,1.0,0,3044,1,1,3,4172,322,101,1.6757142857142857,11.0,1,0,0,1,4,7,0,0,1,0,0,0
139.77,3.7,4688,7,405.0,23.0,2,1519,1,1,1,4753,325,25,0.0,7.0,0,0,1,0,6,8,0,0,0,0,0,0
117.01,3.4,1655,3,507.0,9.0,1,1112,0,1,1,2463,167,142,0.0,9.0,0,0,0,1,7,5,0,0,0,1,0,0
66.06,4.1,3196,6,504.0,19.0,0,4000,0,1,2,4728,305,274,3.0,3.0,0,0,0,0,4,7,0,0,1,0,0,0
121.18,4.3,3888,5,651.0,28.0,1,5,1,1,2,4979,253,117,1.0,22.0,0,0,0,1,8,8,0,0,0,0,1,0
185.89,3.6,0,5,328.0,24.0,1,1386,1,1,4,508,9,8,2.0,23.0,1,0,1,0,6,6,0,0,0,1,0,0
115.86,4.7,2967,4,595.0,7.0,2,2454,1,1,5,4513,441,234,1.0,10.0,0,0,0,0,7,4,0,0,0,0,0,0
130.85,4.5,3318,2,547.0,1.0,0,766,1,1,4,2632,233,52,0.0,11.0,1,0,0,0,6,7,0,0,0,1,0,0
119.69,3.0,59,5,502.0,25.0,2,805,0,0,2,1220,113,8,1.0,1.0,0,1,0,1,2,3,1,0,0,0,0,0
79.51,3.9,320,2,650.0,27.0,1,1702,1,0,3,4097,68,231,1.0,11.988333333333333,1,0,0,1,7,2,0,0,0,1,0,0
210.31,4.8,142,5,380.0,21.0,0,2298,1,0,6,1552,18,74,2.0,14.0,0,0,0,0,0,2,0,0,0,0,0,1
160.46,4.8,356,6,344.0,24.0,1,524,1,1,2,3063,397,57,0.0,21.0,0,1,0,1,8,1,1,0,0,1,0,0
125.09,2.6,0,4,244.0,14.0,1,860,1,1,4,2513,242,26,0.0,0.0,0,0,1,1,0,3,1,0,0,0,0,0
5.0,3.6,0,2,236.0,39.0,0,5,0,0,1,1342,42,63,2.0,0.0,0,1,1,1,2,7,0,0,0,1,0,0
118.67,3.3,0,1,20.0,48.0,5,775,0,1,1,4971,217,222,0.0,0.0,1,0,1,1,8,7,0,0,0,0,0,1
171.34,3.978268041237113,0,1,297.0,40.0,1,5,1,1,2,3828,389,78,1.0,14.0,0,0,0,0,6,7,0,0,0,0,0,0
206.71,4.2,4802,7,299.0,1.0,0,2722,1,1,2,628,63,36,1.6757142857142857,13.0,1,0,0,0,5,2,0,0,1,0,0,0
143.98,3.8,0,2,592.0,16.0,2,968,0,1,1,1799,220,74,0.0,17.0,0,0,0,0,8,7,0,0,0,0,0,1
108.29,4.2,752,3,431.0,1.0,2,1017,0,1,2,3918,480,194,0.0,19.0,0,0,0,1,1,6,1,1,0,0,0,0
112.22,3.8,2935,7,201.0,17.0,0,1852,0,0,5,3448,437,195,2.0,15.0,0,0,0,1,9,6,1,0,0,0,1,0
299.18,4.7,967,5,744.0,6.0,1,2207,1,0,3,1194,68,13,4.0,0.0,0,0,0,0,9,0,0,0,0,0,0,1
177.58,3.1,0,2,76.0,15.230456852791878,0,738,0,1,3,1128,38,49,2.0,10.0,0,1,0,0,2,3,0,0,0,1,0,0
143.29,4.5,4409,2,567.0,1.0,2,2959,0,1,1,1683,241,77,2.0,20.0,1,0,0,0,9,1,0,1,0,0,0,0
140.15,3.9,2854,8,551.0,9.0,1,2134,0,1,4,168,2,3,0.0,3.0,1,0,0,0,0,8,0,0,0,0,0,1
183.29,3.9,0,1,309.0,12.0,0,1274,1,0,1,1587,59,91,1.0,10.0,1,0,0,1,4,1,0,0,0,0,1,0
153.68,3.978268041237113,3408,1,685.0,8.0,0,4000,1,1,5,2276,205,123,3.0,24.0,0,0,0,0,6,2,0,0,0,0,1,0
247.96,3.6,866,3,160.0,11.0,1,1283,1,1,3,1209,56,92,0.0,18.0,0,0,0,0,8,9,0,0,0,0,0,0
137.98,3.2,969,2,380.0,27.0,0,1504,1,0,4,4344,473,70,0.0,25.0,0,0,0,0,7,9,0,0,0,0,1,0
174.97,4.2,0,3,568.0,8.0,0,2322,1,1,4,2794,239,146,1.6757142857142857,12.0,0,1,0,1,1,9,0,0,1,0,0,0
42.21,4.2,1254,2,20.0,35.0,0,90,1,0,2,1545,141,37,0.0,8.0,0,1,0,1,3,6,1,1,0,0,0,0
91.34,3.9,3450,2,129.0,10.0,1,634,0,1,2,1505,171,119,3.0,10.0,0,0,0,1,7,5,0,0,0,0,1,0
164.86,3.3,0,4,158.0,13.0,1,1747,1,0,1,1935,150,63,3.0,9.0,0,0,0,1,6,1,1,0,0,1,0,0
167.22,2.9,1781,3,86.0,21.0,2,2583,1,1,1,4131,234,210,0.0,0.0,0,0,1,0,7,3,0,0,1,0,0,0
105.69,3.7,380,3,155.0,10.0,2,433,0,1,1,88,12,6,0.0,11.988333333333333,0,1,0,0,3,3,0,1,0,0,0,0
222.64,4.2,500,4,443.0,18.0,1,1867,1,1,1,3757,207,143,3.0,17.0,1,1,0,0,9,3,0,0,0,0,1,0
176.9,5.0,8047,7,434.0,1.0,0,4000,1,1,4,3313,347,170,5.0,24.0,0,0,0,0,6,1,0,1,0,0,0,0
237.54,3.5,150,2,166.0,20.0,5,1328,0,0,1,855,110,51,0.0,0.0,0,1,0,0,4,9,0,0,1,0,0,0
130.94,3.3,0,3,403.7255102040816,13.0,2,22,0,1,3,2837,374,36,1.0,12.0,0,1,0,0,0,7,0,0,0,0,1,0
222.9,3.978268041237113,424,6,547.0,30.0,1,50,1,1,2,4005,439,135,1.0,6.0,1,0,0,0,8,8,0,0,0,1,0,0
142.33,4.5,2707,2,198.0,1.0,0,216,0,1,1,3001,235,229,3.0,18.0,1,0,0,0,8,7,0,0,1,0,0,0
155.33,3.7,613,4,401.0,24.0,2,1193,1,0,1,4549,126,26,0.0,4.0,0,0,0,1,5,4,0,0,1,0,0,0
216.02,3.9,3293,1,678.0,20.0,0,2595,1,0,2,4910,78,145,5.0,6.0,1,0,0,0,7,9,0,0,0,0,1,0
204.39,4.6,2377,7,860.0,1.0,0,3565,1,1,6,4515,123,84,3.0,11.988333333333333,0,0,0,0,4,6,0,0,1,0,0,0
5.0,4.5,1775,3,357.0,29.0,0,1618,0,1,2,2309,225,40,2.0,6.0,0,0,1,0,9,9,0,1,0,0,0,0
60.56,4.8,3333,4,363.0,15.230456852791878,1,1787,1,0,3,1264,66,28,1.0,9.0,1,0,0,0,5,3,0,0,0,1,0,0
73.03,4.9,3707,2,377.0,16.0,0,2109,0,1,3,787,66,47,0.0,0.0,0,0,0,0,7,4,0,0,1,0,0,0
108.67,2.6,0,1,256.0,30.0,2,1139,0,0,1,298,33,16,0.0,0.0,0,0,0,1,6,6,0,1,0,0,0,0
75.39,2.5,0,1,781.0,25.0,2,803,1,0,1,3460,379,263,1.0,15.0,0,1,0,1,0,5,1,0,0,1,0,0
125.4,4.0,1976,4,324.0,31.0,2,2592,0,1,3,192,21,2,2.0,6.0,0,1,0,1,1,8,1,1,0,0,0,0
264.5,3.9,2102,4,581.0,7.0,0,108,1,1,2,3403,253,135,1.0,19.0,0,0,0,1,8,4,1,0,0,1,0,0
5.0,4.2,2144,5,799.0,15.0,0,1780,0,1,1,2270,136,106,1.0,12.0,1,0,0,0,7,6,0,0,1,0,0,0
103.06,3.8,3761,4,594.0,15.230456852791878,0,2364,1,0,2,2651,277,208,5.0,10.0,0,0,0,0,7,1,0,0,0,0,0,1
147.01,4.0,2429,4,384.0,24.0,0,1152,1,1,4,782,48,51,3.0,17.0,1,0,0,1,6,0,0,0,1,0,0,0
192.27,4.0,930,6,330.0,29.0,1,1062,1,0,4,1951,255,147,2.0,11.0,0,0,0,0,5,7,0,1,0,0,0,0
5.0,3.8,4456,4,473.0,1.0,3,5,0,1,6,693,92,39,1.0,8.0,1,0,0,1,2,6,1,1,0,0,0,0
319.83,4.4,2661,8,562.0,1.0,0,905,1,0,5,4172,572,318,3.0,12.0,0,0,0,0,9,8,0,0,1,0,0,0
153.41,4.6,4575,3,20.0,22.0,1,2109,1,1,2,2349,82,57,3.0,11.0,1,0,0,0,1,2,1,0,1,0,0,0
230.44,3.3,256,6,216.0,1.0,0,2329,0,1,4,4293,212,104,5.0,19.0,1,0,1,0,0,4,0,0,0,1,0,0
127.4,4.0,569,9,744.0,1.0,0,2124,0,1,4,3929,72,58,2.0,14.0,0,0,0,0,7,5,0,0,1,0,0,0
131.38,4.6,0,1,391.0,12.0,0,2233,0,1,2,91,9,3,2.0,13.0,1,0,0,1,0,5,0,0,1,0,0,0
299.93,4.1,2728,3,200.0,1.0,2,2580,1,1,3,524,24,32,4.0,13.0,1,0,0,0,9,1,0,0,1,0,0,0
201.04,5.0,2707,4,968.0,1.0,0,2235,1,1,6,4022,151,84,5.0,21.0,0,0,0,0,2,1,0,0,0,0,0,1
221.22,5.0,1008,4,972.0,1.0,0,3040,1,1,4,542,18,42,4.0,8.0,1,0,0,0,9,4,0,0,1,0,0,0
5.0,2.8,0,1,272.0,25.0,2,212,0,0,2,1255,41,41,1.6757142857142857,1.0,1,0,0,1,3,2,1,0,0,1,0,0
172.14,3.9,3036,2,720.0,26.0,0,2562,1,0,2,1167,117,68,3.0,3.0,0,0,0,1,7,6,0,0,0,1,0,0
202.99,3.5,945,6,151.0,3.0,0,1573,1,1,3,3710,446,280,5.0,10.0,0,0,0,0,4,1,0,0,0,0,0,1
93.32,4.4,0,3,362.0,27.0,1,5,1,1,4,1108,29,53,2.0,15.0,1,1,1,1,5,8,0,1,0,0,0,0
290.36,3.8,2166,6,621.0,9.0,0,438,1,0,2,3833,297,40,1.0,5.0,0,0,0,1,0,6,0,1,0,0,0,0
236.07,4.7,1596,2,395.0,24.0,1,3154,1,1,4,243,11,6,1.0,1.0,1,0,1,1,2,6,1,0,0,0,0,1
98.35,4.4,0,3,69.0,17.0,1,402,0,1,2,2986,322,207,1.0,3.0,1,1,0,1,3,3,0,0,0,0,0,0
35.87,4.2,0,1,277.0,24.0,3,51,0,1,3,3534,293,30,0.0,14.0,0,0,0,0,0,6,0,0,0,1,0,0
123.07,3.4,0,2,219.0,29.0,3,595,0,0,1,3753,203,136,1.0,0.0,1,0,1,1,7,0,0,0,0,1,0,0
157.21,4.6,4631,3,816.0,25.0,2,2214,1,1,6,2513,29,95,2.0,7.0,0,0,0,1,3,6,0,0,1,0,0,0
122.45,4.0,3155,1,20.0,19.0,0,2722,1,1,4,1611,158,58,1.0,21.0,0,0,0,1,9,1,0,1,0,0,0,0
103.52,4.6,1673,4,832.0,23.0,2,3661,1,1,5,4997,84,106,1.0,4.0,0,0,0,1,2,3,1,0,0,1,0,0
236.78,4.3,1470,3,69.0,29.0,0,1606,1,0,3,4139,506,60,4.0,15.0,0,0,0,1,9,2,0,0,1,0,0,0
84.0,4.3,70,1,315.0,3.0,1,2542,1,0,2,2197,249,92,3.0,17.0,0,0,0,1,3,7,1,0,1,0,0,0
250.7,3.6,585,7,200.0,35.0,1,1463,1,0,2,4808,689,179,0.0,0.0,0,0,0,0,9,1,0,0,0,0,0,0
182.31,5.0,2667,7,754.0,2.0,0,2746,0,1,6,2317,291,62,5.0,21.0,0,0,0,0,0,5,0,0,0,0,0,1
69.73,3.5,0,1,281.0,13.0,0,2175,1,1,2,1684,218,133,2.0,0.0,0,0,0,1,7,1,1,0,0,0,1,0
293.72,3.6,0,3,631.0,2.0,2,3482,0,0,2,2770,106,190,0.0,16.0,0,0,0,1,2,5,0,0,1,0,0,0
171.28,3.5,3895,3,416.0,1.0,0,2087,1,1,5,3228,79,101,1.0,33.0,1,0,0,0,6,8,0,1,0,0,0,0
79.0,3.4,582,4,455.0,1.0,0,1099,1,1,4,2138,107,108,3.0,3.0,0,0,1,0,8,2,0,0,0,0,0,0
249.72,4.2,3313,5,239.0,1.0,0,825,1,0,5,2860,80,72,1.0,9.0,0,0,0,0,4,3,0,0,0,0,1,0
159.19,3.978268041237113,2850,2,649.0,15.230456852791878,0,2295,1,1,1,1021,117,57,0.0,14.0,0,0,0,1,6,2,0,1,0,0,0,0
137.33,4.5,0,6,571.0,2.0,1,3697,1,0,5,2138,69,127,2.0,0.0,0,0,0,0,2,5,1,0,0,0,0,0
177.4,4.2,5327,6,573.0,26.0,0,3480,1,1,2,145,5,1,4.0,14.0,1,0,0,0,7,2,0,0,0,1,0,0
150.22,3.6,0,4,581.0,22.0,0,1235,0,1,1,1540,18,80,1.0,0.0,0,0,0,1,7,7,1,0,1,0,0,0
208.46,4.0,552,6,299.0,15.230456852791878,0,724,0,0,2,1405,197,77,0.0,11.0,0,0,0,1,8,4,0,0,0,0,0,0
172.9,2.9,300,4,145.0,32.0,2,5,1,0,1,3842,390,200,3.0,19.0,0,0,1,0,8,2,1,0,1,0,0,0
196.06,5.0,383,5,209.0,18.0,0,3417,0,0,1,1346,171,35,1.0,19.0,1,1,0,0,3,1,0,0,0,0,1,0
59.62,4.4,0,4,390.0,16.0,1,1916,0,1,3,1887,124,66,1.0,11.0,0,0,0,0,3,6,0,0,0,1,0,0
63.32,3.9,4358,7,504.0,8.0,0,759,1,1,5,4071,345,84,2.0,19.0,0,0,0,0,9,1,0,0,0,0,0,1
116.23,3.5,1830,4,354.0,6.0,0,2092,1,0,2,1562,89,40,2.0,21.0,0,0,0,0,7,7,0,0,0,0,0,0
150.22,5.0,1242,4,589.0,11.0,0,1589,1,0,3,3875,463,101,1.0,16.0,1,1,0,0,3,4,0,1,0,0,0,0
58.74,3.2,1550,3,20.0,28.0,2,466,1,0,2,2922,72,174,1.0,9.0,0,0,1,1,3,9,0,0,0,1,0,0
77.22,3.9,2122,3,212.0,22.0,1,3228,1,1,2,2344,34,110,1.0,7.0,0,1,1,0,4,7,0,0,0,0,0,1
93.61,4.1,833,3,681.0,2.0,2,655,1,1,4,355,16,21,2.0,5.0,1,0,0,1,8,6,0,0,0,0,0,1
116.42,4.4,5849,5,717.0,1.0,0,2164,1,1,2,1043,64,53,2.0,17.0,0,1,0,0,5,7,0,0,0,0,1,0
259.62,5.0,4361,5,537.0,11.0,0,4000,1,1,5,4454,376,249,5.0,14.0,0,0,0,0,3,0,0,0,0,1,0,0
285.4,4.6,4517,5,450.0,3.0,0,2907,0,1,3,2617,191,111,1.6757142857142857,16.0,0,0,0,0,4,0,0,0,0,0,1,0
51.29,2.7,0,6,145.0,21.0,0,451,0,1,2,1084,92,9,2.0,4.0,0,0,0,1,6,7,1,0,0,0,0,0
232.72,4.5,1726,5,406.0,2.0,2,334,0,1,3,4787,484,97,1.0,11.0,0,0,0,0,6,6,0,0,0,0,0,0
188.8,3.4,3516,3,222.0,4.0,1,2317,1,1,2,1448,188,84,0.0,21.0,0,0,0,0,3,8,0,0,0,0,0,1
97.73,3.8,741,3,367.0,34.0,2,1609,0,1,1,2509,85,63,4.0,7.0,1,1,0,1,2,7,1,0,1,0,0,0
98.7,4.2,338,6,471.0,9.0,0,5,0,0,1,3211,279,44,4.0,23.0,1,0,0,0,4,0,0,0,0,0,0,0
127.26,3.4,870,5,45.0,43.0,2,2210,1,1,1,328,9,5,2.0,7.0,1,0,0,1,0,8,0,0,0,0,1,0
205.97,4.0,0,4,500.0,18.0,0,3124,1,1,1,1456,49,113,1.0,13.0,0,0,1,1,9,4,1,0,1,0,0,0
5.0,3.6,0,1,47.0,48.0,0,5,1,0,1,4044,324,159,0.0,9.0,1,1,0,0,0,3,0,0,0,1,0,0
139.9,3.0,235,2,306.0,29.0,0,1786,0,1,2,885,63,18,0.0,0.0,0,0,0,0,9,4,0,0,0,0,0,0
195.98,5.0,1606,5,491.0,7.0,0,3668,0,0,3,1507,145,57,4.0,19.0,0,0,0,0,8,8,0,0,0,0,0,1
157.4,4.0,378,4,33.0,11.0,1,1102,0,1,3,3451,488,97,0.0,16.0,1,0,0,0,6,0,0,1,0,0,0,0
95.0,3.8,678,6,685.0,11.0,0,2817,0,1,2,365,6,18,0.0,1.0,0,0,0,0,9,8,1,0,0,1,0,0
289.9,3.9,649,6,183.0,16.0,0,1909,1,1,1,1636,36,119,0.0,14.0,0,0,0,0,7,2,0,0,0,0,0,1
95.24,2.9,1154,6,403.7255102040816,20.0,2,203,1,1,4,4755,244,198,1.0,20.0,1,0,1,0,5,2,0,0,0,0,0,1
131.93,3.7,2220,5,425.0,6.0,0,605,1,1,1,2513,201,39,2.0,14.0,0,0,0,0,0,4,0,0,1,0,0,0
130.08,4.6,783,3,197.0,6.0,0,2824,1,0,3,3038,150,55,2.0,18.0,0,1,0,0,2,1,0,0,0,1,0,0
111.55,5.0,701,1,644.0,5.0,0,3051,1,0,5,3925,524,161,1.0,10.0,1,0,0,0,1,5,0,0,0,0,1,0
195.97,5.0,0,4,218.0,11.0,2,1557,0,1,2,634,41,6,0.0,2.0,1,0,0,0,0,6,0,0,0,1,0,0
80.02,5.0,4493,1,290.0,12.0,1,1469,1,0,3,2494,167,88,3.0,0.0,0,0,0,0,5,1,0,0,0,1,0,0
258.65,3.8,462,4,245.0,5.0,0,1394,1,1,2,896,11,60,3.0,13.0,0,0,0,1,1,2,0,1,0,0,0,0
145.65,3.978268041237113,641,1,462.0,33.0,2,1200,0,1,1,2643,80,130,0.0,28.0,1,0,0,1,2,9,1,0,0,0,1,0
5.0,3.5,0,1,246.0,20.0,1,1041,0,0,1,3205,80,149,1.0,2.0,0,1,0,0,8,2,0,0,0,0,0,1
188.28,3.7,0,2,252.0,6.0,0,1491,0,1,3,3911,167,182,1.0,1.0,0,0,0,0,6,0,0,0,0,0,1,0
348.9,4.6,6599,4,470.0,1.0,0,2623,1,1,5,4946,387,360,1.6757142857142857,24.0,1,0,0,0,0,5,0,0,0,0,0,0
276.68,3.6,1640,5,392.0,22.0,0,1614,1,1,6,55,6,1,1.0,12.0,0,0,0,1,4,7,1,0,1,0,0,0
185.9,3.5,1910,6,495.0,27.0,3,1886,0,1,5,4028,304,54,1.0,13.0,1,0,1,1,1,9,1,0,1,0,0,0
192.72,4.6,1726,5,788.0,11.0,0,2754,1,1,3,2459,190,175,3.0,15.0,1,0,1,0,0,6,0,0,0,0,1,0
5.0,3.3,0,4,81.0,26.0,0,416,1,0,1,3679,391,286,0.0,17.0,0,1,0,1,6,2,0,0,1,0,0,0
47.25,3.9,0,1,20.0,23.0,4,696,1,1,1,3933,121,151,3.0,1.0,0,0,0,1,4,8,0,0,1,0,0,0
180.04,4.8,4112,6,763.0,8.0,0,2172,1,1,5,3725,552,198,4.0,18.0,0,0,0,0,2,9,0,0,0,0,1,0
211.24,5.0,3230,6,390.0,2.0,1,2851,1,1,2,1609,45,90,2.0,15.0,1,0,1,0,9,7,0,1,0,0,0,0
127.78,4.3,0,4,286.0,29.0,1,5,0,1,4,1449,126,73,1.0,0.0,0,0,0,0,2,3,0,0,0,1,0,0
49.48,3.6,986,4,421.0,4.0,0,1793,1,0,2,161,18,8,2.0,10.0,1,0,0,1,1,5,0,0,0,0,0,0
145.6,4.1,1479,3,611.0,4.0,0,413,1,1,6,2792,259,141,4.0,22.0,0,0,0,0,5,7,0,0,0,0,1,0
196.72,4.6,3789,7,510.0,1.0,0,1734,1,0,1,3854,276,279,2.0,12.0,1,0,0,0,5,1,0,0,1,0,0,0
12.68,4.8,0,2,106.0,40.0,1,5,1,0,1,1638,55,97,1.0,4.0,0,1,0,0,8,7,0,0,0,0,1,0
5.0,3.1,1853,1,318.0,34.0,4,5,1,1,2,504,64,5,0.0,10.0,1,1,1,0,1,4,0,1,0,0,0,0
198.58,4.4,4576,3,291.0,1.0,0,4000,1,1,3,1450,100,7,1.0,5.0,0,1,0,1,8,0,1,0,0,0,0,1
158.79,3.2,0,2,218.0,17.0,1,5,1,0,4,4662,419,166,2.0,24.0,0,0,0,0,4,0,0,1,0,0,0,0
265.12,4.5,3169,4,629.0,12.0,0,3450,1,0,4,988,39,45,1.6757142857142857,19.0,1,0,0,0,0,7,1,0,0,0,0,1
5.0,2.4,0,4,20.0,19.0,0,5,1,0,1,898,83,29,1.0,4.0,1,1,0,1,7,9,1,0,0,1,0,0
286.33,5.0,5846,6,1020.0,3.0,0,3343,1,1,3,2207,157,65,2.0,3.0,0,0,0,0,6,7,0,0,0,1,0,0
49.63,3.9,963,1,540.0,17.0,0,1883,1,0,1,3300,63,118,1.0,2.0,0,1,0,0,4,3,0,0,0,0,0,0
253.69,4.9,1295,4,513.0,12.0,0,3599,1,1,2,4693,304,132,3.0,22.0,0,0,0,0,7,5,0,0,0,0,0,1
183.92,4.7,590,3,508.0,13.0,1,815,0,0,3,2061,98,116,1.0,9.0,1,0,0,0,6,7,0,0,0,1,0,0
287.06,4.1,1944,7,696.0,3.0,0,2079,1,1,1,3065,337,60,3.0,32.0,1,0,0,1,3,2,0,1,0,0,0,0
283.32,4.2,2726,5,212.0,11.0,0,713,1,1,4,4460,460,200,3.0,21.0,0,0,0,0,8,4,0,0,0,0,0,0
40.99,3.7,1252,1,20.0,36.0,1,5,1,0,3,1519,203,43,3.0,2.0,0,0,1,1,3,4,1,0,0,0,0,0
199.29,4.0,3809,4,181.0,8.0,0,454,0,1,2,4575,332,241,2.0,20.0,0,0,0,1,8,1,1,1,0,0,0,0
180.32,4.5,3957,6,840.0,15.230456852791878,0,2086,0,1,2,2115,262,146,2.0,15.0,0,0,0,0,0,1,0,0,0,1,0,0
131.66,4.0,635,8,320.0,29.0,0,777,1,0,4,843,32,62,4.0,5.0,1,0,1,0,5,2,0,1,0,0,0,0
355.14,5.0,1183,7,543.0,12.0,0,3394,1,1,5,1163,123,72,3.0,13.0,0,0,0,0,0,0,0,0,0,1,0,0
153.25,3.8,0,3,499.0,1.0,2,2686,0,0,3,73,1,2,3.0,6.0,0,0,1,0,0,8,0,1,0,0,0,0
47.47,4.0,922,2,246.0,39.0,1,5,0,0,1,3127,88,110,0.0,9.0,0,0,1,1,4,1,0,0,0,0,0,1
64.95,3.3,0,4,41.0,18.0,1,5,1,1,2,1308,144,87,0.0,0.0,0,0,0,1,6,6,0,1,0,0,0,0
29.92,4.2,644,3,20.0,17.0,1,209,1,0,1,1477,142,18,1.0,1.0,0,0,1,1,6,5,1,0,0,0,0,1
190.73,3.8,0,3,119.0,22.0,1,953,0,1,1,1778,161,53,0.0,9.0,1,0,0,0,3,7,0,0,0,1,0,0
120.2,3.3,4490,4,246.0,26.0,2,1461,0,0,2,4985,487,43,3.0,16.0,1,0,0,1,6,1,0,0,0,0,0,0
194.67,4.5,3082,5,512.0,12.0,1,1984,1,0,2,4630,135,210,1.0,18.0,1,0,0,0,5,0,0,0,0,1,0,0
129.4,4.0,3620,3,788.0,10.0,0,3254,1,0,1,282,13,6,2.0,0.0,0,0,0,1,4,8,0,0,0,0,0,0
155.41,4.0,1321,4,664.0,27.0,0,5,0,1,3,227,2,12,0.0,7.0,0,1,0,0,7,1,1,0,0,0,0,1
86.24,4.2,2409,1,778.0,13.0,0,2506,1,0,5,4913,572,67,2.0,4.0,1,0,0,0,0,3,0,1,0,0,0,0
163.64,3.9,1247,1,341.0,7.0,0,823,1,0,1,736,35,46,1.0,16.0,0,0,1,0,5,5,0,0,0,0,1,0
234.14,4.8,1909,4,634.0,1.0,0,3979,0,1,4,4698,554,63,1.0,12.0,1,0,0,0,0,5,0,0,0,1,0,0
273.24,4.5,5182,8,721.0,10.0,0,4000,1,1,4,2056,220,56,4.0,23.0,0,0,0,0,2,0,0,0,0,1,0,0
63.84,3.4,0,4,20.0,26.0,1,2156,1,1,1,598,20,31,2.0,9.0,0,0,0,1,4,9,0,0,1,0,0,0
160.81,4.9,3208,4,575.0,11.0,0,2906,0,1,5,1534,165,43,2.0,26.0,1,0,0,1,4,8,0,0,1,0,0,0
5.0,4.1,3065,5,167.0,6.0,2,1077,1,0,1,1605,146,43,3.0,4.0,0,1,0,1,1,9,0,0,1,0,0,0
103.56,3.7,0,4,116.0,2.0,2,2096,0,1,1,1811,118,90,0.0,8.0,0,0,0,1,8,6,0,0,0,0,1,0
117.2,4.7,3863,4,664.0,12.0,1,2393,1,0,3,1944,223,148,5.0,11.988333333333333,0,0,1,0,9,7,0,0,0,1,0,0
317.93,4.9,4647,8,564.0,15.0,0,641,1,1,5,1437,175,64,3.0,19.0,0,0,0,0,5,2,0,0,0,0,0,1
169.85,4.1,838,3,303.0,18.0,3,1214,1,1,4,4524,393,241,3.0,17.0,0,0,0,1,4,2,1,0,1,0,0,0
137.67,4.5,3757,9,902.0,27.0,0,2853,1,1,3,4683,131,153,1.0,13.0,0,0,0,1,5,8,0,0,0,0,0,1
99.82,3.5,1725,1,197.0,16.0,1,1337,1,1,4,2468,273,163,1.0,6.0,1,0,0,1,3,9,0,0,0,0,0,0
56.11,2.6,0,2,128.0,30.0,4,492,0,1,1,898,29,8,0.0,7.0,0,1,0,1,1,5,1,0,0,0,0,0
132.84,3.8,2514,4,558.0,25.0,2,1463,1,1,4,4702,420,30,0.0,3.0,0,0,0,0,8,0,0,0,1,0,0,0
313.93,5.0,4956,6,379.0,14.0,0,2999,1,1,4,4491,601,204,1.0,28.0,0,0,0,0,1,5,0,0,0,0,0,0
173.56,3.4,0,2,20.0,8.0,0,2324,1,1,3,1934,35,22,0.0,19.0,0,1,1,0,0,1,0,0,0,0,0,1
144.61,3.6,770,6,612.0,14.0,0,2998,1,1,1,2776,45,26,0.0,9.0,0,0,1,0,0,5,0,0,1,0,0,0
220.14,3.978268041237113,0,2,540.0,14.0,3,1011,1,0,1,437,31,26,1.0,5.0,0,0,0,1,4,9,1,1,0,0,0,0
204.75,3.9,0,3,532.0,13.0,1,3209,1,1,4,1043,108,53,0.0,7.0,0,0,0,1,6,3,1,0,1,0,0,0
93.09,4.5,1424,3,529.0,26.0,2,1011,1,0,1,1380,48,36,0.0,0.0,0,0,0,0,1,3,0,0,0,1,0,0
266.98,5.0,3641,5,708.0,11.0,0,3059,1,0,2,2947,80,25,3.0,25.0,0,0,0,1,5,7,1,0,0,0,0,1
219.81,4.3,1834,2,741.0,8.0,1,3242,1,1,3,1215,66,44,2.0,21.0,0,0,0,0,7,5,0,0,1,0,0,0
147.94,3.1,714,2,192.0,12.0,2,5,0,1,1,1297,159,22,2.0,29.0,0,0,0,1,8,6,0,0,0,0,0,0
252.07,4.7,1860,3,571.0,11.0,0,3631,1,1,4,573,33,11,5.0,15.0,0,0,0,0,8,0,0,0,0,0,1,0
300.73,3.4,2014,4,410.0,28.0,0,658,1,0,1,2003,75,37,0.0,10.0,1,0,0,1,5,9,1,0,1,0,0,0
224.9,4.6,3247,6,290.0,1.0,0,1843,1,1,1,1375,190,80,1.0,7.0,1,0,0,1,5,1,0,0,1,0,0,0
73.78,3.5,4443,1,370.0,17.0,1,5,1,0,3,4452,586,331,4.0,3.0,0,1,0,1,5,3,0,0,0,0,1,0
184.78,4.2,3857,4,693.0,11.0,1,926,0,1,2,4647,485,213,5.0,18.0,0,1,1,0,4,7,0,0,0,0,0,1
166.56,4.3,2358,7,283.0,5.0,2,3142,0,1,3,2682,216,208,0.0,11.0,1,0,0,0,1,5,0,0,0,0,1,0
86.65,4.1,800,2,366.0,21.0,1,193,1,1,3,4167,431,155,0.0,1.0,0,0,0,1,1,5,1,0,0,0,0,1
56.46,3.7,2815,3,600.0,10.0,2,1214,1,1,1,1360,167,87,2.0,19.0,1,0,0,1,5,8,0,0,0,0,1,0
164.87,4.0,4158,5,404.0,28.0,0,1859,1,1,2,3994,526,128,0.0,8.0,0,0,0,0,4,9,0,0,0,0,0,1
5.0,3.5,280,4,47.0,34.0,2,913,1,0,2,4384,569,43,0.0,16.0,1,0,0,1,0,5,0,1,0,0,0,0
244.98,4.3,3378,7,853.0,3.0,0,1680,1,1,3,532,62,35,1.0,9.0,0,0,0,1,9,7,1,0,1,0,0,0
229.06,4.8,2753,3,748.0,18.0,0,2099,1,1,3,1315,54,67,1.0,17.0,0,0,0,0,5,3,0,0,1,0,0,0
192.91,3.5,4273,4,503.0,6.0,1,2236,1,0,4,1080,132,17,1.0,4.0,1,0,0,1,4,0,0,0,0,1,0,0
121.52,3.3,2781,3,548.0,15.0,0,1414,1,1,3,2966,317,127,1.0,2.0,0,0,0,1,2,5,0,0,1,0,0,0
123.78,4.6,2670,4,424.0,3.0,0,5,0,1,5,4203,419,174,3.0,14.0,1,0,0,0,1,5,0,0,0,0,0,0
356.54,4.8,2852,7,657.0,9.0,0,2936,1,1,1,4186,405,98,5.0,19.0,1,0,0,0,1,9,0,0,0,0,0,0
200.33,4.7,1438,5,371.0,19.0,0,3182,0,0,2,904,26,4,0.0,35.0,0,1,0,1,0,7,1,0,1,0,0,0
162.46,3.3,0,2,755.0,6.0,0,689,0,1,2,1941,167,70,1.0,10.0,1,0,1,0,6,6,0,0,0,0,1,0
148.05,4.0,3864,3,577.0,1.0,1,2322,1,1,1,2215,51,85,2.0,13.0,0,0,0,0,7,9,0,0,0,1,0,0
251.76,4.0,1074,4,609.0,1.0,2,1176,1,0,5,2633,112,143,0.0,6.0,0,0,1,1,5,6,0,0,0,1,0,0
200.14,3.978268041237113,1420,3,341.0,18.0,1,3237,0,0,4,2920,389,108,0.0,11.988333333333333,0,0,0,0,2,5,0,0,1,0,0,0
254.1,5.0,927,5,206.0,5.0,0,2389,1,1,2,4342,556,297,2.0,11.0,0,0,0,0,7,4,0,0,1,0,0,0
154.88,2.7,0,6,217.0,2.0,0,1965,0,1,1,3784,209,198,0.0,18.0,0,0,0,0,2,3,0,1,0,0,0,0
264.74,4.3,0,3,658.0,5.0,2,567,1,1,1,3403,433,188,2.0,21.0,0,0,0,0,8,4,0,0,0,0,0,1
73.52,3.2,2103,5,20.0,22.0,1,54,1,1,1,4488,530,140,0.0,19.0,0,0,0,0,3,6,0,0,0,0,0,1
153.23,3.8,576,2,331.0,28.0,1,5,1,1,2,3900,541,299,0.0,0.0,1,0,0,0,3,9,0,0,0,1,0,0
72.49,3.978268041237113,0,1,425.0,21.0,3,2082,1,0,1,523,10,26,1.0,2.0,0,0,0,0,4,0,0,0,0,0,0,1
117.96,3.5,0,4,403.7255102040816,38.0,2,80,1,0,3,1163,59,41,1.0,7.0,1,0,0,0,8,0,1,1,0,0,0,0
115.39,3.1,2790,1,317.0,1.0,1,2677,1,1,3,328,41,1,3.0,20.0,0,0,1,0,1,7,0,0,0,0,0,1
296.74,3.2,1578,8,643.0,14.0,1,1924,1,1,2,3325,480,85,0.0,16.0,0,1,0,0,4,5,0,0,0,1,0,0
313.89,4.8,2639,3,725.0,1.0,0,1832,1,1,4,738,19,8,1.0,21.0,1,1,0,0,0,5,0,0,0,0,0,1
87.05,3.1,0,3,233.0,28.0,1,1262,0,1,1,3281,177,90,0.0,0.0,1,1,0,1,0,6,1,1,0,0,0,0
86.46,3.4,0,5,196.0,22.0,1,917,1,1,3,4280,203,283,3.0,23.0,0,0,0,1,1,8,0,0,1,0,0,0
281.75,4.2,1229,4,843.0,17.0,0,2343,1,1,2,2378,61,48,1.0,26.0,0,1,0,1,2,3,0,0,1,0,0,0
180.1,4.1,4161,1,399.0,16.0,3,1834,0,1,5,1253,171,33,0.0,11.988333333333333,1,1,0,1,8,1,0,0,1,0,0,0
172.52,3.8,1981,8,455.0,25.0,0,2241,1,1,4,1571,77,63,2.0,11.988333333333333,0,0,0,0,9,5,0,0,0,1,0,0
11.19,3.1,536,1,20.0,35.0,0,5,0,1,1,2008,94,141,0.0,4.0,1,0,0,0,2,2,0,0,0,1,0,0
111.37,4.5,744,4,745.0,2.0,1,2491,1,1,4,3819,225,156,4.0,15.0,1,0,0,0,8,2,0,1,0,0,0,0
85.32,4.0,2122,2,246.0,31.0,0,5,1,0,3,3289,446,73,0.0,28.0,0,0,1,1,1,6,1,0,0,1,0,0
206.37,3.1,0,1,209.0,24.0,1,1924,1,0,4,3869,333,288,1.0,0.0,0,0,0,0,1,7,0,0,0,1,0,0
155.69,4.5,1280,2,599.0,3.0,0,3879,1,1,3,1557,119,86,1.0,20.0,1,0,0,1,5,5,0,0,1,0,0,0
174.51,5.0,5182,7,985.0,1.0,0,2859,1,1,5,3604,213,51,3.0,23.0,1,0,0,1,5,9,1,0,1,0,0,0
289.14,4.2,4067,6,389.0,3.0,0,1271,1,1,5,3623,149,46,0.0,9.0,1,0,0,0,0,9,0,0,0,1,0,0
34.19,3.6,2739,1,20.0,21.0,3,1737,1,0,2,3541,228,265,1.0,10.0,0,0,0,0,0,3,0,0,0,0,0,0
213.31,3.3,500,5,190.0,20.0,0,1855,0,0,1,2796,72,30,1.0,12.0,1,1,0,1,2,4,1,0,0,1,0,0
227.37,4.3,0,4,430.0,22.0,0,1171,1,1,2,4872,216,81,2.0,11.0,1,0,0,0,7,2,0,0,0,0,1,0
243.7,4.3,4361,3,833.0,7.0,0,2906,1,0,2,496,43,32,4.0,12.0,0,0,0,0,6,8,0,1,0,0,0,0
172.46,4.4,0,3,435.0,27.0,2,2701,1,1,4,2441,251,44,2.0,25.0,1,0,0,0,8,5,0,0,0,1,0,0
156.41,3.5,0,1,380.0,23.0,3,5,0,1,4,1928,32,66,0.0,0.0,0,1,0,1,6,8,0,0,0,0,1,0
62.92,4.1,814,5,455.0,8.0,1,3420,1,1,2,204,5,7,2.0,0.0,1,1,0,0,1,5,0,0,0,1,0,0
111.98,4.0,4752,4,559.0,20.0,0,912,1,1,3,1029,59,60,3.0,12.0,1,1,0,0,6,4,1,1,0,0,0,0
90.12,4.2,136,5,516.0,16.0,0,1411,1,1,6,906,26,61,4.0,19.0,0,0,0,0,3,1,0,0,0,1,0,0
170.74,3.6,3161,7,278.0,5.0,0,2806,0,0,2,2132,104,83,0.0,15.0,1,0,1,0,2,7,0,0,1,0,0,0
129.24,3.9,342,4,457.0,9.0,2,451,1,1,4,1324,31,102,3.0,4.0,0,0,0,1,6,1,0,0,1,0,0,0
117.58,3.4,672,3,20.0,18.0,1,3132,1,0,1,4144,388,103,2.0,8.0,1,0,0,1,7,7,1,0,0,1,0,0
216.77,3.5,1785,4,555.0,6.0,1,1669,1,1,1,4714,304,25,2.0,16.0,0,1,0,0,4,4,0,0,0,0,0,0
68.52,4.1,48,1,597.0,20.0,2,476,1,0,3,2064,95,161,0.0,0.0,0,0,0,1,3,4,0,0,0,0,1,0
214.04,3.8,0,5,452.0,27.0,0,2633,1,1,3,4154,164,190,4.0,0.0,1,0,0,1,9,0,0,0,0,0,1,0
105.78,4.4,1611,6,517.0,17.0,0,3052,1,0,6,4910,90,163,2.0,23.0,0,0,0,0,4,2,0,0,0,0,0,1
270.57,3.1,0,1,309.0,17.0,0,783,1,1,1,2861,266,102,0.0,14.0,1,0,1,1,6,2,0,0,1,0,0,0
108.93,4.4,0,4,211.0,11.0,0,2475,1,1,1,1863,101,70,0.0,0.0,1,0,0,1,3,6,0,0,1,0,0,0
43.96,3.3,0,1,20.0,42.0,3,779,1,1,2,817,106,54,0.0,12.0,1,0,0,1,1,0,1,0,0,0,0,0
275.62,3.9,1110,3,324.0,1.0,2,997,1,1,4,1254,44,48,1.0,13.0,0,0,1,0,7,5,0,1,0,0,0,0
197.86,4.3,1724,5,53.0,5.0,0,275,1,1,2,3070,425,170,0.0,0.0,1,0,0,1,1,6,0,0,0,0,0,1
172.77,3.6,2805,3,66.0,22.0,0,3496,0,1,3,3321,278,227,2.0,11.0,0,1,0,0,8,9,0,0,0,1,0,0
185.76,4.3,2889,6,726.0,1.0,0,1675,0,0,4,4615,257,57,5.0,30.0,1,0,0,0,5,2,0,0,0,0,0,0
284.33,4.8,5043,6,913.0,2.0,0,134,1,1,4,1331,132,88,4.0,24.0,0,0,0,0,1,6,0,0,0,0,0,1
101.86,4.4,48,7,711.0,7.0,1,2899,1,1,2,2970,174,57,2.0,13.0,0,0,1,1,9,1,0,0,0,1,0,0
18.09,4.6,0,3,250.0,23.0,1,5,0,1,1,1714,192,47,1.0,9.0,1,0,0,1,5,6,0,1,0,0,0,0
130.8,4.7,6021,4,535.0,5.0,0,3871,1,0,5,3131,356,76,4.0,7.0,0,0,0,0,3,3,0,1,0,0,0,0
5.0,3.3,588,1,510.0,3.0,2,751,1,1,2,4459,105,302,4.0,14.0,0,0,0,0,3,0,0,0,0,0,0,1
82.32,4.5,4682,2,797.0,12.0,0,5,1,1,4,1421,212,13,0.0,0.0,0,0,0,1,7,6,0,0,1,0,0,0
166.94,4.5,0,6,298.0,19.0,1,607,0,0,3,1547,231,46,0.0,13.0,1,0,0,0,1,4,0,0,0,0,0,1
111.9,3.2,0,1,132.0,34.0,3,5,1,0,3,4406,146,289,0.0,10.0,0,1,0,1,6,6,0,0,0,1,0,0
144.93,4.0,1459,4,73.0,25.0,1,2935,1,1,4,4389,578,302,2.0,16.0,0,0,0,0,4,7,0,0,1,0,0,0
350.02,4.7,1277,7,555.0,1.0,0,2925,1,1,4,4628,546,218,1.6757142857142857,11.988333333333333,1,0,0,0,1,7,0,1,0,0,0,0
155.95,4.5,1563,6,142.0,12.0,2,1938,1,1,4,3748,129,109,1.0,11.0,0,0,0,0,4,7,0,1,0,0,0,0
229.8,4.3,4513,6,644.0,1.0,2,387,0,1,2,3261,380,54,3.0,14.0,0,0,0,0,9,5,0,0,0,1,0,0
46.82,4.4,3786,3,438.0,17.0,0,2159,1,0,3,3185,477,241,3.0,22.0,1,1,0,0,0,0,0,0,0,1,0,0
133.06,3.1,391,1,231.0,43.0,1,643,0,1,1,875,12,56,0.0,0.0,0,0,0,1,3,2,0,0,0,0,1,0
41.34,3.7,1381,3,318.0,7.0,0,27,1,1,1,3627,348,34,0.0,25.0,0,0,1,1,2,7,1,1,0,0,0,0
34.31,3.7,0,3,567.0,23.0,3,5,0,0,2,1842,220,63,0.0,8.0,0,0,0,1,5,3,1,1,0,0,0,0
77.41,3.3,0,5,345.0,16.0,2,5,1,0,1,4791,358,177,2.0,4.0,0,0,0,1,1,8,0,0,0,0,0,0
133.17,3.4,2567,4,435.0,32.0,0,515,0,1,1,4113,541,212,0.0,15.0,0,0,0,0,0,7,0,0,1,0,0,0
135.01,4.6,3273,3,363.0,13.0,1,1362,1,1,1,3044,320,197,1.0,9.0,1,0,0,0,4,0,0,0,1,0,0,0
207.35,2.7,977,3,177.0,15.0,1,638,0,1,3,1508,158,39,1.0,11.988333333333333,0,1,0,1,6,3,0,0,0,0,1,0
264.1,3.9,337,2,546.0,7.0,1,2405,1,0,3,3497,293,120,5.0,18.0,1,0,0,0,1,4,0,0,1,0,0,0
103.47,3.7,0,1,324.0,20.0,0,5,1,0,2,927,78,33,2.0,18.0,0,0,1,1,5,5,0,0,0,0,0,0
201.27,3.2,1165,3,246.0,20.0,0,322,0,1,2,3135,39,94,3.0,11.988333333333333,0,0,0,1,9,1,1,0,0,1,0,0
118.97,4.5,1240,2,556.0,18.0,3,1182,0,0,2,3475,42,25,1.0,12.0,1,1,0,0,8,6,0,1,0,0,0,0
5.0,4.2,2089,2,591.0,8.0,1,373,1,0,2,3334,249,96,1.0,13.0,0,0,0,1,6,3,1,0,0,0,0,0
298.22,3.8,2540,1,219.0,21.0,0,67,1,0,3,3848,185,143,0.0,12.0,0,1,0,0,8,7,0,0,1,0,0,0
67.8,3.5,0,3,108.0,30.0,2,385,0,1,1,2755,280,72,1.6757142857142857,11.988333333333333,1,1,1,0,1,0,0,0,1,0,0,0
240.14,4.4,4775,4,506.0,2.0,1,2324,1,0,4,888,87,34,3.0,23.0,1,0,0,1,0,9,0,0,1,0,0,0
230.98,5.0,2859,8,498.0,1.0,1,2309,1,0,5,1647,196,80,2.0,11.0,0,1,0,0,5,5,0,0,1,0,0,0
143.21,3.5,788,3,382.0,8.0,0,2471,1,1,1,1842,230,130,3.0,14.0,0,0,1,1,2,7,1,0,0,0,0,0
35.77,3.8,0,4,77.0,10.0,2,399,1,1,3,251,3,5,2.0,0.0,1,0,1,0,5,0,1,0,0,0,1,0
82.31,4.3,252,5,348.0,1.0,0,2039,0,1,2,1744,42,57,4.0,21.0,0,0,0,1,8,8,0,0,0,0,0,0
134.15,4.7,744,2,515.0,1.0,0,1207,0,1,3,1797,35,25,0.0,10.0,0,0,0,0,5,0,0,1,0,0,0,0
34.73,3.1,528,1,255.0,23.0,1,2354,0,1,2,1624,235,95,1.0,12.0,0,1,0,1,4,1,0,0,0,1,0,0
182.41,4.9,333,2,461.0,9.0,1,2423,1,1,3,2753,273,70,0.0,8.0,0,0,0,0,3,6,0,0,0,0,0,1
176.83,4.7,3849,4,294.0,11.0,0,2780,1,1,2,1147,134,63,3.0,12.0,0,0,0,0,0,2,0,0,1,0,0,0
102.53,4.3,7593,1,802.0,6.0,0,2321,1,1,4,1997,25,108,2.0,22.0,0,0,1,0,5,4,0,0,0,1,0,0
129.54,3.9,2542,2,349.0,20.0,2,1337,0,1,2,4259,627,130,0.0,0.0,1,0,0,0,4,6,0,0,1,0,0,0
106.02,4.4,3194,7,351.0,1.0,0,1026,1,1,1,1193,69,39,2.0,0.0,0,0,0,1,7,2,0,0,1,0,0,0
111.11,3.0,1088,5,168.0,21.0,0,1224,1,1,2,275,22,15,2.0,23.0,1,0,0,0,5,3,0,0,1,0,0,0
166.89,5.0,2328,2,254.0,33.0,1,1971,1,1,1,840,105,18,0.0,8.0,0,0,0,1,0,9,0,0,1,0,0,0
252.23,3.9,412,6,731.0,20.0,0,2663,1,0,4,418,9,31,4.0,11.0,1,0,0,0,8,1,0,0,0,1,0,0
139.29,4.8,1825,3,311.0,1.0,0,2718,0,1,3,446,63,34,2.0,24.0,1,1,0,0,3,8,0,0,0,0,0,0
214.72,4.9,6997,6,855.0,18.0,0,2994,1,1,2,2419,99,66,4.0,21.0,1,0,0,0,6,7,0,0,0,1,0,0
116.28,3.5,1220,1,284.0,15.0,0,939,0,1,5,2501,75,181,0.0,0.0,0,0,0,1,4,9,1,1,0,0,0,0
96.42,5.0,582,4,667.0,17.0,0,1510,1,0,3,1031,57,21,1.0,21.0,0,0,0,0,8,0,0,0,0,0,0,0
92.65,4.4,2633,4,345.0,1.0,0,84,1,1,1,525,60,22,3.0,6.0,0,0,1,1,8,8,1,1,0,0,0,0
97.43,2.2,856,2,179.0,31.0,3,1798,1,1,1,2171,118,53,0.0,0.0,1,0,1,1,5,1,1,0,0,1,0,0
111.72,4.0,1354,4,163.0,12.0,1,1526,0,0,2,1177,91,56,2.0,8.0,0,0,1,0,2,1,0,0,0,0,0,1
90.37,3.9,3052,5,538.0,25.0,0,1909,1,1,3,4954,441,37,1.0,8.0,0,0,0,1,9,5,0,0,0,0,0,1
72.63,3.1,4433,4,459.0,13.0,0,1948,0,1,1,2779,151,180,1.0,19.0,1,0,1,0,4,7,0,0,1,0,0,0
203.28,4.2,0,6,386.0,15.0,0,116,1,0,3,1613,225,65,0.0,13.0,0,0,0,1,5,9,0,1,0,0,0,0
141.18,4.2,3521,9,163.0,28.0,0,1510,1,1,3,2043,306,89,2.0,36.0,0,0,0,0,2,4,0,0,1,0,0,0
103.5,4.0,647,4,345.0,24.0,1,2125,1,0,1,1225,158,18,0.0,7.0,0,1,1,1,8,5,0,0,1,0,0,0
149.91,4.4,4977,6,443.0,11.0,1,1949,0,1,3,397,49,2,4.0,10.0,1,0,0,1,7,6,1,0,0,1,0,0
221.69,4.2,1251,2,602.0,29.0,0,224,1,1,1,1100,151,60,2.0,12.0,1,0,0,1,6,2,1,0,0,0,1,0
100.4,3.9,1883,8,835.0,1.0,0,1497,1,1,1,874,105,19,1.0,13.0,1,0,0,1,5,2,1,0,0,0,0,1
242.7,5.0,5381,6,779.0,1.0,0,3214,1,1,1,3164,100,245,1.0,6.0,0,0,0,0,9,7,0,0,1,0,0,0
90.49,3.2,3654,3,539.0,18.0,0,2906,1,1,2,539,28,7,2.0,14.0,0,1,0,0,5,1,0,1,0,0,0,0
244.79,3.7,4443,5,695.0,8.0,0,2041,1,1,5,821,22,22,4.0,23.0,0,0,0,1,6,9,0,0,1,0,0,0
140.58,3.8,1491,3,220.0,28.0,1,1624,1,0,2,4238,282,300,0.0,2.0,1,0,0,1,9,3,1,0,0,0,0,0
169.88,3.6,1215,1,119.0,15.0,1,1894,1,0,2,2454,193,131,1.0,3.0,0,0,0,0,3,2,0,1,0,0,0,0
181.77,3.8,3007,1,129.0,11.0,2,3317,1,1,2,4042,69,292,4.0,21.0,0,0,0,0,6,4,0,0,0,0,0,1
235.97,4.3,1015,1,55.0,15.0,1,3051,1,1,4,813,100,17,0.0,11.0,0,0,0,0,7,2,0,1,0,0,0,0
196.4,4.3,1061,1,403.7255102040816,24.0,1,1628,1,0,1,1059,146,25,3.0,8.0,0,0,1,1,2,7,0,0,0,0,1,0
261.33,4.6,2393,1,593.0,1.0,2,2213,1,1,3,3507,68,71,2.0,16.0,0,0,1,1,4,2,0,1,0,0,0,0
200.52,4.9,2851,7,563.0,1.0,0,3074,0,1,3,891,128,40,3.0,20.0,0,0,0,0,5,9,0,0,0,0,1,0
168.36,4.2,3542,4,55.0,14.0,1,486,1,1,2,1812,125,87,0.0,3.0,0,0,0,0,0,4,0,0,0,1,0,0
44.42,3.7,1074,2,147.0,28.0,0,2108,1,0,1,4370,621,27,1.0,0.0,0,0,0,1,4,6,0,0,0,1,0,0
205.05,4.4,1410,1,553.0,7.0,0,883,0,1,3,3205,428,139,2.0,15.0,0,0,1,0,2,3,0,0,0,0,1,0
219.22,3.8,2120,5,556.0,10.0,2,1815,0,1,4,2487,270,103,1.0,21.0,0,0,0,0,1,0,0,1,0,0,0,0
162.15,3.4,0,6,619.0,32.0,2,1740,0,0,1,3577,282,82,0.0,2.0,0,0,1,1,2,4,1,0,0,0,0,0
96.32,2.8,0,2,266.0,30.0,3,348,1,0,1,4874,309,130,1.0,6.0,0,0,0,0,6,1,0,1,0,0,0,0
118.8,3.9,4427,2,280.0,24.0,0,1164,0,0,6,3609,280,81,1.0,17.0,0,0,0,1,8,5,0,0,1,0,0,0
5.0,3.9,0,4,136.0,17.0,2,902,0,0,2,3464,497,262,1.0,15.0,1,0,0,0,6,9,0,0,1,0,0,0
57.85,3.6,2859,2,629.0,27.0,1,1345,0,0,3,855,78,39,3.0,3.0,0,0,1,0,0,6,0,1,0,0,0,0
177.38,3.6,3566,3,525.0,11.0,0,5,0,0,3,909,36,48,1.0,6.0,0,1,1,0,1,8,0,0,1,0,0,0
120.45,4.7,2953,4,328.0,12.0,0,1416,0,1,5,4116,346,106,1.0,21.0,0,0,0,0,1,7,0,0,0,0,1,0
146.79,4.1,3960,4,844.0,10.0,0,2363,1,0,2,431,61,33,2.0,8.0,1,0,0,1,3,9,1,0,1,0,0,0
242.59,3.7,3879,6,358.0,1.0,0,1387,1,1,4,688,44,16,4.0,14.0,1,0,1,0,3,5,0,0,0,0,1,0
158.48,4.0,2919,5,403.7255102040816,18.0,1,607,1,1,2,330,34,17,1.0,30.0,1,1,0,1,8,1,1,0,0,0,0,1
235.03,3.8,937,3,346.0,11.0,0,1771,1,1,4,1495,217,27,1.0,0.0,0,1,0,0,9,5,0,0,1,0,0,0
13.97,3.9,1148,1,170.0,7.0,3,63,1,1,1,4548,436,275,2.0,8.0,1,0,0,0,6,7,0,1,0,0,0,0
62.39,3.2,0,2,345.0,18.0,0,5,0,1,4,2223,132,164,0.0,0.0,0,0,0,1,2,3,1,0,1,0,0,0
112.18,3.2,0,3,292.0,21.0,1,5,1,1,3,457,8,8,1.0,17.0,1,0,0,1,1,3,0,0,0,1,0,0
200.79,3.1,1298,3,376.0,16.0,0,1493,1,1,3,4057,484,112,0.0,11.0,1,0,0,1,0,3,0,0,0,0,0,1
99.35,2.6,2241,4,361.0,22.0,1,5,1,1,1,3359,144,146,2.0,19.0,0,0,0,1,7,0,1,0,0,1,0,0
118.44,4.0,797,6,332.0,14.0,1,2123,0,1,3,1283,43,49,0.0,11.0,1,0,1,0,0,2,0,0,0,0,0,0
205.88,4.2,0,2,28.0,7.0,0,1313,1,0,3,2722,307,143,0.0,1.0,1,0,0,1,1,7,0,0,0,1,0,0
250.26,5.0,3838,5,749.0,15.0,0,2280,1,0,2,170,19,4,1.0,24.0,0,1,0,1,4,4,0,0,0,0,1,0
125.82,3.4,0,6,382.0,1.0,0,1418,1,1,4,4285,47,141,4.0,11.988333333333333,0,0,0,1,0,9,0,0,0,0,0,0
114.87,3.7,2133,3,93.0,16.0,1,822,0,1,3,3923,345,140,3.0,0.0,0,0,0,0,3,9,0,0,0,1,0,0
134.18,3.7,0,4,436.0,21.0,2,1232,0,1,2,317,3,3,0.0,15.0,0,1,0,1,7,6,0,0,0,0,0,1
224.22,4.1,2320,4,486.0,12.0,0,1705,1,0,3,2518,202,182,3.0,27.0,0,0,0,0,5,6,0,0,0,0,1,0
12.78,3.2,187,1,20.0,33.0,1,2769,1,0,1,4140,404,182,1.0,22.0,1,0,1,0,1,3,0,0,0,1,0,0
188.4,3.5,0,3,287.0,37.0,0,659,0,0,1,746,74,6,0.0,10.0,1,0,0,1,4,9,1,1,0,0,0,0
110.72,4.2,4391,3,20.0,27.0,1,436,1,0,3,407,55,28,0.0,0.0,0,0,0,1,2,7,0,1,0,0,0,0
207.44,3.5,2269,4,535.0,24.0,1,5,1,1,2,3605,180,91,1.0,25.0,0,0,0,0,0,2,0,0,0,1,0,0
70.26,4.0,0,2,95.0,12.0,2,5,0,0,1,4914,149,327,0.0,16.0,0,1,1,1,0,0,1,0,0,1,0,0
184.78,3.4,95,1,20.0,11.0,2,5,1,1,3,2883,214,103,3.0,8.0,1,1,0,1,6,5,1,0,0,1,0,0
193.86,4.9,2647,6,590.0,16.0,0,2536,1,0,4,1401,174,86,1.0,16.0,0,0,0,1,4,7,0,0,0,0,0,0
177.55,3.3,2871,7,371.0,5.0,0,2167,1,1,4,2824,236,117,0.0,22.0,1,0,0,1,0,4,0,1,0,0,0,0
79.24,2.6,2658,1,430.0,20.0,0,2098,0,1,1,3990,265,99,0.0,7.0,0,0,0,0,6,4,0,1,0,0,0,0
184.49,5.0,7683,4,495.0,1.0,0,1961,1,1,2,4963,371,348,5.0,11.988333333333333,0,0,0,0,5,9,0,0,0,0,0,1
310.79,3.978268041237113,4587,7,557.0,13.0,0,2682,1,1,4,3700,387,163,5.0,18.0,1,0,1,0,8,0,1,0,0,0,0,1
45.64,3.8,1488,1,403.7255102040816,26.0,0,750,0,1,1,4953,154,336,1.0,0.0,0,1,0,1,2,1,1,0,0,1,0,0
351.5,5.0,4656,6,253.0,3.0,0,3430,1,1,4,872,16,56,0.0,24.0,1,0,0,0,9,8,0,0,0,0,1,0
223.32,4.2,4866,6,576.0,7.0,0,1506,1,0,5,1544,42,97,2.0,21.0,1,0,0,0,6,9,0,0,0,1,0,0
58.65,3.3,750,1,424.0,15.230456852791878,0,5,1,0,2,3997,306,154,2.0,2.0,0,0,0,0,5,2,0,0,1,0,0,0
125.66,3.8,375,5,493.0,1.0,0,2311,1,0,2,3269,214,180,3.0,11.0,0,0,0,0,2,6,0,0,1,0,0,0
302.74,3.8,1474,1,342.0,22.0,1,892,0,1,5,4326,478,342,2.0,7.0,0,1,1,1,1,1,1,0,1,0,0,0
235.46,4.6,4264,6,862.0,15.0,0,194,1,0,3,1139,93,52,3.0,14.0,0,0,0,0,7,2,0,0,1,0,0,0
188.42,4.0,5243,5,565.0,19.0,3,2717,1,1,1,4430,420,228,0.0,8.0,1,0,0,0,4,3,0,0,0,1,0,0
158.16,4.6,3569,3,273.0,7.0,0,3186,1,1,3,1768,172,52,0.0,18.0,0,0,0,0,6,4,0,0,0,1,0,0
177.49,4.4,4463,2,378.0,19.0,0,1332,1,0,4,3036,325,206,0.0,0.0,0,0,0,1,7,7,0,0,1,0,0,0
260.43,3.6,1578,3,423.0,24.0,0,1400,1,0,1,3061,53,237,0.0,5.0,0,0,0,1,2,8,0,0,0,1,0,0
195.47,3.978268041237113,4494,6,538.0,16.0,0,1727,1,1,6,4716,286,212,2.0,22.0,0,0,1,0,7,0,0,0,0,0,0,0
86.2,3.6,0,1,280.0,10.0,1,5,1,0,1,1398,191,16,2.0,2.0,1,1,0,0,5,6,0,0,1,0,0,0
123.91,3.8,0,2,359.0,13.0,1,434,0,0,1,2074,124,92,2.0,11.0,0,0,0,0,6,5,0,0,0,0,0,0
94.45,4.1,6204,2,822.0,1.0,0,2526,1,1,2,4420,169,263,0.0,19.0,0,0,0,0,4,0,0,0,0,0,0,1
188.15,3.978268041237113,2596,2,403.7255102040816,14.0,1,2875,0,0,1,4710,521,249,0.0,0.0,0,0,0,1,7,2,1,0,1,0,0,0
229.36,4.5,4955,1,417.0,10.0,1,3290,1,0,1,3901,317,26,2.0,16.0,0,1,0,0,4,0,0,0,1,0,0,0
143.77,2.1,0,1,20.0,27.0,2,5,0,1,1,2705,376,71,1.0,0.0,1,0,0,1,3,6,0,1,0,0,0,0
135.4,3.5,3854,3,69.0,21.0,0,565,1,1,1,4825,548,207,1.0,3.0,1,0,0,0,7,1,0,0,0,0,0,1
328.57,5.0,4998,4,501.0,20.0,0,3078,1,0,2,827,27,19,3.0,3.0,0,0,0,0,7,7,0,0,1,0,0,0
199.27,3.3,0,6,492.0,25.0,0,2958,1,1,1,1518,96,92,0.0,21.0,1,0,0,0,1,6,0,0,0,0,0,0
194.2,4.7,785,5,424.0,8.0,0,1223,1,1,1,2832,71,122,1.0,0.0,0,0,0,0,4,5,0,0,1,0,0,0
80.66,4.3,3043,3,605.0,31.0,1,2082,1,1,4,326,3,25,3.0,10.0,0,0,0,1,5,7,0,0,0,1,0,0
83.82,4.0,1287,2,162.0,21.0,0,2785,1,1,4,3090,62,106,2.0,16.0,0,0,0,0,8,0,0,0,0,0,1,0
181.79,4.0,4025,3,509.0,24.0,0,1976,1,1,4,2086,58,157,2.0,12.0,0,0,0,0,1,9,0,0,1,0,0,0
5.0,3.6,3013,2,355.0,21.0,1,5,0,1,3,833,48,11,1.0,4.0,1,0,0,0,8,7,1,0,0,0,0,1
5.0,2.9,0,5,45.0,23.0,3,897,0,1,2,3200,379,148,1.0,6.0,0,0,0,1,9,0,0,1,0,0,0,0
266.59,4.2,1677,2,334.0,6.0,0,3089,1,1,3,3241,167,202,2.0,19.0,0,0,0,0,3,8,0,0,1,0,0,0
126.6,3.5,0,1,116.0,31.0,1,747,1,1,1,316,20,11,0.0,11.988333333333333,0,1,0,0,8,7,0,0,0,1,0,0
24.87,2.6,552,4,393.0,14.0,2,1720,0,1,3,1688,114,44,2.0,17.0,0,0,0,1,3,3,1,1,0,0,0,0
202.45,4.6,2360,5,624.0,3.0,0,3272,1,1,4,998,76,54,2.0,24.0,1,0,0,0,3,2,0,0,0,0,1,0
93.63,4.2,2281,1,554.0,21.0,2,1261,1,1,2,4397,532,207,1.0,24.0,0,1,1,0,5,3,0,0,0,0,1,0
125.6,3.8,4454,5,741.0,11.0,1,2750,1,1,3,2773,231,24,3.0,7.0,0,0,0,0,5,5,0,0,0,0,1,0
106.69,3.7,25,3,301.0,11.0,1,2018,0,1,5,849,47,44,1.0,11.0,1,1,0,1,9,1,1,0,0,0,0,0
5.0,4.3,2410,3,197.0,23.0,0,1658,1,0,1,3532,399,76,0.0,27.0,1,0,1,0,3,9,0,0,0,0,1,0
227.2,4.2,0,4,352.0,34.0,0,2596,1,1,4,3973,256,37,2.0,5.0,0,0,0,0,6,4,0,0,1,0,0,0
94.56,3.2,1618,1,276.0,27.0,3,1267,1,0,2,1027,102,51,2.0,10.0,0,0,0,1,7,0,0,1,0,0,0,0
5.0,3.6,0,3,312.0,20.0,0,2126,0,1,1,4687,650,150,0.0,19.0,0,0,0,0,5,3,0,1,0,0,0,0
113.03,4.0,1454,3,399.0,9.0,1,1705,0,1,2,1669,23,84,3.0,25.0,0,0,0,0,6,9,0,0,0,1,0,0
188.58,3.8,766,4,609.0,1.0,0,3673,1,1,5,3887,468,105,2.0,22.0,0,0,0,1,5,2,1,0,1,0,0,0
235.75,4.6,1945,5,581.0,7.0,0,2017,1,1,6,4519,270,69,1.0,9.0,1,0,0,0,1,1,0,0,1,0,0,0
5.0,3.8,225,5,460.0,22.0,0,703,1,1,1,427,61,22,0.0,15.0,0,1,0,1,0,8,0,0,1,0,0,0
109.24,3.5,0,2,301.0,16.0,2,823,1,0,2,2898,180,114,0.0,10.0,0,0,1,0,5,8,0,0,0,1,0,0
80.5,5.0,0,2,398.0,11.0,0,5,0,0,2,2589,134,46,1.0,4.0,1,0,0,0,2,6,0,0,1,0,0,0
171.84,4.3,0,4,670.0,1.0,0,1975,1,0,4,3526,359,156,3.0,19.0,1,0,0,0,3,1,0,0,0,0,0,1
25.99,4.2,120,3,332.0,27.0,1,5,0,1,1,3057,293,96,0.0,8.0,0,0,0,1,8,4,0,0,0,0,0,0
125.53,4.1,5393,4,426.0,9.0,0,1645,1,0,1,3684,156,115,2.0,17.0,0,0,0,0,6,4,0,0,0,1,0,0
5.0,3.0,0,3,382.0,27.0,3,5,0,0,2,3153,103,194,0.0,15.0,0,0,0,1,4,8,0,0,1,0,0,0
300.96,3.9,1715,4,247.0,1.0,2,1620,0,1,2,2529,326,45,2.0,16.0,0,0,1,0,2,2,0,0,1,0,0,0
5.0,3.0,723,2,26.0,39.0,2,5,1,0,3,1862,233,133,0.0,11.988333333333333,0,1,0,1,0,2,1,1,0,0,0,0
80.7,3.0,0,1,95.0,30.0,2,5,0,1,1,3051,343,145,0.0,18.0,0,0,0,0,2,0,0,1,0,0,0,0
71.42,3.2,1498,2,157.0,28.0,3,1027,1,0,1,1831,179,52,3.0,11.988333333333333,0,1,0,1,0,3,1,0,0,0,1,0
117.55,3.8,80,3,207.0,2.0,1,1628,1,1,1,2612,115,138,2.0,13.0,1,0,0,0,9,2,0,0,0,1,0,0
107.99,3.0,3117,7,202.0,12.0,2,1249,1,1,2,946,97,5,0.0,5.0,0,0,0,0,8,6,0,0,1,0,0,0
184.94,3.7,1537,1,511.0,4.0,0,1799,1,0,3,3760,184,182,5.0,18.0,0,0,1,0,9,0,0,1,0,0,0,0
211.46,5.0,0,3,661.0,16.0,1,3230,1,1,5,1776,204,32,2.0,18.0,0,0,0,0,8,6,0,0,0,1,0,0
5.0,3.5,0,1,37.0,33.0,3,5,1,1,1,1717,60,74,0.0,8.0,1,1,1,1,1,0,0,0,1,0,0,0
68.42,3.1,0,4,20.0,18.0,3,918,1,1,2,865,72,46,1.0,19.0,0,0,1,1,4,7,1,0,0,0,0,1
227.7,4.0,2414,7,492.0,12.0,0,1917,1,1,5,1779,148,8,2.0,21.0,1,0,0,0,8,0,0,0,0,0,0,1
195.03,4.3,1265,4,325.0,1.0,0,1479,1,1,4,3083,206,152,1.6757142857142857,2.0,0,1,1,1,2,1,1,0,0,0,0,0
6.79,4.1,1798,1,148.0,22.0,0,751,1,1,1,2597,311,117,2.0,26.0,1,0,1,0,1,5,0,0,1,0,0,0
102.35,4.6,2356,7,32.0,1.0,2,3608,1,1,3,3677,185,229,0.0,8.0,0,0,0,0,7,9,0,0,0,0,0,0
5.0,3.1,0,4,153.0,19.0,3,385,1,1,3,3788,114,156,0.0,13.0,1,0,0,1,8,5,1,1,0,0,0,0
79.39,3.9,2090,2,589.0,4.0,1,5,1,0,1,2085,225,121,2.0,18.0,0,0,0,1,8,0,1,0,0,0,0,1
87.95,3.8,1705,2,258.0,6.0,1,954,1,1,3,3360,357,19,4.0,0.0,0,0,0,0,3,2,0,1,0,0,0,0
179.59,4.6,4504,7,695.0,22.0,2,1326,1,0,4,2177,169,136,4.0,0.0,0,0,0,0,0,7,0,0,0,0,1,0
271.05,4.1,4597,6,459.0,15.0,1,1297,1,0,6,4074,505,316,3.0,27.0,0,0,0,0,8,3,0,0,1,0,0,0
217.6,3.9,730,3,488.0,24.0,0,832,1,1,4,4684,156,45,0.0,20.0,0,1,0,1,1,4,0,0,0,0,1,0
132.93,4.3,1157,5,257.0,23.0,1,1717,1,1,2,1174,74,56,1.0,10.0,0,1,1,0,5,5,0,0,1,0,0,0
189.51,4.6,3318,5,423.0,15.0,0,3579,1,1,5,2764,152,132,0.0,29.0,0,0,0,0,5,9,0,1,0,0,0,0
296.7,4.3,3337,8,552.0,1.0,0,1503,1,0,3,4612,344,356,1.0,33.0,0,0,0,0,4,8,0,0,0,1,0,0
69.27,3.8,3269,4,398.0,9.0,0,2484,1,1,1,2539,257,201,0.0,4.0,1,0,0,0,2,1,0,0,0,0,1,0
223.8,4.0,2247,7,515.0,9.0,0,1652,1,1,1,2679,266,110,4.0,22.0,1,0,0,0,9,7,0,1,0,0,0,0
119.22,3.7,0,2,112.0,18.0,1,1159,1,0,2,1929,230,135,0.0,13.0,0,0,0,1,2,6,0,0,1,0,0,0
5.0,4.0,2996,1,305.0,27.0,0,1853,1,0,3,3808,558,200,0.0,0.0,0,1,0,1,4,9,1,1,0,0,0,0
107.6,3.5,0,5,540.0,28.0,2,263,0,0,3,3308,174,128,3.0,17.0,1,0,1,1,4,2,1,0,0,0,0,0
283.07,4.7,0,2,366.0,18.0,2,3012,0,1,3,671,63,40,1.0,16.0,0,0,1,1,9,8,1,0,0,1,0,0
265.69,4.4,4567,5,346.0,15.230456852791878,0,1232,1,0,1,2155,207,113,2.0,0.0,1,0,0,0,0,4,0,0,1,0,0,0
157.43,4.5,3579,9,268.0,14.0,0,707,1,0,2,4225,98,157,1.6757142857142857,14.0,1,0,0,0,3,4,1,1,0,0,0,0
110.07,3.8,0,2,123.0,30.0,1,1100,0,0,1,3428,67,247,0.0,2.0,1,0,0,1,0,9,0,0,0,0,1,0
198.11,4.1,887,8,352.0,21.0,0,2797,1,1,3,2303,291,87,3.0,20.0,1,0,0,1,6,6,1,0,0,0,0,0
201.89,5.0,2824,2,276.0,7.0,1,3014,1,1,5,2196,183,19,2.0,19.0,0,1,0,1,7,3,0,0,0,0,0,0
230.16,4.6,2677,6,258.0,12.0,0,829,1,1,2,1861,104,127,2.0,19.0,0,0,0,0,6,8,0,0,0,0,1,0
276.8,4.3,4982,8,675.0,23.0,0,1308,1,1,4,148,10,7,1.6757142857142857,9.0,0,0,0,1,3,9,1,1,0,0,0,0
103.83,3.8,0,4,404.0,2.0,0,261,1,1,2,636,84,47,1.0,9.0,1,0,1,0,7,6,0,0,0,0,1,0
173.61,4.9,2241,4,492.0,10.0,0,4000,1,1,4,3014,440,86,2.0,24.0,0,0,1,0,2,2,0,0,1,0,0,0
229.91,3.4,347,6,316.0,17.0,2,1736,1,0,3,1627,236,23,1.6757142857142857,11.0,0,0,0,1,9,9,0,0,0,0,0,1
250.28,3.2,445,4,261.0,4.0,0,401,1,1,5,3942,356,143,0.0,0.0,0,0,1,1,1,2,0,0,0,1,0,0
182.9,4.2,3782,7,532.0,1.0,3,3358,1,1,4,1527,200,8,4.0,10.0,1,1,0,0,4,4,0,1,0,0,0,0
206.81,5.0,2504,5,495.0,1.0,0,1899,1,1,4,4873,538,80,3.0,14.0,0,0,0,1,3,4,1,0,0,0,1,0
211.61,4.4,2697,5,623.0,15.0,0,2287,1,0,2,4818,145,360,3.0,28.0,0,0,0,0,3,2,0,0,1,0,0,0
179.17,5.0,2385,8,232.0,1.0,0,1063,1,0,6,2069,174,147,1.0,20.0,0,0,0,0,4,7,0,0,0,0,0,0
133.5,4.5,4698,7,251.0,14.0,2,2594,1,1,2,2660,35,94,4.0,14.0,0,0,0,1,9,6,1,0,0,0,0,0
198.65,2.8,0,2,150.0,25.0,1,481,1,0,2,3521,111,120,0.0,9.0,1,0,0,0,1,7,0,0,0,0,0,0
206.76,5.0,3476,3,488.0,6.0,1,1756,1,1,5,4447,585,341,5.0,21.0,0,1,0,0,7,6,0,0,0,0,1,0
231.09,4.2,506,4,337.0,15.0,0,3732,1,1,6,3095,112,191,2.0,14.0,1,0,0,0,5,9,0,0,0,0,1,0
167.29,3.7,572,4,364.0,29.0,2,3458,1,0,4,3103,128,217,1.0,16.0,0,0,1,0,9,0,0,0,0,0,0,1
175.55,3.6,123,1,351.0,13.0,1,1760,0,1,5,3138,124,113,3.0,10.0,1,0,0,0,4,3,1,0,0,0,1,0
327.06,4.1,5204,7,931.0,1.0,0,1583,1,1,4,2134,88,121,4.0,32.0,0,0,0,1,0,9,0,1,0,0,0,0
232.96,4.4,589,2,632.0,10.0,1,2471,0,1,4,4072,541,102,3.0,18.0,0,0,0,1,8,7,0,0,1,0,0,0
148.67,3.1,758,2,362.0,7.0,1,1158,1,1,2,136,12,1,2.0,0.0,0,0,0,0,8,2,0,0,0,0,0,0
223.31,3.9,602,3,383.0,13.0,1,899,1,1,1,687,9,14,0.0,9.0,1,1,0,0,5,0,0,0,0,0,0,1
267.26,4.3,578,8,577.0,1.0,0,1982,1,1,2,1218,43,85,0.0,26.0,0,0,0,0,3,5,0,0,0,0,0,1
214.23,3.7,0,1,267.0,14.0,2,1922,1,1,1,2071,293,93,0.0,15.0,0,0,0,1,1,6,0,0,0,1,0,0
54.6,3.4,0,2,76.0,24.0,2,5,1,1,2,4483,363,84,0.0,15.0,0,1,0,0,3,6,0,0,1,0,0,0
96.02,3.9,0,4,160.0,11.0,1,410,1,0,4,3895,225,34,2.0,5.0,0,0,0,0,8,9,0,0,0,0,0,1
101.81,4.1,777,3,298.0,9.0,0,809,1,1,1,4899,589,115,0.0,2.0,1,0,0,1,4,0,1,0,0,1,0,0
195.7,3.6,844,2,329.0,22.0,1,5,1,0,1,4569,409,208,0.0,13.0,1,0,1,1,2,6,0,0,0,0,0,0
121.99,3.9,1372,5,442.0,15.0,0,2162,1,1,3,4615,294,37,2.0,12.0,0,1,1,0,5,9,0,0,1,0,0,0
27.09,3.7,271,2,403.0,9.0,2,286,1,1,1,1735,109,17,0.0,8.0,0,0,1,1,1,4,1,0,1,0,0,0
116.87,4.0,3263,3,487.0,9.0,2,851,0,0,3,3024,101,27,0.0,6.0,0,0,0,0,1,3,0,0,0,0,0,1
362.48,3.7,4854,7,672.0,34.0,0,2787,1,1,2,3914,364,52,3.0,19.0,1,0,0,0,0,2,0,0,0,0,0,0
111.3,4.6,0,3,820.0,1.0,1,4000,1,1,3,115,2,2,2.0,16.0,1,0,0,1,6,8,0,0,0,1,0,0
170.06,4.8,5427,7,923.0,11.0,0,29,1,1,5,852,83,26,5.0,22.0,0,0,0,0,9,5,0,1,0,0,0,0
83.57,3.9,0,1,20.0,25.0,2,912,1,0,2,498,51,2,2.0,0.0,1,0,0,1,3,6,0,0,1,0,0,0
244.21,5.0,4674,5,853.0,1.0,0,2565,1,1,3,697,63,42,3.0,12.0,0,0,0,0,0,7,0,0,0,1,0,0
189.15,4.3,2240,1,612.0,8.0,2,362,1,1,5,2691,223,84,0.0,7.0,1,0,0,0,8,4,1,1,0,0,0,0
139.98,4.1,1327,5,482.0,6.0,1,1863,0,1,2,4459,408,243,0.0,15.0,0,1,0,0,9,9,0,0,0,0,0,1
140.39,4.6,0,4,403.7255102040816,23.0,2,856,0,1,3,4465,411,233,2.0,6.0,0,0,0,0,8,9,0,0,1,0,0,0
174.23,2.9,1073,1,370.0,33.0,1,404,1,0,1,2871,165,153,1.0,1.0,0,0,0,0,6,4,0,0,0,0,0,1
195.04,3.0,0,1,20.0,21.0,3,5,0,0,1,429,51,25,1.6757142857142857,22.0,0,1,0,1,0,7,0,0,1,0,0,0
86.06,5.0,506,5,487.0,35.0,0,5,1,1,4,3676,412,158,4.0,22.0,0,0,0,1,4,8,0,0,0,1,0,0
38.56,4.0,1268,6,519.0,17.0,2,965,0,1,3,2788,144,125,4.0,8.0,0,0,0,1,2,1,0,0,0,0,0,1
279.74,4.0,2507,2,634.0,11.0,1,1920,1,1,3,4139,121,75,0.0,10.0,1,0,0,1,5,3,1,0,0,1,0,0
159.13,4.0,0,2,458.0,1.0,2,3608,1,0,3,2723,316,100,0.0,0.0,0,0,0,0,3,2,0,0,1,0,0,0
119.24,4.1,0,6,380.0,1.0,1,3305,1,1,2,4574,92,45,0.0,19.0,0,0,0,1,2,4,0,0,0,1,0,0
215.9,3.8,1427,6,709.0,4.0,0,1455,1,1,2,2605,222,118,1.0,8.0,1,0,1,1,6,1,0,0,1,0,0,0
180.85,4.7,1982,4,296.0,18.0,0,3136,0,1,4,1483,76,13,1.0,19.0,1,0,0,0,4,6,0,0,1,0,0,0
175.5,3.7,1424,6,788.0,1.0,1,3681,1,0,5,1351,17,103,1.0,17.0,1,0,0,0,8,9,0,0,0,1,0,0
165.22,3.2,0,3,446.0,33.0,2,544,1,1,3,2751,370,194,1.0,14.0,0,1,0,0,3,5,0,0,0,1,0,0
122.5,3.7,1260,1,345.0,1.0,0,3354,0,1,4,2590,162,40,3.0,22.0,1,0,0,0,7,7,0,0,0,0,0,1
151.53,4.6,0,5,482.0,11.0,1,861,0,1,1,4786,381,301,1.0,24.0,1,0,0,0,6,8,0,0,0,1,0,0
135.74,3.9,111,1,326.0,8.0,0,223,1,1,3,118,15,8,2.0,6.0,1,1,0,1,0,3,1,0,0,0,1,0
41.74,4.1,200,1,330.0,8.0,1,566,1,0,4,2910,134,168,5.0,9.0,0,0,0,1,3,4,1,0,1,0,0,0
154.45,3.2,0,1,20.0,23.0,1,368,0,0,1,2619,111,17,0.0,23.0,0,1,1,0,8,9,0,0,0,0,1,0
321.98,4.0,1606,4,349.0,1.0,1,1333,1,1,3,2051,244,68,3.0,0.0,0,0,0,0,9,9,0,0,0,0,1,0
20.24,3.2,1639,1,34.0,33.0,2,821,0,1,2,3155,113,51,0.0,19.0,0,0,0,1,5,5,1,0,0,0,0,0
185.51,5.0,1186,5,600.0,3.0,0,2901,1,0,4,925,106,61,0.0,7.0,0,0,0,0,9,8,0,0,0,0,1,0
106.61,4.1,0,2,604.0,2.0,0,1426,0,0,1,2713,30,138,1.0,5.0,0,1,0,1,8,6,0,0,0,1,0,0
143.72,4.5,1362,6,528.0,3.0,0,2641,1,1,5,1245,182,96,4.0,30.0,1,0,0,1,7,8,1,0,1,0,0,0
182.98,3.9,1562,2,562.0,16.0,1,726,1,0,1,4979,515,31,3.0,8.0,0,0,0,0,9,7,0,0,0,1,0,0
168.72,4.0,1316,6,402.0,24.0,0,1324,0,1,3,1869,129,59,3.0,0.0,1,0,1,1,7,8,0,0,0,1,0,0
106.15,4.6,3860,1,158.0,38.0,1,454,0,1,2,1591,42,62,1.0,10.0,1,0,0,0,5,7,0,0,1,0,0,0
148.43,4.2,4686,5,278.0,3.0,0,1625,1,1,1,3378,374,61,3.0,19.0,0,0,0,0,9,4,0,0,0,0,1,0
193.43,3.2,3984,4,240.0,12.0,0,1803,0,0,2,1665,197,124,4.0,21.0,0,0,0,0,0,1,0,0,0,0,1,0
95.8,4.2,3342,3,246.0,1.0,0,4000,1,1,3,1919,133,43,2.0,19.0,0,0,0,0,6,8,0,1,0,0,0,0
199.7,5.0,4088,6,410.0,12.0,0,3883,1,1,1,415,16,5,2.0,20.0,0,0,0,0,3,3,0,1,0,0,0,0
49.5,4.1,2729,4,444.0,15.0,0,1388,1,1,1,4260,403,261,2.0,20.0,0,0,1,0,0,6,0,0,0,0,0,1
144.24,3.9,2956,2,159.0,38.0,2,600,1,1,3,3350,58,254,0.0,16.0,0,0,0,1,1,1,1,0,0,1,0,0
5.0,3.5,0,1,87.0,41.0,2,5,0,0,2,1575,62,68,0.0,0.0,1,1,1,1,4,1,1,0,0,0,0,0
213.79,4.2,2707,4,495.0,5.0,0,1994,1,1,4,114,15,5,5.0,19.0,0,1,1,0,1,1,0,0,0,0,1,0
194.18,4.2,0,4,142.0,6.0,0,478,1,1,2,3608,179,204,0.0,24.0,0,0,0,1,6,5,0,0,0,0,0,1
212.99,4.2,2127,1,266.0,11.0,1,2622,1,1,4,2479,215,38,3.0,21.0,0,0,1,0,2,9,0,0,0,1,0,0
102.31,3.6,0,3,232.0,23.0,2,5,1,0,1,2400,69,61,2.0,2.0,1,0,1,1,5,7,0,0,0,0,0,0
169.37,5.0,3839,4,321.0,6.0,0,2248,0,0,3,4034,411,159,5.0,19.0,0,0,0,0,3,7,0,1,0,0,0,0
206.03,4.4,38,3,570.0,23.0,1,1181,0,0,3,2201,49,76,3.0,13.0,0,0,0,1,6,1,1,0,0,0,1,0
197.13,4.6,676,7,573.0,18.0,0,2204,1,1,1,2792,241,25,0.0,23.0,0,0,0,1,8,7,1,0,0,1,0,0
224.22,4.0,5327,4,551.0,11.0,2,1693,1,1,3,838,109,32,0.0,20.0,0,0,0,0,2,5,0,0,0,0,0,0
165.88,4.8,6187,3,770.0,15.0,0,2206,1,1,2,4596,159,227,2.0,14.0,0,0,0,0,0,5,1,0,0,1,0,0
97.94,3.5,2357,3,170.0,27.0,0,1520,0,0,1,4104,88,31,1.0,0.0,0,0,0,0,6,4,0,0,0,0,1,0
229.07,3.7,1587,3,862.0,20.0,2,2345,1,1,4,1169,17,45,3.0,20.0,1,0,0,1,6,5,0,0,0,0,0,0
177.56,4.5,0,7,599.0,1.0,3,464,0,0,4,2774,153,110,0.0,25.0,1,0,0,1,6,6,0,1,0,0,0,0
50.17,3.5,148,7,356.0,20.0,0,2183,1,0,2,2671,344,22,1.0,0.0,1,1,0,0,3,8,0,0,1,0,0,0
70.05,4.3,627,4,460.0,3.0,1,2078,0,0,2,4633,357,173,0.0,11.988333333333333,1,0,0,1,2,5,1,0,0,1,0,0
187.24,3.978268041237113,5853,4,322.0,12.0,1,204,1,0,4,4104,434,166,0.0,11.0,0,0,0,1,0,5,1,0,0,1,0,0
5.0,3.0,0,1,20.0,24.0,0,1360,1,0,2,4778,80,318,0.0,0.0,1,1,0,1,1,9,1,1,0,0,0,0
257.1,4.4,0,7,438.0,27.0,0,91,1,0,2,1589,153,8,3.0,8.0,1,0,0,0,6,6,0,0,0,0,1,0
191.84,3.4,0,3,414.0,3.0,1,461,0,1,2,1529,154,8,2.0,13.0,0,1,0,1,1,2,1,0,1,0,0,0
85.97,4.8,1721,1,673.0,14.0,3,260,0,1,3,3680,230,113,1.0,15.0,0,0,0,1,7,0,1,0,0,1,0,0
234.6,4.6,1470,3,522.0,22.0,0,1759,1,0,2,2990,390,86,1.0,14.0,0,0,0,0,7,0,0,0,1,0,0,0
78.99,4.1,235,5,590.0,17.0,1,845,1,1,2,4934,297,115,0.0,8.0,1,0,0,0,3,4,0,0,0,0,0,1
198.83,3.978268041237113,1627,1,471.0,15.0,1,2571,0,0,4,737,37,37,2.0,5.0,0,0,0,0,4,7,0,0,0,0,0,1
38.05,4.8,1854,3,352.0,14.0,0,1491,0,1,2,4200,504,159,0.0,5.0,0,0,0,1,4,1,1,0,0,1,0,0
339.35,5.0,3150,4,632.0,1.0,0,2551,0,1,6,4564,367,232,2.0,10.0,1,0,0,0,4,0,0,0,1,0,0,0
120.27,4.6,1067,6,548.0,1.0,0,5,1,1,4,3564,390,39,0.0,14.0,0,0,1,0,6,9,0,1,0,0,0,0
5.0,3.1,0,1,251.0,7.0,3,392,1,1,1,2457,264,70,0.0,11.988333333333333,0,0,1,1,9,4,0,0,0,1,0,0
142.77,4.4,1954,3,411.0,14.0,0,1155,0,1,4,4841,188,281,1.0,21.0,0,0,1,1,5,8,0,0,0,1,0,0
210.86,5.0,226,3,671.0,22.0,0,2796,1,1,2,4225,297,189,2.0,18.0,0,0,0,0,1,0,0,0,0,0,0,1
258.2,3.2,1403,1,64.0,22.0,2,5,1,1,5,4252,333,30,4.0,12.0,1,1,0,0,8,2,0,0,0,1,0,0
186.38,3.8,4286,1,358.0,12.0,0,1195,1,1,4,876,85,24,1.6757142857142857,21.0,0,0,1,1,4,5,0,0,0,0,1,0
180.57,4.5,145,1,20.0,16.0,1,1921,1,1,1,3131,172,36,2.0,14.0,0,0,1,1,6,9,1,0,1,0,0,0
128.69,4.7,1105,3,539.0,25.0,1,5,1,1,2,3123,172,233,4.0,31.0,1,0,0,0,8,2,0,0,0,0,0,1
202.82,2.9,497,1,642.0,12.0,0,789,1,1,2,1118,128,34,5.0,12.0,1,0,0,1,9,6,0,0,1,0,0,0
305.07,4.1,1844,2,431.0,12.0,0,3391,1,1,4,3373,372,177,3.0,9.0,1,0,0,1,3,5,0,0,1,0,0,0
199.45,3.978268041237113,2867,3,316.0,15.0,0,817,1,0,2,2587,67,142,3.0,2.0,0,1,0,1,9,6,1,1,0,0,0,0
125.17,4.9,186,5,722.0,29.0,0,612,1,1,4,885,38,6,3.0,14.0,0,0,1,0,7,7,0,1,0,0,0,0
49.44,3.7,0,4,235.0,32.0,0,5,1,0,2,3914,135,116,2.0,0.0,0,0,0,0,0,3,0,0,0,0,0,1
214.08,4.7,1281,1,275.0,10.0,2,223,1,0,1,3346,271,224,2.0,0.0,0,0,0,0,9,3,0,1,0,0,0,0
421.95,4.9,3716,4,690.0,10.0,0,2196,0,0,5,1822,207,57,5.0,8.0,0,0,0,0,0,8,0,0,1,0,0,0
60.22,3.6,0,3,375.0,17.0,1,2253,1,0,2,1718,145,40,1.0,9.0,0,0,1,0,1,1,0,0,1,0,0,0
49.94,4.6,2422,5,658.0,18.0,0,5,1,0,2,867,94,25,2.0,4.0,0,0,0,1,4,2,0,0,0,0,1,0
174.71,4.2,848,6,305.0,11.0,0,202,1,1,3,3047,62,147,1.0,9.0,1,0,0,0,8,9,0,0,0,0,0,0
77.5,4.1,0,4,226.0,12.0,1,1030,0,1,1,2130,188,158,3.0,12.0,0,0,0,0,6,6,0,0,1,0,0,0
160.66,3.6,4444,7,829.0,3.0,0,191,1,1,3,2216,96,79,3.0,14.0,0,0,1,1,6,2,1,0,0,0,0,0
180.07,4.0,909,5,95.0,9.0,1,1159,0,0,2,3301,178,176,1.0,0.0,0,0,1,0,1,0,0,0,0,1,0,0
70.35,2.7,109,2,230.0,16.0,0,5,1,0,3,4166,485,77,1.0,3.0,0,1,0,0,9,5,0,0,1,0,0,0
166.81,4.7,566,3,88.0,15.0,2,323,0,0,5,4695,346,304,2.0,0.0,0,0,0,0,4,7,0,0,0,0,0,0
145.24,4.5,0,1,402.0,1.0,1,1047,1,0,1,1768,115,18,2.0,11.0,1,0,0,1,6,3,0,0,0,1,0,0
235.33,5.0,3740,3,328.0,15.0,0,3715,1,0,2,247,19,19,4.0,24.0,0,0,0,0,4,2,0,0,1,0,0,0
165.2,4.2,2146,2,313.0,20.0,0,909,0,1,3,2177,115,78,2.0,9.0,0,0,0,0,4,7,0,0,0,0,1,0
193.97,3.6,718,4,146.0,30.0,1,378,1,1,2,3918,359,198,3.0,8.0,0,0,1,1,6,2,0,1,0,0,0,0
240.33,4.8,850,4,106.0,1.0,0,1611,1,1,2,1736,245,13,1.0,18.0,1,0,1,1,4,2,1,0,0,0,1,0
148.35,3.4,3087,3,753.0,1.0,0,2430,1,0,2,2238,284,87,1.0,13.0,1,1,1,0,1,2,0,0,0,1,0,0
5.0,3.0,1561,2,256.0,22.0,0,5,1,1,2,927,106,63,0.0,9.0,1,1,1,1,5,6,1,1,0,0,0,0
195.83,4.5,0,3,313.0,33.0,0,5,1,1,2,1005,42,44,1.0,0.0,0,0,0,0,0,6,0,1,0,0,0,0
219.83,4.1,5847,7,282.0,1.0,0,1100,1,0,2,2589,99,150,1.0,23.0,1,0,0,1,9,5,0,0,0,1,0,0
225.09,3.9,3357,4,316.0,22.0,0,5,0,1,4,3927,267,64,3.0,0.0,0,0,0,0,1,0,0,1,0,0,0,0
163.17,4.1,1589,7,593.0,30.0,2,1525,0,1,5,4626,199,360,4.0,12.0,0,0,0,0,3,3,0,1,0,0,0,0
124.13,3.7,0,5,709.0,28.0,0,5,1,1,2,2873,200,183,2.0,2.0,0,0,0,0,6,0,0,0,0,0,1,0
67.15,3.5,0,2,541.0,26.0,1,5,0,0,2,4587,299,327,0.0,14.0,0,0,1,0,9,3,0,0,0,0,0,0
241.82,5.0,4054,4,592.0,1.0,0,4000,1,0,5,4228,115,278,5.0,20.0,0,0,0,0,5,7,0,1,0,0,0,0
105.1,4.0,3037,7,403.0,11.0,1,759,1,1,2,4878,136,202,3.0,10.0,0,0,0,0,0,1,0,0,1,0,0,0
165.83,3.3,2526,6,646.0,14.0,0,2000,0,1,2,1325,130,42,0.0,1.0,1,0,0,0,7,7,0,0,0,0,1,0
242.69,3.3,0,5,439.0,10.0,1,2131,1,1,1,4253,87,257,5.0,12.0,0,0,0,0,4,6,0,0,1,0,0,0
173.42,4.1,2367,4,543.0,19.0,0,5,1,1,2,1721,169,115,2.0,2.0,0,0,0,0,2,4,0,0,0,0,1,0
166.27,3.9,3364,4,356.0,18.0,0,40,0,0,1,4432,419,96,3.0,0.0,0,0,0,0,4,5,0,0,0,1,0,0
148.39,4.5,1171,6,289.0,8.0,0,1312,1,1,1,333,35,17,0.0,0.0,0,1,1,0,6,7,0,0,0,0,0,0
102.68,4.3,3896,3,432.0,28.0,2,970,1,1,1,4873,236,254,3.0,0.0,0,0,0,0,2,0,0,1,0,0,0,0
98.79,4.6,5252,4,362.0,18.0,0,99,1,1,1,4654,91,169,3.0,12.0,0,1,0,1,3,6,0,0,0,1,0,0
229.69,4.4,3336,8,742.0,38.0,2,2176,1,1,3,2824,351,214,0.0,2.0,0,0,0,0,7,1,0,0,0,1,0,0
232.04,4.6,2015,3,381.0,15.230456852791878,2,882,1,1,4,2707,131,57,4.0,21.0,1,1,0,0,6,0,0,0,0,1,0,0
47.85,3.4,3065,2,337.0,6.0,0,2407,1,0,2,3068,229,206,0.0,6.0,0,0,1,1,7,1,1,0,0,1,0,0
151.22,3.7,3473,5,403.7255102040816,9.0,1,1306,0,1,2,1857,118,23,1.0,25.0,0,0,0,0,3,9,0,0,0,0,0,1
247.19,3.9,1911,5,258.0,21.0,1,774,1,1,2,1957,130,31,3.0,17.0,0,0,0,0,2,7,0,0,0,0,0,0
57.31,3.9,392,4,516.0,22.0,1,5,1,1,1,3149,395,205,1.0,4.0,0,0,1,1,0,2,1,0,0,0,0,0
5.0,3.7,206,2,600.0,20.0,4,379,1,1,2,4542,290,233,2.0,18.0,0,0,0,0,1,4,0,0,1,0,0,0
27.4,3.0,0,2,20.0,36.0,2,811,0,1,1,3332,160,248,2.0,0.0,0,1,0,1,4,0,1,0,0,0,0,0
112.32,4.3,2084,5,521.0,7.0,0,756,1,1,3,176,10,7,5.0,17.0,0,0,0,1,6,3,0,0,0,0,0,1
167.33,4.0,2579,6,136.0,3.0,0,2295,1,1,3,2066,61,24,2.0,0.0,0,0,0,0,3,4,0,0,1,0,0,0
112.72,4.7,2186,3,368.0,9.0,2,3154,1,0,2,3566,503,42,1.0,20.0,1,0,1,0,2,9,0,0,0,0,0,0
136.12,3.9,579,3,434.0,14.0,0,490,1,0,3,405,26,12,3.0,0.0,0,0,1,0,8,2,0,0,0,1,0,0
248.88,4.6,1657,8,638.0,1.0,1,3245,1,0,3,3703,174,293,4.0,13.0,0,0,0,0,3,3,0,0,1,0,0,0
180.96,5.0,2923,4,285.0,30.0,1,1018,1,0,2,4017,438,99,1.0,11.0,0,1,1,1,7,2,0,0,0,1,0,0
159.61,5.0,3391,3,482.0,12.0,0,1522,0,0,3,421,38,9,2.0,20.0,0,0,1,0,0,1,0,0,0,0,0,0
131.06,3.978268041237113,0,6,557.0,50.0,1,762,1,0,1,1202,41,43,4.0,11.0,1,0,0,0,7,1,0,0,0,0,0,0
152.44,5.0,667,5,557.0,1.0,2,1715,1,1,4,3639,162,21,4.0,20.0,0,0,0,0,2,9,0,0,0,0,0,0
201.13,4.0,1807,5,645.0,28.0,2,1301,1,1,3,2112,256,45,3.0,24.0,0,0,1,0,9,2,0,0,1,0,0,0
227.18,3.3,1299,6,592.0,23.0,0,2091,0,1,4,4991,747,352,2.0,22.0,0,0,0,0,6,6,0,1,0,0,0,0
155.23,4.8,0,2,468.0,1.0,3,601,1,0,3,3561,330,103,0.0,0.0,0,1,0,1,2,4,1,0,1,0,0,0
271.31,4.4,0,3,575.0,13.0,1,2698,1,1,3,1932,141,45,1.0,11.0,0,0,0,1,8,3,0,0,0,0,1,0
8.56,2.9,1820,4,547.0,31.0,2,532,1,1,1,2144,208,163,2.0,8.0,0,0,0,1,9,3,1,0,1,0,0,0
151.04,3.9,5003,3,273.0,2.0,0,3076,1,1,1,4013,481,55,1.0,8.0,0,1,1,0,8,7,0,0,1,0,0,0
117.95,4.4,1845,4,594.0,17.0,0,1342,0,1,4,1004,103,66,2.0,11.0,1,0,0,0,3,0,0,0,0,1,0,0
157.38,3.3,2457,8,403.7255102040816,15.230456852791878,0,1750,0,1,6,1205,172,14,3.0,7.0,0,0,1,1,4,6,0,0,0,1,0,0
119.07,3.6,4738,2,836.0,1.0,0,2750,1,1,4,1627,87,91,1.0,14.0,0,0,0,0,0,4,0,0,0,0,0,0
191.7,4.5,1992,2,432.0,13.0,0,570,1,1,3,3813,238,245,2.0,24.0,1,1,0,1,3,8,1,0,0,0,0,1
234.12,4.3,4155,5,383.0,1.0,1,1257,1,1,1,1718,61,32,3.0,12.0,1,0,0,0,8,8,0,0,0,0,1,0
179.95,4.7,3364,4,622.0,7.0,0,1509,1,0,2,403,31,21,1.0,9.0,1,0,0,0,5,6,0,0,1,0,0,0
37.47,3.7,0,2,129.0,16.0,2,5,0,0,1,2831,213,140,1.0,8.0,1,0,0,1,1,4,0,0,1,0,0,0
149.92,4.0,2305,3,393.0,23.0,0,5,1,1,2,4355,351,48,2.0,13.0,0,0,0,1,4,7,1,0,1,0,0,0
157.88,4.3,2796,3,618.0,2.0,0,2134,1,0,4,901,47,18,3.0,12.0,1,0,0,0,8,4,0,0,0,0,0,0
110.03,3.4,1233,1,20.0,11.0,1,5,1,1,1,707,31,20,2.0,4.0,1,0,1,1,0,1,0,0,1,0,0,0
204.79,3.9,0,5,330.0,26.0,0,320,1,0,1,2406,108,38,1.0,21.0,1,1,0,0,8,9,0,0,0,1,0,0
238.69,5.0,1170,3,701.0,1.0,0,3010,1,1,2,2879,195,213,3.0,22.0,1,0,0,0,2,3,0,0,0,0,0,1
70.26,4.1,0,3,191.0,33.0,0,606,1,0,3,4622,653,131,1.0,9.0,0,0,0,1,5,3,0,0,0,1,0,0
102.25,3.5,482,1,158.0,15.0,1,499,0,0,4,1700,102,86,1.0,0.0,1,1,0,1,7,4,0,1,0,0,0,0
90.32,3.6,0,4,582.0,31.0,1,1397,1,0,5,4187,486,173,2.0,20.0,0,0,0,0,5,8,0,0,1,0,0,0
117.27,3.9,2098,4,522.0,15.0,0,1927,0,1,2,4822,265,313,2.0,13.0,0,0,0,0,1,4,0,0,0,0,0,1
177.41,3.7,553,4,20.0,6.0,1,2261,1,0,3,2859,95,58,4.0,0.0,1,0,1,1,3,5,1,0,1,0,0,0
78.0,3.9,0,2,135.0,27.0,0,5,1,0,2,3259,70,184,0.0,8.0,0,0,0,1,8,4,1,1,0,0,0,0
85.37,3.0,0,3,146.0,40.0,2,5,0,1,1,4929,209,327,1.0,0.0,1,0,0,1,0,4,1,0,1,0,0,0
103.9,3.9,0,3,167.0,24.0,1,2180,1,0,1,1657,23,110,0.0,1.0,1,0,0,1,3,7,0,0,0,0,0,0
252.83,4.6,2097,6,846.0,3.0,0,2568,1,1,5,1821,111,47,0.0,23.0,0,0,0,0,5,4,0,0,0,0,0,1
135.11,4.2,4429,4,435.0,16.0,0,958,0,1,4,1492,200,75,1.0,19.0,0,0,0,0,1,5,1,0,0,0,0,1
178.06,3.2,377,1,62.0,22.0,0,733,0,1,1,2327,275,48,0.0,11.988333333333333,0,0,0,1,4,3,0,0,1,0,0,0
5.0,3.3,0,2,199.0,35.0,4,5,0,0,1,813,15,36,0.0,0.0,0,0,0,1,5,1,0,0,1,0,0,0
160.48,3.6,817,2,313.0,22.0,1,1001,0,1,1,962,39,17,0.0,10.0,1,1,1,0,9,7,1,0,1,0,0,0
196.83,3.8,0,2,650.0,13.0,0,2874,1,1,4,592,70,43,0.0,13.0,0,0,0,1,6,5,1,0,0,1,0,0
194.37,2.7,601,4,387.0,13.0,1,293,1,1,4,3453,77,135,0.0,12.0,1,1,0,0,4,4,0,0,0,1,0,0
165.02,4.9,1805,6,493.0,11.0,0,1075,0,1,2,2230,287,43,2.0,11.988333333333333,1,0,0,0,4,9,0,0,1,0,0,0
154.79,4.3,994,3,413.0,16.0,1,1857,1,0,3,2483,221,70,4.0,11.0,0,0,0,0,9,7,0,0,1,0,0,0
88.54,4.1,1421,3,284.0,18.0,0,1666,1,0,2,1620,19,59,0.0,22.0,0,0,0,0,6,1,0,0,0,0,1,0
79.62,4.7,5044,2,403.7255102040816,28.0,0,2148,0,0,2,2398,332,105,2.0,0.0,0,1,0,1,4,0,0,0,0,1,0,0
201.93,4.6,6008,5,518.0,1.0,0,1305,0,1,3,4769,93,76,2.0,24.0,1,0,0,0,7,5,0,0,0,0,0,1
107.97,4.2,2116,4,507.0,11.0,0,1647,1,0,2,1530,219,107,4.0,1.0,0,0,1,1,6,0,0,0,0,0,1,0
86.9,3.7,0,2,337.0,3.0,0,647,1,0,1,1611,75,83,0.0,0.0,0,1,1,0,2,2,0,0,0,1,0,0
163.28,4.4,4198,3,133.0,26.0,0,2767,0,1,1,536,77,25,4.0,10.0,0,1,0,0,5,3,0,1,0,0,0,0
233.54,4.3,3914,5,863.0,2.0,2,3338,1,1,3,1635,64,52,2.0,24.0,0,0,0,0,4,6,1,0,0,0,0,0
193.31,4.7,2028,3,950.0,15.0,0,774,1,0,2,3071,324,204,0.0,26.0,0,0,0,0,5,2,0,1,0,0,0,0
130.67,4.1,0,2,502.0,46.0,2,5,1,1,1,4386,474,177,1.0,4.0,0,0,1,1,4,9,0,0,0,0,0,1
161.22,4.2,0,4,640.0,1.0,0,1327,1,0,2,1382,71,20,2.0,14.0,0,1,0,1,8,1,1,0,0,1,0,0
90.1,3.6,0,3,44.0,32.0,2,215,1,1,1,626,82,11,0.0,3.0,0,0,1,0,3,2,0,1,0,0,0,0
109.15,3.8,835,3,642.0,24.0,0,1553,1,1,4,1281,29,41,0.0,20.0,1,0,0,0,6,3,0,0,0,0,0,0
109.84,4.6,2885,5,468.0,23.0,1,920,0,1,2,2484,30,57,4.0,11.988333333333333,1,0,1,0,4,5,0,1,0,0,0,0
162.94,4.3,1991,5,716.0,3.0,1,677,1,0,3,196,16,5,3.0,11.0,1,0,0,1,5,3,0,0,0,0,1,0
117.54,4.3,3318,1,378.0,34.0,1,2560,1,1,3,2488,250,38,1.0,9.0,0,1,0,1,2,2,1,0,1,0,0,0
180.23,3.9,2110,2,150.0,14.0,1,372,1,1,4,2583,314,173,0.0,11.0,0,1,0,0,0,4,0,0,0,0,0,1
137.35,4.6,525,4,234.0,20.0,0,2148,1,1,2,2333,36,51,2.0,18.0,0,0,1,0,9,0,0,1,0,0,0,0
198.57,3.7,897,3,20.0,33.0,0,817,1,1,1,86,4,5,1.0,10.0,0,0,1,1,9,7,1,0,0,1,0,0
129.28,4.1,3036,6,198.0,7.0,0,2204,1,0,4,704,8,49,1.0,2.0,0,1,0,0,1,4,0,0,0,0,1,0
122.25,4.0,2993,1,128.0,35.0,0,1735,1,0,1,1733,90,123,2.0,5.0,0,1,0,1,3,6,0,0,0,0,1,0
36.56,3.3,1105,4,66.0,1.0,1,730,1,0,3,2753,105,200,3.0,13.0,0,0,0,0,6,8,1,0,0,0,0,1
139.74,3.5,613,5,584.0,1.0,1,2306,1,1,2,4249,223,223,1.0,20.0,1,0,1,0,5,8,0,0,0,1,0,0
23.83,3.6,1810,1,20.0,44.0,2,5,0,1,1,3589,49,44,1.6757142857142857,4.0,1,1,1,1,7,8,0,0,1,0,0,0
5.0,3.3,400,2,20.0,21.0,1,869,0,0,2,4392,48,76,0.0,10.0,0,1,0,0,8,3,0,0,0,1,0,0
186.0,3.6,2799,2,245.0,25.0,2,1245,1,0,2,4014,419,135,1.0,13.0,0,0,0,0,8,1,0,0,0,0,0,0
154.86,3.978268041237113,0,4,339.0,27.0,0,1239,1,1,2,601,72,40,2.0,0.0,1,0,0,0,0,5,0,0,0,0,1,0
207.23,5.0,3103,3,543.0,7.0,1,2249,0,1,3,857,37,30,3.0,20.0,0,0,0,0,7,3,0,0,0,1,0,0
133.52,4.1,3852,4,403.7255102040816,14.0,0,1763,1,0,5,1630,152,58,2.0,20.0,0,0,1,0,8,5,0,0,0,0,0,1
127.87,4.5,0,4,357.0,27.0,3,2010,1,0,2,3429,434,82,0.0,5.0,0,0,0,0,0,1,0,0,0,0,1,0
132.21,3.6,436,3,223.0,23.0,0,1690,1,1,5,1867,274,93,2.0,5.0,0,0,0,0,9,9,0,0,1,0,0,0
293.4,4.7,5496,3,743.0,4.0,0,2234,1,1,3,1691,52,10,1.0,19.0,1,0,0,0,5,4,0,0,0,0,1,0
73.99,3.7,2688,4,20.0,25.0,1,5,0,0,3,3109,431,161,1.0,16.0,1,1,1,0,6,9,0,0,1,0,0,0
188.5,4.0,735,5,428.0,17.0,1,1926,1,1,1,2527,207,166,0.0,7.0,0,0,0,0,2,7,0,1,0,0,0,0
145.9,3.1,987,4,273.0,30.0,2,1468,1,0,3,4304,497,50,0.0,1.0,0,0,0,0,9,8,1,0,0,1,0,0
5.0,4.1,0,2,39.0,31.0,1,5,0,1,1,2221,277,146,0.0,15.0,0,1,0,1,9,4,0,0,0,0,0,0
296.05,4.6,4040,3,502.0,23.0,0,3429,1,1,4,953,49,48,1.0,20.0,0,0,0,0,2,0,0,0,0,1,0,0
160.16,3.8,0,6,573.0,14.0,0,1719,1,1,3,2033,234,159,0.0,9.0,0,0,0,0,8,3,0,0,1,0,0,0
108.2,3.978268041237113,0,1,373.0,14.0,1,253,0,0,2,2269,294,23,2.0,0.0,0,1,0,0,7,9,0,0,1,0,0,0
168.03,4.0,1462,2,508.0,19.0,0,2719,1,0,3,3277,338,39,4.0,2.0,0,0,0,1,5,0,1,0,0,0,0,1
234.39,3.7,5673,4,685.0,1.0,0,3871,1,1,2,2882,388,198,4.0,11.988333333333333,0,0,0,1,2,4,1,0,1,0,0,0
8.12,4.0,3391,2,400.0,37.0,0,20,1,1,4,1914,48,21,1.0,1.0,0,0,0,1,1,3,0,0,0,0,0,1
238.88,4.6,1605,7,316.0,13.0,0,1239,1,0,1,1314,137,89,0.0,19.0,0,0,0,0,1,7,0,0,0,0,1,0
67.68,3.7,1514,3,393.0,7.0,2,912,1,0,2,2765,388,39,0.0,7.0,1,0,0,0,8,8,0,0,1,0,0,0
203.97,4.0,240,5,119.0,28.0,0,1045,1,1,3,1159,23,44,0.0,7.0,0,1,1,1,0,4,0,0,0,0,0,0
145.7,4.6,1455,3,399.0,16.0,2,2622,0,1,3,2805,133,49,0.0,0.0,0,0,1,0,8,7,0,0,1,0,0,0
191.9,4.4,3680,1,20.0,39.0,3,5,1,0,1,1620,126,111,2.0,0.0,0,0,0,1,2,3,1,0,1,0,0,0
223.59,4.0,1136,2,20.0,15.0,1,5,0,0,1,1259,180,38,3.0,6.0,0,0,0,0,6,9,0,1,0,0,0,0
193.92,3.8,1436,3,355.0,15.0,0,2358,1,1,2,4622,339,169,3.0,12.0,0,0,0,1,9,3,0,0,0,0,0,1
146.91,3.9,0,1,20.0,30.0,3,932,1,1,3,237,34,17,2.0,0.0,0,0,0,1,9,9,1,1,0,0,0,0
121.36,4.3,2338,4,587.0,17.0,1,3711,1,1,2,1127,43,75,3.0,6.0,0,1,0,0,9,0,0,0,0,1,0,0
233.56,3.8,2239,5,340.0,1.0,0,244,1,1,3,4803,66,230,2.0,11.988333333333333,0,0,0,1,4,0,0,1,0,0,0,0
54.12,3.9,1039,3,413.0,28.0,0,961,1,1,3,1041,18,58,3.0,25.0,1,0,1,1,4,2,1,0,0,1,0,0
71.45,3.7,0,6,320.0,21.0,1,1220,0,0,1,3237,225,46,0.0,3.0,0,1,1,1,3,1,1,0,1,0,0,0
167.7,3.6,0,5,466.0,24.0,1,1640,0,1,1,775,22,12,0.0,16.0,1,0,0,0,1,5,0,1,0,0,0,0
257.97,4.1,2076,3,367.0,13.0,0,2007,1,0,1,4095,456,40,4.0,7.0,0,0,0,1,1,3,1,1,0,0,0,0
5.0,3.2,561,2,20.0,41.0,2,208,1,0,1,1894,266,97,0.0,5.0,1,0,0,0,3,9,0,0,0,0,0,0
275.78,3.6,827,5,853.0,1.0,0,3239,0,1,2,2837,364,202,0.0,25.0,0,1,0,1,5,9,1,0,0,0,1,0
189.05,4.1,762,3,559.0,1.0,0,2639,1,1,2,2569,182,86,5.0,7.0,0,0,0,0,6,3,0,0,0,0,1,0
140.73,3.1,2425,6,218.0,11.0,0,3092,1,0,4,2464,38,151,1.0,7.0,1,1,0,0,3,3,0,0,1,0,0,0
178.54,3.9,0,1,264.0,36.0,1,487,1,0,3,1667,20,39,2.0,9.0,0,1,0,1,9,7,1,0,0,0,1,0
143.1,4.0,1990,3,100.0,12.0,3,1551,1,0,5,820,31,32,0.0,0.0,1,0,1,0,7,9,0,0,0,0,0,1
94.84,3.7,0,1,236.0,27.0,0,5,0,1,1,1024,70,55,0.0,2.0,0,0,0,1,7,0,1,0,0,0,1,0
115.57,3.5,1452,3,20.0,13.0,0,1516,1,1,2,4375,144,195,3.0,7.0,0,0,0,0,8,5,0,0,1,0,0,0
209.64,3.9,2533,2,374.0,1.0,2,1323,1,0,2,3727,406,155,0.0,9.0,0,0,0,0,2,9,0,0,0,0,0,0
196.57,4.0,383,3,582.0,16.0,1,628,1,1,3,2720,170,137,4.0,8.0,1,0,0,1,7,8,0,0,0,1,0,0
156.33,3.7,2309,5,531.0,10.0,0,1045,1,1,4,4986,490,124,3.0,17.0,0,0,0,0,8,2,0,0,0,1,0,0
31.68,3.3,168,3,597.0,27.0,1,2565,1,0,3,2935,40,185,2.0,2.0,0,0,0,1,1,0,0,0,0,0,1,0
202.8,3.8,0,2,153.0,5.0,2,2156,0,0,3,860,100,27,0.0,0.0,0,0,1,1,6,1,1,0,0,1,0,0
36.75,3.978268041237113,2462,1,120.0,35.0,1,2044,1,0,1,3998,419,271,3.0,25.0,1,0,0,1,9,4,0,0,1,0,0,0
91.05,4.8,1311,6,852.0,17.0,0,446,1,1,1,2683,395,178,1.0,14.0,0,0,0,0,6,7,0,0,0,1,0,0
120.48,4.3,0,3,596.0,12.0,2,2253,1,0,3,4130,580,126,0.0,4.0,0,0,0,1,5,8,1,1,0,0,0,0
169.97,3.9,2362,3,445.0,7.0,0,3488,1,1,5,330,11,4,1.0,12.0,0,0,0,0,3,1,0,0,0,0,1,0
25.3,3.7,0,3,20.0,5.0,2,5,1,1,1,132,11,9,0.0,9.0,0,0,0,1,6,7,0,0,0,0,0,0
190.74,3.6,1049,5,341.0,1.0,2,1749,0,0,1,1339,117,76,1.0,14.0,1,0,0,1,9,3,0,0,0,0,0,1
146.03,4.6,362,2,422.0,16.0,2,403,0,0,1,4629,482,259,0.0,16.0,0,1,0,0,0,9,0,0,0,0,1,0
363.98,4.0,3208,5,640.0,1.0,0,2214,1,0,3,2396,238,84,4.0,22.0,1,0,0,0,5,3,0,0,0,1,0,0
81.47,3.8,0,3,464.0,25.0,0,1707,1,1,1,3430,137,185,1.0,0.0,0,0,0,1,9,4,0,1,0,0,0,0
165.04,2.7,0,2,403.7255102040816,20.0,2,1684,0,1,1,2333,211,41,0.0,6.0,1,0,0,0,3,4,0,0,0,0,1,0
170.69,4.6,1875,6,620.0,24.0,0,2296,1,1,3,1580,75,51,4.0,18.0,0,0,0,0,6,6,0,0,1,0,0,0
194.03,4.4,2288,4,549.0,4.0,0,2923,1,1,4,3866,465,84,3.0,13.0,1,0,0,0,1,5,0,0,0,0,0,0
179.1,3.978268041237113,1020,3,59.0,15.230456852791878,0,1761,1,1,3,1128,40,25,1.6757142857142857,14.0,0,0,0,1,3,5,1,0,1,0,0,0
31.3,2.6,938,1,216.0,33.0,1,5,1,1,1,3669,91,21,3.0,7.0,0,0,1,0,2,6,0,0,0,0,1,0
325.15,5.0,4959,6,296.0,3.0,0,3130,1,1,4,1434,160,77,2.0,11.0,0,0,0,0,8,4,0,0,0,0,0,1
223.11,4.0,2242,4,287.0,12.0,0,2075,0,1,4,2645,349,172,5.0,20.0,0,0,0,1,4,3,0,0,1,0,0,0
89.3,2.5,0,2,531.0,46.0,3,5,1,0,4,2576,184,63,0.0,14.0,0,0,1,1,9,4,0,0,0,1,0,0
287.24,4.3,449,7,756.0,9.0,0,1490,1,1,3,1123,20,33,2.0,28.0,0,0,0,0,6,0,0,0,0,0,0,1
68.37,3.6,3446,3,749.0,14.0,1,1804,1,1,2,1234,80,82,0.0,1.0,0,0,0,1,3,7,1,0,0,0,0,0
168.23,4.1,14,3,403.7255102040816,9.0,0,2989,1,0,1,3526,92,181,2.0,17.0,0,0,0,1,5,4,0,0,0,0,1,0
54.05,3.4,0,1,200.0,12.0,3,5,1,0,1,4662,411,67,0.0,5.0,0,0,0,1,1,9,0,0,0,1,0,0
137.66,4.5,0,7,465.0,15.230456852791878,0,2060,1,1,4,2308,47,35,4.0,15.0,0,0,0,0,0,7,0,1,0,0,0,0
140.64,3.3,4830,3,510.0,15.0,0,1031,1,1,1,1989,34,70,3.0,13.0,1,0,0,1,7,7,0,0,1,0,0,0
75.36,4.6,1337,6,20.0,21.0,2,2207,1,1,3,1941,118,36,3.0,10.0,0,0,0,0,3,1,0,0,0,0,1,0
137.2,3.5,1560,5,296.0,33.0,0,1373,1,0,4,4428,207,352,4.0,5.0,0,0,0,0,6,3,0,0,0,0,1,0
7.34,3.978268041237113,0,5,402.0,9.0,2,649,0,1,4,4190,164,298,3.0,6.0,1,0,0,0,7,8,0,1,0,0,0,0
71.58,3.7,2672,3,153.0,31.0,1,1624,1,1,2,2623,228,83,1.0,9.0,1,1,0,0,0,9,0,0,0,1,0,0
170.44,4.1,272,5,348.0,23.0,0,790,0,1,2,3728,182,272,0.0,0.0,0,0,0,0,0,2,0,1,0,0,0,0
50.24,4.5,966,1,45.0,13.0,2,1381,0,1,4,3169,297,111,4.0,19.0,0,0,0,1,8,4,1,0,0,0,0,1
82.63,3.9,1709,6,263.0,5.0,2,1593,0,1,2,4418,274,342,0.0,16.0,1,1,0,0,3,3,0,0,0,0,0,1
157.07,3.1,1380,1,99.0,21.0,0,1852,0,0,2,2643,82,142,1.0,0.0,0,0,0,1,9,0,1,0,0,0,0,1
348.58,3.9,3208,7,368.0,1.0,0,1556,1,1,5,1192,111,61,3.0,9.0,0,0,0,0,1,5,0,0,1,0,0,0
180.35,4.2,1629,9,283.0,6.0,0,4000,1,1,3,556,37,39,2.0,29.0,0,0,0,0,5,3,0,0,0,1,0,0
95.54,4.8,363,1,323.0,14.0,2,5,1,0,1,4899,604,205,0.0,0.0,1,0,0,0,5,4,0,0,0,0,1,0
164.89,4.0,2207,2,706.0,8.0,1,5,1,0,1,279,26,15,4.0,2.0,0,0,0,1,7,3,0,0,0,1,0,0
235.03,4.0,3812,1,648.0,18.0,0,743,1,0,1,2853,215,65,0.0,24.0,0,0,0,0,8,2,0,0,0,0,0,0
167.25,4.7,2271,8,230.0,16.0,3,1473,1,0,5,1039,150,80,2.0,18.0,0,0,0,0,1,7,0,0,0,0,1,0
189.64,4.4,1227,1,428.0,14.0,2,2076,0,1,5,2077,229,33,1.6757142857142857,26.0,0,0,0,0,1,6,0,0,0,0,0,1
5.0,4.3,2123,2,706.0,24.0,1,876,1,0,2,896,54,11,2.0,5.0,1,0,0,1,4,3,0,0,0,0,0,1
137.29,4.3,290,3,391.0,1.0,1,583,1,1,4,2885,239,191,0.0,27.0,0,0,1,1,1,4,0,0,0,0,1,0
120.67,4.1,5031,3,684.0,5.0,0,2851,1,1,3,2423,134,166,3.0,9.0,1,0,0,1,2,7,0,0,0,0,1,0
202.29,3.8,1263,6,702.0,32.0,3,2117,1,0,1,1348,44,68,0.0,4.0,0,1,0,0,5,1,0,0,1,0,0,0
313.43,5.0,4426,8,732.0,1.0,0,3514,1,1,5,2699,230,18,5.0,30.0,1,0,0,0,6,4,0,0,0,0,1,0
167.28,4.7,4467,5,511.0,20.0,1,1217,0,1,5,3413,487,103,2.0,15.0,0,1,0,0,2,4,0,0,0,1,0,0
216.84,4.5,3431,4,648.0,15.230456852791878,0,1245,1,1,4,3291,310,42,2.0,5.0,1,0,0,0,0,1,0,0,0,0,1,0
5.0,3.5,0,3,331.0,27.0,2,1698,0,1,3,2116,208,146,4.0,1.0,0,1,0,0,9,9,0,1,0,0,0,0
78.85,4.4,3061,4,318.0,5.0,0,1283,0,0,4,2682,235,109,2.0,22.0,0,1,1,1,6,6,1,0,0,0,1,0
109.91,3.7,6798,1,364.0,19.0,0,287,1,0,2,2463,37,38,3.0,26.0,1,0,0,1,8,3,0,0,0,1,0,0
301.1,4.2,938,3,60.0,7.0,0,867,1,1,4,4047,310,282,3.0,19.0,0,0,1,0,8,7,0,0,0,0,0,0
161.06,2.5,2443,7,155.0,18.0,3,5,0,0,2,2502,120,28,0.0,21.0,1,1,0,0,2,9,0,0,0,0,1,0
160.32,2.6,2823,1,309.0,31.0,3,5,0,1,2,4279,409,263,5.0,6.0,1,0,0,1,7,5,0,0,0,0,0,1
12.6,3.3,123,1,358.0,22.0,2,203,1,1,2,3120,307,63,0.0,11.988333333333333,0,0,0,1,1,4,0,0,0,0,0,0
15.94,3.8,1400,6,186.0,15.0,1,5,1,1,3,4809,466,334,1.0,10.0,1,0,0,1,5,4,1,0,0,0,0,0
166.83,4.3,1698,3,202.0,15.0,0,5,0,0,2,140,3,5,2.0,8.0,0,0,0,0,2,1,0,0,0,0,0,0
223.69,4.4,2519,2,628.0,12.0,0,3242,1,1,2,2830,311,45,3.0,29.0,1,0,0,0,3,6,0,1,0,0,0,0
98.14,3.3,732,5,304.0,34.0,1,532,1,1,2,604,45,41,0.0,8.0,0,1,0,1,7,2,1,0,1,0,0,0
220.42,3.7,774,5,610.0,13.0,0,246,0,0,3,2672,208,149,0.0,0.0,1,0,0,0,8,4,0,0,0,0,0,0
271.95,3.978268041237113,1825,4,270.0,1.0,0,1872,1,1,2,4903,527,117,0.0,34.0,1,0,0,1,7,6,0,1,0,0,0,0
70.06,4.6,925,8,614.0,1.0,1,2863,0,1,5,269,14,16,3.0,11.988333333333333,1,0,0,0,7,3,0,0,0,1,0,0
5.0,3.8,2039,1,304.0,14.0,0,3011,1,0,2,1232,105,53,1.0,0.0,1,0,1,1,5,0,0,0,0,0,0,1
116.43,3.7,2103,1,214.0,47.0,3,343,1,1,1,3071,341,217,3.0,0.0,1,0,0,0,7,5,0,1,0,0,0,0
83.18,4.7,3430,4,683.0,8.0,0,1295,1,0,5,4321,562,281,4.0,18.0,0,0,0,0,8,8,0,0,0,1,0,0
92.86,4.6,3945,1,539.0,30.0,1,1545,1,1,2,4146,183,243,0.0,10.0,0,1,0,1,4,4,0,0,0,1,0,0
234.38,4.9,2829,5,793.0,17.0,0,2216,1,1,2,2443,317,131,2.0,32.0,0,0,0,0,9,6,0,1,0,0,0,0
194.71,3.6,1132,4,247.0,20.0,0,208,0,0,3,368,21,20,4.0,0.0,1,0,0,0,7,3,0,0,0,0,0,1
91.1,4.1,3585,1,454.0,23.0,2,1014,1,1,2,935,29,37,0.0,16.0,1,1,0,1,8,9,0,0,1,0,0,0
117.99,5.0,387,5,350.0,15.0,0,1064,1,0,3,3329,108,65,0.0,12.0,0,0,0,1,9,1,1,1,0,0,0,0
206.26,4.1,4284,4,674.0,9.0,2,434,1,1,3,4427,82,128,2.0,12.0,0,0,0,0,7,1,0,0,0,0,1,0
192.68,4.3,2736,3,510.0,9.0,0,1505,1,0,5,574,58,6,0.0,10.0,0,0,0,1,4,2,0,1,0,0,0,0
185.57,4.6,2620,4,935.0,8.0,0,1192,1,1,2,4563,607,191,2.0,14.0,0,0,0,1,9,8,0,1,0,0,0,0
106.1,3.978268041237113,4161,7,484.0,20.0,0,3117,1,1,3,1079,68,58,1.0,10.0,1,1,0,0,8,8,0,0,0,1,0,0
166.31,4.2,284,1,474.0,24.0,0,1726,1,0,2,1037,122,32,1.0,0.0,0,0,0,1,8,0,1,0,0,0,0,1
227.58,4.7,630,8,435.0,9.0,1,1248,1,1,4,898,103,6,2.0,25.0,1,0,0,0,4,5,0,0,1,0,0,0
219.61,4.7,4206,7,582.0,9.0,1,3451,1,1,6,4469,267,248,3.0,26.0,0,0,0,0,0,9,0,0,0,1,0,0
168.41,4.2,1736,4,498.0,4.0,1,744,1,0,3,3518,427,20,3.0,7.0,0,0,0,1,3,8,0,0,0,0,0,0
83.24,3.978268041237113,3820,2,426.0,18.0,1,1888,1,1,4,272,15,1,1.0,22.0,0,0,0,0,9,2,0,1,0,0,0,0
21.72,3.4,0,4,211.0,19.0,1,5,0,1,1,542,32,34,1.0,9.0,0,1,0,1,9,9,1,0,0,0,0,1
169.6,4.1,3650,2,396.0,16.0,2,1720,1,0,2,584,19,15,2.0,20.0,0,0,0,0,7,5,0,0,0,0,0,1
64.13,3.6,1192,3,20.0,27.0,0,5,1,1,1,1036,62,62,1.0,21.0,1,0,0,1,7,8,1,0,1,0,0,0
228.94,4.6,2196,4,544.0,12.0,2,2375,1,1,2,1999,29,137,1.0,10.0,0,0,0,0,0,2,0,1,0,0,0,0
237.06,5.0,3447,6,712.0,4.0,0,3065,1,1,1,1425,207,37,5.0,11.988333333333333,1,0,0,0,0,7,0,0,0,0,1,0
92.92,4.9,677,3,272.0,10.0,1,2441,0,1,2,3286,179,29,1.0,8.0,0,0,0,1,4,4,1,0,0,1,0,0
274.66,4.2,3887,3,638.0,1.0,1,2138,1,0,6,4300,453,90,2.0,14.0,0,0,0,1,6,0,0,0,0,0,0,0
204.63,4.1,738,2,154.0,7.0,0,259,1,1,1,3362,126,246,1.0,0.0,0,0,1,1,3,3,1,0,0,1,0,0
249.26,5.0,1784,5,401.0,1.0,0,3968,1,1,4,4239,161,109,3.0,30.0,1,0,0,0,5,9,0,0,0,1,0,0
246.5,3.5,738,4,321.0,4.0,2,3381,1,1,3,4533,657,108,3.0,13.0,0,0,0,0,7,6,0,0,1,0,0,0
294.98,5.0,1302,4,697.0,1.0,1,2868,1,0,4,4397,537,116,1.6757142857142857,21.0,0,0,0,1,2,2,0,0,1,0,0,0
204.69,3.8,1838,2,534.0,30.0,1,3111,1,1,2,1921,217,102,1.6757142857142857,19.0,0,0,1,0,5,7,0,0,1,0,0,0
5.0,3.8,3661,5,487.0,18.0,2,726,1,0,3,3265,468,70,1.0,2.0,0,0,1,0,4,5,0,0,0,1,0,0
93.04,3.9,638,4,558.0,25.0,1,1531,1,1,3,4171,352,31,1.0,6.0,0,0,0,0,8,4,0,1,0,0,0,0
118.02,4.3,0,5,587.0,32.0,2,5,0,1,1,613,55,37,3.0,19.0,1,1,0,1,6,4,1,0,0,1,0,0
35.85,4.3,2403,4,659.0,1.0,0,383,0,1,4,2167,167,64,1.0,10.0,1,0,1,0,8,2,0,0,0,0,0,0
422.27,5.0,2866,3,403.7255102040816,23.0,0,1738,1,1,4,2871,71,217,4.0,20.0,0,0,0,0,8,1,0,0,0,0,1,0
107.54,3.8,276,3,568.0,16.0,0,1929,1,1,3,2294,120,163,1.0,32.0,0,0,0,0,6,2,0,0,0,1,0,0
214.29,4.3,2823,3,313.0,2.0,0,3391,1,1,1,3032,353,15,3.0,10.0,0,1,0,1,3,1,0,0,0,1,0,0
166.03,3.9,501,4,657.0,11.0,1,2819,1,1,4,3064,429,219,4.0,15.0,0,0,0,1,2,1,1,1,0,0,0,0
148.19,4.3,2835,2,561.0,2.0,0,2281,1,0,3,1635,241,47,4.0,0.0,0,0,0,1,6,7,0,0,0,0,1,0
56.17,3.978268041237113,1425,3,110.0,22.0,0,1115,1,1,4,511,64,8,2.0,19.0,0,0,0,0,9,9,0,0,0,0,1,0
104.01,4.1,1794,4,209.0,16.0,3,1741,0,1,1,2572,58,159,0.0,12.0,0,0,0,1,4,4,1,1,0,0,0,0
94.7,3.8,559,3,20.0,1.0,2,432,1,1,4,2579,357,81,3.0,12.0,0,0,0,0,1,8,0,1,0,0,0,0
193.28,3.1,1024,1,484.0,9.0,2,1663,0,1,5,2578,179,53,0.0,28.0,0,0,0,1,3,3,1,0,0,0,0,0
5.0,3.4,0,4,67.0,36.0,2,221,0,0,2,3145,344,42,0.0,11.0,1,1,1,1,8,6,1,1,0,0,0,0
216.1,4.7,4550,8,802.0,1.0,0,1343,0,1,3,2794,304,138,3.0,24.0,0,0,0,0,3,3,0,1,0,0,0,0
152.84,4.0,1355,1,604.0,10.0,0,1510,1,1,3,160,21,4,1.0,24.0,0,0,1,0,6,0,0,0,0,0,0,1
158.18,3.3,5046,3,407.0,19.0,0,1351,1,1,4,874,110,30,4.0,22.0,0,1,0,0,9,5,0,0,0,1,0,0
243.37,3.9,1700,3,302.0,1.0,0,3169,1,1,3,3948,413,267,3.0,4.0,0,1,0,0,2,1,0,0,0,0,1,0
93.12,3.4,0,6,655.0,4.0,0,2531,1,0,2,1068,29,22,2.0,18.0,0,0,0,0,5,9,0,0,0,0,0,1
99.29,3.4,4830,1,289.0,13.0,0,1565,1,1,3,4488,572,228,2.0,17.0,1,0,0,0,9,2,0,0,0,0,0,0
324.82,4.7,4936,5,337.0,2.0,2,2512,1,0,6,2594,68,190,3.0,23.0,1,0,1,0,1,2,1,1,0,0,0,0
94.47,4.0,2933,2,173.0,1.0,0,1500,1,0,5,3292,482,113,1.0,10.0,0,0,0,0,7,8,0,0,1,0,0,0
98.73,4.5,6012,5,541.0,6.0,0,2255,1,1,4,1578,170,42,1.0,20.0,0,0,0,0,3,0,0,0,1,0,0,0
119.91,4.3,6272,4,451.0,3.0,1,1477,0,1,3,2275,26,81,1.0,20.0,1,0,0,0,5,7,0,0,0,0,1,0
154.41,4.7,0,6,799.0,7.0,1,2173,0,0,4,3758,376,33,5.0,14.0,1,0,0,0,7,8,0,0,0,1,0,0
159.44,3.5,0,1,379.0,19.0,1,578,1,0,1,2549,92,64,2.0,3.0,0,0,1,1,9,4,0,0,0,0,0,0
77.45,3.5,0,1,82.0,21.0,3,5,1,1,1,664,36,46,0.0,5.0,0,1,1,1,8,4,1,0,0,0,0,0
47.54,3.3,1745,1,639.0,8.0,2,2066,1,1,2,2304,321,60,1.0,8.0,1,1,0,0,3,3,0,0,0,0,0,1
179.85,4.3,2093,6,401.0,18.0,0,2599,1,0,3,2613,295,104,0.0,15.0,1,0,0,1,6,8,1,1,0,0,0,0
165.4,4.0,0,1,678.0,6.0,0,5,1,0,2,2578,27,140,2.0,0.0,1,0,0,0,4,3,0,0,0,0,1,0
66.78,2.7,0,3,20.0,18.0,0,2475,0,1,3,1621,81,81,2.0,20.0,0,0,0,0,6,0,0,0,0,0,1,0
97.74,4.6,2068,5,385.0,29.0,0,2532,1,1,3,3061,343,17,0.0,8.0,0,0,1,1,6,6,0,1,0,0,0,0
246.44,3.5,0,5,330.0,14.0,2,5,0,1,1,599,63,32,0.0,5.0,0,0,0,0,9,4,0,0,0,0,0,0
215.66,4.1,0,3,248.0,19.0,0,5,0,1,2,907,70,69,0.0,11.988333333333333,0,0,0,0,2,7,0,0,0,0,0,1
135.94,2.8,3520,2,560.0,8.0,1,742,1,1,2,3480,126,268,1.0,11.988333333333333,0,0,0,0,6,1,0,0,0,1,0,0
188.8,4.0,1368,1,419.0,21.0,0,2753,1,0,1,1367,194,48,1.0,14.0,1,0,1,1,1,3,0,1,0,0,0,0
63.01,3.0,0,1,111.0,16.0,2,5,1,0,2,1352,153,102,4.0,21.0,0,0,0,1,3,1,0,1,0,0,0,0
200.79,3.7,2823,4,381.0,7.0,1,1842,1,1,1,2478,208,29,0.0,20.0,1,0,0,0,1,9,0,0,1,0,0,0
258.57,4.3,0,1,185.0,1.0,2,140,1,1,1,4294,264,25,0.0,17.0,0,0,0,0,7,7,0,0,1,0,0,0
106.39,3.9,3488,2,400.0,25.0,0,443,0,1,2,3586,282,41,0.0,5.0,1,1,1,1,9,7,0,0,0,0,0,0
334.18,4.4,4225,9,432.0,1.0,0,1318,1,0,2,831,71,7,4.0,31.0,0,0,0,0,9,1,0,0,1,0,0,0
195.89,5.0,3494,5,732.0,22.0,0,1745,1,1,5,3780,531,240,3.0,13.0,0,0,0,0,8,4,0,0,0,0,0,0
191.68,3.978268041237113,1726,3,265.0,12.0,2,2088,1,1,2,2660,183,153,0.0,6.0,1,0,0,1,1,5,1,0,0,0,0,0
107.61,4.4,1295,4,620.0,4.0,1,2679,1,0,5,1708,52,80,0.0,10.0,0,0,0,0,4,2,0,0,0,0,1,0
36.94,3.2,0,2,20.0,22.0,0,1144,1,1,1,1019,69,8,2.0,1.0,1,0,0,1,5,2,1,0,0,1,0,0
135.21,4.5,2380,5,392.0,1.0,1,1285,0,1,3,1500,73,35,0.0,16.0,0,0,0,1,6,2,0,0,1,0,0,0
111.64,3.9,2077,6,592.0,17.0,0,885,1,1,3,249,19,7,2.0,23.0,0,0,0,0,3,2,0,0,0,1,0,0
126.34,3.6,4809,3,218.0,21.0,0,88,1,1,2,1263,160,30,0.0,14.0,1,0,0,1,0,7,0,0,1,0,0,0
207.72,4.8,0,5,654.0,15.230456852791878,0,3268,1,0,2,276,33,21,1.0,19.0,0,0,0,1,6,1,0,0,0,1,0,0
14.47,2.9,0,1,277.0,11.0,0,1518,1,1,1,664,32,7,2.0,6.0,1,0,0,1,5,3,1,0,1,0,0,0
214.17,4.0,4520,7,381.0,8.0,0,268,1,1,5,3163,416,204,0.0,23.0,0,0,0,0,4,0,0,0,0,0,0,0
73.18,2.8,0,4,472.0,14.0,0,1261,1,1,2,1398,112,68,2.0,6.0,0,0,0,1,9,7,0,0,0,0,0,1
76.86,3.7,1897,5,502.0,5.0,1,2632,0,1,2,1769,225,75,3.0,12.0,0,0,0,0,5,1,0,0,0,1,0,0
97.81,5.0,1424,4,664.0,5.0,0,3360,1,1,5,3868,81,150,5.0,0.0,1,0,0,1,2,2,1,0,0,1,0,0
145.66,3.9,3718,1,529.0,11.0,0,2791,1,1,2,2863,62,99,2.0,24.0,0,1,1,0,9,0,0,1,0,0,0,0
91.86,4.5,0,2,96.0,23.0,1,431,0,1,2,675,39,31,0.0,1.0,1,0,0,1,1,0,0,0,0,1,0,0
200.93,4.4,1196,6,361.0,15.230456852791878,1,1124,1,0,1,2782,124,44,2.0,4.0,0,0,0,0,0,0,0,0,0,1,0,0
252.1,4.4,4513,2,535.0,4.0,0,3378,1,0,3,4523,375,222,4.0,30.0,0,0,0,1,7,8,0,1,0,0,0,0
61.73,3.6,0,3,564.0,16.0,1,903,0,1,4,121,11,2,3.0,10.0,0,0,0,1,3,4,1,0,0,1,0,0
158.02,4.1,2406,6,320.0,25.0,0,1118,1,1,2,584,6,19,4.0,11.988333333333333,0,0,1,0,6,5,0,0,1,0,0,0
84.7,3.0,0,1,63.0,27.0,3,1567,0,0,1,1675,45,42,0.0,0.0,0,0,0,1,8,1,1,0,0,0,1,0
129.81,4.7,3439,4,414.0,2.0,0,3054,1,1,3,4247,363,104,2.0,14.0,0,0,0,0,3,4,0,0,1,0,0,0
72.37,4.1,788,1,636.0,3.0,1,608,1,1,3,2603,148,75,0.0,29.0,0,0,0,0,2,1,0,0,0,0,1,0
132.49,4.1,4234,4,539.0,24.0,0,2617,0,0,4,4178,528,313,1.6757142857142857,22.0,0,0,0,0,5,6,0,1,0,0,0,0
287.31,4.5,3991,7,731.0,1.0,1,3071,0,1,3,614,38,29,3.0,10.0,0,0,0,0,1,9,0,0,0,0,0,0
164.11,4.1,1052,4,284.0,25.0,0,1579,0,1,1,3326,194,239,3.0,0.0,0,0,0,0,6,8,0,0,1,0,0,0
5.0,3.978268041237113,3336,7,556.0,16.0,0,675,1,0,1,2849,122,101,2.0,8.0,1,0,0,0,3,2,0,0,0,0,0,0
99.04,3.6,0,2,720.0,21.0,0,2220,1,1,3,4214,117,196,4.0,9.0,1,0,0,1,5,8,0,0,1,0,0,0
200.94,4.1,0,5,537.0,5.0,0,43,1,1,2,4995,201,193,1.0,9.0,1,0,0,1,1,1,0,1,0,0,0,0
186.83,4.6,3661,3,282.0,12.0,0,2175,1,1,1,4538,122,132,3.0,14.0,0,0,0,0,5,9,0,0,0,1,0,0
149.8,4.3,1039,1,273.0,1.0,0,300,1,1,1,4852,355,279,3.0,13.0,0,0,0,1,2,8,1,0,0,1,0,0
178.86,4.7,0,4,916.0,15.0,1,1006,0,1,4,4221,156,309,1.0,0.0,0,0,0,0,9,6,1,0,0,0,0,1
254.15,4.3,0,6,549.0,11.0,2,1923,0,1,3,4531,558,117,4.0,10.0,0,0,0,0,6,4,0,0,0,1,0,0
187.68,4.8,1512,5,221.0,19.0,1,2541,0,1,4,2924,309,203,1.0,14.0,0,0,0,1,7,0,1,0,0,1,0,0
73.22,4.5,1561,3,493.0,4.0,0,1211,1,1,5,2900,35,44,2.0,8.0,0,0,1,0,9,1,0,0,0,0,1,0
66.1,4.0,864,3,195.0,31.0,1,5,1,1,1,199,7,12,1.0,5.0,0,0,1,1,3,7,0,0,0,1,0,0
5.0,3.2,0,6,190.0,16.0,1,5,0,1,5,2957,63,25,0.0,5.0,0,0,1,0,9,5,0,0,0,1,0,0
165.36,3.3,0,5,867.0,1.0,0,1757,1,1,1,391,35,15,3.0,28.0,0,0,0,0,0,6,0,0,0,0,0,1
17.87,3.2,0,1,98.0,27.0,4,323,0,1,3,838,97,5,0.0,0.0,0,0,0,1,6,7,0,0,0,1,0,0
66.29,4.2,3445,3,108.0,40.0,0,2671,1,0,2,4776,380,217,0.0,20.0,0,0,0,1,7,9,0,0,0,1,0,0
262.92,3.2,0,5,472.0,15.230456852791878,0,1228,1,0,5,252,20,16,1.0,0.0,0,0,0,0,9,2,0,1,0,0,0,0
5.0,2.1,0,2,104.0,35.0,0,512,1,0,1,1923,197,94,1.0,11.988333333333333,1,0,0,1,3,0,1,0,1,0,0,0
187.46,3.9,1923,6,519.0,7.0,0,3215,1,0,5,299,39,10,1.0,21.0,0,0,0,0,0,1,0,0,0,0,0,1
117.75,4.0,705,3,20.0,16.0,1,251,1,0,2,2389,93,65,0.0,6.0,0,0,0,0,5,7,0,0,1,0,0,0
314.37,4.1,202,5,468.0,1.0,0,1593,1,1,5,1193,17,64,2.0,12.0,1,0,0,1,3,4,0,0,0,0,0,1
5.0,4.6,1578,2,436.0,10.0,2,235,0,1,5,4729,300,117,4.0,11.988333333333333,0,0,0,0,7,7,0,0,0,0,0,0
141.05,4.4,5115,5,811.0,23.0,0,3003,1,1,4,1552,132,10,3.0,33.0,0,0,0,0,7,2,0,1,0,0,0,0
88.11,3.7,1419,1,535.0,1.0,2,5,1,1,2,2569,236,118,0.0,2.0,1,0,1,1,8,2,1,0,0,0,1,0
107.95,3.9,1620,3,505.0,23.0,1,1590,1,1,2,3437,269,165,2.0,3.0,0,0,0,0,9,4,0,0,0,1,0,0
195.66,3.6,2890,6,174.0,23.0,0,1459,0,0,2,1433,76,72,1.0,12.0,0,0,0,0,6,7,0,0,1,0,0,0
266.31,2.9,0,9,880.0,6.0,0,2108,1,1,1,4989,713,120,2.0,12.0,0,1,1,0,1,0,0,0,0,0,0,1
164.11,4.8,5322,4,537.0,16.0,0,2788,1,1,1,2953,155,158,2.0,10.0,1,0,0,0,5,5,0,0,0,1,0,0
45.29,3.1,0,3,97.0,13.0,1,516,1,1,4,2212,237,141,1.0,3.0,1,0,0,1,9,4,1,0,0,0,0,1
199.07,4.1,702,1,503.0,27.0,1,1269,1,1,1,1715,198,16,1.0,7.0,0,0,1,0,6,4,0,0,1,0,0,0
71.32,3.8,0,2,281.0,42.0,1,1636,0,1,1,1254,181,84,0.0,5.0,1,0,0,1,2,5,0,0,0,0,1,0
70.54,3.6,0,3,432.0,17.0,0,3607,0,0,2,1084,63,13,2.0,0.0,1,1,0,1,6,9,1,0,1,0,0,0
126.57,3.978268041237113,1355,3,78.0,26.0,3,5,1,1,2,2516,71,185,1.0,11.0,0,0,0,1,0,0,0,1,0,0,0,0
72.93,4.3,4015,4,203.0,13.0,0,1631,0,1,5,174,13,4,1.0,11.988333333333333,1,0,0,0,3,8,0,0,1,0,0,0
147.31,4.9,5183,4,599.0,1.0,0,2604,1,1,3,1945,71,90,3.0,14.0,0,0,0,0,2,9,0,0,0,1,0,0
120.59,4.1,563,5,475.0,1.0,3,2599,0,0,2,677,12,42,1.0,0.0,0,1,0,0,6,3,0,0,0,1,0,0
274.68,5.0,3492,7,798.0,5.0,0,2402,1,1,5,3011,386,34,4.0,13.0,0,0,0,0,9,2,0,0,1,0,0,0
188.35,3.2,1900,5,494.0,19.0,0,2727,1,1,3,3523,448,164,3.0,17.0,1,0,0,0,6,5,0,0,0,1,0,0
170.7,4.3,3032,3,435.0,1.0,1,1983,0,0,3,4320,465,311,1.6757142857142857,7.0,0,0,0,0,3,5,0,0,0,0,0,1
261.7,3.9,1695,6,252.0,1.0,0,2397,1,1,2,3104,109,94,0.0,17.0,0,0,0,0,1,3,0,0,1,0,0,0
157.24,4.2,3300,2,592.0,9.0,3,2440,1,1,3,1957,204,120,0.0,5.0,1,0,0,1,3,4,0,0,1,0,0,0
143.68,4.3,0,5,438.0,22.0,1,1196,1,1,2,3773,101,214,1.0,9.0,0,0,1,1,6,9,0,0,0,0,0,0
244.05,3.6,569,1,402.0,43.0,2,1403,1,1,2,2347,29,103,2.0,3.0,0,0,0,0,6,2,0,0,0,0,0,0
54.81,4.7,3361,5,500.0,13.0,0,1864,1,1,3,3812,291,33,0.0,12.0,0,0,0,0,6,4,0,0,0,1,0,0
181.14,3.4,3237,6,638.0,3.0,0,2629,0,0,2,1293,21,52,3.0,22.0,0,0,0,0,4,8,0,1,0,0,0,0
223.22,4.1,3610,3,541.0,7.0,1,591,1,1,2,1964,237,24,1.0,11.0,0,0,0,0,2,2,0,0,0,0,0,0
126.43,4.4,3729,4,451.0,9.0,0,1393,0,0,2,3678,254,236,0.0,21.0,1,0,0,0,1,8,0,0,1,0,0,0
81.7,4.2,0,3,614.0,12.0,4,2341,1,0,3,4882,719,85,0.0,20.0,0,1,0,0,0,5,0,0,0,0,0,0
94.46,3.978268041237113,664,1,20.0,28.0,2,1485,0,1,4,3597,190,163,3.0,18.0,0,0,1,0,9,7,0,0,0,0,0,0
230.24,4.3,2289,6,495.0,8.0,0,2694,0,0,3,3538,131,133,4.0,18.0,1,0,0,1,8,5,0,0,1,0,0,0
152.09,3.9,0,9,237.0,35.0,2,5,1,1,1,2345,82,49,0.0,7.0,0,1,0,1,8,7,1,0,1,0,0,0
122.07,4.0,829,3,20.0,15.0,1,1426,1,1,2,2395,63,61,0.0,22.0,0,0,1,0,4,4,0,0,1,0,0,0
17.29,3.6,0,5,122.0,14.0,1,1687,1,0,3,78,3,2,1.6757142857142857,12.0,1,0,1,0,6,2,1,0,0,1,0,0
221.73,4.6,5151,5,512.0,22.0,1,2887,1,0,2,1689,85,81,0.0,15.0,0,0,0,1,8,4,1,0,1,0,0,0
114.39,3.6,2237,2,237.0,28.0,0,1598,1,0,1,1940,162,104,0.0,22.0,1,0,0,0,7,1,0,0,0,1,0,0
120.51,4.2,1012,3,20.0,19.0,1,1434,1,1,1,1911,78,37,0.0,8.0,0,0,0,0,2,0,0,0,0,0,1,0
208.27,4.5,1881,4,744.0,7.0,3,1643,1,1,2,4143,284,201,0.0,17.0,0,0,0,1,6,3,0,0,0,0,0,1
188.95,4.7,4049,5,740.0,20.0,0,2138,1,1,4,659,53,23,3.0,20.0,1,1,0,0,6,5,0,0,0,0,0,0
107.7,3.2,0,3,100.0,1.0,0,2530,1,0,1,3618,442,92,1.0,0.0,0,0,0,0,2,9,0,0,0,0,0,0
103.06,4.2,0,3,627.0,19.0,1,2994,1,0,3,4953,113,280,0.0,7.0,1,1,0,1,0,6,0,0,0,0,1,0
169.45,3.9,0,1,240.0,25.0,1,1430,1,0,5,1941,46,73,0.0,18.0,1,0,0,0,1,0,0,0,1,0,0,0
143.51,3.978268041237113,1736,3,434.0,20.0,1,2142,0,1,3,2892,261,89,1.0,7.0,1,0,0,0,2,6,0,0,0,0,0,1
37.02,4.4,0,2,465.0,2.0,2,1306,1,0,2,1135,59,61,1.0,22.0,1,0,0,0,7,6,0,0,1,0,0,0
246.2,4.8,190,3,349.0,25.0,0,1232,1,0,3,4742,62,282,3.0,6.0,0,0,0,0,0,8,0,0,0,1,0,0
122.6,4.3,0,4,282.0,22.0,1,1752,1,1,5,2676,254,161,4.0,9.0,0,0,0,0,3,6,0,1,0,0,0,0
215.95,4.8,3429,4,552.0,6.0,1,2862,1,1,2,1075,32,54,1.0,2.0,0,0,0,0,2,6,0,0,0,0,1,0
203.43,4.8,3450,3,68.0,24.0,0,1608,1,1,3,4295,207,92,2.0,26.0,0,0,0,0,0,7,1,0,0,0,1,0
306.21,4.9,3182,8,855.0,1.0,0,3236,1,1,6,3121,302,236,4.0,11.0,0,0,0,0,1,3,0,0,0,0,0,1
110.33,3.7,3863,2,262.0,4.0,0,1999,1,1,3,1904,111,134,5.0,6.0,0,0,0,1,4,1,1,1,0,0,0,0
95.71,4.5,3484,1,309.0,16.0,0,2349,1,1,2,3485,36,168,0.0,19.0,1,1,0,0,0,3,0,0,0,0,1,0
184.94,3.6,4196,4,653.0,21.0,0,2698,1,1,3,3465,323,147,3.0,17.0,1,0,0,0,7,1,0,0,0,0,0,0
223.85,5.0,648,5,793.0,30.0,0,2911,1,1,1,2561,315,183,1.0,6.0,0,0,0,1,9,9,0,0,0,0,0,1
158.31,3.6,1582,5,270.0,16.0,1,2704,1,0,3,3819,102,177,3.0,10.0,0,0,0,0,9,3,0,0,0,0,1,0
168.24,3.6,2014,3,267.0,30.0,0,2600,0,0,2,2386,180,107,2.0,0.0,0,0,0,1,3,8,0,0,1,0,0,0
222.97,4.2,2526,5,20.0,26.0,0,5,0,0,5,3046,326,184,3.0,10.0,0,1,0,1,1,1,1,0,0,0,0,1
54.41,4.2,755,1,20.0,27.0,2,1485,0,0,1,4754,690,311,0.0,21.0,0,0,0,1,4,8,1,0,0,0,0,1
200.23,4.9,2224,5,220.0,18.0,1,3333,1,0,1,3928,366,76,1.0,21.0,0,0,1,0,5,1,0,0,0,0,1,0
213.94,4.1,4128,4,773.0,16.0,0,3558,1,0,3,4607,314,253,3.0,13.0,0,1,0,0,9,4,0,0,0,0,1,0
276.03,4.5,2450,2,203.0,15.230456852791878,0,1106,1,1,2,51,6,1,2.0,9.0,0,1,0,0,7,7,0,1,0,0,0,0
188.88,4.6,3186,2,334.0,14.0,0,1497,1,1,2,1100,122,55,2.0,0.0,0,1,1,1,8,3,0,1,0,0,0,0
196.77,4.3,5758,6,458.0,1.0,1,3064,1,1,2,3491,76,40,1.6757142857142857,7.0,0,0,0,0,0,8,0,0,1,0,0,0
71.34,3.7,3883,6,539.0,1.0,1,3302,1,1,3,4957,706,268,3.0,30.0,0,0,0,0,7,2,0,0,0,1,0,0
107.73,3.8,0,3,597.0,23.0,0,2490,1,1,3,4671,508,361,0.0,12.0,1,0,0,1,8,1,1,0,0,0,0,1
120.59,4.0,0,1,20.0,10.0,0,1203,1,1,3,1797,245,107,0.0,7.0,1,0,0,1,3,4,1,0,0,1,0,0
213.18,4.7,6561,3,745.0,4.0,0,3323,1,1,4,3821,140,241,5.0,9.0,1,0,0,0,0,3,0,0,0,0,0,0
98.31,4.5,1778,4,633.0,1.0,0,720,1,1,5,2579,229,54,4.0,12.0,0,0,0,0,5,6,0,1,0,0,0,0
251.53,3.9,3129,4,415.0,19.0,0,636,1,1,2,2576,97,83,2.0,17.0,0,0,0,0,2,0,0,1,0,0,0,0
289.67,3.5,74,5,437.0,34.0,3,461,1,1,1,4327,207,308,2.0,0.0,1,0,0,1,2,0,1,0,0,0,1,0
250.2,3.5,4452,5,368.0,1.0,2,3315,1,1,3,162,15,7,3.0,13.0,0,0,0,1,2,1,1,1,0,0,0,0
254.32,4.9,7196,2,484.0,3.0,1,1603,1,1,2,447,23,13,4.0,15.0,0,1,0,0,4,2,0,0,0,0,0,1
273.72,3.978268041237113,2824,3,222.0,17.0,0,3447,1,1,4,4213,618,136,3.0,14.0,0,0,0,0,0,8,0,0,0,0,1,0
74.24,4.2,2934,4,168.0,6.0,1,2325,1,1,3,227,33,2,1.0,17.0,0,0,1,0,5,3,0,0,0,0,0,0
227.17,4.7,4032,4,461.0,14.0,0,2892,1,1,3,3447,191,168,1.0,5.0,1,1,0,0,8,5,0,0,1,0,0,0
216.63,3.9,3290,3,82.0,2.0,1,1232,1,1,1,4123,63,133,3.0,15.0,0,1,0,0,4,8,0,0,0,1,0,0
89.76,3.2,0,1,339.0,14.0,2,1233,1,1,2,1429,129,98,1.0,7.0,0,1,0,1,1,7,1,0,0,1,0,0
202.36,3.978268041237113,1964,5,668.0,15.230456852791878,2,4000,1,1,2,3142,106,183,0.0,12.0,0,0,0,0,0,7,1,0,0,1,0,0
330.48,4.2,2980,4,201.0,4.0,0,723,1,1,4,1868,48,40,3.0,21.0,0,0,0,0,9,7,1,0,0,0,0,0
58.68,3.7,0,6,384.0,31.0,2,877,1,0,1,2306,286,151,1.0,17.0,0,0,0,0,9,6,0,0,0,1,0,0
19.06,3.8,0,2,113.0,38.0,2,354,1,1,1,408,38,12,0.0,0.0,1,0,0,1,9,1,1,1,0,0,0,0
116.86,2.8,0,1,20.0,23.0,3,283,1,1,1,3987,199,140,0.0,10.0,0,0,1,1,0,4,0,0,0,1,0,0
113.25,4.0,1155,2,274.0,16.0,0,2523,1,1,2,3025,246,62,0.0,6.0,1,0,0,0,8,2,0,0,0,1,0,0
123.56,2.9,278,1,403.7255102040816,48.0,3,196,1,1,2,803,27,34,0.0,6.0,0,0,0,1,1,8,0,1,0,0,0,0
148.75,3.5,1016,6,539.0,25.0,2,1533,1,1,1,2610,292,126,0.0,5.0,0,0,0,0,5,0,0,1,0,0,0,0
219.01,4.8,4708,4,711.0,1.0,0,4000,0,1,3,3582,162,208,3.0,22.0,0,0,0,0,8,0,0,1,0,0,0,0
220.35,4.6,2145,4,418.0,1.0,0,2364,0,0,3,1634,76,58,0.0,5.0,1,0,0,0,7,2,0,0,1,0,0,0
250.12,3.9,2093,3,536.0,11.0,2,2697,1,1,2,1091,100,78,1.0,17.0,0,0,0,0,6,3,0,0,0,1,0,0
153.2,3.1,5342,4,557.0,1.0,0,942,0,1,5,3234,174,184,3.0,13.0,0,0,0,0,7,0,0,0,0,0,1,0
240.65,4.0,4639,5,417.0,6.0,1,1840,1,0,2,3362,303,70,0.0,24.0,1,0,0,0,6,8,0,0,0,0,0,1
18.45,3.5,2736,4,627.0,7.0,1,1889,1,1,5,1531,62,30,3.0,5.0,0,0,0,0,3,3,0,0,0,1,0,0
5.0,3.1,459,1,233.0,19.0,2,1729,1,0,1,1166,91,19,0.0,12.0,0,1,1,1,9,4,0,0,1,0,0,0
148.59,3.9,3791,3,180.0,27.0,1,5,0,0,4,1551,126,103,1.0,11.988333333333333,0,1,1,1,9,2,1,0,1,0,0,0
192.53,4.9,5264,8,353.0,17.0,0,3692,1,1,4,1616,188,62,4.0,28.0,1,1,0,0,3,6,0,0,0,0,0,0
307.64,3.7,1862,6,403.7255102040816,3.0,1,80,0,1,1,2622,372,182,3.0,17.0,1,1,0,0,2,3,0,1,0,0,0,0
73.28,3.6,1900,4,745.0,1.0,0,1679,1,1,5,1471,119,114,3.0,23.0,1,0,0,0,0,6,0,0,1,0,0,0
167.99,4.4,1290,7,578.0,15.0,0,1035,1,1,5,1226,15,21,1.0,14.0,0,0,0,0,6,0,0,0,0,0,0,0
186.49,4.6,4807,7,724.0,1.0,0,2080,1,1,6,4156,224,205,0.0,14.0,0,0,0,0,0,4,0,0,1,0,0,0
106.83,3.6,2277,4,529.0,27.0,2,1300,1,1,4,4013,418,115,3.0,11.988333333333333,0,1,0,0,1,1,0,0,1,0,0,0
245.89,3.978268041237113,0,7,203.0,7.0,0,1260,1,1,2,3079,89,172,2.0,18.0,0,0,0,0,0,3,0,0,1,0,0,0
5.0,4.2,2516,2,410.0,8.0,0,793,1,1,5,937,28,64,3.0,11.0,0,0,0,1,6,7,0,0,1,0,0,0
198.71,4.1,7675,4,311.0,13.0,0,879,0,1,4,4997,454,290,1.0,11.0,1,0,0,0,4,1,0,0,0,0,1,0
180.87,4.3,5606,7,774.0,11.0,0,2551,1,1,5,565,40,38,2.0,10.0,0,0,0,0,5,5,0,0,1,0,0,0
190.09,5.0,0,10,300.0,1.0,0,2396,1,1,4,3369,347,146,1.0,8.0,0,0,0,0,4,0,0,0,0,1,0,0
111.12,3.9,0,3,471.0,1.0,1,2177,1,0,1,770,77,24,0.0,21.0,0,0,0,0,3,4,0,1,0,0,0,0
248.33,4.0,258,5,677.0,12.0,2,1367,1,0,2,2668,30,56,0.0,7.0,0,0,1,1,2,3,0,0,0,1,0,0
108.18,4.1,3132,2,486.0,1.0,0,2735,1,1,3,3030,85,165,2.0,16.0,0,0,1,0,9,4,0,0,0,0,0,0
129.21,4.1,1749,5,304.0,10.0,1,5,1,0,1,3015,271,65,0.0,0.0,0,1,0,1,5,5,1,0,0,0,0,0
150.07,3.2,0,6,20.0,28.0,2,321,0,1,2,3890,182,127,0.0,8.0,0,0,0,1,8,8,0,0,0,0,0,1
82.41,3.3,0,1,527.0,19.0,2,2401,0,1,3,2246,135,99,1.0,4.0,1,1,0,1,3,1,0,0,0,1,0,0
76.65,4.4,236,4,480.0,15.0,2,1302,1,1,2,1211,63,70,0.0,20.0,1,0,0,1,2,8,1,0,0,0,0,1
221.02,4.2,396,2,20.0,18.0,0,2347,1,1,3,4195,210,167,2.0,11.988333333333333,0,1,0,0,4,5,0,1,0,0,0,0
232.78,5.0,5000,7,795.0,10.0,1,538,1,1,6,1423,168,108,4.0,18.0,1,0,0,0,1,9,0,0,1,0,0,0
266.43,3.8,5436,1,361.0,26.0,0,1899,1,1,4,341,47,25,2.0,13.0,0,0,0,0,5,3,0,0,1,0,0,0
34.62,3.2,505,6,344.0,1.0,3,741,1,1,1,4990,667,321,0.0,13.0,0,0,1,1,3,0,0,0,0,0,0,0
127.64,3.7,2783,3,523.0,1.0,1,960,0,1,5,2286,39,25,0.0,14.0,1,1,0,1,1,1,1,0,0,1,0,0
244.77,4.8,3616,4,732.0,15.230456852791878,0,2139,0,1,2,3205,442,170,2.0,10.0,0,0,0,1,3,0,1,0,0,0,1,0
225.2,4.0,1652,4,545.0,2.0,0,2821,1,0,3,3003,318,211,5.0,10.0,1,0,0,0,9,7,0,0,0,0,1,0
91.56,5.0,732,3,1084.0,1.0,2,1195,1,1,5,1511,148,94,2.0,26.0,0,0,0,0,1,9,0,0,0,1,0,0
160.33,4.8,1071,7,350.0,8.0,0,1879,1,1,4,4340,358,183,1.0,22.0,0,1,0,0,0,0,0,0,0,0,1,0
78.0,3.4,1620,3,656.0,1.0,0,1672,1,0,3,368,23,27,0.0,6.0,1,1,0,1,1,7,0,0,0,0,0,1
159.91,2.8,2941,3,503.0,27.0,0,273,1,1,2,4116,254,72,1.0,3.0,0,1,0,0,2,5,0,0,0,0,0,1
140.21,3.3,876,3,253.0,15.0,1,3682,1,1,1,3870,235,255,0.0,12.0,0,0,0,1,7,3,1,0,0,1,0,0
130.39,4.8,93,7,785.0,38.0,0,1636,1,1,1,320,12,2,4.0,26.0,0,0,0,0,8,2,0,0,0,0,1,0
192.58,2.9,0,3,20.0,35.0,1,5,0,0,3,984,32,14,0.0,11.988333333333333,0,0,0,1,2,9,1,1,0,0,0,0
133.12,5.0,6880,7,785.0,1.0,0,1668,1,1,1,1067,20,59,2.0,32.0,1,0,0,0,6,9,0,1,0,0,0,0
91.89,4.7,3594,6,20.0,27.0,0,2291,1,1,2,758,109,36,1.0,0.0,0,0,0,0,2,9,0,0,0,0,0,0
49.38,4.1,0,5,477.0,3.0,2,1405,1,0,1,756,66,57,0.0,12.0,0,1,0,1,8,2,1,0,1,0,0,0
147.32,4.4,349,7,781.0,15.230456852791878,0,1690,0,0,2,1589,171,113,1.0,18.0,0,0,0,1,0,3,0,0,1,0,0,0
5.0,3.8,1692,2,316.0,10.0,0,1565,0,0,2,3812,104,186,0.0,3.0,0,0,1,1,5,4,0,0,0,0,1,0
111.37,3.3,2261,3,309.0,2.0,2,2143,1,1,1,2086,307,133,1.0,19.0,0,0,1,0,9,8,0,0,0,1,0,0
124.0,4.7,2278,6,573.0,14.0,0,1744,1,1,3,2328,39,52,5.0,17.0,1,0,0,0,7,6,0,0,0,1,0,0
168.77,4.9,3117,4,623.0,4.0,0,2927,1,0,3,1485,58,104,2.0,11.988333333333333,0,0,0,0,5,8,0,0,0,1,0,0
144.88,3.9,6312,2,615.0,26.0,1,3342,0,1,4,854,115,41,3.0,22.0,1,0,0,0,6,4,0,1,0,0,0,0
168.8,4.2,1203,8,689.0,19.0,0,3639,1,1,3,4906,703,41,4.0,29.0,0,0,0,0,6,4,1,0,0,1,0,0
5.0,3.8,1600,1,20.0,14.0,3,5,1,0,2,3532,440,182,0.0,0.0,0,0,0,1,9,4,0,0,0,1,0,0
99.54,4.5,486,4,488.0,1.0,0,5,1,1,4,2884,365,146,5.0,22.0,0,0,0,0,5,8,0,0,0,0,0,1
179.46,5.0,4850,7,312.0,22.0,0,2503,0,1,3,1751,201,95,3.0,11.0,1,0,0,0,3,3,0,0,0,0,1,0
55.44,3.5,0,5,433.0,3.0,0,1837,1,0,3,4548,241,330,0.0,16.0,0,0,0,0,0,3,0,0,0,1,0,0
60.37,4.5,0,6,304.0,19.0,1,1108,1,1,2,4528,594,301,3.0,12.0,0,0,0,0,7,7,0,0,0,0,0,0
200.85,4.2,2959,4,241.0,10.0,0,1581,0,1,2,3384,457,165,0.0,8.0,0,0,1,0,7,3,0,0,1,0,0,0
255.31,5.0,4063,6,630.0,4.0,0,2114,1,1,5,117,3,1,2.0,9.0,0,0,0,0,5,2,1,0,0,0,1,0
131.82,3.9,0,1,420.0,1.0,0,5,1,0,2,2588,83,71,0.0,4.0,0,0,1,1,3,8,1,0,1,0,0,0
227.93,3.5,198,3,600.0,13.0,0,4000,1,1,3,4900,203,270,4.0,10.0,0,0,0,0,3,5,0,0,0,0,0,1
189.26,4.5,1225,3,654.0,15.0,0,505,0,1,3,4166,324,117,4.0,14.0,0,0,0,0,0,0,0,0,0,0,1,0
33.68,2.6,0,1,20.0,37.0,2,5,0,1,1,3644,395,270,0.0,0.0,1,0,1,1,1,8,0,0,1,0,0,0
320.04,4.4,1170,3,415.0,7.0,0,1742,0,0,2,2474,53,145,0.0,24.0,1,0,0,1,4,9,0,0,0,0,0,0
67.59,3.8,166,1,26.0,46.0,1,2004,0,0,1,3299,95,255,0.0,12.0,0,1,0,0,4,5,0,0,0,0,1,0
67.78,4.4,0,3,48.0,27.0,3,887,1,1,1,3245,407,41,0.0,18.0,0,0,0,1,1,8,0,1,0,0,0,0
163.27,3.3,811,1,429.0,8.0,0,5,0,0,4,535,33,5,2.0,15.0,1,1,0,1,6,7,0,0,0,1,0,0
276.37,3.8,3994,2,540.0,19.0,3,2097,1,1,1,460,47,28,4.0,5.0,1,1,0,1,2,2,1,0,0,0,0,1
56.46,4.9,0,6,122.0,28.0,0,1630,1,0,3,1234,141,78,1.6757142857142857,4.0,0,0,0,0,8,7,0,1,0,0,0,0
203.37,5.0,2674,2,1106.0,14.0,0,3174,1,1,1,2926,394,196,3.0,28.0,1,0,0,1,4,2,0,0,1,0,0,0
150.23,4.1,255,2,20.0,3.0,2,1292,0,1,3,3961,352,217,0.0,0.0,1,0,0,0,1,5,0,0,0,1,0,0
204.48,4.1,692,6,20.0,15.0,2,1229,1,1,2,1510,133,9,1.0,21.0,0,0,0,0,9,8,0,0,0,1,0,0
80.17,4.2,2661,5,554.0,15.0,1,3042,0,1,4,3964,576,238,0.0,18.0,0,1,1,0,8,6,0,0,0,0,1,0
79.55,3.5,3084,2,359.0,1.0,2,2326,1,0,1,3869,243,195,3.0,7.0,0,0,0,1,4,8,0,0,0,0,1,0
199.83,3.9,430,1,351.0,27.0,3,2272,1,1,2,2749,346,35,0.0,6.0,0,0,1,1,3,2,0,1,0,0,0,0
81.99,3.4,1074,3,643.0,20.0,0,1688,1,1,2,1587,77,119,2.0,13.0,1,0,0,0,4,8,0,1,0,0,0,0
322.97,5.0,3632,7,432.0,7.0,0,3165,1,0,5,232,6,11,2.0,29.0,0,0,1,0,5,4,1,0,0,0,1,0
98.18,3.8,853,3,20.0,29.0,1,424,0,0,1,2191,165,120,0.0,0.0,0,0,0,1,4,9,1,1,0,0,0,0
134.17,4.7,3713,8,630.0,25.0,0,1184,0,1,2,2857,343,64,2.0,8.0,0,0,0,1,6,6,1,0,0,0,0,1
218.43,3.978268041237113,956,3,744.0,1.0,0,1080,1,1,1,969,94,14,0.0,26.0,1,0,0,0,6,5,0,1,0,0,0,0
52.69,3.9,2533,3,20.0,38.0,0,2142,1,1,4,3289,134,225,1.6757142857142857,11.0,0,0,0,0,8,3,1,0,0,0,0,0
200.29,4.1,3507,5,585.0,25.0,0,4000,0,1,4,2742,367,92,0.0,17.0,0,0,0,1,2,5,1,0,0,1,0,0
113.15,2.2,1082,4,456.0,21.0,1,1043,0,0,3,4648,469,302,3.0,2.0,0,0,0,1,2,1,0,0,0,0,0,0
297.47,4.0,1640,5,261.0,8.0,0,3056,1,1,1,3572,498,121,0.0,16.0,0,0,0,0,9,5,0,0,1,0,0,0
58.57,3.1,0,1,361.0,19.0,3,1129,1,0,2,4566,377,226,0.0,11.988333333333333,0,0,0,1,8,3,1,0,0,0,0,0
203.53,3.1,0,3,20.0,29.0,2,5,1,0,2,413,24,25,0.0,1.0,0,0,0,1,2,2,1,0,1,0,0,0
208.14,4.7,661,5,1142.0,1.0,0,4000,1,0,1,3940,186,23,3.0,19.0,0,0,0,0,0,6,0,0,0,0,0,0
170.29,3.978268041237113,1791,5,260.0,3.0,1,5,0,0,2,1926,136,72,0.0,2.0,0,1,0,0,3,8,0,0,0,0,1,0
217.23,3.3,925,8,669.0,3.0,0,3061,1,0,3,1962,143,114,2.0,17.0,0,0,0,0,3,9,0,1,0,0,0,0
166.92,3.1,2637,5,495.0,26.0,4,1508,1,0,1,3239,171,171,2.0,11.0,1,0,0,0,1,8,0,0,1,0,0,0
5.0,3.6,2142,4,406.0,19.0,1,1806,1,1,1,1954,41,151,1.0,10.0,0,1,0,0,6,9,0,0,1,0,0,0
86.4,3.978268041237113,566,4,247.0,15.0,0,2881,1,1,2,4093,126,41,2.0,4.0,1,0,0,1,6,7,1,0,1,0,0,0
127.52,4.2,1968,1,327.0,1.0,1,3632,1,1,2,2199,74,96,0.0,10.0,0,0,0,0,1,2,0,0,0,1,0,0
182.42,2.7,0,1,484.0,15.0,0,5,1,0,2,1031,85,11,1.0,17.0,0,0,0,1,6,3,0,0,1,0,0,0
60.89,3.6,1599,2,166.0,19.0,1,2432,1,0,1,122,12,4,3.0,12.0,0,0,0,0,5,3,0,1,0,0,0,0
24.24,3.3,1011,1,310.0,27.0,2,2237,1,1,1,3489,429,150,0.0,0.0,0,1,0,1,0,5,0,0,0,0,0,1
383.6,2.9,552,3,656.0,16.0,0,201,1,1,3,4206,623,149,1.0,3.0,0,0,0,1,4,7,1,1,0,0,0,0
128.95,3.2,0,1,490.0,12.0,1,884,1,0,5,2676,98,59,1.0,4.0,0,1,0,1,8,8,1,1,0,0,0,0
275.51,5.0,1638,3,381.0,13.0,0,3349,1,1,2,1042,103,16,2.0,19.0,1,0,0,0,2,6,0,0,0,0,1,0
48.97,3.2,0,1,434.0,29.0,0,628,0,0,1,2485,45,80,3.0,7.0,0,0,0,1,1,4,1,1,0,0,0,0
7.14,5.0,2066,3,506.0,2.0,0,434,1,1,3,1003,102,63,3.0,18.0,0,0,0,0,3,0,0,0,0,0,0,0
167.84,3.9,0,2,510.0,22.0,0,2534,1,1,2,3619,135,200,1.0,0.0,1,0,0,0,1,1,0,0,0,0,1,0
77.94,3.6,4302,1,312.0,18.0,0,3708,1,0,4,2446,221,39,2.0,15.0,0,1,1,0,2,9,0,0,0,1,0,0
21.2,3.0,0,3,178.0,20.0,2,841,0,1,1,1588,16,103,0.0,17.0,0,0,0,1,0,7,1,0,0,0,0,0
342.54,3.8,2611,4,472.0,31.0,0,2965,1,1,2,880,26,44,2.0,13.0,1,0,0,0,9,4,0,0,0,0,1,0
197.72,4.9,1980,7,644.0,7.0,0,2992,1,0,4,4870,630,49,0.0,20.0,0,0,0,0,2,9,0,0,0,0,1,0
158.75,3.4,0,4,328.0,24.0,0,567,1,0,2,1313,164,17,0.0,8.0,0,0,0,1,1,0,1,1,0,0,0,0
146.1,4.6,2077,5,172.0,1.0,0,2582,1,1,3,470,62,18,1.0,9.0,0,0,0,0,7,2,0,0,1,0,0,0
93.06,4.5,3411,5,643.0,18.0,0,2543,1,1,5,2472,44,87,3.0,7.0,0,0,0,0,3,5,0,0,0,1,0,0
157.59,4.0,0,4,308.0,28.0,2,658,0,1,3,3696,326,158,0.0,8.0,1,0,0,1,5,4,1,0,1,0,0,0
178.58,3.9,1651,3,475.0,18.0,0,2258,1,0,4,1429,186,45,4.0,0.0,1,1,0,1,2,9,0,0,0,0,1,0
127.42,4.6,3577,6,783.0,2.0,0,1417,1,0,5,3925,487,282,0.0,27.0,0,0,0,1,3,4,0,0,0,0,1,0
230.16,3.8,2320,6,587.0,15.0,0,2403,1,0,5,3082,362,145,3.0,23.0,1,0,0,0,0,4,0,0,0,1,0,0
182.45,4.7,2549,4,572.0,12.0,0,2179,1,1,4,3470,426,69,0.0,11.0,1,0,0,0,9,9,0,0,1,0,0,0
9.08,4.1,2330,3,486.0,14.0,1,253,1,1,3,2017,216,41,2.0,18.0,0,0,1,1,6,7,0,0,0,0,0,1
104.15,3.7,0,5,55.0,26.0,0,2378,0,1,2,168,11,7,1.0,22.0,1,1,0,1,3,4,1,0,0,0,1,0
184.32,3.9,3663,5,674.0,9.0,0,3672,1,1,4,3792,555,78,4.0,26.0,0,0,0,0,3,2,0,0,1,0,0,0
114.42,3.7,2611,7,836.0,5.0,0,1676,1,1,5,1531,155,24,4.0,6.0,1,0,0,0,4,7,0,0,0,0,0,0
5.0,3.8,1986,1,106.0,24.0,0,1011,0,0,1,1809,145,102,0.0,0.0,0,1,0,1,5,0,0,0,0,0,0,0
5.0,3.0,1362,4,24.0,18.0,1,554,1,1,2,2977,134,93,0.0,8.0,0,0,0,1,3,5,0,0,0,1,0,0
286.99,4.8,2813,3,403.7255102040816,18.0,0,2266,1,0,6,535,31,25,5.0,14.0,1,1,0,0,2,5,0,0,0,1,0,0
90.52,3.4,878,8,302.0,24.0,1,5,1,0,3,4555,484,332,0.0,17.0,1,1,0,0,7,0,0,0,0,1,0,0
201.92,4.1,0,2,363.0,27.0,1,1051,1,1,2,435,59,19,3.0,15.0,0,0,1,0,4,0,0,0,0,0,1,0
265.33,5.0,2248,3,673.0,11.0,0,1752,1,1,4,4174,311,269,2.0,19.0,0,0,0,0,9,3,1,0,0,0,0,0
137.23,3.7,0,3,82.0,24.0,0,5,1,0,3,4774,213,127,0.0,7.0,0,0,1,1,2,8,1,1,0,0,0,0
182.61,4.3,2995,3,581.0,8.0,1,1103,1,0,3,1680,203,124,2.0,15.0,0,0,0,0,5,2,0,0,1,0,0,0
81.36,3.3,0,1,156.0,30.0,2,5,1,0,2,1514,35,97,0.0,5.0,1,0,1,0,2,8,0,0,0,0,0,1
73.97,4.2,797,4,441.0,3.0,0,1640,1,0,1,3012,82,140,1.0,9.0,0,0,0,1,5,2,0,0,1,0,0,0
181.19,4.0,1252,4,319.0,1.0,2,1785,1,1,2,4740,167,369,4.0,8.0,1,0,0,0,9,7,0,0,1,0,0,0
26.08,3.7,0,1,179.0,25.0,1,1831,0,1,3,2862,111,199,0.0,20.0,1,1,1,1,3,5,1,0,0,0,1,0
230.21,3.6,99,5,727.0,22.0,0,611,1,1,2,3629,302,238,2.0,6.0,1,0,0,1,1,0,1,0,1,0,0,0
5.0,3.6,517,3,133.0,18.0,2,1230,1,1,2,1980,170,41,3.0,6.0,1,1,0,0,7,6,0,0,0,0,0,1
48.36,3.1,0,2,506.0,15.0,0,218,1,1,4,2466,297,174,2.0,3.0,1,0,0,1,9,0,1,0,0,0,1,0
251.9,4.9,997,7,347.0,1.0,0,871,1,1,2,1680,197,62,5.0,0.0,0,0,0,0,8,7,0,0,0,0,0,1
146.03,3.5,0,4,217.0,22.0,0,5,1,0,2,2913,186,143,2.0,15.0,1,0,1,0,4,9,0,1,0,0,0,0
177.58,3.7,1339,5,20.0,37.0,2,1109,0,1,3,3568,70,45,2.0,0.0,0,0,0,1,4,9,0,0,0,0,0,0
23.45,3.6,3179,2,87.0,17.0,2,5,1,1,1,3034,411,210,0.0,0.0,0,0,0,1,5,9,0,0,0,1,0,0
146.61,4.3,3032,4,393.0,4.0,0,2481,1,0,4,4347,47,319,2.0,25.0,0,0,0,0,8,3,0,0,0,0,0,1
182.35,4.8,5907,6,461.0,18.0,0,2194,0,1,3,758,64,23,2.0,16.0,0,0,0,0,4,9,0,0,0,0,0,1
221.09,3.9,4137,5,603.0,6.0,1,1495,1,1,3,4910,109,132,3.0,11.0,1,1,0,0,8,1,0,0,1,0,0,0
246.23,3.8,4465,2,134.0,11.0,0,1308,0,1,5,2629,73,118,0.0,8.0,0,0,0,0,1,8,1,0,0,0,0,1
5.0,3.2,1553,3,522.0,10.0,0,5,0,0,3,1457,149,38,0.0,4.0,0,0,0,1,6,3,1,0,0,1,0,0
231.46,4.8,0,1,20.0,9.0,1,1624,1,1,3,237,24,9,0.0,7.0,0,0,0,0,6,9,0,0,0,0,0,0
43.28,5.0,3454,5,179.0,1.0,0,1371,1,1,2,2262,225,117,3.0,11.988333333333333,0,0,0,0,7,4,0,0,0,0,1,0
51.22,4.0,2826,5,486.0,8.0,1,313,1,1,1,2250,282,24,1.0,8.0,0,0,0,1,4,9,0,0,0,0,0,0
202.85,3.5,3550,2,330.0,5.0,0,743,0,1,2,1982,203,74,0.0,14.0,0,0,0,0,0,6,0,0,0,0,1,0
274.64,5.0,2080,8,668.0,15.230456852791878,0,1195,1,1,3,2091,75,58,3.0,17.0,0,0,0,0,8,9,0,0,0,1,0,0
5.0,3.4,0,1,181.0,4.0,3,1030,0,1,1,1943,209,114,0.0,0.0,1,0,0,0,8,7,0,0,0,0,1,0
35.55,4.4,0,1,67.0,24.0,0,937,1,0,4,3532,402,83,3.0,5.0,0,1,1,1,6,4,0,0,1,0,0,0
47.32,3.7,0,1,227.0,29.0,2,1772,0,0,3,3466,214,171,3.0,11.0,0,0,0,1,2,3,1,0,0,1,0,0
199.33,4.5,3052,3,728.0,17.0,0,691,1,1,2,2642,229,188,1.0,24.0,0,0,0,1,2,2,0,0,0,0,0,1
199.56,3.7,0,5,20.0,11.0,0,1554,1,1,2,4619,395,236,3.0,23.0,0,1,0,0,5,9,0,0,1,0,0,0
149.43,4.3,0,1,711.0,7.0,0,3197,0,0,2,165,23,6,2.0,11.0,1,0,0,1,5,3,0,0,0,0,1,0
128.68,3.3,0,2,159.0,14.0,0,914,0,0,2,4641,132,43,2.0,6.0,0,0,0,0,4,0,0,0,0,0,1,0
60.39,4.9,2911,3,43.0,1.0,0,2057,0,0,4,2899,175,183,3.0,6.0,0,0,0,0,5,7,0,1,0,0,0,0
93.04,3.3,0,1,540.0,21.0,3,5,0,0,1,2457,309,124,2.0,11.0,1,1,0,1,2,2,0,0,1,0,0,0
264.61,5.0,3736,8,530.0,6.0,2,2237,1,1,3,277,20,3,3.0,23.0,1,0,0,0,5,7,0,0,1,0,0,0
208.18,4.9,2705,7,632.0,5.0,0,2742,0,1,5,636,78,35,5.0,20.0,0,0,0,0,2,6,0,0,0,1,0,0
47.57,4.2,3022,2,500.0,26.0,0,57,0,0,2,3093,269,191,1.0,18.0,0,0,1,1,7,3,0,0,1,0,0,0
128.47,3.9,2094,4,205.0,7.0,0,2070,1,0,2,4856,68,165,3.0,6.0,0,0,0,0,4,7,0,0,0,0,1,0
46.02,3.4,3924,5,255.0,38.0,1,1695,1,0,3,4446,437,151,2.0,0.0,1,0,0,1,6,5,0,0,0,1,0,0
192.27,4.1,1784,6,550.0,19.0,1,2005,0,1,1,1837,183,27,2.0,16.0,0,0,0,0,0,7,0,0,0,0,0,0
123.4,3.7,2234,2,661.0,9.0,0,998,1,1,1,2288,190,159,2.0,0.0,1,1,1,1,3,2,1,1,0,0,0,0
171.25,3.5,809,1,709.0,16.0,0,1645,1,1,2,3843,148,78,0.0,6.0,1,0,0,1,0,2,0,0,0,0,1,0
190.38,4.3,2738,2,701.0,4.0,0,1859,1,1,5,3743,130,80,1.0,23.0,0,0,0,0,5,6,0,0,0,0,1,0
124.35,3.8,3249,4,450.0,26.0,1,1168,1,0,3,1098,18,11,2.0,7.0,0,0,1,1,8,3,0,0,0,1,0,0
185.36,4.8,789,1,576.0,13.0,1,2590,0,0,5,1105,126,86,0.0,20.0,0,0,0,0,7,6,0,1,0,0,0,0
246.16,4.3,1756,6,417.0,24.0,0,1633,1,1,3,2157,275,20,2.0,10.0,1,0,0,1,6,4,0,0,1,0,0,0
106.53,2.7,1541,4,66.0,27.0,2,5,1,1,1,1415,120,95,1.0,0.0,0,0,0,1,3,9,0,1,0,0,0,0
246.58,3.8,515,2,107.0,22.0,2,1864,1,1,3,302,28,6,0.0,0.0,0,0,1,1,0,9,1,0,0,1,0,0
170.26,4.4,654,6,478.0,15.0,0,13,1,1,3,4262,622,179,1.0,2.0,1,0,0,1,2,5,0,0,0,0,0,1
132.87,3.2,1472,1,20.0,18.0,2,165,1,0,1,3818,307,268,1.0,0.0,0,1,0,1,0,4,0,0,1,0,0,0
245.29,5.0,4097,3,746.0,8.0,0,3366,1,1,5,3745,388,23,3.0,17.0,0,0,0,0,9,5,0,1,0,0,0,0
192.02,3.8,1039,2,312.0,20.0,0,1818,0,1,3,1581,200,90,3.0,16.0,0,0,0,1,7,7,1,0,1,0,0,0
215.51,4.4,4463,4,519.0,4.0,0,2514,1,1,2,3357,401,50,3.0,20.0,1,0,0,0,4,5,0,0,0,0,1,0
217.3,3.5,4226,5,391.0,14.0,0,1585,1,1,1,1089,116,26,2.0,11.988333333333333,0,0,0,1,3,6,0,0,1,0,0,0
143.72,4.2,1034,5,471.0,8.0,0,1543,1,1,3,614,57,20,3.0,0.0,0,0,0,1,9,4,1,0,1,0,0,0
140.94,3.5,0,1,336.0,22.0,1,265,0,1,2,640,69,26,4.0,0.0,0,0,1,0,0,8,0,1,0,0,0,0
124.91,4.0,0,4,355.0,22.0,1,867,0,0,1,3205,387,225,2.0,10.0,1,0,0,1,9,3,1,0,0,0,1,0
225.3,3.7,2699,3,657.0,18.0,0,4000,1,1,3,1073,49,32,5.0,3.0,0,0,0,0,0,0,0,1,0,0,0,0
167.78,5.0,1989,6,537.0,7.0,0,588,0,1,2,1410,131,91,5.0,24.0,1,1,0,0,1,1,0,0,0,0,0,1
163.79,4.9,1325,8,831.0,20.0,1,1641,1,1,3,4644,239,38,4.0,9.0,0,0,1,0,1,0,0,1,0,0,0,0
101.23,4.2,0,2,342.0,26.0,0,4000,1,0,3,3504,480,155,4.0,18.0,1,0,0,0,5,6,0,0,0,0,0,0
97.2,3.9,4964,3,310.0,15.0,2,485,1,0,2,2242,316,16,0.0,11.0,0,1,1,1,3,5,1,0,0,0,1,0
72.05,3.2,680,2,20.0,17.0,3,1122,1,1,4,4385,404,119,3.0,12.0,1,1,0,0,6,2,0,0,0,1,0,0
183.35,3.5,2019,4,268.0,25.0,1,150,1,1,1,4718,301,80,1.0,6.0,0,0,0,1,1,4,0,0,0,0,0,1
73.29,4.1,1925,1,286.0,11.0,0,1383,1,1,3,2437,207,138,2.0,5.0,0,0,1,0,0,1,0,0,0,0,0,0
322.06,3.5,1975,5,600.0,1.0,0,1776,1,1,1,3413,208,164,2.0,19.0,0,0,0,0,9,4,0,0,0,0,1,0
143.55,4.2,3483,2,434.0,20.0,0,5,0,1,4,632,77,44,3.0,12.0,0,0,0,0,6,4,1,0,0,0,0,1
102.47,4.8,2841,4,602.0,1.0,0,1596,0,1,3,3355,455,228,0.0,2.0,1,1,1,0,7,4,1,0,0,0,1,0
153.92,3.4,2410,4,181.0,16.0,1,1703,1,0,1,1730,139,94,1.0,10.0,1,0,0,0,4,4,0,0,0,0,0,0
145.75,2.5,2690,4,615.0,18.0,0,176,1,1,2,420,26,11,0.0,4.0,0,0,0,1,6,9,0,0,0,0,0,0
167.85,4.9,1757,8,700.0,4.0,0,1466,1,1,2,4910,531,391,2.0,25.0,0,0,0,0,0,4,0,0,0,1,0,0
42.26,4.2,2722,4,403.7255102040816,7.0,0,1917,1,1,4,1569,74,75,1.6757142857142857,6.0,0,0,1,1,3,9,0,0,1,0,0,0
178.35,4.2,239,5,492.0,1.0,0,1452,1,0,5,954,142,5,3.0,27.0,1,0,0,0,4,1,0,0,1,0,0,0
185.02,3.3,2428,4,475.0,8.0,0,267,1,0,4,2477,312,126,2.0,11.0,0,0,0,1,0,1,1,1,0,0,0,0
29.82,3.1,0,1,20.0,21.0,3,5,0,1,1,3311,230,92,0.0,1.0,1,0,1,0,8,8,0,0,1,0,0,0
5.0,3.9,1846,1,468.0,34.0,2,1111,1,1,2,4912,85,317,0.0,15.0,0,1,0,0,1,0,0,0,0,0,0,1
170.3,3.6,2204,3,308.0,8.0,1,5,1,1,1,2181,258,112,1.0,13.0,0,0,0,0,1,7,0,0,0,0,1,0
69.64,2.9,0,4,20.0,25.0,2,5,1,0,1,4060,203,292,2.0,1.0,0,0,0,1,1,5,1,0,0,1,0,0
277.01,3.2,879,6,370.0,10.0,1,1381,1,1,2,3774,416,77,2.0,18.0,0,0,0,1,8,7,1,0,0,0,0,1
81.36,3.0,1145,3,283.0,12.0,0,948,1,0,2,1911,99,64,2.0,11.0,0,0,0,0,9,0,0,0,0,1,0,0
191.5,4.6,4539,3,508.0,14.0,0,869,1,1,4,3149,247,191,4.0,20.0,1,0,0,1,0,2,1,0,0,0,0,1
49.54,3.6,684,1,20.0,26.0,1,112,1,0,2,1739,218,78,0.0,6.0,0,0,0,1,7,8,1,0,1,0,0,0
120.92,3.4,0,2,716.0,14.0,1,2103,1,0,1,4806,380,277,3.0,16.0,0,0,1,1,2,3,0,0,0,0,0,1
246.45,3.9,0,5,318.0,15.0,0,1686,1,1,4,2765,181,124,1.0,7.0,0,0,0,0,6,8,0,0,0,0,0,0
114.21,2.4,0,2,20.0,28.0,2,1014,0,0,1,2890,214,61,0.0,0.0,1,0,0,0,6,8,0,0,1,0,0,0
122.61,3.8,40,4,167.0,13.0,1,299,0,0,2,815,27,54,3.0,10.0,0,0,1,0,5,8,0,0,0,0,0,0
158.2,4.0,0,4,326.0,14.0,0,5,1,0,3,1729,194,44,0.0,6.0,0,0,1,0,0,7,0,0,0,1,0,0
173.46,4.5,760,4,279.0,18.0,1,1648,1,1,2,4323,516,166,2.0,11.988333333333333,0,0,0,1,3,0,0,0,0,1,0,0
249.51,4.4,1446,4,378.0,20.0,0,2649,1,1,5,2640,222,157,4.0,28.0,0,0,0,1,0,7,1,0,0,1,0,0
169.93,4.9,2529,5,71.0,19.0,1,881,1,1,3,4741,223,99,4.0,15.0,1,0,0,0,9,8,0,0,0,1,0,0
85.46,3.7,0,3,529.0,21.0,0,1296,0,1,3,758,25,20,2.0,10.0,1,0,0,0,0,4,0,0,0,1,0,0
201.19,4.4,2145,2,638.0,9.0,0,5,1,1,2,3452,184,219,1.0,11.0,0,1,0,1,3,3,1,0,1,0,0,0
123.65,3.4,899,1,320.0,30.0,2,2330,1,0,1,1421,33,18,0.0,0.0,1,0,1,1,5,5,0,1,0,0,0,0
5.0,3.0,255,3,193.0,20.0,0,5,0,0,3,424,35,15,3.0,15.0,0,0,0,1,9,1,0,0,0,1,0,0
137.64,3.6,0,2,291.0,16.0,4,1376,1,0,2,1998,81,157,0.0,0.0,0,0,0,1,2,6,1,0,1,0,0,0
211.03,3.5,1015,4,544.0,19.0,1,3049,1,1,3,3660,60,100,3.0,12.0,0,1,0,0,0,3,0,0,0,0,0,1
241.15,4.1,3115,4,192.0,14.0,0,3293,1,1,2,408,25,5,3.0,17.0,1,0,1,1,8,6,0,0,0,1,0,0
74.28,4.2,0,6,240.0,6.0,1,1542,1,0,2,4729,489,256,1.0,1.0,1,0,0,0,5,1,0,1,0,0,0,0
76.43,3.5,3122,5,331.0,14.0,2,5,0,1,4,334,32,12,0.0,14.0,0,1,1,1,6,0,0,0,0,0,0,1
205.31,3.7,384,2,20.0,23.0,0,731,0,0,2,3675,200,260,1.0,0.0,0,0,0,1,1,6,1,1,0,0,0,0
80.29,2.6,0,1,20.0,15.230456852791878,3,5,1,0,1,3215,333,243,0.0,3.0,1,0,0,1,3,9,0,0,0,1,0,0
395.32,4.9,6141,7,832.0,3.0,0,2012,1,1,4,221,29,16,1.0,12.0,0,0,0,0,7,2,0,0,0,1,0,0
103.3,4.3,0,5,368.0,26.0,2,629,1,1,3,983,81,46,2.0,15.0,1,0,0,1,3,1,0,1,0,0,0,0
223.01,4.2,4756,5,136.0,3.0,1,2065,1,0,1,3892,562,144,2.0,11.988333333333333,0,1,0,0,6,1,0,0,1,0,0,0
195.88,4.4,5043,6,548.0,1.0,0,1830,0,0,4,4602,620,352,5.0,10.0,0,0,0,0,5,0,0,1,0,0,0,0
105.37,3.0,4449,1,250.0,24.0,0,403,0,1,1,3786,428,257,0.0,11.0,0,0,0,1,4,2,1,0,0,1,0,0
219.8,4.1,1184,3,569.0,24.0,0,2137,1,1,3,3414,223,149,5.0,26.0,0,0,1,0,6,5,0,0,0,1,0,0
255.97,3.2,2387,4,170.0,21.0,2,1939,1,0,2,4592,135,155,2.0,11.0,0,0,0,0,6,0,0,0,1,0,0,0
5.0,4.7,2666,5,843.0,18.0,3,5,1,0,5,4655,541,120,2.0,11.988333333333333,1,0,0,1,8,5,0,1,0,0,0,0
44.5,4.5,0,3,162.0,25.0,0,2962,1,1,2,3338,416,188,1.0,5.0,1,0,1,1,5,6,0,0,0,0,1,0
103.83,4.0,0,1,231.0,27.0,1,919,0,0,3,3409,223,33,1.0,0.0,0,0,1,1,3,1,1,0,0,1,0,0
124.51,4.5,2714,3,514.0,28.0,0,2098,1,0,1,4833,117,101,1.0,0.0,0,1,0,1,0,1,0,0,0,0,0,1
51.89,3.9,2592,1,116.0,25.0,2,1097,0,1,1,4759,90,295,0.0,4.0,1,0,0,1,6,4,0,0,0,1,0,0
193.7,4.1,363,1,520.0,14.0,1,2045,1,1,2,599,69,7,2.0,1.0,0,0,0,0,1,0,0,0,0,0,0,0
104.53,4.1,3296,4,578.0,7.0,1,3683,1,1,2,3886,539,123,4.0,21.0,0,0,0,1,5,3,0,0,0,1,0,0
89.26,3.3,2393,6,20.0,23.0,2,1698,1,0,1,4220,184,299,0.0,1.0,0,1,0,1,9,5,0,0,1,0,0,0
261.53,3.9,1173,2,420.0,6.0,0,1373,1,1,2,1318,100,60,3.0,11.0,0,0,0,0,7,9,0,0,0,1,0,0
212.59,3.1,1721,2,609.0,18.0,0,2046,1,0,2,4423,98,219,2.0,26.0,1,0,0,1,3,6,1,0,1,0,0,0
139.16,4.3,1953,3,403.7255102040816,15.0,0,1211,1,1,1,426,19,26,2.0,4.0,0,0,0,0,1,6,0,0,0,0,0,0
31.93,2.6,3288,3,217.0,15.230456852791878,1,5,1,0,2,4740,91,56,1.0,2.0,1,0,0,0,2,3,0,1,0,0,0,0
229.67,3.3,0,6,302.0,40.0,0,2401,1,1,2,1443,202,60,3.0,12.0,0,0,0,1,7,5,0,0,0,1,0,0
66.92,4.0,5739,4,280.0,28.0,0,905,1,1,6,4374,366,157,4.0,12.0,1,0,0,0,6,7,1,1,0,0,0,0
28.26,2.8,743,2,431.0,5.0,1,3247,1,1,4,656,16,31,3.0,2.0,1,0,0,0,3,7,0,0,1,0,0,0
84.09,3.2,0,2,267.0,19.0,0,5,1,1,4,3798,112,133,2.0,17.0,1,0,1,1,4,3,1,0,0,0,1,0
247.87,3.8,4784,7,913.0,1.0,1,2260,1,1,5,917,132,16,4.0,11.988333333333333,0,0,0,0,7,9,0,0,0,0,0,0
5.0,2.4,0,1,154.0,14.0,1,5,1,0,1,3823,413,166,0.0,10.0,1,0,0,1,9,2,0,0,1,0,0,0
174.62,3.8,3006,4,430.0,1.0,1,2024,1,1,3,2071,166,148,0.0,12.0,1,0,1,0,6,8,0,0,1,0,0,0
50.56,3.4,3433,2,222.0,13.0,0,5,1,0,3,2607,73,139,1.0,19.0,0,0,0,1,2,7,1,0,0,0,0,0
22.23,5.0,144,1,469.0,23.0,3,1842,1,1,3,4450,320,59,2.0,11.988333333333333,0,0,0,0,7,7,0,0,0,1,0,0
83.21,4.4,678,2,268.0,8.0,1,743,1,1,2,1772,169,29,0.0,7.0,0,0,0,0,3,3,0,0,1,0,0,0
131.89,4.5,2464,5,257.0,1.0,0,2549,1,0,3,1329,70,84,3.0,24.0,1,0,0,1,0,7,0,0,0,1,0,0
276.85,3.5,3636,6,474.0,13.0,0,2263,1,1,5,3798,561,280,5.0,21.0,1,0,0,0,2,4,0,0,0,0,0,0
195.16,3.9,1996,5,711.0,3.0,0,1967,1,0,3,2802,32,37,0.0,13.0,1,0,0,0,4,8,0,1,0,0,0,0
285.53,5.0,8543,8,824.0,1.0,0,4000,1,1,6,4174,345,107,5.0,17.0,1,0,0,0,0,2,0,1,0,0,0,0
5.0,3.7,0,1,451.0,34.0,0,1316,1,1,1,943,54,26,0.0,0.0,0,0,0,0,9,9,0,1,0,0,0,0
246.26,3.5,0,4,278.0,7.0,1,5,1,1,3,3902,221,246,2.0,7.0,0,0,0,0,8,1,0,0,0,0,1,0
27.06,3.3,0,2,136.0,17.0,0,1455,0,1,4,4508,448,164,0.0,9.0,0,0,1,1,7,6,1,0,0,0,0,0
184.62,4.2,5454,2,627.0,10.0,0,1989,1,1,1,2240,139,172,0.0,21.0,0,0,0,0,3,6,0,0,1,0,0,0
107.5,4.3,444,4,141.0,21.0,3,2263,0,1,4,2436,93,13,0.0,15.0,0,0,0,0,8,5,0,0,0,0,1,0
20.89,3.8,0,1,126.0,1.0,2,1250,1,1,4,2812,231,46,0.0,18.0,1,0,1,0,8,6,0,1,0,0,0,0
136.72,5.0,1276,5,748.0,13.0,0,1430,0,1,4,1125,117,73,2.0,30.0,0,0,0,1,4,7,0,0,0,0,1,0
219.68,4.0,1753,2,301.0,6.0,1,1230,1,0,5,4847,372,187,4.0,7.0,0,0,0,0,1,9,0,0,0,0,1,0
27.12,2.6,2656,2,94.0,1.0,3,1204,1,1,1,2435,342,43,0.0,5.0,0,0,0,1,7,9,0,1,0,0,0,0
147.77,4.5,1793,1,100.0,32.0,0,393,0,1,1,4120,348,162,1.0,3.0,0,0,1,1,8,9,1,0,0,0,0,0
135.51,4.8,3772,4,56.0,16.0,1,1429,1,1,3,4695,594,353,0.0,16.0,0,0,0,0,7,2,0,0,1,0,0,0
72.86,3.5,0,3,200.0,17.0,0,1811,0,0,1,1074,40,18,2.0,4.0,0,0,0,1,0,5,0,0,0,0,1,0
200.11,3.5,1384,5,515.0,21.0,0,5,1,1,3,743,57,31,0.0,3.0,1,0,0,0,2,9,0,0,0,1,0,0
33.84,3.5,619,1,330.0,41.0,1,5,0,0,2,3570,321,65,2.0,0.0,1,0,1,1,1,6,0,0,0,0,1,0
192.03,4.5,264,7,616.0,1.0,0,2950,1,1,4,4227,510,115,2.0,16.0,0,0,0,0,5,6,0,0,0,1,0,0
107.81,3.5,1957,5,352.0,14.0,0,2878,1,0,2,3569,90,59,2.0,19.0,0,1,0,0,1,1,0,0,1,0,0,0
164.38,3.7,2547,1,699.0,20.0,0,2102,1,0,1,4892,149,58,0.0,30.0,0,1,1,0,0,9,0,0,0,0,0,1
56.8,3.4,841,3,432.0,13.0,2,646,0,1,1,1458,151,49,3.0,13.0,1,0,0,0,3,1,0,0,0,1,0,0
161.27,4.5,2882,4,566.0,1.0,0,1004,1,1,2,1759,197,29,1.0,16.0,0,0,1,0,8,3,0,1,0,0,0,0
121.84,4.0,1533,1,298.0,7.0,1,2716,1,1,1,4763,650,118,0.0,6.0,1,0,0,0,4,3,0,0,0,1,0,0
130.68,4.1,0,3,20.0,19.0,0,761,1,1,4,1880,50,62,2.0,5.0,0,0,0,1,1,4,0,0,0,0,0,1
184.78,3.8,993,5,417.0,1.0,0,2450,0,1,2,510,49,23,4.0,5.0,0,0,1,0,3,9,0,0,0,0,1,0
146.95,3.0,865,3,385.0,15.0,1,838,1,1,1,224,32,14,2.0,1.0,0,0,0,1,8,2,0,0,0,1,0,0
118.1,3.7,693,2,227.0,24.0,1,1482,0,0,2,213,5,3,2.0,0.0,1,0,0,1,2,1,0,1,0,0,0,0
213.02,4.1,2674,3,504.0,1.0,0,2749,1,1,5,1985,179,29,4.0,2.0,0,0,0,0,4,9,0,0,1,0,0,0
193.87,3.6,5176,4,561.0,18.0,0,1812,1,1,2,912,70,24,0.0,20.0,1,0,0,1,7,0,1,0,1,0,0,0
118.14,3.3,0,3,425.0,36.0,0,5,1,1,1,3617,380,193,1.6757142857142857,7.0,0,0,0,0,9,5,0,0,0,0,0,0
110.16,3.6,2222,5,574.0,20.0,0,1523,1,0,5,4564,338,274,3.0,8.0,0,0,1,0,5,6,0,0,0,0,0,0
5.0,3.0,0,2,268.0,44.0,6,143,0,0,3,678,13,33,0.0,6.0,0,1,0,1,4,0,0,0,0,0,0,0
175.01,3.9,1810,9,872.0,18.0,0,3065,1,1,3,4636,609,256,2.0,22.0,1,0,0,1,9,5,1,0,0,1,0,0
144.5,3.978268041237113,2765,8,635.0,1.0,0,2156,0,0,3,665,95,49,3.0,18.0,1,0,0,0,2,8,0,0,0,0,0,1
295.92,4.8,0,7,326.0,23.0,0,3157,0,0,3,2105,124,82,3.0,3.0,0,0,0,0,3,5,0,0,0,1,0,0
116.09,4.1,3659,4,431.0,27.0,0,1745,1,0,1,4306,585,200,2.0,17.0,0,0,0,0,4,5,0,0,1,0,0,0
193.5,3.0,0,2,236.0,36.0,1,1779,1,0,3,4954,359,278,0.0,6.0,1,0,1,0,2,7,0,0,0,0,0,1
178.34,3.8,2851,1,283.0,21.0,0,5,0,0,2,4196,174,163,0.0,9.0,0,0,0,0,7,7,1,0,0,0,0,1
9.93,4.0,0,5,43.0,8.0,0,2289,1,1,2,4800,302,305,1.0,3.0,0,1,0,0,0,2,0,0,1,0,0,0
125.29,3.9,0,1,63.0,7.0,1,2202,0,1,2,1716,73,63,4.0,0.0,0,0,1,0,0,8,0,0,0,1,0,0
119.43,3.1,0,2,20.0,30.0,2,5,0,1,1,2157,232,89,0.0,8.0,1,0,1,1,1,0,0,0,1,0,0,0
224.36,4.7,3123,5,511.0,22.0,0,2593,1,0,3,402,30,16,2.0,0.0,0,0,0,0,8,2,0,0,1,0,0,0
96.86,4.0,357,3,487.0,22.0,2,265,1,0,1,1048,96,27,0.0,14.0,0,0,0,1,8,8,0,0,1,0,0,0
130.71,3.7,0,3,667.0,9.0,0,1151,1,1,1,3484,493,40,1.0,15.0,0,0,0,1,6,9,1,0,1,0,0,0
273.66,3.9,3120,6,503.0,2.0,0,4000,1,1,5,3068,328,120,5.0,19.0,0,0,0,0,7,6,0,0,1,0,0,0
241.28,4.1,1284,7,20.0,24.0,0,966,1,1,1,1662,91,54,1.0,21.0,0,0,1,1,9,9,1,0,0,0,1,0
139.98,3.4,0,4,383.0,1.0,0,1449,1,1,3,1512,88,103,0.0,10.0,1,1,0,1,7,5,0,0,0,0,1,0
306.75,2.9,0,4,443.0,4.0,1,908,1,0,3,3203,120,26,1.0,9.0,0,0,1,0,3,5,0,1,0,0,0,0
100.27,3.4,1368,3,387.0,29.0,0,742,0,0,3,3990,521,83,1.6757142857142857,22.0,0,1,0,0,1,9,0,0,0,0,1,0
64.94,3.5,0,2,696.0,19.0,0,870,0,0,2,76,1,2,1.0,19.0,0,0,0,0,0,0,1,1,0,0,0,0
191.93,4.9,1531,5,935.0,11.0,0,2027,1,0,3,2649,177,80,3.0,19.0,1,0,1,0,4,4,0,1,0,0,0,0
100.09,2.9,3204,4,354.0,22.0,1,1652,0,0,3,2990,94,44,0.0,0.0,0,0,0,0,4,9,0,1,0,0,0,0
140.8,4.9,3880,3,392.0,11.0,2,3643,0,1,2,1418,174,54,4.0,17.0,0,0,0,0,8,6,0,0,0,1,0,0
217.64,3.4,1110,3,20.0,20.0,2,5,1,1,1,3034,123,54,0.0,5.0,1,1,1,1,4,5,1,0,0,0,0,0
114.2,4.2,2421,4,214.0,25.0,2,3032,0,1,3,1474,96,45,0.0,1.0,1,0,0,1,3,8,1,0,0,0,1,0
147.79,3.9,180,4,639.0,5.0,1,2215,1,0,2,2975,289,233,0.0,7.0,0,0,0,1,5,0,1,1,0,0,0,0
151.01,4.2,2482,7,457.0,5.0,0,2918,1,0,3,1639,93,8,4.0,13.0,0,0,0,0,7,9,1,0,1,0,0,0
187.59,5.0,3902,4,551.0,23.0,0,1099,1,0,2,2284,186,90,4.0,7.0,0,1,0,1,5,6,0,0,0,0,1,0
78.67,2.9,0,7,590.0,12.0,2,266,0,0,3,434,10,5,0.0,16.0,0,0,1,1,0,4,1,0,0,1,0,0
5.0,3.3,1110,3,391.0,9.0,0,420,1,0,1,3304,228,226,0.0,0.0,1,0,0,0,3,4,1,0,0,0,1,0
31.87,3.5,0,5,304.0,13.0,1,5,1,0,4,395,52,20,1.0,17.0,0,0,0,1,7,6,0,0,0,0,0,1
82.34,3.7,2658,3,434.0,23.0,0,175,0,0,3,3524,201,49,3.0,11.988333333333333,1,0,0,1,3,1,0,0,0,0,0,0
158.16,3.7,1204,1,210.0,31.0,0,2549,1,1,3,2467,152,185,0.0,4.0,0,0,0,1,0,8,0,0,0,0,0,1
93.14,4.4,2218,3,399.0,24.0,2,2654,0,1,4,3225,73,225,0.0,14.0,1,1,0,0,1,3,0,0,0,0,1,0
99.35,3.7,838,4,130.0,24.0,1,5,0,0,2,2829,308,117,0.0,0.0,1,0,1,1,5,7,1,0,0,0,0,0
118.12,4.4,1170,4,229.0,13.0,2,1025,1,1,2,1471,26,61,3.0,11.988333333333333,1,0,1,0,6,7,0,0,0,0,1,0
188.34,5.0,0,5,349.0,1.0,1,2408,1,1,3,4825,353,238,4.0,28.0,1,0,0,0,2,2,0,0,1,0,0,0
282.64,5.0,3114,7,820.0,9.0,0,2386,0,1,4,1496,190,26,5.0,17.0,1,0,0,0,5,0,0,0,1,0,0,0
160.59,5.0,1526,9,342.0,1.0,0,2009,0,0,4,527,55,39,5.0,17.0,0,0,0,0,2,2,0,0,0,0,1,0
257.57,4.2,2357,1,335.0,4.0,3,2227,1,0,3,4540,144,248,0.0,18.0,0,0,0,1,7,9,0,0,1,0,0,0
86.31,3.2,0,1,273.0,33.0,1,62,0,1,2,352,9,3,2.0,12.0,1,0,1,1,7,4,0,0,0,0,1,0
75.97,4.4,576,5,376.0,22.0,2,357,1,1,4,4927,317,269,0.0,8.0,0,0,0,1,0,3,1,0,0,0,0,0
107.74,4.0,2903,2,191.0,10.0,1,809,1,1,3,3531,344,83,4.0,15.0,1,0,0,1,0,8,1,1,0,0,0,0
58.0,3.7,483,3,218.0,9.0,2,1508,1,1,4,4829,277,248,1.0,10.0,1,0,0,0,1,2,0,0,0,1,0,0
5.0,2.7,1770,1,355.0,14.0,0,150,0,0,3,3149,256,39,2.0,1.0,1,0,0,0,8,3,0,1,0,0,0,0
235.65,3.6,6289,4,403.7255102040816,1.0,1,3658,1,1,3,3467,401,86,5.0,23.0,0,1,0,1,8,2,1,0,0,1,0,0
319.3,4.6,706,1,403.7255102040816,11.0,0,624,1,0,4,3161,82,217,1.6757142857142857,12.0,0,0,1,1,4,4,0,0,0,0,1,0
133.09,3.6,1804,3,391.0,9.0,0,866,1,1,3,298,44,7,1.0,0.0,1,0,0,1,1,7,0,0,0,0,1,0
144.16,3.8,1860,4,40.0,19.0,0,3224,1,1,4,4225,588,112,0.0,9.0,0,0,0,1,9,8,0,0,0,0,0,1
139.28,3.5,967,5,454.0,12.0,0,841,1,0,2,1987,54,74,1.0,19.0,0,0,0,0,3,1,0,0,0,0,1,0
156.27,4.8,0,8,492.0,13.0,0,3238,1,1,3,1341,75,68,2.0,5.0,0,0,0,0,9,1,0,0,1,0,0,0
216.25,5.0,4843,5,862.0,1.0,0,3170,1,1,6,3760,310,113,3.0,28.0,1,0,0,0,6,1,0,0,0,1,0,0
128.02,3.6,0,5,39.0,48.0,0,5,1,0,2,781,40,55,3.0,26.0,0,0,0,0,5,4,0,0,0,0,1,0
195.94,3.8,2703,5,385.0,4.0,0,2331,1,1,4,484,37,2,3.0,16.0,1,0,0,0,6,5,0,0,0,1,0,0
121.02,4.8,3407,1,86.0,1.0,0,1191,1,0,3,838,105,6,3.0,28.0,0,0,0,0,0,6,0,0,1,0,0,0
212.86,4.8,0,4,397.0,15.0,1,924,1,0,1,1221,63,94,2.0,20.0,0,0,0,0,6,0,0,0,0,0,0,1
148.27,3.9,1007,3,447.0,2.0,2,1100,0,0,2,2567,301,100,1.0,11.988333333333333,1,0,0,1,1,4,1,0,0,0,1,0
5.0,3.0,0,5,148.0,16.0,3,5,0,1,3,1359,16,36,2.0,3.0,0,0,0,1,2,2,0,1,0,0,0,0
149.61,3.6,745,1,20.0,28.0,2,1122,0,0,3,2266,214,26,0.0,3.0,0,0,0,0,8,4,0,0,0,0,1,0
185.98,4.3,498,3,140.0,31.0,0,1884,1,1,1,608,58,5,0.0,0.0,0,0,0,0,2,0,1,0,1,0,0,0
98.54,4.4,0,4,293.0,11.0,0,1249,1,0,1,806,66,51,1.0,7.0,1,0,0,0,4,4,0,0,0,0,0,0
5.0,2.2,0,1,62.0,15.230456852791878,2,5,0,0,1,3147,220,62,0.0,0.0,0,1,0,1,1,0,1,0,1,0,0,0
75.57,5.0,2277,5,167.0,15.0,1,1335,1,1,2,4757,181,74,2.0,10.0,0,0,0,1,8,8,0,0,1,0,0,0
16.54,3.0,0,1,463.0,30.0,3,5,1,0,1,1243,174,50,0.0,3.0,0,0,1,1,0,7,1,0,0,0,0,0
140.47,4.6,4747,4,167.0,4.0,1,2475,0,1,3,501,51,39,2.0,22.0,0,0,0,0,6,5,0,0,0,1,0,0
157.99,3.8,2814,4,372.0,11.0,0,1149,1,1,2,3063,62,209,0.0,10.0,0,0,0,0,9,0,0,0,0,0,0,1
216.88,3.9,1590,5,773.0,4.0,0,2760,1,1,2,68,7,4,2.0,20.0,0,0,0,1,2,1,0,0,0,1,0,0
162.45,4.1,0,1,426.0,12.0,1,645,1,1,3,820,36,63,3.0,12.0,1,0,0,0,9,3,0,0,1,0,0,0
170.1,3.5,3756,5,601.0,1.0,0,1221,1,1,1,3728,114,79,1.0,13.0,0,0,0,0,5,4,0,1,0,0,0,0
163.25,4.2,234,3,701.0,9.0,0,2709,1,1,5,1313,69,79,0.0,12.0,0,0,0,1,2,6,1,0,1,0,0,0
115.65,4.1,5709,5,415.0,1.0,2,2273,1,1,2,3708,508,185,1.0,21.0,0,0,0,0,4,1,0,0,0,0,0,0
233.99,3.6,1660,3,318.0,11.0,2,1694,1,0,1,324,28,9,2.0,1.0,0,0,0,0,7,6,0,0,0,1,0,0
257.67,4.6,3983,2,552.0,16.0,1,2596,1,1,2,2977,379,209,1.6757142857142857,8.0,1,0,0,0,1,9,0,1,0,0,0,0
124.04,4.1,6054,7,869.0,3.0,0,2404,1,1,4,2613,81,184,1.0,30.0,0,0,0,0,5,5,0,0,0,0,0,1
142.15,5.0,4749,4,572.0,15.230456852791878,1,3087,1,1,2,3443,430,75,1.0,5.0,0,0,0,1,4,1,0,0,0,1,0,0
188.77,3.7,4728,1,495.0,15.230456852791878,0,4000,1,1,5,4384,446,242,1.0,8.0,0,0,0,0,1,3,0,0,0,1,0,0
174.45,4.3,146,4,485.0,10.0,0,1834,1,0,4,2798,277,40,2.0,14.0,0,0,0,0,2,9,0,0,0,0,0,0
203.49,4.8,4487,5,785.0,1.0,0,2826,1,1,4,1280,125,6,4.0,13.0,0,0,0,0,8,2,1,0,1,0,0,0
182.55,4.8,4406,3,317.0,3.0,0,1420,0,1,2,2407,171,74,3.0,12.0,0,0,0,0,7,9,0,0,0,0,0,0
318.66,4.4,2343,4,470.0,13.0,0,1348,1,1,5,2539,50,171,3.0,9.0,0,0,0,0,7,1,0,0,0,1,0,0
105.63,3.4,0,5,48.0,25.0,1,5,1,1,3,4916,424,86,0.0,11.988333333333333,0,0,0,1,8,3,1,0,0,1,0,0
196.92,3.1,0,1,174.0,10.0,2,230,0,1,3,2637,109,91,3.0,12.0,0,0,0,1,4,5,0,0,0,1,0,0
105.19,3.9,0,3,345.0,30.0,0,5,1,0,1,3888,448,279,3.0,5.0,0,1,1,1,6,1,1,1,0,0,0,0
180.25,4.2,563,5,378.0,27.0,4,577,1,1,1,991,136,10,4.0,12.0,0,0,1,0,6,1,0,0,0,0,0,1
85.89,3.7,0,3,215.0,19.0,2,1373,1,1,3,695,25,45,3.0,2.0,0,1,0,1,1,3,1,1,0,0,0,0
101.67,3.978268041237113,1452,5,532.0,23.0,1,805,1,1,3,4631,62,322,1.0,5.0,0,0,0,0,4,2,0,0,0,0,0,1
196.59,4.9,3013,6,541.0,1.0,1,2674,1,1,4,1323,134,55,5.0,19.0,1,0,0,0,2,5,0,0,0,0,0,0
102.85,3.6,2745,3,501.0,13.0,0,1029,1,1,4,4525,195,189,3.0,6.0,0,0,0,0,9,9,0,0,0,0,0,1
173.43,4.4,4684,5,473.0,16.0,0,1560,1,1,3,2022,26,39,0.0,22.0,0,0,0,0,6,5,0,0,0,0,0,1
231.23,3.0,0,1,458.0,14.0,1,3208,1,1,1,2575,148,114,2.0,16.0,0,0,0,0,6,0,0,0,0,0,0,1
153.37,5.0,3970,3,783.0,16.0,2,1789,0,1,4,3573,204,51,2.0,7.0,0,1,1,1,2,7,0,0,0,0,0,1
98.95,2.3,0,3,403.0,15.0,3,1881,1,1,3,3805,257,152,2.0,0.0,1,0,0,1,9,2,0,0,1,0,0,0
233.47,5.0,2205,5,325.0,6.0,0,1236,1,1,3,881,109,19,3.0,20.0,0,0,0,0,8,1,0,0,1,0,0,0
190.99,4.3,1243,2,845.0,15.0,0,2464,1,1,2,652,70,9,3.0,35.0,0,0,0,1,7,0,1,0,1,0,0,0
160.86,3.9,2874,6,176.0,1.0,2,1307,1,0,1,2043,232,134,3.0,9.0,0,0,0,1,0,0,0,0,0,0,1,0
108.91,3.8,4438,2,485.0,15.230456852791878,1,5,1,0,2,4090,520,40,0.0,11.988333333333333,0,0,0,0,8,7,0,1,0,0,0,0
137.31,3.9,1816,5,217.0,16.0,1,1718,0,1,2,4450,632,83,0.0,11.988333333333333,0,0,0,0,5,0,0,0,0,1,0,0
79.27,3.6,0,4,516.0,4.0,2,1800,0,0,2,4026,553,224,2.0,0.0,1,0,0,1,5,7,0,0,0,0,0,1
254.53,5.0,1497,5,758.0,17.0,1,1460,1,1,5,1064,83,73,4.0,20.0,1,0,0,1,4,1,0,0,0,0,0,0
79.91,3.3,1471,1,200.0,20.0,0,5,0,0,4,258,12,17,1.0,4.0,0,1,0,1,6,7,1,0,1,0,0,0
273.11,3.8,2598,5,486.0,1.0,0,3044,1,1,6,1717,28,65,1.0,20.0,1,0,0,0,6,3,0,0,0,0,0,0
35.39,3.7,691,1,646.0,16.0,2,2048,1,0,2,1771,57,118,3.0,27.0,0,0,0,1,6,3,0,0,0,0,0,1
155.39,4.9,4191,3,245.0,28.0,1,1596,1,1,3,3845,134,215,2.0,13.0,0,0,0,1,2,5,0,0,0,1,0,0
175.29,3.2,0,2,347.0,2.0,2,457,1,0,1,1301,50,55,3.0,12.0,0,1,0,1,5,3,0,0,1,0,0,0
148.51,3.4,968,3,229.0,10.0,0,1872,1,0,2,4545,529,79,1.0,18.0,0,0,1,0,8,7,0,1,0,0,0,0
204.5,4.4,2507,7,606.0,9.0,1,2683,0,1,2,1078,60,59,1.0,18.0,0,0,0,1,5,6,0,0,1,0,0,0
126.36,4.2,0,1,409.0,29.0,0,986,1,0,1,880,66,6,1.0,16.0,0,0,0,0,0,4,0,0,1,0,0,0
181.6,4.4,4304,2,249.0,27.0,1,863,0,0,3,2003,71,89,3.0,15.0,0,0,0,0,7,4,0,0,0,0,1,0
144.92,2.6,1213,4,213.0,11.0,1,1476,1,1,1,662,35,43,4.0,12.0,0,0,0,0,5,0,0,0,0,0,0,0
78.48,4.1,1380,4,326.0,16.0,1,1926,1,1,4,4560,125,308,0.0,19.0,0,0,0,0,5,4,0,0,0,0,0,1
127.93,4.8,5093,4,403.7255102040816,9.0,2,2952,0,1,4,3454,513,259,3.0,20.0,1,0,0,0,1,5,0,0,0,0,1,0
141.64,3.0,1294,3,554.0,14.0,0,2178,1,1,3,4468,539,292,2.0,2.0,0,0,0,0,3,0,0,0,0,0,0,1
73.19,3.8,159,3,529.0,14.0,0,2519,0,0,2,84,9,5,0.0,15.0,1,0,0,0,8,5,0,0,0,0,1,0
138.86,3.9,2873,3,558.0,10.0,1,185,1,1,1,1797,236,53,1.0,8.0,0,0,1,0,7,7,0,0,0,0,1,0
193.89,3.8,0,1,537.0,1.0,3,1532,1,1,5,4011,501,171,1.0,25.0,0,0,0,1,2,6,0,0,0,1,0,0
156.21,2.9,615,1,277.0,24.0,0,2423,1,0,2,1574,141,71,2.0,3.0,0,0,0,1,7,9,0,0,1,0,0,0
204.99,3.3,3214,2,542.0,1.0,0,1000,1,1,4,3426,309,115,2.0,22.0,1,0,0,0,8,9,0,0,0,0,0,0
75.61,4.1,0,2,247.0,21.0,0,5,1,1,1,4077,334,102,0.0,11.0,0,0,0,1,5,4,0,0,1,0,0,0
139.59,3.3,0,1,341.0,9.0,2,2034,0,0,2,982,47,77,1.0,12.0,0,0,0,0,2,0,0,0,1,0,0,0
285.81,4.1,2806,5,507.0,30.0,1,3433,1,1,2,177,16,6,2.0,16.0,0,1,0,1,2,7,0,0,0,0,1,0
5.0,2.7,617,4,403.7255102040816,35.0,1,508,1,0,1,2359,303,62,1.0,2.0,0,0,1,1,0,6,1,0,1,0,0,0
232.1,4.5,591,3,591.0,6.0,1,653,0,0,4,2930,261,135,3.0,17.0,0,0,0,1,4,8,0,0,1,0,0,0
156.34,4.6,2701,1,856.0,9.0,0,4000,1,1,4,4888,625,219,1.0,12.0,0,0,0,0,8,0,0,0,0,0,0,0
209.93,3.3,1155,6,361.0,4.0,2,1576,1,0,5,3625,267,50,2.0,4.0,0,0,1,1,9,1,1,0,1,0,0,0
84.42,3.3,0,2,643.0,11.0,1,5,0,1,1,2143,65,32,1.0,6.0,1,1,1,1,2,6,0,0,0,1,0,0
253.64,5.0,3316,7,553.0,14.0,0,3885,1,1,5,701,65,53,5.0,17.0,0,0,0,0,1,6,0,0,1,0,0,0
178.74,3.978268041237113,3624,8,691.0,7.0,1,2068,1,1,4,2635,255,94,3.0,10.0,1,0,0,0,9,0,0,0,0,1,0,0
125.07,4.3,2682,1,469.0,20.0,0,469,0,1,2,369,7,22,2.0,9.0,0,0,0,1,4,4,0,0,0,1,0,0
67.76,4.0,3713,1,254.0,16.0,3,1148,1,0,3,375,37,17,2.0,15.0,0,0,0,0,7,4,0,0,0,0,0,0
61.3,4.0,266,3,465.0,49.0,2,1341,1,1,2,3303,237,170,0.0,14.0,0,0,0,1,1,6,0,1,0,0,0,0
5.0,4.1,0,3,427.0,20.0,1,965,0,1,4,1248,50,56,0.0,10.0,0,0,0,1,2,0,1,0,0,1,0,0
83.06,4.0,0,4,225.0,16.0,1,1792,1,0,3,496,40,22,1.0,3.0,1,0,0,0,3,1,0,0,0,1,0,0
165.17,4.1,2272,1,809.0,6.0,0,913,1,0,3,766,91,36,1.0,0.0,1,0,0,0,0,3,0,0,1,0,0,0
160.64,2.9,0,2,516.0,10.0,0,35,1,0,3,4114,419,64,4.0,14.0,1,1,0,0,1,6,0,1,0,0,0,0
81.27,3.6,3313,1,420.0,32.0,0,1641,1,0,2,743,89,39,0.0,18.0,0,0,0,0,6,1,0,0,0,0,0,1
275.73,4.5,0,3,191.0,22.0,1,2078,1,1,1,711,90,13,0.0,3.0,0,0,0,1,4,4,1,0,0,1,0,0
5.0,2.6,0,1,345.0,45.0,3,5,0,1,2,4953,566,383,0.0,0.0,0,1,1,1,5,5,1,0,0,0,1,0
147.08,4.8,0,4,536.0,10.0,0,2791,0,1,2,4882,428,172,2.0,25.0,0,0,0,1,3,4,0,0,0,0,0,1
168.87,3.7,487,1,167.0,22.0,3,466,1,1,2,4810,209,227,0.0,0.0,0,0,0,0,9,4,0,0,0,1,0,0
176.53,4.1,5091,6,515.0,7.0,1,2284,1,1,3,791,85,52,5.0,13.0,0,0,0,0,5,0,0,0,0,0,0,0
189.72,4.7,0,1,606.0,22.0,0,2141,1,0,3,3327,89,190,3.0,10.0,0,0,0,1,9,6,0,1,0,0,0,0
104.28,3.6,1571,1,20.0,23.0,2,107,1,1,1,910,72,6,2.0,16.0,1,0,1,0,2,0,0,0,1,0,0,0
163.05,3.8,364,1,433.0,31.0,2,444,1,0,1,838,20,67,1.0,3.0,1,1,0,1,1,5,0,0,0,0,0,0
244.19,4.9,5012,4,403.7255102040816,11.0,0,1484,1,1,4,4950,51,114,3.0,10.0,0,0,0,0,5,4,0,0,0,0,1,0
103.51,4.1,5844,5,526.0,1.0,0,2196,1,0,3,2207,181,115,3.0,28.0,1,0,0,0,4,3,0,0,0,0,1,0
133.12,4.0,1551,1,432.0,20.0,0,2247,0,0,2,4382,571,270,1.0,0.0,0,0,0,0,0,1,0,0,1,0,0,0
168.79,2.9,0,2,34.0,25.0,1,5,0,1,2,4445,161,104,0.0,0.0,1,0,1,0,8,2,0,0,1,0,0,0
145.89,2.8,0,5,215.0,25.0,2,1743,1,0,1,4209,369,217,1.0,0.0,0,0,0,0,7,0,0,1,0,0,0,0
241.55,4.5,3767,3,275.0,14.0,0,1244,1,0,1,3171,261,231,0.0,9.0,1,0,0,1,6,8,0,1,0,0,0,0
194.22,3.6,233,3,621.0,13.0,0,181,1,1,3,4149,448,182,0.0,10.0,0,0,0,0,8,3,0,0,0,0,0,0
112.37,4.4,1879,2,289.0,1.0,1,1250,1,0,2,723,44,38,0.0,14.0,1,0,0,1,2,3,1,0,1,0,0,0
226.62,4.2,0,4,403.7255102040816,14.0,1,1649,1,1,1,2376,300,48,4.0,11.0,1,1,0,1,4,0,0,0,0,0,1,0
62.37,4.0,2150,2,104.0,15.0,0,819,0,1,3,3350,102,140,0.0,7.0,1,0,0,0,8,4,0,0,0,1,0,0
5.0,3.3,865,3,403.7255102040816,43.0,0,412,1,1,4,4107,224,306,0.0,3.0,0,0,0,0,3,4,0,0,0,0,0,1
168.55,3.6,941,3,436.0,8.0,0,1407,1,1,1,627,81,21,3.0,11.988333333333333,0,0,0,1,4,1,1,0,0,1,0,0
67.02,3.7,481,5,216.0,2.0,2,123,0,1,1,3347,106,230,0.0,0.0,0,0,1,1,3,8,0,0,0,0,0,0
279.52,4.1,1040,6,562.0,1.0,0,136,1,1,4,4076,279,224,1.0,22.0,0,0,0,0,3,8,0,0,0,1,0,0
112.7,4.8,2175,5,408.0,6.0,1,2114,1,1,5,2397,181,120,1.0,8.0,0,0,0,1,0,8,0,0,1,0,0,0
185.04,4.3,903,4,545.0,21.0,2,2885,1,1,4,724,49,54,2.0,16.0,1,0,0,0,3,8,0,1,0,0,0,0
107.72,4.4,1200,3,237.0,3.0,0,1474,1,0,2,4946,218,216,1.0,0.0,0,0,0,1,4,4,0,0,1,0,0,0
118.36,3.978268041237113,141,2,20.0,31.0,1,2270,1,1,1,882,127,13,0.0,5.0,0,1,0,1,1,3,1,0,1,0,0,0
204.58,2.9,1285,3,773.0,17.0,1,205,1,1,2,3715,277,130,0.0,0.0,1,1,1,0,0,0,0,1,0,0,0,0
137.7,3.6,1985,2,275.0,33.0,2,1368,1,0,1,903,70,32,0.0,0.0,1,0,0,1,5,6,1,0,0,0,0,0
125.94,3.5,0,2,365.0,20.0,1,5,0,1,1,1737,233,58,0.0,19.0,0,0,0,1,8,5,0,1,0,0,0,0
241.41,4.4,2862,5,166.0,21.0,0,1436,0,1,2,1599,157,96,4.0,6.0,1,0,1,1,7,9,1,0,1,0,0,0
244.13,4.4,2553,8,635.0,1.0,0,1564,1,1,2,3172,234,194,0.0,27.0,1,0,0,0,8,7,0,0,0,0,0,0
195.57,3.9,4340,4,639.0,7.0,0,2269,1,1,2,3079,75,167,2.0,20.0,0,0,0,0,9,7,0,0,0,0,0,0
172.88,4.3,203,3,354.0,25.0,2,1207,1,1,4,717,74,35,2.0,22.0,1,0,0,0,8,0,0,0,1,0,0,0
172.84,3.7,1730,3,698.0,19.0,0,2999,0,1,4,3428,136,85,3.0,5.0,0,0,0,0,0,2,0,0,0,1,0,0
184.09,4.3,2398,3,197.0,17.0,0,460,1,0,2,4984,214,141,3.0,9.0,0,0,0,0,8,3,0,0,1,0,0,0
300.08,5.0,6477,5,567.0,15.230456852791878,0,2768,1,1,4,3023,199,224,3.0,25.0,1,0,0,0,3,0,0,0,0,0,0,0
34.28,3.0,4532,1,255.0,5.0,1,387,1,0,2,4285,508,159,0.0,0.0,0,1,0,1,7,9,0,1,0,0,0,0
6.52,4.1,3994,1,262.0,16.0,3,5,1,1,3,4617,446,68,1.0,5.0,1,0,1,0,9,5,0,0,0,0,0,0
145.18,4.6,292,1,115.0,17.0,2,1572,0,0,5,2655,347,61,0.0,0.0,0,0,0,0,4,2,0,1,0,0,0,0
5.0,3.4,704,4,206.0,13.0,1,2288,1,1,2,3640,116,243,4.0,16.0,1,0,0,0,4,1,0,0,0,0,0,0
128.27,3.9,242,1,616.0,14.0,0,3312,1,0,5,413,46,13,5.0,12.0,0,1,0,0,4,6,0,0,0,1,0,0
266.77,3.9,3104,6,232.0,1.0,0,519,1,1,5,4637,151,346,1.6757142857142857,25.0,1,0,0,0,3,1,0,0,0,0,0,0
56.65,4.0,1709,3,679.0,22.0,0,799,1,1,4,3083,440,153,1.0,10.0,0,0,0,1,9,6,1,1,0,0,0,0
59.85,3.3,432,3,269.0,8.0,3,49,0,1,2,3686,372,124,0.0,14.0,1,0,0,0,1,0,0,0,1,0,0,0
35.32,4.1,0,5,396.0,1.0,3,40,0,0,2,595,49,44,3.0,0.0,1,0,0,1,8,1,0,0,0,0,1,0
138.29,4.7,0,2,561.0,22.0,0,2850,1,1,4,685,14,12,0.0,11.0,0,0,0,0,3,2,0,1,0,0,0,0
70.16,3.3,72,1,175.0,14.0,6,851,1,0,1,1309,58,55,0.0,0.0,1,0,0,0,4,1,0,1,0,0,0,0
66.26,3.7,3056,1,284.0,17.0,0,5,0,1,3,622,57,24,2.0,6.0,1,0,1,1,8,1,0,0,1,0,0,0
5.4,2.3,2548,3,129.0,26.0,3,1306,0,1,1,2656,321,172,0.0,2.0,1,1,0,0,8,2,0,0,0,1,0,0
160.69,3.1,1570,7,105.0,3.0,0,538,1,1,3,2429,148,31,3.0,8.0,0,0,0,0,1,0,0,0,0,1,0,0
185.44,4.2,3590,3,457.0,9.0,0,186,1,1,5,126,13,2,1.0,15.0,1,0,0,0,6,6,0,0,0,1,0,0
129.01,4.5,0,1,490.0,15.0,0,1346,1,0,1,288,31,2,4.0,18.0,1,0,0,0,2,5,1,0,0,1,0,0
122.74,3.2,0,1,396.0,23.0,4,1369,1,0,1,4399,154,338,0.0,11.988333333333333,0,0,0,1,7,5,0,0,0,0,0,1
87.83,3.6,870,1,20.0,29.0,0,717,0,1,3,118,2,6,4.0,20.0,1,0,0,0,7,2,0,0,0,0,0,0
92.96,3.2,1988,1,794.0,29.0,2,2280,1,1,3,3530,520,131,0.0,15.0,0,1,1,1,7,7,0,0,0,0,0,1
135.31,4.5,2960,3,384.0,14.0,0,2266,1,1,3,4978,417,303,2.0,16.0,0,0,0,0,5,4,0,0,1,0,0,0
274.34,4.0,486,1,456.0,17.0,3,740,1,0,5,1716,159,121,0.0,18.0,0,0,0,0,1,0,1,0,0,0,0,1
98.7,3.5,0,5,356.0,17.0,1,670,0,1,2,1981,92,129,1.0,10.0,0,0,1,1,7,7,1,0,0,0,1,0
143.53,4.2,2305,3,697.0,9.0,0,947,1,1,3,4710,662,181,2.0,14.0,0,0,0,0,5,4,0,0,0,0,0,1
155.7,4.5,2638,2,239.0,24.0,0,1282,0,1,3,2700,71,136,2.0,12.0,0,0,0,1,6,8,0,0,0,1,0,0
175.16,4.3,3318,7,436.0,22.0,0,3473,0,1,3,3576,137,39,1.6757142857142857,7.0,0,0,0,1,1,2,1,0,1,0,0,0
63.32,4.2,3434,3,101.0,13.0,0,1475,1,1,5,4288,443,287,0.0,2.0,0,0,0,0,4,3,0,0,0,1,0,0
132.2,3.5,468,1,253.0,30.0,2,5,0,0,2,2863,222,60,1.0,7.0,0,0,0,1,5,2,0,0,0,0,0,0
273.72,3.9,1928,4,476.0,20.0,0,924,1,1,3,4957,507,337,1.0,11.988333333333333,1,0,1,0,3,4,0,1,0,0,0,0
5.0,3.1,0,4,393.0,38.0,2,718,1,0,3,191,2,14,3.0,0.0,1,1,0,0,5,0,0,1,0,0,0,0
78.2,3.6,2946,1,28.0,30.0,2,637,1,1,1,431,63,14,0.0,15.0,0,0,0,0,7,9,0,0,0,0,0,1
232.49,3.8,0,1,684.0,8.0,0,2025,1,1,1,2800,89,95,1.0,3.0,0,0,1,0,7,2,0,0,0,1,0,0
176.06,4.0,2335,5,60.0,12.0,0,2484,1,1,3,2989,230,216,1.0,5.0,0,0,0,0,9,0,0,0,0,1,0,0
133.22,3.4,0,2,224.0,17.0,3,52,0,1,3,4542,427,48,0.0,6.0,0,0,0,0,8,5,0,0,0,0,1,0
131.53,4.2,0,2,20.0,14.0,1,983,0,1,1,2357,70,136,1.0,11.988333333333333,0,0,0,1,7,3,1,0,0,1,0,0
285.66,3.4,0,4,291.0,15.0,1,199,1,0,4,3643,136,152,2.0,0.0,1,1,0,0,8,5,0,0,0,0,0,0
5.0,2.9,0,1,273.0,57.0,3,5,1,1,1,2754,39,107,0.0,7.0,0,0,1,1,0,7,1,0,0,0,1,0
187.96,4.5,854,1,402.0,4.0,0,746,0,0,2,4997,60,47,3.0,9.0,0,1,0,0,4,1,0,1,0,0,0,0
123.34,4.1,18,1,420.0,21.0,1,260,0,1,2,647,89,4,0.0,8.0,0,0,1,1,7,4,0,0,1,0,0,0
153.42,4.8,1760,2,505.0,44.0,0,1755,1,1,3,415,10,4,2.0,6.0,0,0,0,1,1,5,0,0,0,0,1,0
92.73,3.7,1658,2,218.0,6.0,2,2196,1,1,2,4773,357,129,1.0,9.0,1,0,0,0,1,8,0,0,1,0,0,0
135.66,3.9,4129,3,247.0,6.0,1,1486,1,1,1,1296,144,77,0.0,8.0,0,0,0,0,2,5,0,0,0,1,0,0
75.79,3.9,2812,3,112.0,20.0,0,1674,1,0,2,1241,120,58,0.0,27.0,1,0,1,0,3,3,0,0,0,0,0,0
116.9,3.7,864,4,298.0,11.0,0,2796,1,0,4,4743,452,107,3.0,11.988333333333333,0,1,0,0,5,0,0,0,0,0,0,0
43.31,4.0,0,1,236.0,13.0,0,669,1,1,1,737,7,31,2.0,11.988333333333333,0,0,0,1,4,5,1,1,0,0,0,0
37.88,3.7,5457,4,206.0,31.0,2,284,1,1,2,100,13,6,3.0,20.0,0,0,0,0,3,6,0,0,0,0,1,0
5.0,3.0,0,1,20.0,31.0,2,208,0,1,1,2240,310,80,0.0,6.0,1,1,1,1,8,2,0,1,0,0,0,0
204.58,4.1,2466,9,592.0,9.0,0,866,1,1,6,2267,166,95,4.0,28.0,1,0,0,0,2,8,0,0,1,0,0,0
265.58,4.6,3096,5,365.0,1.0,0,2042,1,1,4,3921,490,83,4.0,23.0,0,0,0,0,1,2,0,0,1,0,0,0
167.97,4.2,4051,6,392.0,1.0,0,839,0,1,3,389,27,16,3.0,26.0,0,0,0,0,0,8,1,0,0,0,0,0
195.03,4.2,0,5,251.0,28.0,1,5,1,0,2,99,8,1,2.0,5.0,0,0,0,1,5,2,1,1,0,0,0,0
105.85,3.8,1908,4,20.0,20.0,0,689,1,1,4,3883,347,285,2.0,11.0,0,0,0,0,5,5,0,0,0,0,0,0
158.99,4.0,0,1,445.0,7.0,1,526,1,0,3,319,17,16,3.0,9.0,1,0,0,0,5,3,0,0,1,0,0,0
248.16,4.3,0,4,412.0,12.0,0,533,1,1,4,1055,89,61,1.0,26.0,0,0,0,0,5,6,0,0,0,0,0,0
150.13,3.4,1687,3,51.0,16.0,2,2438,0,0,2,2239,117,82,2.0,0.0,0,0,0,1,7,3,1,1,0,0,0,0
181.02,4.5,1553,7,666.0,18.0,0,4000,1,1,3,684,93,50,4.0,2.0,0,0,0,0,3,6,0,0,0,0,0,1
5.0,2.2,907,4,59.0,25.0,3,549,1,1,2,812,104,37,3.0,17.0,0,0,0,1,3,4,0,0,0,0,1,0
76.5,4.5,2645,4,672.0,18.0,0,2805,1,1,2,4843,432,123,2.0,23.0,0,0,0,0,0,0,0,0,0,0,0,1
223.16,3.6,1348,3,654.0,3.0,2,1966,1,1,3,2480,211,50,0.0,19.0,1,0,0,1,4,8,0,0,0,0,0,1
227.39,3.8,929,8,399.0,6.0,0,581,1,1,1,346,49,11,1.0,7.0,0,0,0,0,6,0,0,0,0,0,0,1
303.39,3.3,7,4,357.0,8.0,1,3502,0,0,3,313,46,5,4.0,11.0,1,0,0,1,8,8,1,0,1,0,0,0
21.54,3.978268041237113,0,4,132.0,27.0,2,976,1,0,1,1710,98,99,1.0,9.0,0,0,0,1,6,7,1,0,0,1,0,0
136.11,3.7,2598,5,425.0,15.0,0,4000,0,1,3,2715,246,118,3.0,20.0,1,0,0,0,6,6,0,0,0,0,0,0
151.46,3.4,0,1,321.0,14.0,0,100,1,1,2,2653,147,198,1.0,17.0,0,0,0,1,2,4,0,1,0,0,0,0
76.09,3.9,2193,4,244.0,33.0,0,2236,1,0,1,1010,92,63,0.0,14.0,1,1,0,0,7,7,0,1,0,0,0,0
199.22,3.5,4648,3,384.0,20.0,3,296,1,0,2,2211,40,100,0.0,18.0,1,0,0,0,9,9,0,1,0,0,0,0
147.97,4.1,0,4,51.0,16.0,1,1043,0,0,2,1640,174,10,2.0,11.988333333333333,0,0,0,0,6,8,0,0,0,0,0,0
347.57,4.0,5067,3,484.0,4.0,0,2853,1,0,5,4491,462,293,1.6757142857142857,29.0,1,0,0,0,9,6,0,0,0,0,1,0
5.0,3.3,0,3,384.0,15.230456852791878,3,1553,1,1,1,3054,316,83,1.0,3.0,1,0,0,1,0,6,1,0,0,0,0,1
162.1,4.9,7308,5,711.0,1.0,0,3379,1,0,3,3530,106,100,3.0,24.0,0,0,0,0,1,4,0,0,0,0,1,0
98.58,3.6,0,1,329.0,18.0,0,1193,0,1,1,4639,349,173,0.0,29.0,0,0,0,1,5,7,0,0,0,0,0,0
205.12,3.4,1858,3,813.0,11.0,0,711,1,0,1,4679,257,371,2.0,5.0,0,0,0,1,7,8,1,0,0,0,0,1
212.9,4.0,3161,3,318.0,19.0,0,2099,1,1,2,2395,260,130,1.0,13.0,0,0,1,0,0,1,0,0,0,1,0,0
212.17,4.5,509,2,498.0,1.0,1,2479,1,1,4,1881,144,137,2.0,24.0,0,0,0,0,5,4,0,1,0,0,0,0
118.02,3.7,2042,5,591.0,23.0,2,2562,0,1,4,4490,248,355,0.0,1.0,0,0,0,1,7,4,1,0,0,0,1,0
114.64,4.1,3303,4,724.0,16.0,0,2244,1,0,3,493,49,27,2.0,14.0,1,0,0,1,2,0,0,0,0,0,0,1
200.25,5.0,3036,1,462.0,7.0,1,145,1,1,2,2259,96,86,2.0,9.0,0,0,0,0,0,3,0,0,1,0,0,0
127.01,3.8,228,2,165.0,31.0,3,207,1,1,1,899,40,45,1.0,12.0,0,0,1,1,3,9,1,0,0,0,0,0
293.33,3.6,2447,7,340.0,13.0,0,2086,1,0,2,3421,107,123,2.0,25.0,0,0,0,1,4,7,0,0,0,1,0,0
95.35,4.2,0,1,406.0,18.0,2,1231,1,1,4,2312,269,163,0.0,6.0,0,0,1,0,4,3,0,0,0,0,1,0
89.5,3.9,2550,5,449.0,4.0,0,1728,1,1,3,3217,139,140,0.0,10.0,0,0,0,1,9,8,0,0,1,0,0,0
96.65,4.4,0,3,260.0,9.0,3,168,0,0,4,3022,176,228,1.0,5.0,0,0,0,0,9,1,0,0,0,0,0,0
157.17,4.6,2211,3,810.0,26.0,1,1479,0,1,3,3119,302,161,0.0,13.0,0,0,0,1,6,5,0,1,0,0,0,0
219.58,4.6,164,4,454.0,32.0,0,496,1,0,4,1992,277,66,1.0,18.0,0,0,0,1,4,6,1,0,0,0,0,1
84.89,3.4,0,4,261.0,12.0,1,600,0,0,2,3189,372,105,0.0,13.0,0,0,1,1,1,1,0,0,0,1,0,0
139.66,3.9,2389,3,737.0,19.0,0,1089,1,0,1,2500,66,73,2.0,17.0,0,0,0,0,7,5,0,0,0,0,0,1
110.7,4.2,2876,5,780.0,31.0,1,731,1,1,5,1477,111,32,2.0,5.0,1,0,0,0,2,3,0,0,1,0,0,0
82.72,3.5,3357,2,288.0,16.0,3,5,0,0,1,4801,64,380,1.0,10.0,0,0,0,1,0,3,1,1,0,0,0,0
44.53,3.7,2039,3,480.0,18.0,1,568,1,1,1,2579,377,164,0.0,24.0,0,0,0,1,9,1,0,0,1,0,0,0
82.2,3.3,0,2,20.0,13.0,0,235,1,1,5,2015,213,25,1.0,4.0,0,0,0,0,0,9,0,0,0,0,0,0
37.86,3.978268041237113,1038,1,429.0,26.0,0,2076,1,0,1,4257,509,228,0.0,8.0,0,0,0,1,6,3,1,1,0,0,0,0
99.11,3.5,3039,2,411.0,32.0,1,5,1,1,2,2669,183,206,0.0,10.0,0,0,0,1,3,8,0,0,1,0,0,0
299.97,4.7,5670,8,748.0,6.0,0,1948,1,1,4,1774,223,88,2.0,21.0,0,0,0,0,9,0,0,0,0,1,0,0
5.0,3.8,2647,2,48.0,24.0,2,3666,0,1,1,769,55,20,2.0,7.0,0,0,0,1,3,4,1,0,0,1,0,0
191.82,4.5,1051,4,552.0,1.0,1,2517,1,0,1,3155,37,231,0.0,22.0,0,0,1,1,6,7,1,0,0,1,0,0
186.69,3.1,2302,5,304.0,8.0,0,110,1,1,3,3439,367,190,1.0,0.0,0,0,0,0,3,2,0,0,0,0,0,1
40.39,3.1,482,2,332.0,20.0,2,5,0,1,1,986,94,29,0.0,2.0,1,1,0,1,8,1,1,1,0,0,0,0
134.04,3.1,1384,1,454.0,20.0,2,55,0,1,1,1426,63,90,0.0,4.0,0,1,1,0,8,4,0,1,0,0,0,0
310.72,4.2,5645,6,806.0,4.0,0,4000,1,1,3,1463,198,55,2.0,11.988333333333333,0,0,0,0,9,8,0,1,0,0,0,0
63.62,4.9,3932,7,769.0,7.0,0,4000,1,0,1,4657,425,236,0.0,11.988333333333333,0,0,0,1,6,3,1,0,0,0,1,0
208.52,3.5,1490,4,249.0,19.0,2,1007,1,0,3,4676,355,368,0.0,20.0,0,0,0,0,6,6,0,0,1,0,0,0
112.36,3.7,0,3,176.0,8.0,1,1543,0,0,3,4127,284,145,0.0,13.0,1,0,0,0,2,3,0,1,0,0,0,0
77.62,4.5,1430,4,122.0,12.0,1,1954,0,0,5,4039,337,185,0.0,6.0,1,1,0,0,3,9,0,0,0,0,0,0
143.09,4.3,5451,4,856.0,1.0,1,4000,1,0,3,650,69,11,4.0,16.0,0,0,0,0,2,5,0,0,0,0,0,0
186.62,3.7,0,7,848.0,1.0,0,1477,0,1,2,2319,148,181,0.0,9.0,0,0,0,0,3,0,0,0,0,1,0,0
364.86,4.9,284,2,244.0,17.0,1,2620,0,0,2,2334,342,162,1.0,15.0,0,0,0,1,0,0,1,0,0,1,0,0
221.36,4.1,2854,6,732.0,1.0,0,1686,1,0,2,4490,121,170,2.0,18.0,0,0,0,1,3,1,1,0,1,0,0,0
175.62,4.1,2561,6,487.0,30.0,1,847,1,1,2,803,89,56,0.0,0.0,0,0,0,0,5,3,0,0,0,1,0,0
5.0,4.5,2422,1,437.0,8.0,0,190,0,1,3,1894,102,63,1.0,19.0,0,0,0,1,8,7,0,0,0,0,0,1
187.89,3.9,0,6,340.0,19.0,1,1637,1,0,5,4598,112,180,1.0,1.0,1,0,0,0,2,6,0,0,0,1,0,0
186.76,3.9,3336,1,464.0,2.0,1,1885,1,1,6,3561,524,47,0.0,16.0,0,0,1,1,2,1,1,0,0,0,1,0
206.78,2.8,2672,2,158.0,27.0,1,570,0,1,2,2365,39,152,1.0,17.0,0,0,1,0,4,3,0,0,0,1,0,0
5.0,3.4,0,1,212.0,23.0,2,1698,1,0,1,3821,357,292,0.0,8.0,0,0,0,1,4,1,1,0,0,0,0,0
79.73,3.5,2061,1,62.0,1.0,1,747,1,1,3,885,103,7,1.0,4.0,0,0,0,1,3,3,0,0,0,0,0,0
308.89,5.0,0,3,591.0,1.0,0,2668,0,1,5,2341,239,44,0.0,22.0,0,0,0,0,0,1,0,1,0,0,0,0
5.0,3.7,783,1,404.0,12.0,1,5,1,1,1,1867,69,126,1.0,0.0,1,1,0,0,6,1,1,0,0,0,1,0
74.37,3.9,2599,3,276.0,1.0,0,665,1,0,2,2846,296,33,3.0,0.0,0,0,0,1,8,4,0,1,0,0,0,0
282.21,3.6,2294,4,665.0,1.0,1,3293,1,1,5,4308,135,339,4.0,22.0,1,0,0,0,5,4,0,0,0,0,0,0
174.22,3.2,0,3,370.0,16.0,1,1474,1,0,3,1916,90,60,1.0,20.0,0,0,0,1,0,7,0,0,0,0,0,1
103.64,3.7,1609,2,368.0,15.0,1,5,0,1,3,2572,255,161,2.0,14.0,0,0,0,0,8,3,0,0,0,0,0,0
16.5,4.4,0,4,463.0,12.0,0,2044,1,0,2,4822,196,180,0.0,19.0,0,0,0,1,0,2,0,1,0,0,0,0
225.13,3.9,3082,1,562.0,1.0,0,1294,1,1,3,3811,99,256,2.0,28.0,1,0,0,0,9,6,0,0,0,0,1,0
221.24,4.5,5552,5,538.0,1.0,0,3811,1,1,4,2387,140,63,4.0,23.0,0,0,0,0,3,9,0,0,1,0,0,0
216.22,3.5,0,7,428.0,24.0,1,2058,0,0,1,109,3,4,4.0,3.0,0,0,1,0,3,7,0,0,0,1,0,0
104.17,4.4,811,5,498.0,21.0,2,549,0,1,1,2244,159,158,0.0,2.0,0,0,0,1,3,9,1,0,0,0,1,0
197.93,4.1,5164,2,334.0,17.0,0,3398,1,0,3,1784,22,59,3.0,0.0,1,0,0,1,3,4,0,0,1,0,0,0
139.03,4.0,2210,1,224.0,13.0,2,2116,0,1,2,1520,175,36,0.0,0.0,1,0,0,1,1,0,1,0,1,0,0,0
300.82,4.8,2900,5,248.0,8.0,1,992,1,0,2,2080,201,74,4.0,2.0,0,0,0,0,9,3,0,0,0,1,0,0
232.81,3.5,1083,5,543.0,24.0,2,2865,1,1,3,878,19,9,0.0,26.0,0,0,0,0,5,7,0,0,0,0,0,0
237.88,4.9,0,4,303.0,34.0,0,1877,1,1,3,2138,311,11,1.0,12.0,0,0,1,0,9,9,1,1,0,0,0,0
91.62,3.6,0,2,20.0,36.0,1,679,1,0,2,4471,493,68,0.0,0.0,0,0,0,1,3,4,0,0,0,0,1,0
151.03,5.0,0,5,512.0,1.0,2,2312,1,0,4,3420,254,222,0.0,22.0,0,0,0,0,8,4,0,0,1,0,0,0
191.65,3.3,1579,5,349.0,1.0,1,1419,0,0,2,3649,442,63,1.0,0.0,1,0,1,1,3,7,1,0,0,0,1,0
279.0,4.1,1600,2,90.0,9.0,1,1945,1,1,1,548,61,36,2.0,4.0,0,0,0,0,0,5,0,0,0,0,0,1
303.46,3.978268041237113,1886,5,804.0,20.0,2,2971,0,1,6,2588,361,77,3.0,5.0,0,0,0,1,8,1,0,0,0,0,1,0
263.7,5.0,2701,7,730.0,1.0,0,4000,1,0,5,3380,50,151,1.0,28.0,0,0,0,0,5,4,0,0,0,0,1,0
93.37,3.0,1897,2,20.0,35.0,3,545,0,0,2,1406,134,65,2.0,16.0,0,1,0,1,4,4,1,0,0,0,0,0
216.5,4.2,1206,1,608.0,38.0,1,3084,0,0,1,2255,62,120,0.0,16.0,1,0,0,1,9,8,0,0,0,1,0,0
12.24,4.5,0,1,556.0,13.0,0,448,1,0,2,605,76,14,0.0,0.0,0,0,0,0,9,8,0,0,1,0,0,0
5.0,3.3,0,6,20.0,23.0,0,1378,0,0,3,1705,35,24,2.0,3.0,0,1,0,1,8,2,0,0,0,0,0,1
213.54,3.8,941,8,784.0,17.0,0,757,1,1,2,4765,255,209,1.0,0.0,0,1,0,0,2,4,0,1,0,0,0,0
282.44,4.5,0,7,502.0,26.0,0,1290,0,1,3,1932,250,28,2.0,8.0,0,0,0,0,9,2,0,1,0,0,0,0
149.39,3.0,2108,6,219.0,8.0,0,907,1,1,4,1369,162,52,3.0,1.0,0,0,0,0,4,1,1,0,1,0,0,0
167.48,4.9,0,5,364.0,2.0,1,146,1,1,2,4013,320,60,2.0,4.0,1,0,0,0,0,0,0,0,0,0,0,1
148.96,4.1,2733,4,189.0,14.0,0,1618,0,1,2,3264,414,96,3.0,16.0,1,1,1,1,7,1,1,0,1,0,0,0
117.72,3.5,1051,2,20.0,18.0,1,100,0,1,1,1068,114,73,1.0,4.0,1,1,0,1,3,0,0,0,0,0,0,0
82.14,4.3,308,2,346.0,10.0,0,1208,1,1,5,1255,138,23,0.0,15.0,0,1,1,0,2,6,0,0,0,1,0,0
195.05,4.1,4373,2,623.0,6.0,1,5,1,1,4,4585,116,108,0.0,20.0,0,0,0,0,2,7,0,1,0,0,0,0
161.61,4.4,4428,4,493.0,9.0,0,1496,1,1,5,3985,82,259,3.0,10.0,0,0,1,0,0,7,0,0,1,0,0,0
137.16,4.1,324,3,468.0,2.0,0,2973,1,1,4,1928,126,31,3.0,28.0,0,0,0,0,3,0,0,0,1,0,0,0
5.0,2.7,0,1,239.0,33.0,2,951,0,0,1,2867,349,53,2.0,12.0,0,0,0,1,0,2,1,0,1,0,0,0
55.92,4.1,5703,3,152.0,9.0,3,681,1,1,1,72,2,4,5.0,11.988333333333333,1,0,0,0,6,4,0,0,0,1,0,0
191.38,3.8,2593,1,97.0,34.0,2,1341,1,0,2,4478,69,178,3.0,15.0,0,0,0,1,6,1,1,0,0,0,1,0
91.11,4.7,456,6,237.0,26.0,0,5,1,1,1,2352,123,128,1.0,0.0,0,0,0,0,3,6,1,0,0,0,1,0
53.6,3.8,0,1,532.0,26.0,1,5,0,1,1,3400,161,245,1.0,0.0,0,0,0,1,6,7,0,0,0,0,1,0
120.22,4.3,1821,2,403.7255102040816,18.0,2,1619,1,0,1,4360,214,149,0.0,13.0,0,0,1,0,4,7,0,1,0,0,0,0
112.88,4.2,0,3,458.0,27.0,0,2456,1,1,1,2384,208,122,1.0,14.0,1,0,0,0,5,4,0,1,0,0,0,0
91.02,4.9,2080,5,400.0,1.0,0,923,1,1,4,4575,82,310,5.0,17.0,0,1,0,0,8,1,0,0,0,0,0,0
152.98,4.0,2891,8,820.0,13.0,0,2111,1,1,4,2767,346,154,2.0,23.0,1,0,1,0,0,5,0,0,0,0,1,0
5.0,3.978268041237113,0,1,117.0,13.0,1,677,0,0,1,1264,127,71,1.0,0.0,1,0,0,1,6,4,0,1,0,0,0,0
93.12,4.8,5112,4,563.0,6.0,0,2312,1,1,1,810,46,57,1.0,23.0,1,1,0,0,8,1,0,0,0,1,0,0
67.04,3.2,56,4,364.0,18.0,1,925,1,1,2,3425,108,35,2.0,13.0,1,0,0,1,5,8,0,0,0,0,0,0
161.14,4.1,1392,6,214.0,19.0,0,5,0,1,4,1643,200,52,1.0,20.0,0,0,0,1,9,0,0,1,0,0,0,0
89.08,4.0,1487,6,579.0,11.0,0,825,0,1,4,1960,34,102,0.0,11.0,0,0,0,0,6,1,0,0,0,0,1,0
185.85,4.2,5470,6,592.0,1.0,0,1884,1,1,3,448,61,28,0.0,11.0,1,0,0,0,7,3,0,0,1,0,0,0
120.4,3.7,1066,3,577.0,14.0,3,1979,1,1,5,2546,272,69,2.0,12.0,0,1,0,0,0,2,0,0,0,0,1,0
153.65,4.9,6770,6,372.0,5.0,0,2081,1,1,3,2040,123,94,0.0,21.0,0,0,0,0,7,2,0,0,0,0,0,0
172.01,3.2,0,3,410.0,27.0,2,616,0,0,1,4687,184,126,2.0,14.0,0,0,1,1,7,0,0,0,0,1,0,0
69.3,5.0,1093,4,229.0,9.0,0,2886,1,1,4,3296,129,242,2.0,13.0,0,0,0,0,4,9,0,1,0,0,0,0
130.98,4.2,5901,4,396.0,20.0,0,1079,1,1,4,1764,226,30,1.0,11.988333333333333,0,0,1,0,6,7,0,0,0,0,0,0
14.63,3.9,1538,2,239.0,21.0,3,2101,1,1,2,418,27,5,0.0,14.0,0,0,0,1,7,9,0,0,0,0,1,0
212.1,5.0,3720,6,511.0,8.0,0,1389,0,1,3,1334,174,64,4.0,0.0,1,0,0,0,0,8,0,0,0,0,1,0
189.91,4.4,3264,4,552.0,16.0,3,4000,0,0,5,3512,257,68,0.0,7.0,0,0,0,0,3,2,0,1,0,0,0,0
205.86,3.8,1648,5,735.0,3.0,0,2899,1,1,5,4579,553,144,4.0,13.0,0,0,0,0,0,9,0,0,0,1,0,0
87.49,3.2,843,3,448.0,5.0,1,1579,1,1,4,1339,172,32,2.0,3.0,1,0,1,1,2,8,1,0,1,0,0,0
161.37,3.978268041237113,675,5,416.0,5.0,0,5,1,1,1,4113,522,185,1.0,14.0,0,0,0,1,3,4,0,1,0,0,0,0
237.5,5.0,6380,6,403.7255102040816,1.0,0,1699,1,1,2,4613,274,129,3.0,28.0,1,0,0,1,7,4,0,1,0,0,0,0
79.23,4.4,4278,3,688.0,19.0,1,1266,0,1,1,1344,53,16,1.0,15.0,1,0,0,0,0,0,0,0,0,0,0,0
144.26,4.0,3692,8,610.0,23.0,0,3504,1,1,2,678,34,47,1.0,7.0,0,0,0,1,0,2,0,1,0,0,0,0
55.85,3.8,698,2,475.0,8.0,2,5,0,1,2,3404,242,212,2.0,0.0,0,0,0,1,2,1,1,0,1,0,0,0
295.13,4.9,3484,6,249.0,1.0,1,846,0,1,3,2628,264,178,5.0,16.0,0,0,0,0,9,2,0,0,0,1,0,0
98.64,3.9,446,6,160.0,1.0,0,111,0,0,2,582,86,15,1.0,14.0,0,1,0,0,5,4,0,0,0,0,0,0
177.35,5.0,2367,6,420.0,16.0,1,1811,1,1,4,4122,471,185,5.0,21.0,0,0,1,1,0,6,0,0,0,1,0,0
5.0,2.6,0,3,126.0,18.0,0,1308,1,0,3,2888,190,198,3.0,6.0,0,0,0,1,7,0,1,0,0,0,0,0
66.44,4.3,897,5,384.0,1.0,0,2153,0,0,5,4922,49,91,0.0,8.0,1,0,0,0,9,7,0,0,0,0,0,1
5.0,3.9,885,2,242.0,4.0,1,1851,1,1,2,3427,53,201,1.0,0.0,0,0,1,1,9,4,0,0,0,1,0,0
151.07,3.9,1967,2,345.0,31.0,0,1402,0,1,1,520,58,34,5.0,8.0,0,0,0,1,1,9,0,0,1,0,0,0
122.53,3.7,4814,6,588.0,22.0,2,2081,1,1,4,3386,302,76,2.0,0.0,1,0,0,1,0,2,0,1,0,0,0,0
190.61,3.8,1270,4,359.0,13.0,0,2946,1,0,4,1023,96,11,2.0,15.0,0,1,0,0,1,4,0,1,0,0,0,0
211.96,4.2,3054,5,656.0,8.0,1,1581,1,1,1,3948,312,40,2.0,16.0,0,0,0,0,3,5,0,0,1,0,0,0
51.43,3.1,0,3,163.0,1.0,1,591,0,1,2,3798,274,73,0.0,15.0,0,1,0,0,1,5,0,0,0,0,0,1
84.16,4.0,0,2,138.0,18.0,0,2040,0,1,2,2018,82,146,0.0,11.0,1,0,0,0,5,1,0,1,0,0,0,0
121.51,3.9,894,9,29.0,1.0,2,1276,0,0,2,2845,235,23,0.0,5.0,1,0,0,0,8,2,0,0,1,0,0,0
124.14,3.4,453,3,490.0,8.0,0,4000,0,1,6,1649,129,127,3.0,8.0,1,0,0,0,0,5,0,1,0,0,0,0
165.09,4.3,3407,8,633.0,1.0,2,1992,1,1,6,3450,433,18,4.0,11.0,1,0,1,0,5,4,0,1,0,0,0,0
56.15,4.0,5819,1,734.0,1.0,1,1775,1,1,2,2074,278,37,3.0,3.0,0,0,0,0,9,3,0,0,0,0,0,1
145.23,3.2,2582,7,217.0,23.0,2,2473,1,0,5,1900,199,109,4.0,19.0,0,1,0,1,0,5,0,0,1,0,0,0
285.45,4.6,2163,4,636.0,26.0,0,4000,1,1,2,4673,638,315,3.0,12.0,0,0,0,0,8,1,0,0,1,0,0,0
157.2,4.0,1878,4,430.0,29.0,2,3692,1,1,5,3628,123,265,2.0,17.0,1,0,1,0,4,4,0,0,1,0,0,0
125.21,3.4,0,5,178.0,26.0,1,5,0,1,1,1003,36,40,0.0,5.0,0,1,0,0,0,0,0,0,0,0,1,0
146.18,4.2,2110,5,267.0,17.0,0,1063,1,1,2,3211,351,121,2.0,15.0,1,0,0,0,7,7,0,1,0,0,0,0
182.25,3.9,3478,3,511.0,7.0,0,5,1,1,2,2711,399,14,0.0,19.0,0,0,0,0,1,9,0,0,1,0,0,0
243.71,3.978268041237113,3180,5,537.0,21.0,0,864,1,0,3,819,9,29,3.0,5.0,0,0,0,0,0,5,0,0,0,1,0,0
289.34,3.8,1122,6,820.0,7.0,2,1885,1,1,4,2267,145,31,4.0,27.0,0,1,0,1,8,8,0,0,0,1,0,0
241.2,4.9,6364,6,752.0,3.0,0,1043,1,1,4,3981,115,121,3.0,18.0,0,0,0,0,3,8,0,0,0,0,1,0
229.47,4.5,1758,4,708.0,1.0,0,3265,1,0,5,4619,371,90,4.0,24.0,0,1,0,0,9,0,1,0,0,1,0,0
203.63,3.7,176,6,497.0,24.0,0,2046,0,1,3,260,37,17,3.0,1.0,0,1,0,1,0,3,0,0,1,0,0,0
70.45,4.7,2568,3,672.0,1.0,0,2612,1,1,3,2346,251,22,1.0,15.0,0,0,0,1,0,9,1,0,1,0,0,0
28.6,3.3,849,5,403.7255102040816,24.0,1,1467,1,1,1,4516,107,247,1.0,10.0,0,0,0,0,5,1,0,1,0,0,0,0
207.33,3.6,1176,6,320.0,10.0,0,1928,1,1,2,3735,385,250,1.0,14.0,0,0,0,0,7,0,0,0,0,0,0,0
105.18,3.2,0,2,289.0,30.0,4,5,1,1,1,3264,142,193,1.0,5.0,0,0,1,1,5,3,1,0,0,0,0,1
298.71,3.6,0,5,758.0,16.0,2,1129,1,0,6,1749,78,27,1.0,13.0,0,0,0,0,9,5,0,0,1,0,0,0
268.96,4.5,1293,7,541.0,17.0,0,623,0,1,3,74,5,2,3.0,11.988333333333333,0,0,0,0,2,0,0,0,0,1,0,0
289.66,4.3,2706,7,373.0,10.0,0,2074,1,0,4,2604,149,208,3.0,17.0,0,0,0,0,2,0,0,0,0,1,0,0
129.88,3.9,3882,8,427.0,1.0,0,1930,0,1,1,3894,312,309,3.0,14.0,1,0,0,0,9,1,0,0,0,0,0,1
303.86,4.1,4304,5,685.0,15.230456852791878,0,3470,1,1,6,899,133,34,2.0,3.0,0,0,0,1,0,1,0,0,0,1,0,0
204.13,4.6,2486,6,660.0,4.0,0,3169,1,1,2,1624,80,17,0.0,17.0,0,0,1,0,4,6,0,0,0,1,0,0
134.19,4.2,3271,3,578.0,26.0,0,5,0,1,3,403,10,17,4.0,23.0,1,1,0,1,3,7,0,0,0,0,0,0
93.61,3.4,0,1,262.0,18.0,2,1163,0,1,3,2098,87,71,0.0,7.0,0,1,0,1,9,4,0,0,1,0,0,0
213.89,4.3,2886,6,491.0,6.0,1,2545,1,1,4,2770,232,59,1.0,25.0,0,1,0,1,3,9,0,0,1,0,0,0
80.88,3.6,0,1,364.0,17.0,1,1781,1,0,3,2923,173,174,3.0,2.0,0,0,1,1,0,3,0,1,0,0,0,0
125.42,4.2,1284,3,464.0,13.0,3,5,1,1,3,4753,239,173,2.0,20.0,1,0,0,1,8,0,0,0,0,0,0,1
6.99,3.1,2593,3,447.0,13.0,1,1401,1,1,1,628,41,27,2.0,9.0,1,0,0,0,5,3,0,0,1,0,0,0
5.0,3.978268041237113,1899,2,310.0,20.0,0,588,1,1,1,4054,427,34,0.0,23.0,0,0,0,1,8,0,1,0,1,0,0,0
158.08,4.1,829,4,250.0,2.0,2,402,1,1,1,1379,102,63,1.0,19.0,0,0,0,0,5,4,0,0,0,0,1,0
111.29,3.7,475,3,315.0,15.0,0,756,0,1,1,3571,303,182,1.0,1.0,1,0,0,1,2,6,1,0,1,0,0,0
108.14,4.0,2550,3,20.0,16.0,1,1831,0,1,1,4071,607,313,2.0,0.0,1,0,0,0,0,7,0,1,0,0,0,0
228.14,3.1,0,1,256.0,28.0,1,11,1,1,2,4541,626,241,0.0,3.0,0,1,1,0,4,7,0,0,1,0,0,0
113.31,4.8,3513,2,395.0,18.0,0,3742,1,0,2,3419,363,73,1.0,22.0,1,1,0,0,3,1,0,1,0,0,0,0
207.97,4.1,1456,4,204.0,26.0,0,2226,1,0,5,4905,225,383,0.0,18.0,0,0,0,1,6,5,1,0,0,0,1,0
247.59,4.6,2943,3,1082.0,1.0,0,3451,1,1,4,3935,535,148,1.6757142857142857,9.0,0,0,0,0,6,2,0,0,1,0,0,0
191.67,3.4,767,3,608.0,9.0,0,5,1,1,1,3909,425,42,2.0,21.0,0,0,0,0,6,5,0,0,0,0,1,0
200.9,3.7,0,3,528.0,3.0,0,543,1,0,2,1313,139,62,0.0,0.0,1,1,0,1,4,9,0,0,0,1,0,0
119.57,4.7,0,4,557.0,23.0,0,2253,1,1,4,425,52,11,0.0,12.0,0,0,0,0,1,8,0,0,0,1,0,0
98.1,3.1,467,1,214.0,9.0,0,1259,1,1,3,2877,62,73,0.0,7.0,0,0,0,1,6,0,1,0,0,0,1,0
172.97,3.9,3896,3,131.0,11.0,2,3255,0,0,1,3722,134,121,1.0,17.0,0,0,0,1,8,2,0,1,0,0,0,0
261.89,4.0,927,2,388.0,1.0,0,758,1,0,3,3680,252,247,0.0,8.0,0,1,0,0,2,1,0,0,1,0,0,0
140.35,3.9,474,2,369.0,16.0,0,5,1,1,2,4977,199,327,1.0,6.0,1,0,0,0,1,1,0,1,0,0,0,0
69.28,4.5,874,5,305.0,6.0,1,3531,0,1,4,594,82,4,1.0,8.0,1,0,0,1,5,6,1,0,1,0,0,0
226.44,5.0,4535,6,719.0,1.0,0,4000,1,1,4,4886,345,122,3.0,10.0,0,0,0,0,4,5,0,0,0,1,0,0
55.36,3.7,0,2,327.0,19.0,0,1153,1,1,1,2925,59,15,0.0,8.0,0,0,0,1,8,5,0,1,0,0,0,0
55.9,4.1,4652,2,154.0,3.0,1,1958,0,1,2,956,124,42,2.0,17.0,1,1,0,0,7,6,0,0,0,0,0,0
184.13,3.9,2573,7,591.0,13.0,0,1363,1,0,2,2442,341,91,0.0,17.0,0,0,0,0,0,4,0,0,0,1,0,0
124.8,4.7,5226,3,51.0,15.0,0,2690,1,1,2,871,60,52,1.0,13.0,1,0,0,0,9,8,0,0,1,0,0,0
324.42,4.5,389,7,651.0,1.0,0,2538,1,1,4,59,3,3,0.0,17.0,0,0,0,0,6,2,0,0,0,0,0,0
202.0,3.7,2478,5,558.0,1.0,0,2339,1,1,5,3287,239,134,3.0,30.0,0,0,0,0,9,5,0,0,1,0,0,0
277.57,5.0,3314,5,934.0,7.0,0,4000,1,0,6,2368,195,39,4.0,36.0,0,0,0,0,2,9,1,0,1,0,0,0
222.91,4.8,3034,6,599.0,17.0,0,84,1,0,2,4255,66,337,3.0,0.0,1,0,0,0,7,9,0,0,0,0,0,0
277.84,5.0,2975,9,910.0,8.0,1,3721,1,1,4,2417,323,90,4.0,12.0,1,0,0,0,3,4,0,0,1,0,0,0
167.35,4.7,4746,5,599.0,16.0,0,2424,0,0,3,1232,115,63,3.0,0.0,0,0,0,0,1,7,0,0,1,0,0,0
60.08,4.5,1926,2,141.0,27.0,2,537,0,1,2,82,4,4,0.0,1.0,0,1,0,1,7,3,1,0,0,1,0,0
43.8,4.4,97,3,64.0,14.0,0,1336,0,0,5,1669,199,28,2.0,16.0,0,0,1,1,8,4,0,0,0,0,0,0
78.29,4.3,2127,5,293.0,10.0,3,236,0,0,2,4789,486,272,1.0,17.0,0,0,0,0,1,4,0,0,0,1,0,0
232.69,4.3,4353,2,593.0,10.0,0,2839,1,1,3,3592,105,50,2.0,13.0,0,0,0,1,0,0,1,0,0,0,1,0
203.38,3.8,0,2,57.0,9.0,0,483,0,0,2,1945,90,147,0.0,7.0,0,0,0,0,5,4,0,0,1,0,0,0
5.01,3.5,903,1,338.0,30.0,3,642,1,1,1,4754,205,112,1.0,3.0,1,1,0,0,1,1,0,0,0,0,0,0
82.87,4.4,2674,3,382.0,15.0,1,5,1,0,1,1382,161,25,1.0,13.0,0,0,0,1,5,5,1,0,0,0,0,0
302.53,3.9,326,3,469.0,23.0,2,675,0,1,4,548,58,24,1.6757142857142857,23.0,0,0,0,0,7,4,0,0,0,1,0,0
150.89,4.0,3982,4,722.0,31.0,0,2239,1,1,2,1057,46,50,2.0,25.0,0,0,1,1,9,5,0,0,0,0,1,0
66.35,3.7,0,3,686.0,21.0,1,2255,0,1,2,2022,69,140,0.0,2.0,1,1,1,0,8,0,1,0,0,0,0,1
85.95,4.2,960,2,452.0,31.0,1,225,0,1,1,2014,148,18,0.0,8.0,0,1,0,1,3,0,0,0,0,0,1,0
236.83,4.1,0,7,917.0,8.0,0,1289,0,1,4,647,37,24,0.0,0.0,0,0,1,0,9,9,0,0,0,1,0,0
232.62,4.9,3195,7,147.0,1.0,0,3924,1,1,3,236,33,17,0.0,19.0,0,0,0,0,2,9,0,0,0,0,0,0
131.12,3.8,76,4,341.0,34.0,0,1720,0,1,4,3549,102,166,2.0,7.0,1,1,1,0,4,9,0,0,1,0,0,0
196.73,4.4,407,4,403.7255102040816,12.0,3,2248,0,0,3,1359,28,55,0.0,25.0,0,1,1,0,8,8,0,0,0,0,0,0
141.17,3.4,2852,3,403.7255102040816,16.0,1,391,1,1,3,488,40,3,0.0,11.0,1,0,0,0,5,8,0,0,0,1,0,0
146.85,3.9,807,3,364.0,15.0,2,5,1,0,3,2966,104,128,1.0,0.0,1,1,0,0,1,5,0,0,0,0,1,0
259.69,4.4,3506,4,374.0,1.0,0,2199,1,1,5,1301,107,71,1.0,19.0,1,0,0,0,4,9,0,0,1,0,0,0
175.2,3.3,274,1,619.0,21.0,0,5,1,1,2,265,27,10,0.0,0.0,0,0,0,1,5,4,0,0,0,0,1,0
299.27,4.2,3836,6,537.0,1.0,1,1541,0,1,4,900,84,19,3.0,28.0,0,0,0,1,4,9,1,0,0,1,0,0
52.85,4.5,0,2,353.0,25.0,0,40,0,0,3,3386,455,31,1.0,2.0,1,0,0,1,7,3,0,0,0,1,0,0
191.82,3.6,4726,4,297.0,12.0,0,2213,1,0,4,2457,273,194,4.0,21.0,0,0,0,1,8,4,1,0,0,1,0,0
41.6,3.7,0,1,656.0,10.0,1,978,1,0,1,4383,454,334,1.0,11.988333333333333,0,0,1,0,5,3,0,0,1,0,0,0
116.68,4.8,2561,3,461.0,16.0,0,1508,0,1,2,3569,322,160,3.0,15.0,0,1,0,0,0,4,0,0,0,0,0,1
42.29,2.7,2379,3,366.0,29.0,1,1288,1,1,3,3168,414,37,0.0,13.0,0,0,1,1,1,7,0,0,1,0,0,0
154.27,3.4,1301,2,434.0,32.0,1,1922,1,1,4,1340,56,93,2.0,16.0,1,0,0,0,1,1,0,1,0,0,0,0
74.13,4.4,2480,1,393.0,16.0,0,2893,1,0,3,3779,444,213,0.0,6.0,1,0,0,1,7,5,1,0,0,1,0,0
195.91,3.7,4571,2,265.0,26.0,3,2491,1,1,3,198,17,2,0.0,16.0,0,0,0,1,9,6,0,0,1,0,0,0
113.52,3.4,0,2,635.0,21.0,2,468,0,0,1,3925,74,265,1.0,5.0,0,0,0,0,6,5,0,0,1,0,0,0
72.96,3.2,3523,1,190.0,9.0,1,582,1,0,3,2422,340,109,1.0,4.0,1,0,0,0,8,9,0,0,1,0,0,0
210.55,3.9,1774,3,34.0,1.0,1,2239,1,0,3,2677,230,173,1.0,10.0,1,0,0,0,6,5,0,0,0,0,1,0
37.72,3.5,0,4,423.0,16.0,1,2378,0,0,2,4440,76,152,1.0,11.0,0,0,1,1,5,5,0,0,1,0,0,0
161.58,4.9,3240,4,738.0,10.0,0,1707,0,1,1,4482,278,172,1.0,14.0,0,0,0,0,4,1,0,1,0,0,0,0
161.92,4.5,5609,4,403.7255102040816,2.0,1,64,0,1,2,3043,445,29,3.0,1.0,0,0,0,0,8,5,0,0,0,1,0,0
106.02,3.978268041237113,4037,4,452.0,38.0,3,229,1,1,1,3185,405,208,0.0,2.0,1,0,0,1,6,8,0,0,0,1,0,0
58.79,4.0,0,1,334.0,40.0,1,2253,0,1,5,509,16,17,0.0,16.0,0,0,0,0,5,9,0,0,0,0,0,0
189.33,2.6,2289,3,403.7255102040816,7.0,2,840,1,0,1,2269,324,101,3.0,22.0,0,1,0,1,2,1,0,0,0,0,0,0
94.51,4.3,2074,1,757.0,8.0,1,1705,1,1,2,2495,237,46,2.0,7.0,1,0,0,1,3,6,1,0,0,0,1,0
188.71,4.2,2155,3,403.7255102040816,1.0,0,1588,1,1,1,1654,214,26,2.0,4.0,0,1,1,1,4,6,0,0,0,0,0,0
145.89,3.1,0,4,109.0,39.0,1,5,0,1,3,1229,30,89,0.0,8.0,0,1,0,1,7,1,0,0,0,0,0,0
237.55,4.6,3132,6,716.0,2.0,0,1352,1,1,5,1436,121,93,4.0,14.0,0,0,0,0,7,5,0,0,1,0,0,0
40.94,4.4,3762,1,309.0,11.0,0,3359,0,1,5,3248,460,186,0.0,16.0,1,0,0,1,1,3,0,0,0,0,1,0
65.65,5.0,0,5,20.0,28.0,1,2528,0,1,1,1570,57,114,0.0,12.0,1,0,0,1,5,7,1,0,0,1,0,0
211.47,3.4,349,4,265.0,24.0,0,1541,1,1,1,425,32,13,3.0,0.0,0,1,0,0,7,7,0,0,0,0,0,0
232.25,4.7,3267,3,426.0,18.0,1,2934,1,1,3,4480,631,329,3.0,12.0,1,1,0,1,2,8,1,0,0,0,0,0
78.8,2.7,1754,1,20.0,31.0,2,343,1,0,4,3605,484,241,0.0,0.0,0,0,1,1,7,9,0,1,0,0,0,0
89.69,3.5,2619,5,302.0,6.0,2,261,0,0,4,4794,113,152,5.0,4.0,0,0,0,0,5,8,0,1,0,0,0,0
282.51,4.8,5355,7,498.0,1.0,0,2274,1,1,5,4418,84,96,3.0,21.0,1,0,0,0,1,4,0,0,0,1,0,0
41.4,3.8,0,1,20.0,26.0,1,1766,1,1,1,4196,287,180,0.0,6.0,0,1,0,1,5,8,0,0,0,1,0,0
5.0,3.2,5958,2,855.0,19.0,1,2512,1,0,2,2121,243,130,4.0,8.0,1,0,0,0,6,3,0,0,0,0,0,0
95.11,3.9,0,6,463.0,35.0,0,767,1,1,3,3147,220,210,0.0,12.0,0,0,0,0,4,4,0,0,0,0,0,1
25.52,4.3,0,3,368.0,32.0,2,1600,0,0,1,2883,211,169,0.0,14.0,1,0,1,0,3,9,0,0,1,0,0,0
187.37,4.6,1375,4,446.0,15.230456852791878,0,2392,0,0,1,3217,321,135,2.0,0.0,0,0,0,1,0,5,1,0,0,0,1,0
30.63,3.7,0,1,20.0,23.0,1,5,1,0,1,4610,331,71,3.0,15.0,0,0,0,1,7,7,0,1,0,0,0,0
137.87,5.0,924,1,321.0,14.0,0,744,1,0,3,2465,232,41,0.0,4.0,0,0,0,0,9,1,0,0,0,1,0,0
117.7,4.4,2949,5,150.0,25.0,1,1274,1,0,1,287,35,19,1.0,5.0,0,0,0,0,2,6,0,0,0,0,0,1
246.41,5.0,1708,4,217.0,1.0,0,3302,0,1,1,70,4,5,3.0,36.0,1,0,1,1,7,8,0,0,0,1,0,0
107.17,3.9,1588,2,63.0,17.0,0,113,0,1,1,4507,61,241,0.0,19.0,0,0,0,0,4,9,0,0,1,0,0,0
99.86,3.8,792,6,20.0,17.0,0,5,1,0,2,1416,88,56,0.0,16.0,0,0,0,0,1,3,0,0,1,0,0,0
226.93,4.3,1882,4,837.0,11.0,0,779,1,1,3,3038,383,67,5.0,21.0,0,0,0,0,4,8,0,1,0,0,0,0
14.14,3.1,96,1,20.0,32.0,2,711,1,1,2,2304,301,77,0.0,4.0,1,0,0,1,4,3,1,0,1,0,0,0
295.52,5.0,2256,4,930.0,12.0,0,4000,1,1,3,3182,283,197,0.0,4.0,1,0,0,0,4,5,0,0,0,0,0,1
242.41,3.7,2620,3,426.0,21.0,0,2053,0,1,4,4801,99,365,2.0,11.0,0,0,0,0,5,4,0,1,0,0,0,0
124.14,4.9,3906,6,20.0,13.0,0,2783,1,1,4,3713,331,170,3.0,16.0,0,0,1,0,3,0,0,1,0,0,0,0
155.24,4.0,3226,6,547.0,31.0,0,5,1,1,3,3776,426,196,1.0,20.0,0,0,0,1,0,7,0,0,0,0,0,1
175.77,4.0,2047,7,560.0,11.0,1,3757,1,0,3,2901,348,131,0.0,9.0,0,0,0,0,0,6,0,0,1,0,0,0
177.88,4.5,2996,4,272.0,1.0,0,1724,1,1,3,1989,203,45,0.0,16.0,1,0,0,0,2,2,0,1,0,0,0,0
174.48,3.9,2113,5,129.0,21.0,0,2563,1,1,5,660,18,7,3.0,12.0,0,0,0,0,2,3,0,0,0,0,0,0
197.61,4.9,0,2,76.0,5.0,0,2625,1,0,3,3633,415,254,5.0,17.0,1,0,0,0,7,8,0,0,1,0,0,0
154.55,3.8,740,1,514.0,13.0,2,2377,0,1,3,773,31,37,0.0,22.0,0,0,0,1,4,7,0,0,0,1,0,0
168.52,4.8,0,2,244.0,13.0,0,1770,1,1,3,3765,202,142,2.0,23.0,1,0,0,0,9,7,0,0,0,0,0,0
264.38,3.8,3804,5,605.0,28.0,0,1726,1,1,3,937,85,60,3.0,11.988333333333333,0,0,0,1,9,0,1,0,0,0,0,0
248.1,5.0,2817,5,503.0,4.0,0,1181,1,1,3,4240,166,246,2.0,19.0,0,0,0,1,1,6,1,0,0,1,0,0
130.6,3.0,57,4,110.0,26.0,3,5,0,0,1,4720,61,349,0.0,0.0,1,0,0,1,4,0,0,0,0,0,0,0
63.44,3.7,2702,3,590.0,9.0,0,2529,1,0,3,1852,272,78,2.0,1.0,0,0,0,0,7,0,0,0,0,0,0,0
276.69,5.0,3788,2,647.0,1.0,0,1748,1,1,5,4331,109,293,3.0,0.0,0,0,0,0,6,6,0,0,0,1,0,0
138.83,4.1,1587,7,20.0,1.0,0,1312,1,1,4,4340,272,73,3.0,8.0,0,0,0,0,2,4,0,0,0,1,0,0
47.09,4.1,3582,3,341.0,28.0,2,29,0,1,2,4568,587,104,0.0,2.0,1,0,0,0,7,0,0,0,1,0,0,0
354.96,4.0,6340,4,382.0,7.0,0,2747,1,1,3,4584,51,265,2.0,15.0,1,0,0,0,8,8,0,0,1,0,0,0
213.67,3.8,2770,3,318.0,28.0,1,1517,1,1,3,2389,161,31,1.0,0.0,0,1,0,1,3,8,0,0,0,1,0,0
177.32,4.7,2662,2,476.0,19.0,0,5,1,1,2,858,36,31,0.0,1.0,1,0,0,0,6,4,1,0,0,0,0,1
237.08,4.7,4212,4,665.0,8.0,0,1858,1,1,2,4284,192,55,1.6757142857142857,7.0,0,0,0,0,2,7,0,1,0,0,0,0
236.11,4.0,5067,4,553.0,6.0,0,2429,1,1,2,1074,135,73,4.0,20.0,0,0,0,0,6,3,0,0,0,0,1,0
187.3,4.4,1677,3,283.0,13.0,0,1825,1,0,5,1130,34,89,3.0,26.0,1,0,0,0,5,2,0,0,0,0,0,0
30.22,4.1,72,2,516.0,16.0,0,2786,1,0,2,669,15,14,0.0,4.0,1,0,0,0,9,5,0,0,0,0,0,0
207.41,4.3,3767,3,592.0,15.0,1,1508,1,1,2,4678,515,336,0.0,11.0,0,0,0,0,8,6,0,0,0,1,0,0
27.5,4.3,2188,2,366.0,7.0,0,745,1,1,2,3877,503,112,0.0,12.0,0,0,0,1,9,7,1,0,0,0,1,0
124.07,5.0,1933,3,1070.0,4.0,0,2132,1,0,6,4285,557,337,0.0,29.0,0,0,0,1,3,9,1,0,0,0,0,0
102.13,4.3,0,5,242.0,1.0,0,2046,0,1,1,4083,594,126,0.0,25.0,0,0,0,0,5,7,1,0,1,0,0,0
44.0,4.1,2594,4,54.0,32.0,1,1851,0,0,2,3567,294,27,2.0,0.0,0,0,0,0,6,2,0,0,0,0,0,0
106.6,3.9,974,1,20.0,17.0,0,1153,0,0,1,2676,51,138,1.0,23.0,0,0,0,1,9,7,1,0,0,0,1,0
189.44,4.6,2608,8,505.0,3.0,0,1096,1,1,4,4221,506,135,3.0,16.0,0,0,0,0,3,8,0,0,0,0,0,0
93.38,2.6,0,3,413.0,13.0,2,881,0,1,1,2390,101,125,1.0,8.0,0,0,1,1,9,5,0,1,0,0,0,0
89.21,3.7,738,3,20.0,10.0,1,231,0,0,1,1096,97,79,3.0,4.0,0,0,1,1,1,3,0,0,0,1,0,0
149.07,3.9,4128,3,363.0,1.0,0,2808,1,1,1,1552,38,112,3.0,11.988333333333333,1,0,0,0,0,1,0,0,0,0,1,0
51.78,3.1,0,2,137.0,35.0,3,5,1,0,3,4864,167,47,2.0,0.0,0,0,1,1,4,0,0,0,0,1,0,0
55.79,2.8,0,1,186.0,23.0,3,1852,0,1,1,1811,218,137,0.0,0.0,0,0,0,1,6,8,1,0,0,0,0,1
129.54,3.4,1008,2,317.0,16.0,1,2945,1,1,2,3557,422,179,0.0,0.0,1,0,1,0,5,1,0,0,0,0,1,0
108.4,2.9,2465,1,141.0,32.0,0,1041,0,0,2,4741,622,340,2.0,8.0,1,0,0,1,5,6,0,1,0,0,0,0
238.43,4.2,4319,4,635.0,8.0,0,3008,1,1,5,4719,59,241,3.0,29.0,1,0,0,0,6,7,0,0,0,1,0,0
90.86,3.7,0,8,477.0,41.0,2,2225,1,1,4,647,35,49,4.0,5.0,0,1,0,0,5,0,0,0,0,1,0,0
212.13,3.9,0,1,20.0,24.0,3,5,1,0,2,3759,116,18,1.6757142857142857,9.0,0,0,1,1,7,7,0,0,0,0,1,0
199.96,4.3,3067,2,578.0,13.0,1,1710,1,1,1,2051,163,122,0.0,13.0,1,0,0,0,8,6,0,1,0,0,0,0
115.28,4.0,0,1,412.0,8.0,0,5,1,1,2,564,63,12,3.0,6.0,0,0,0,1,0,1,1,1,0,0,0,0
121.13,3.6,0,5,596.0,1.0,2,1422,0,1,1,869,14,36,2.0,0.0,0,1,0,0,1,9,0,1,0,0,0,0
274.44,4.3,3283,6,209.0,15.0,0,1474,1,1,4,3244,377,102,1.0,7.0,0,0,0,0,8,0,0,0,1,0,0,0
157.25,4.1,0,1,344.0,14.0,1,1434,1,1,2,2094,140,89,2.0,0.0,0,1,0,0,6,0,0,1,0,0,0,0
145.09,3.8,1888,4,392.0,15.230456852791878,0,1941,1,0,1,3658,211,59,2.0,10.0,0,0,0,1,9,9,0,0,0,0,0,0
232.9,3.0,2811,2,629.0,21.0,0,3596,0,1,6,324,43,4,1.0,26.0,0,0,1,1,0,5,1,0,1,0,0,0
149.9,4.1,1942,2,689.0,15.0,0,3180,1,0,2,1667,82,30,2.0,28.0,0,0,1,0,9,7,0,0,1,0,0,0
171.97,3.5,0,2,100.0,20.0,0,258,0,1,1,1826,165,54,1.0,4.0,0,0,1,1,0,3,1,0,0,1,0,0
97.78,3.9,1530,4,504.0,15.0,0,5,0,1,2,495,10,19,3.0,14.0,1,0,0,0,4,4,0,0,1,0,0,0
263.92,4.0,1263,5,693.0,1.0,0,1141,1,1,2,268,9,20,4.0,12.0,0,0,1,0,9,9,0,0,1,0,0,0
253.46,3.9,1134,4,664.0,1.0,0,2433,1,0,4,4097,187,305,1.6757142857142857,13.0,0,0,0,1,3,9,0,0,0,0,0,1
204.54,5.0,4409,8,857.0,11.0,0,3081,1,1,2,4323,550,167,4.0,21.0,0,0,0,0,9,7,0,0,0,1,0,0
8.85,3.8,656,2,345.0,23.0,2,664,1,1,1,2875,382,44,1.0,14.0,1,0,1,1,9,0,0,0,0,0,0,0
211.39,4.3,2195,2,584.0,11.0,3,1779,1,1,3,1866,155,104,2.0,13.0,1,0,1,0,2,0,0,0,0,1,0,0
195.25,2.8,0,3,20.0,23.0,0,126,1,1,4,4565,390,213,1.0,17.0,0,0,1,1,0,6,0,0,0,0,1,0
364.83,4.6,1449,4,417.0,1.0,0,1745,1,1,2,70,10,4,0.0,8.0,0,1,0,0,2,4,0,0,0,0,1,0
88.5,4.9,3753,4,569.0,6.0,0,1564,1,0,4,1382,138,44,1.0,16.0,0,0,0,0,2,4,0,0,0,0,0,0
64.75,3.7,819,1,406.0,31.0,2,1004,0,1,1,3044,33,49,1.0,0.0,0,0,0,0,6,9,0,0,0,0,1,0
165.75,3.7,489,4,258.0,12.0,0,1642,1,0,4,989,84,64,0.0,11.988333333333333,0,0,0,1,8,8,1,0,0,1,0,0
179.89,3.8,1973,3,710.0,13.0,0,1690,1,1,5,3546,88,125,3.0,15.0,0,0,0,0,0,3,0,0,1,0,0,0
121.46,4.2,5747,5,424.0,17.0,2,962,1,0,3,3274,361,176,0.0,2.0,0,0,0,0,6,2,0,1,0,0,0,0
184.87,5.0,4728,4,538.0,18.0,0,3278,0,0,5,3942,71,225,3.0,21.0,0,0,0,0,2,1,0,0,1,0,0,0
220.57,3.3,0,4,370.0,11.0,1,1361,1,0,2,1570,180,10,3.0,14.0,0,0,1,1,2,7,1,0,0,0,0,1
142.51,3.978268041237113,709,1,391.0,6.0,1,606,0,1,1,1990,62,59,5.0,12.0,0,1,0,0,0,1,0,0,1,0,0,0
67.99,4.0,0,2,20.0,9.0,0,1027,1,0,5,192,22,2,2.0,2.0,0,0,0,0,1,6,0,0,0,0,0,1
84.16,3.5,175,1,703.0,27.0,3,333,1,1,1,95,10,0,3.0,16.0,0,1,0,0,0,0,0,0,1,0,0,0
245.82,5.0,763,5,706.0,5.0,0,3418,1,1,2,3634,83,117,5.0,22.0,1,0,0,0,2,6,0,0,0,1,0,0
178.15,3.0,630,6,304.0,7.0,0,2155,1,0,2,3463,62,36,3.0,29.0,0,1,0,1,7,7,0,0,0,0,0,0
281.72,4.7,6583,6,549.0,1.0,0,4000,1,1,5,2083,115,84,4.0,16.0,0,0,0,0,1,1,0,0,1,0,0,0
345.72,4.7,5961,7,988.0,19.0,0,3383,1,0,4,556,69,13,3.0,0.0,0,0,0,0,1,2,0,0,0,0,0,1
5.0,3.7,2086,3,474.0,26.0,0,2117,1,1,2,1200,49,66,2.0,10.0,1,0,0,0,8,8,0,0,0,0,1,0
228.54,3.2,2118,4,254.0,7.0,0,5,1,0,3,1110,166,84,0.0,11.988333333333333,0,1,0,1,1,0,1,0,0,1,0,0
51.9,3.3,0,3,20.0,39.0,0,841,0,0,1,2329,205,130,0.0,3.0,0,0,0,1,4,7,0,0,1,0,0,0
202.35,4.1,1857,7,610.0,38.0,1,3045,1,1,3,3389,248,117,3.0,21.0,0,1,0,0,1,4,0,0,0,1,0,0
141.92,4.7,3258,10,519.0,1.0,0,914,1,1,5,1742,178,33,2.0,26.0,0,0,0,0,0,4,1,0,0,0,1,0
57.65,4.1,1980,5,195.0,25.0,0,2977,1,1,1,3506,488,276,1.0,11.0,1,0,0,1,1,9,0,1,0,0,0,0
72.66,4.0,844,5,885.0,1.0,0,2373,0,1,3,4385,305,209,0.0,21.0,1,0,0,0,7,0,0,0,0,1,0,0
94.41,4.0,449,1,367.0,10.0,1,399,1,1,4,1389,165,45,2.0,11.0,0,0,0,1,7,7,1,1,0,0,0,0
239.91,3.8,1979,6,349.0,3.0,1,2691,1,1,1,3251,49,228,2.0,25.0,1,1,0,0,1,9,1,0,0,0,0,0
148.16,4.4,0,5,631.0,1.0,0,1778,0,0,3,3502,448,99,4.0,12.0,0,0,0,0,5,2,0,0,1,0,0,0
46.49,3.8,4148,4,300.0,18.0,0,2064,1,0,3,704,87,25,1.0,7.0,0,1,0,1,8,5,0,0,0,0,0,0
74.03,2.8,464,4,323.0,38.0,3,5,0,0,2,3675,317,138,1.0,7.0,1,0,0,1,4,0,1,0,0,0,1,0
90.13,4.0,2819,1,551.0,13.0,1,5,1,1,2,2021,212,156,2.0,8.0,1,1,0,0,5,1,0,0,0,0,0,1
91.39,4.9,3671,6,879.0,14.0,0,4000,1,1,1,2196,190,109,4.0,9.0,1,0,0,0,8,1,0,0,1,0,0,0
242.49,4.1,2189,7,561.0,17.0,0,3111,1,1,2,196,5,14,2.0,27.0,1,0,1,0,7,9,0,0,0,0,0,0
172.2,3.3,2579,4,76.0,12.0,1,525,0,1,2,847,30,32,0.0,16.0,1,1,1,1,1,7,0,0,0,1,0,0
305.89,4.1,1499,6,623.0,1.0,0,3177,1,1,3,4278,115,213,1.0,6.0,0,1,0,1,6,0,1,1,0,0,0,0
120.78,4.5,4230,4,734.0,20.0,3,917,1,1,3,4583,613,126,2.0,29.0,0,0,1,1,1,2,1,0,1,0,0,0
129.89,2.9,0,1,20.0,13.0,2,1315,0,1,3,514,23,32,3.0,18.0,0,1,0,1,8,3,1,0,1,0,0,0
5.0,3.4,2323,6,176.0,40.0,2,1307,1,0,1,2774,387,84,0.0,7.0,0,0,0,1,8,1,1,0,0,1,0,0
5.0,3.9,590,3,269.0,1.0,4,5,0,0,1,2266,332,17,1.0,7.0,0,0,0,1,7,4,1,0,0,0,0,0
42.67,4.4,0,1,464.0,12.0,0,949,0,1,1,3754,163,254,0.0,7.0,0,0,0,1,3,0,0,0,0,1,0,0
171.89,2.6,3316,4,510.0,2.0,1,1991,1,1,4,3864,237,90,2.0,16.0,0,0,0,0,2,2,0,0,1,0,0,0
169.35,4.0,192,4,20.0,1.0,2,547,1,1,1,4279,106,297,4.0,20.0,0,0,1,1,5,1,0,0,1,0,0,0
8.39,4.9,0,5,487.0,20.0,1,1051,1,0,2,4841,534,358,0.0,6.0,1,1,1,1,5,1,1,0,1,0,0,0
213.79,5.0,2908,5,384.0,19.0,0,1184,1,1,1,3903,282,134,1.6757142857142857,17.0,0,0,0,1,9,6,0,0,0,0,1,0
297.18,4.3,0,3,328.0,4.0,0,2100,0,1,5,462,47,4,2.0,21.0,0,0,0,0,8,1,0,0,1,0,0,0
204.68,5.0,0,7,20.0,26.0,2,1340,0,1,1,2497,374,199,1.0,0.0,1,0,1,0,0,3,1,0,1,0,0,0
156.98,3.6,1335,4,318.0,17.0,0,371,1,1,2,4087,481,213,1.0,22.0,0,1,0,0,6,9,0,1,0,0,0,0
297.19,5.0,4333,5,717.0,10.0,0,2752,1,1,4,1968,238,76,3.0,11.988333333333333,0,0,0,0,7,7,0,0,1,0,0,0
27.48,3.6,0,4,648.0,32.0,2,285,1,0,1,1161,73,89,0.0,0.0,0,0,1,1,7,9,1,0,0,0,1,0
100.15,4.6,2936,5,372.0,11.0,0,1689,1,1,3,2704,266,135,0.0,9.0,0,0,0,0,7,8,0,0,1,0,0,0
295.64,3.9,2180,3,389.0,18.0,1,718,0,1,4,255,7,2,2.0,20.0,0,0,0,0,0,9,0,0,0,1,0,0
5.0,4.1,1537,4,387.0,9.0,2,1862,1,0,2,4054,53,125,0.0,11.0,0,0,0,1,4,9,0,0,0,0,0,0
96.98,4.7,2948,6,819.0,10.0,0,2232,1,1,5,2908,332,15,1.0,25.0,1,0,0,0,3,4,1,0,0,0,0,0
148.67,4.1,1902,4,814.0,7.0,0,1267,1,0,4,2686,159,83,0.0,32.0,1,0,0,0,8,6,0,0,1,0,0,0
232.88,3.9,4870,4,629.0,28.0,1,2871,0,0,1,2203,91,69,1.0,7.0,0,0,0,0,1,5,0,0,0,1,0,0
170.34,4.2,3451,8,404.0,15.0,0,2283,1,1,2,4767,472,37,3.0,0.0,0,0,0,0,1,0,0,0,0,0,1,0
133.89,3.9,2728,2,550.0,8.0,2,948,1,1,1,2865,127,228,0.0,5.0,0,0,0,0,9,8,0,0,0,1,0,0
176.56,4.4,922,6,427.0,8.0,2,1717,1,0,3,2596,369,91,2.0,11.0,1,0,0,1,0,7,0,0,0,0,0,0
153.47,3.8,1744,4,403.7255102040816,4.0,1,2183,1,1,1,1520,165,27,3.0,4.0,0,0,0,1,2,3,1,0,0,0,1,0
143.33,4.2,3552,4,591.0,1.0,0,1649,1,1,2,4442,444,307,4.0,14.0,0,0,0,0,9,6,0,0,0,0,0,0
88.99,4.8,8013,4,575.0,1.0,0,321,0,1,3,3765,202,89,5.0,6.0,1,0,0,0,4,0,0,0,0,0,0,1
187.09,3.7,926,2,615.0,35.0,1,1645,1,1,2,1340,96,46,0.0,29.0,1,0,0,1,3,4,0,0,0,0,0,0
15.63,3.5,2151,4,49.0,17.0,0,5,0,0,4,4053,311,129,5.0,0.0,1,0,0,1,9,9,1,0,0,0,0,1
152.3,4.7,2524,6,122.0,11.0,1,1846,0,0,2,4099,278,23,1.0,0.0,1,0,1,0,2,0,0,1,0,0,0,0
154.42,4.0,2080,5,487.0,20.0,1,1473,0,0,6,4612,311,45,1.0,9.0,0,0,0,0,2,1,0,0,0,1,0,0
186.69,4.7,1517,3,478.0,3.0,0,2387,1,1,4,3052,392,47,1.0,24.0,1,0,0,0,5,6,0,1,0,0,0,0
255.25,4.7,1259,2,360.0,15.0,0,2488,1,1,1,3217,441,198,1.0,13.0,1,0,0,1,4,9,1,0,0,0,1,0
5.01,4.3,0,4,910.0,23.0,2,584,0,0,5,452,63,7,1.0,10.0,0,0,0,1,7,2,1,0,0,1,0,0
297.45,4.2,304,2,327.0,12.0,1,615,1,0,1,1691,136,122,0.0,12.0,0,0,0,1,8,4,1,0,1,0,0,0
85.15,3.5,1323,3,419.0,19.0,2,1431,0,1,2,767,77,16,1.0,2.0,1,0,0,0,8,0,0,0,0,0,1,0
111.06,3.9,1613,5,60.0,23.0,0,799,1,1,1,323,36,19,2.0,18.0,1,0,0,0,6,0,0,1,0,0,0,0
305.82,4.8,2040,3,511.0,9.0,1,411,0,0,5,517,30,23,2.0,18.0,0,0,0,0,8,2,0,0,0,0,1,0
148.65,2.8,0,2,234.0,26.0,1,1791,0,0,1,1520,89,24,0.0,15.0,0,0,0,0,9,0,0,0,1,0,0,0
131.96,4.8,5741,5,610.0,1.0,0,3826,0,0,5,4649,580,68,2.0,28.0,0,0,1,0,2,9,0,0,0,0,1,0
138.33,4.2,1973,5,564.0,12.0,0,1747,0,0,3,3158,99,128,2.0,12.0,0,0,0,0,4,1,0,0,0,0,0,0
173.68,4.4,0,6,572.0,10.0,3,894,1,1,3,2367,43,66,0.0,34.0,0,0,0,0,0,6,0,0,0,0,1,0
244.76,3.5,0,1,325.0,12.0,1,1725,0,1,3,1705,19,105,3.0,5.0,0,0,0,1,8,2,1,0,0,0,1,0
256.57,4.5,4732,6,835.0,1.0,0,2339,1,1,3,456,53,31,3.0,17.0,0,0,0,0,6,4,0,0,0,0,0,1
265.2,4.3,829,1,164.0,11.0,2,1929,1,1,1,2312,269,122,1.0,8.0,0,0,0,0,9,7,0,0,0,0,0,1
163.55,3.9,39,2,271.0,15.230456852791878,1,3345,1,1,2,3984,277,126,3.0,5.0,0,0,1,1,0,1,1,0,0,1,0,0
283.09,4.6,4404,4,617.0,1.0,0,2383,1,1,5,4110,423,176,4.0,26.0,0,0,0,0,4,2,0,0,0,0,0,1
106.56,4.4,2389,6,365.0,10.0,0,2264,1,1,4,4037,460,86,2.0,7.0,1,0,0,0,7,0,0,0,0,0,1,0
151.79,4.0,4223,4,769.0,17.0,0,3266,1,0,4,2168,258,71,4.0,11.988333333333333,0,1,1,0,8,4,0,0,0,0,0,1
146.51,3.5,0,1,20.0,21.0,3,154,0,0,1,2414,239,85,0.0,12.0,0,0,0,1,8,0,0,0,0,0,1,0
197.04,4.7,0,3,255.0,11.0,1,1210,1,1,1,1659,33,72,2.0,20.0,0,0,0,0,2,2,0,1,0,0,0,0
154.63,4.0,1266,4,233.0,9.0,1,5,0,0,1,1242,184,84,3.0,13.0,0,0,0,0,9,9,0,0,1,0,0,0
80.29,3.2,753,5,192.0,14.0,2,1948,1,1,1,1330,196,24,3.0,6.0,0,0,0,1,2,2,0,0,0,1,0,0
271.05,3.2,2718,3,395.0,6.0,0,5,1,1,2,2331,41,30,2.0,30.0,0,0,0,0,9,3,0,0,0,0,0,0
225.12,3.1,1837,4,600.0,6.0,1,623,1,1,1,2170,279,99,4.0,9.0,0,0,0,0,5,5,0,0,0,1,0,0
87.02,4.5,974,1,27.0,25.0,1,771,1,0,2,3158,323,234,2.0,0.0,0,0,0,0,6,0,0,0,0,0,0,0
227.36,4.2,3481,6,844.0,1.0,0,2257,1,1,4,3070,169,94,3.0,19.0,1,0,0,0,9,9,0,0,0,1,0,0
162.9,4.3,2109,3,182.0,35.0,1,1852,0,0,1,464,36,28,1.0,14.0,1,0,0,1,2,4,0,1,0,0,0,0
202.86,4.4,1790,4,274.0,1.0,0,2658,1,0,2,768,93,37,1.0,31.0,0,1,0,0,1,4,0,1,0,0,0,0
131.76,4.2,0,2,280.0,17.0,0,2108,1,1,4,2084,134,165,2.0,16.0,0,0,0,0,0,3,0,0,0,0,0,0
182.39,4.7,4237,3,696.0,14.0,1,472,1,0,1,1885,259,68,0.0,13.0,0,0,0,0,7,4,0,0,0,0,0,0
200.81,4.4,684,7,196.0,36.0,0,2917,1,1,4,1391,161,53,2.0,0.0,0,0,0,0,8,2,0,0,0,0,0,1
239.73,4.3,2887,7,342.0,25.0,1,2699,0,1,1,4015,324,311,1.0,2.0,0,0,0,0,6,4,0,0,0,1,0,0
153.83,4.0,0,3,430.0,33.0,2,1620,1,0,4,1322,129,69,4.0,7.0,0,0,0,0,0,7,0,1,0,0,0,0
140.18,3.3,158,3,20.0,20.0,3,2154,0,0,1,3432,54,227,0.0,9.0,1,1,0,1,0,9,1,0,0,0,0,0
281.38,3.8,2156,7,592.0,20.0,0,590,1,1,5,561,22,43,2.0,15.0,0,0,0,0,2,9,0,0,1,0,0,0
207.4,3.0,225,5,387.0,6.0,0,2443,1,0,4,2303,184,48,0.0,2.0,1,0,0,0,5,8,0,1,0,0,0,0
194.18,4.0,1117,4,439.0,16.0,0,5,1,1,3,3938,386,211,3.0,12.0,1,1,0,1,9,4,0,0,0,1,0,0
62.43,3.8,0,1,563.0,10.0,0,738,1,1,1,220,32,10,0.0,13.0,0,0,0,0,7,8,0,1,0,0,0,0
86.35,3.978268041237113,291,2,216.0,30.0,1,2082,1,1,2,1844,232,101,1.0,0.0,0,0,0,0,6,9,0,0,0,0,0,1
132.57,3.8,3485,4,274.0,13.0,0,1041,1,0,4,3382,372,135,3.0,14.0,0,1,0,0,3,5,0,0,0,0,0,1
305.08,4.7,0,8,1028.0,1.0,0,1912,1,1,5,1264,35,40,1.0,20.0,0,0,0,1,9,3,1,0,0,0,0,0
94.66,2.4,0,1,159.0,38.0,3,5,0,0,1,4003,146,290,0.0,4.0,1,0,0,1,1,0,0,1,0,0,0,0
65.35,3.978268041237113,2076,4,647.0,9.0,0,1217,1,0,4,1249,17,44,1.0,11.0,1,0,0,0,9,8,0,0,0,1,0,0
134.35,4.9,0,2,529.0,5.0,4,5,1,0,3,1774,107,28,1.0,17.0,0,0,0,0,8,1,0,0,1,0,0,0
231.56,3.5,4967,8,613.0,21.0,0,1736,0,1,4,1314,57,51,0.0,13.0,0,0,0,1,2,3,0,0,0,0,0,0
186.27,4.9,4249,6,523.0,18.0,0,1763,1,1,4,1877,157,136,0.0,7.0,0,0,0,0,1,7,0,0,1,0,0,0
77.28,4.0,3757,5,648.0,15.0,0,2337,1,0,3,2462,160,154,1.0,23.0,0,1,0,1,9,8,0,0,1,0,0,0
215.8,3.6,3348,2,568.0,5.0,0,1144,1,1,2,1347,66,62,1.0,8.0,0,0,1,1,5,0,1,1,0,0,0,0
114.83,4.1,1917,6,460.0,9.0,0,1491,1,1,4,4863,50,47,1.0,24.0,0,0,0,0,1,5,0,0,0,1,0,0
237.56,4.0,0,1,33.0,34.0,2,1247,1,1,3,3021,413,187,3.0,7.0,1,0,0,1,4,2,1,0,1,0,0,0
271.7,5.0,1868,6,411.0,1.0,0,2087,1,1,3,4387,427,255,2.0,36.0,0,0,0,0,5,1,0,0,0,1,0,0
197.71,4.3,1943,2,436.0,8.0,0,522,0,1,2,731,17,33,2.0,9.0,1,0,0,1,2,5,1,0,0,0,1,0
152.38,3.6,0,1,346.0,20.0,0,5,1,0,1,402,44,8,1.0,9.0,0,0,0,1,9,0,0,0,1,0,0,0
160.91,3.4,3461,1,375.0,14.0,0,1478,0,1,2,2349,202,158,0.0,7.0,0,0,0,0,1,2,1,0,0,1,0,0
290.2,3.6,722,5,396.0,14.0,0,1448,1,0,4,894,40,19,2.0,17.0,0,0,0,1,0,2,1,0,0,0,1,0
87.74,3.2,224,6,190.0,25.0,0,2792,0,0,6,2538,38,88,3.0,1.0,1,0,0,1,3,0,1,0,1,0,0,0
104.64,3.9,4667,5,652.0,24.0,1,1543,1,0,1,1503,16,70,2.0,11.0,0,0,1,1,2,6,0,0,0,0,0,0
166.4,4.0,2612,3,292.0,17.0,1,1415,1,1,2,4574,124,326,0.0,0.0,1,1,0,1,6,7,1,0,1,0,0,0
164.66,3.0,1865,3,20.0,28.0,2,596,0,0,2,914,103,29,1.0,0.0,0,0,0,1,2,8,0,0,0,0,0,1
156.22,3.4,1683,1,480.0,30.0,1,336,1,1,4,4799,160,240,1.0,16.0,0,1,0,1,4,6,1,1,0,0,0,0
189.45,3.6,2284,2,487.0,20.0,0,3035,1,0,3,4235,475,216,3.0,19.0,0,0,0,0,8,9,0,0,1,0,0,0
42.75,3.6,1232,6,357.0,16.0,0,3097,1,1,4,1238,60,75,1.0,7.0,1,0,0,0,2,5,0,0,1,0,0,0
94.82,3.8,0,3,403.7255102040816,23.0,1,2982,1,1,3,4642,550,66,2.0,15.0,0,0,0,0,4,9,0,0,0,0,0,0
203.71,3.5,786,1,20.0,8.0,2,242,1,1,5,4961,435,220,1.0,0.0,1,0,0,1,0,0,0,0,0,0,0,0
16.01,3.4,2537,5,354.0,26.0,1,822,0,0,2,1946,100,35,4.0,11.0,0,0,0,1,5,8,1,0,1,0,0,0
13.05,4.8,2882,3,321.0,11.0,0,3300,0,1,4,2187,123,119,2.0,11.0,0,0,0,1,6,7,1,0,0,0,0,0
212.1,3.8,0,1,394.0,18.0,2,5,1,0,1,541,19,25,0.0,18.0,1,1,0,0,8,7,0,0,0,0,1,0
249.37,4.1,0,1,192.0,31.0,0,2452,0,1,1,771,92,3,3.0,14.0,0,0,0,0,9,4,1,0,1,0,0,0
138.89,4.4,2992,4,657.0,3.0,0,4000,1,0,4,222,3,11,2.0,10.0,1,0,0,0,5,0,0,1,0,0,0,0
142.04,3.3,0,1,403.7255102040816,1.0,2,2222,0,0,3,1382,93,94,1.0,5.0,0,0,0,0,8,9,0,0,0,0,0,1
103.03,4.1,0,1,617.0,14.0,1,437,0,1,4,3219,281,149,1.0,18.0,0,0,0,0,9,5,0,0,1,0,0,0
49.77,4.1,3153,3,648.0,1.0,1,2937,1,0,2,3998,180,197,1.0,8.0,1,0,1,0,5,7,0,0,0,0,0,1
30.43,3.6,2104,1,151.0,19.0,1,1126,1,1,2,4822,359,367,0.0,9.0,0,0,1,1,8,7,0,0,0,0,1,0
172.97,2.8,0,2,73.0,31.0,0,1507,0,0,2,3926,63,97,3.0,11.0,1,0,0,1,4,2,1,0,0,0,0,0
94.71,3.4,0,2,186.0,5.0,3,1754,1,1,1,274,9,14,2.0,20.0,0,0,0,0,6,7,1,1,0,0,0,0
187.42,5.0,4416,4,733.0,7.0,0,4000,1,1,5,1779,201,74,1.0,23.0,0,0,0,0,3,5,0,0,0,0,0,0
43.59,3.2,974,2,313.0,24.0,1,507,0,0,3,443,61,5,1.0,8.0,0,0,0,0,2,1,0,0,0,1,0,0
124.35,4.5,1524,4,389.0,18.0,0,413,1,0,1,3585,198,258,3.0,17.0,1,0,0,0,2,3,0,1,0,0,0,0
44.02,3.4,2827,2,144.0,35.0,1,311,0,1,1,1868,276,139,0.0,11.0,0,1,1,1,6,7,1,0,1,0,0,0
166.14,3.6,3469,3,557.0,1.0,1,2705,1,0,2,4766,103,297,1.0,2.0,0,0,0,1,6,3,0,1,0,0,0,0
5.0,3.0,0,1,73.0,17.0,1,5,1,0,1,465,19,12,1.0,0.0,1,0,0,1,9,8,1,0,0,1,0,0
197.01,5.0,0,4,443.0,30.0,2,1183,1,1,4,2877,239,224,1.0,8.0,0,0,0,1,2,6,0,0,0,0,1,0
193.92,4.0,3833,5,626.0,6.0,0,2278,0,1,4,2634,356,46,3.0,17.0,0,0,0,1,1,0,1,0,0,0,0,1
109.89,5.0,2851,3,672.0,4.0,0,2802,1,1,6,2171,43,82,1.0,11.988333333333333,0,0,0,0,2,6,0,1,0,0,0,0
134.32,4.4,1577,3,799.0,29.0,1,2512,1,0,1,1681,160,12,2.0,19.0,0,0,0,1,9,6,0,1,0,0,0,0
172.81,5.0,4054,6,206.0,17.0,1,1827,1,1,2,1687,117,113,3.0,7.0,0,0,0,0,7,6,0,0,0,0,1,0
34.9,4.0,408,5,438.0,21.0,1,2183,1,0,2,538,58,13,0.0,7.0,1,0,0,1,2,9,0,0,0,1,0,0
87.13,4.3,3590,5,373.0,25.0,0,2519,0,0,1,1248,74,52,3.0,0.0,0,0,0,0,5,3,0,0,0,0,0,0
5.64,4.0,1854,5,185.0,2.0,1,1662,1,1,1,145,6,4,1.0,11.0,0,0,1,1,7,1,1,0,0,1,0,0
220.67,3.0,4587,3,378.0,3.0,0,2514,0,1,3,3372,198,260,2.0,10.0,0,0,1,1,9,7,1,0,0,0,1,0
207.81,4.0,2779,4,763.0,17.0,1,372,1,0,4,78,7,2,1.0,22.0,0,0,0,0,7,9,0,1,0,0,0,0
172.36,4.8,3214,6,562.0,6.0,0,1868,1,1,3,471,52,36,2.0,5.0,0,0,0,0,3,7,0,0,0,1,0,0
169.51,3.8,1587,7,340.0,2.0,2,2085,1,1,4,3009,261,101,4.0,7.0,1,0,0,0,0,0,0,0,0,1,0,0
187.88,3.3,0,1,333.0,30.0,1,2415,1,0,3,658,74,32,3.0,2.0,0,1,0,1,9,9,0,0,0,0,1,0
182.77,4.2,3062,6,331.0,17.0,0,2819,1,0,3,1875,265,116,2.0,9.0,0,0,1,0,6,6,0,1,0,0,0,0
123.71,3.978268041237113,984,3,456.0,1.0,0,2594,0,0,1,2000,110,102,3.0,9.0,0,0,0,0,6,7,0,0,0,0,1,0
205.48,5.0,5002,7,289.0,1.0,1,3099,1,1,6,2058,101,91,1.6757142857142857,14.0,1,0,0,0,0,3,0,0,0,0,0,0
102.37,3.2,1213,1,227.0,21.0,1,199,1,1,3,3058,273,227,0.0,9.0,0,1,0,0,1,9,0,0,0,0,1,0
38.83,3.6,4332,2,122.0,21.0,1,964,1,1,1,1586,224,33,2.0,7.0,1,0,0,1,9,6,1,0,0,0,0,0
205.47,3.2,1920,2,616.0,9.0,3,2671,1,1,1,4341,192,215,5.0,16.0,0,0,0,0,2,3,0,0,0,0,0,1
225.19,4.4,1645,3,403.7255102040816,3.0,0,589,1,1,5,2841,156,36,1.0,5.0,1,0,0,0,3,5,0,0,1,0,0,0
56.88,4.7,3188,6,480.0,1.0,2,115,0,0,1,903,23,33,1.0,14.0,0,0,1,0,0,3,0,1,0,0,0,0
168.94,3.7,4976,2,237.0,13.0,0,2281,1,0,2,2910,284,214,0.0,0.0,0,0,0,0,7,1,0,0,0,1,0,0
108.9,4.1,3965,2,492.0,14.0,0,2297,0,0,4,3158,150,189,3.0,23.0,0,0,1,1,3,1,0,0,0,0,0,0
171.4,5.0,906,4,725.0,1.0,0,2539,1,1,6,2781,195,90,1.0,30.0,0,0,0,0,7,8,0,0,0,0,0,0
54.12,3.1,2495,1,255.0,17.0,0,2259,1,0,1,3583,311,41,0.0,11.988333333333333,0,0,1,1,3,9,1,0,1,0,0,0
328.5,3.9,5507,4,600.0,8.0,0,2488,1,1,4,3794,144,225,1.0,36.0,1,1,0,0,0,9,0,0,0,0,1,0
157.27,4.2,3480,3,617.0,17.0,0,2159,1,1,2,614,75,48,0.0,18.0,1,0,0,0,1,9,0,0,1,0,0,0
285.54,4.3,4359,6,352.0,18.0,3,3134,1,1,3,3159,336,128,0.0,23.0,1,0,1,0,8,6,0,0,0,1,0,0
293.61,3.1,1856,1,254.0,16.0,0,1986,1,1,4,301,38,9,4.0,7.0,1,0,0,0,4,2,0,0,1,0,0,0
153.95,4.2,665,5,423.0,13.0,1,1078,1,1,3,3147,244,224,0.0,7.0,0,0,1,0,1,5,0,0,0,0,0,1
115.39,2.6,3213,1,131.0,19.0,2,5,1,1,1,3118,319,85,1.0,15.0,1,0,0,0,1,8,0,0,0,1,0,0
140.27,3.2,3454,3,400.0,22.0,0,194,0,1,2,4593,371,121,0.0,1.0,1,0,1,0,1,3,0,0,0,0,0,1
101.86,4.3,42,6,276.0,5.0,2,5,1,1,2,3107,68,231,2.0,9.0,0,0,1,0,7,4,0,0,1,0,0,0
52.63,3.7,3127,2,647.0,18.0,1,2227,1,1,1,3695,244,56,3.0,1.0,0,0,0,0,4,8,0,0,0,1,0,0
117.14,4.3,0,5,266.0,17.0,4,912,1,1,3,1911,164,146,2.0,10.0,0,0,0,1,8,1,0,0,1,0,0,0
292.02,4.3,3391,4,719.0,1.0,0,1486,1,0,3,135,12,8,1.6757142857142857,21.0,1,0,0,0,4,8,0,1,0,0,0,0
17.45,3.978268041237113,0,3,20.0,19.0,4,5,1,1,1,706,75,13,0.0,7.0,1,0,1,0,6,5,1,0,0,0,0,1
116.38,4.8,4820,3,716.0,1.0,0,3553,1,1,1,3762,330,25,1.6757142857142857,13.0,1,0,0,0,6,7,0,0,1,0,0,0
5.0,3.7,327,1,264.0,15.0,2,1442,1,1,1,928,67,20,1.0,0.0,0,1,0,1,7,3,1,1,0,0,0,0
220.96,4.6,0,4,516.0,31.0,1,725,1,1,3,3371,443,88,2.0,11.988333333333333,0,0,1,1,0,8,1,1,0,0,0,0
326.06,4.7,5998,5,525.0,15.230456852791878,0,2669,1,1,4,4349,568,174,4.0,29.0,0,0,0,0,2,5,0,1,0,0,0,0
138.29,4.2,5026,3,209.0,22.0,0,886,1,0,4,4479,145,350,0.0,3.0,0,0,0,0,0,1,0,0,0,0,0,1
204.73,5.0,6031,2,722.0,6.0,0,2524,1,1,6,526,33,24,4.0,12.0,0,0,0,0,0,1,0,0,1,0,0,0
152.52,3.9,0,5,331.0,9.0,1,2182,1,1,2,3611,140,267,2.0,20.0,0,0,0,1,3,1,0,0,0,0,1,0
143.76,2.9,0,3,140.0,47.0,2,569,1,1,1,4040,145,145,0.0,0.0,0,1,0,1,3,4,0,1,0,0,0,0
117.75,3.7,2458,1,250.0,12.0,0,909,0,1,4,2071,212,49,0.0,11.988333333333333,0,0,0,1,4,8,0,0,0,0,0,1
145.81,3.6,0,4,130.0,20.0,0,160,0,1,3,1145,113,18,0.0,0.0,0,1,0,0,1,6,0,0,0,0,0,1
291.6,5.0,5052,6,698.0,1.0,0,2305,1,1,3,992,99,20,1.0,29.0,1,0,0,0,3,4,0,0,0,0,0,1
210.58,4.5,2931,3,434.0,1.0,0,155,1,0,4,3312,181,76,2.0,26.0,0,0,0,0,4,1,0,0,0,1,0,0
201.51,4.3,1921,6,243.0,9.0,2,2626,1,1,4,542,67,7,0.0,0.0,1,0,0,0,6,3,0,0,0,1,0,0
38.95,3.4,267,2,673.0,8.0,1,3134,0,0,1,1831,226,13,1.0,7.0,1,0,1,1,3,4,0,0,0,1,0,0
165.63,3.6,0,2,380.0,18.0,2,55,0,1,2,1632,134,66,0.0,0.0,0,0,0,0,2,1,0,0,0,0,1,0
5.0,3.1,2313,4,752.0,4.0,0,3258,1,1,4,3341,98,75,4.0,20.0,1,0,0,0,2,1,0,0,1,0,0,0
90.88,3.3,782,1,183.0,48.0,2,2213,0,0,1,3860,213,283,0.0,0.0,0,1,0,0,3,4,0,0,0,0,1,0
216.54,3.8,1546,5,431.0,10.0,0,861,0,1,2,3489,234,44,2.0,11.0,0,0,0,0,2,4,0,0,1,0,0,0
5.0,3.9,873,5,291.0,20.0,0,2120,0,0,3,1767,189,137,0.0,10.0,1,0,0,1,4,5,0,0,0,0,0,0
221.44,4.7,3768,5,320.0,13.0,1,2608,0,1,4,4616,683,255,1.0,11.0,0,0,0,0,6,8,0,0,1,0,0,0
221.04,4.1,1400,7,226.0,23.0,3,3569,1,0,3,1607,145,37,5.0,31.0,0,0,0,0,7,2,0,0,0,1,0,0
65.7,4.0,1001,3,249.0,7.0,1,376,1,0,3,2853,357,116,3.0,13.0,0,0,0,1,3,5,1,0,0,0,0,1
97.54,5.0,1272,2,632.0,20.0,0,1184,1,1,1,406,58,14,2.0,13.0,0,0,0,0,5,0,0,0,1,0,0,0
105.15,3.8,1841,2,170.0,9.0,0,1296,1,0,2,2087,83,48,0.0,11.988333333333333,0,0,0,1,8,5,1,1,0,0,0,0
54.91,4.3,734,4,418.0,22.0,1,1286,1,1,4,4045,429,252,0.0,6.0,1,0,0,0,9,0,0,1,0,0,0,0
25.12,4.1,2147,4,316.0,17.0,1,1610,0,1,1,326,4,19,3.0,0.0,1,1,0,0,0,9,0,0,0,0,0,1
92.07,3.7,0,2,229.0,29.0,6,190,1,0,1,4149,80,29,0.0,8.0,0,0,1,1,6,2,1,0,0,1,0,0
258.5,4.0,3075,3,403.7255102040816,21.0,0,770,0,0,3,771,10,23,3.0,24.0,0,0,1,0,8,5,0,0,0,0,0,0
5.0,4.2,1441,3,310.0,7.0,0,5,0,0,2,3676,127,121,1.0,5.0,0,1,1,0,9,9,0,0,0,0,1,0
153.42,3.5,2451,2,534.0,35.0,0,2031,1,1,1,4827,603,197,0.0,10.0,0,0,0,1,4,6,1,0,0,0,0,0
136.09,3.6,1367,4,302.0,1.0,0,1161,0,1,2,3212,209,28,2.0,10.0,0,0,1,1,1,7,1,0,0,0,0,1
29.01,3.7,1497,1,121.0,30.0,1,1677,1,1,3,2171,51,75,2.0,0.0,0,1,0,1,3,1,0,0,0,0,0,1
