price,seller_rating,seller_reviews,product_images,description_length,shipping_time_days,spelling_errors,domain_age_days,contact_info_complete,return_policy_clear,payment_methods_count,views,purchases,wishlist_adds,certification_badges,warranty_months,bulk_orders,unusual_payment_patterns,ip_location_mismatch,seller_country,shipping_origin,brand_suspicious,category_Cosmetics,category_Electronics,category_Fashion,category_Luxury Goods,category_Pharmaceuticals,is_counterfeit
277.2,3.5,890,4,128.0,21.0,0,1440,0,1,2,1495,68,105,1.0,4.0,0,0,0,1,6,0,0,0,1,0,0,0
89.18,3.978268041237113,1859,3,224.0,31.0,4,206,0,0,3,3007,359,104,1.0,14.0,0,0,1,5,5,0,0,1,0,0,0,1
168.4,2.7,1096,2,98.0,10.0,0,1069,1,1,3,4872,283,141,1.0,1.0,1,0,0,7,1,1,0,0,1,0,0,1
130.98,3.1,1296,3,255.0,22.0,0,514,1,1,2,2212,208,60,0.0,0.0,0,1,0,7,6,0,0,0,0,0,0,0
5.0,2.6,0,2,20.0,32.0,5,5,0,0,1,1376,129,20,0.0,1.0,0,1,0,8,9,0,0,0,0,0,1,1
216.41,4.0,0,2,443.0,10.0,0,5,0,1,5,3415,351,89,1.0,17.0,0,0,0,5,4,0,0,0,0,0,0,0
78.06,2.6,0,3,147.0,23.0,4,1973,1,1,1,1630,181,42,1.0,0.0,0,0,0,3,6,0,0,0,0,0,1,1
106.12,3.3,0,3,20.0,39.0,0,5,0,0,1,1764,183,83,0.0,0.0,0,0,0,3,6,1,0,0,0,0,0,1
99.48,3.6,1569,4,548.0,1.0,1,3342,1,1,3,2421,74,138,2.0,16.0,1,0,0,5,8,0,0,0,0,1,0,0
6.22,4.1,0,3,432.0,19.0,2,1688,0,0,2,4245,325,195,0.0,13.0,1,1,0,8,5,0,0,1,0,0,0,0
121.67,4.0,1236,1,87.0,5.0,1,5,1,1,4,4822,431,188,0.0,18.0,1,1,1,4,7,0,0,0,0,0,0,1
97.89,3.6,3386,6,187.0,21.0,0,1585,1,1,1,1324,103,20,2.0,2.0,0,0,1,9,0,1,0,0,0,0,1,1
23.93,4.3,703,2,201.0,14.0,1,574,0,1,4,4108,200,229,0.0,3.0,1,0,0,2,9,1,0,1,0,0,0,1
248.68,3.0,0,5,470.0,9.0,0,1640,1,1,4,750,104,48,2.0,11.0,0,0,0,8,2,1,0,1,0,0,0,1
106.63,3.6,2640,1,597.0,17.0,0,1529,0,1,1,634,28,44,1.0,18.0,0,1,0,8,7,0,0,0,0,0,0,0
136.6,4.6,3093,6,315.0,10.0,0,3491,1,1,3,1227,111,53,2.0,17.0,1,0,0,4,8,0,0,0,0,0,1,1
101.55,3.978268041237113,5423,1,403.7255102040816,36.0,0,5,1,0,4,3771,226,20,0.0,4.0,0,0,1,9,4,1,0,0,0,0,0,1
222.77,3.7,0,4,348.0,20.0,1,683,1,1,1,3995,234,188,2.0,18.0,1,0,0,0,2,0,0,0,1,0,0,0
46.28,3.7,0,2,218.0,27.0,1,1462,1,0,2,903,105,28,3.0,0.0,0,1,0,3,3,0,0,0,0,0,0,1
5.0,3.0,1079,1,43.0,30.0,1,2887,1,1,1,2440,175,104,0.0,3.0,0,1,0,7,4,1,0,1,0,0,0,1
372.22,4.2,5013,4,387.0,12.0,0,2974,0,1,1,4356,506,45,2.0,23.0,0,1,0,3,8,0,0,1,0,0,0,0
287.0,3.2,807,5,386.0,4.0,1,497,0,1,4,2641,223,103,2.0,10.0,1,0,0,3,1,1,0,0,0,0,1,1
152.92,4.0,0,1,203.0,22.0,0,1560,1,1,3,1470,49,95,1.0,11.0,1,0,0,7,6,0,0,0,0,1,0,0
151.15,3.6,2827,5,692.0,3.0,0,2016,1,1,1,4946,187,364,0.0,6.0,0,1,1,8,9,0,0,0,0,0,1,0
220.73,5.0,0,1,683.0,7.0,0,1903,1,0,3,3763,174,26,0.0,15.0,1,0,0,8,0,1,0,0,0,0,1,1
263.82,3.9,3035,7,610.0,15.0,1,5,1,1,4,2719,298,193,2.0,16.0,0,0,0,1,5,0,0,1,0,0,0,0
124.98,5.0,4236,4,654.0,14.0,0,945,0,1,2,4005,453,38,3.0,28.0,0,0,0,1,1,0,0,1,0,0,0,0
114.05,3.9,0,6,360.0,8.0,2,825,1,0,1,126,14,2,1.6757142857142857,0.0,1,0,0,0,7,0,0,0,0,0,0,1
213.74,3.9,646,6,98.0,31.0,0,1097,0,1,1,4251,308,72,1.0,14.0,0,0,0,7,4,0,0,0,0,0,1,0
5.0,3.1,2131,3,237.0,12.0,2,5,0,1,1,1877,208,43,3.0,12.0,0,0,1,3,6,1,0,1,0,0,0,1
35.36,3.978268041237113,43,2,105.0,13.0,2,1164,1,0,1,3493,300,175,2.0,0.0,1,1,0,1,7,0,0,1,0,0,0,1
248.88,4.5,1645,1,710.0,27.0,2,611,1,1,4,1719,114,46,3.0,21.0,0,0,0,9,0,1,0,0,0,0,0,0
10.58,3.4,1992,4,497.0,28.0,3,778,1,0,2,3595,115,64,3.0,5.0,0,0,1,5,8,0,0,0,1,0,0,0
73.24,3.8,1628,3,562.0,8.0,1,1846,0,1,1,2603,46,168,1.0,16.0,1,0,0,2,6,0,0,0,1,0,0,0
198.71,4.9,3256,4,448.0,15.0,0,973,1,1,1,3208,423,127,1.0,12.0,0,0,0,8,5,0,0,0,1,0,0,1
85.16,4.1,0,8,510.0,8.0,1,3674,1,1,3,2276,279,70,3.0,4.0,0,0,0,2,3,1,1,0,0,0,0,1
5.0,4.0,0,5,591.0,16.0,0,1095,0,1,1,834,68,21,1.0,14.0,0,0,0,6,7,1,0,0,0,0,1,1
208.4,3.978268041237113,0,3,706.0,13.0,3,2165,0,1,1,359,13,3,3.0,9.0,1,1,1,0,6,1,1,0,0,0,0,1
140.99,3.9,1302,6,89.0,21.0,0,2320,0,0,2,358,52,24,1.0,12.0,0,0,0,4,5,0,0,0,0,1,0,0
122.27,3.2,393,4,352.0,9.0,0,659,1,1,3,3452,467,34,0.0,0.0,0,0,0,8,8,1,0,0,0,1,0,1
179.81,4.3,0,5,346.0,27.0,3,2068,0,1,1,871,71,29,0.0,19.0,1,1,0,5,3,0,0,0,1,0,0,1
107.75,4.3,0,5,378.0,29.0,0,2356,1,1,5,3201,66,137,1.0,1.0,0,1,0,0,7,0,1,0,0,0,0,0
183.36,3.8,2872,6,757.0,8.0,1,301,1,1,5,4515,602,262,2.0,3.0,0,0,0,3,6,0,0,0,1,0,0,1
150.33,3.6,1854,5,239.0,28.0,2,1688,0,0,4,3291,428,56,3.0,0.0,1,0,1,0,3,0,0,0,1,0,0,0
174.86,3.6,1850,3,350.0,18.0,0,1897,1,0,4,4013,334,216,3.0,23.0,0,0,0,9,7,1,0,1,0,0,0,1
40.85,2.7,0,4,203.0,32.0,1,502,1,0,1,423,38,32,0.0,13.0,0,0,0,9,5,0,0,1,0,0,0,1
24.91,4.5,2621,5,445.0,19.0,1,3790,1,0,2,1657,90,100,4.0,16.0,0,0,1,5,7,0,0,0,1,0,0,0
38.42,3.6,0,3,313.0,19.0,2,813,1,1,1,1553,156,122,1.0,23.0,1,0,0,4,9,0,0,0,0,1,0,0
88.97,3.1,0,1,20.0,27.0,2,474,1,0,1,360,9,13,0.0,8.0,0,1,0,4,9,0,0,0,1,0,0,0
226.06,3.4,1771,4,436.0,18.0,1,877,0,1,3,1611,24,41,4.0,27.0,0,1,0,0,5,0,0,0,1,0,0,1
166.07,4.7,5531,6,768.0,1.0,0,1115,0,0,4,4104,591,174,3.0,4.0,0,1,1,1,7,0,0,0,0,0,1,0
363.21,5.0,6760,5,809.0,1.0,0,2752,1,1,6,3226,295,251,4.0,10.0,1,0,0,6,5,1,1,0,0,0,0,1
48.98,3.7,3388,1,503.0,8.0,0,4000,0,1,1,3955,324,72,3.0,4.0,0,0,0,5,2,0,0,1,0,0,0,0
5.0,3.4,82,4,336.0,20.0,1,2371,0,1,1,4935,311,242,0.0,0.0,0,0,0,3,0,1,0,1,0,0,0,1
248.51,4.5,2184,6,594.0,4.0,0,2360,1,0,3,201,21,5,3.0,29.0,1,0,0,2,1,0,0,0,0,1,0,0
199.7,3.2,1618,1,271.0,44.0,1,782,1,1,3,2112,112,75,0.0,14.0,0,0,1,2,7,1,0,0,0,1,0,1
190.75,3.7,2320,6,901.0,9.0,2,2829,0,0,5,2125,151,168,4.0,10.0,1,0,0,3,5,0,0,0,0,1,0,1
5.0,3.5,530,1,360.0,39.0,1,2026,1,0,1,4739,334,313,3.0,20.0,0,0,0,0,5,0,0,0,0,1,0,0
141.9,3.4,463,1,264.0,22.0,0,1478,1,1,1,1967,37,120,2.0,10.0,0,0,0,7,9,1,0,0,0,0,0,0
250.65,3.6,1958,1,442.0,19.0,0,710,1,1,3,3311,199,249,3.0,19.0,0,0,0,3,3,1,0,0,0,0,1,1
363.49,3.9,3231,3,531.0,1.0,1,1361,1,1,2,2917,288,35,2.0,11.988333333333333,0,0,0,0,3,0,0,0,1,0,0,0
126.45,3.3,0,2,59.0,26.0,2,1008,1,0,1,748,15,28,3.0,3.0,1,0,0,6,2,1,0,1,0,0,0,1
151.38,4.0,2007,1,471.0,11.0,1,1177,1,0,2,242,27,11,2.0,2.0,0,0,0,4,3,0,0,0,0,0,1,0
209.29,4.5,3278,1,353.0,17.0,0,1796,0,0,3,3327,460,95,5.0,10.0,0,0,0,5,6,0,0,0,0,1,0,0
143.99,3.8,2205,3,20.0,29.0,1,5,1,0,1,640,28,4,1.0,13.0,1,1,0,6,6,0,0,0,0,0,0,1
31.58,4.5,1492,3,977.0,28.0,1,5,1,1,3,3327,104,138,1.0,10.0,1,0,0,3,6,0,0,0,0,1,0,0
156.67,3.3,1639,2,309.0,9.0,1,1455,1,1,4,3176,59,56,1.0,14.0,0,0,0,1,7,0,0,0,0,0,1,0
142.42,3.6,491,3,472.0,11.0,0,1340,0,1,1,4354,85,337,1.0,17.0,0,0,0,5,5,0,0,0,0,1,0,1
80.23,4.1,1908,4,769.0,9.0,2,999,1,1,4,4525,112,144,0.0,17.0,0,0,0,3,7,0,1,0,0,0,0,1
140.01,4.6,2525,6,545.0,8.0,0,2289,1,1,4,319,24,18,0.0,13.0,0,0,0,7,2,0,0,0,0,0,1,1
154.8,4.9,935,3,616.0,1.0,0,2084,0,1,4,2984,113,96,4.0,13.0,1,0,0,5,9,0,0,0,1,0,0,0
119.72,2.8,1629,2,100.0,14.0,2,545,1,0,4,274,11,4,1.0,18.0,0,1,0,2,9,0,0,0,1,0,0,1
187.24,4.9,6591,7,716.0,3.0,0,2991,1,0,6,3831,358,185,3.0,23.0,0,0,0,0,7,0,0,0,0,0,1,0
146.22,4.1,1807,2,521.0,4.0,0,411,0,1,2,3163,52,30,2.0,4.0,1,0,0,7,8,0,0,1,0,0,0,1
5.0,3.1,598,3,20.0,27.0,3,5,1,0,1,1169,155,44,0.0,2.0,1,0,0,0,2,1,0,0,0,0,1,1
158.41,4.0,2311,2,151.0,29.0,0,1758,0,0,3,4648,105,302,0.0,5.0,1,1,0,2,7,0,1,0,0,0,0,0
185.9,3.9,800,4,662.0,1.0,0,3134,1,1,2,4739,693,332,1.0,13.0,0,0,0,5,2,0,0,0,0,1,0,0
246.83,4.0,2855,5,374.0,1.0,0,865,0,1,5,390,18,4,4.0,23.0,1,0,0,0,2,0,0,0,0,0,0,1
220.39,4.5,2178,3,528.0,11.0,0,2602,1,1,2,2761,160,45,3.0,24.0,1,0,0,9,1,1,0,0,0,0,1,1
98.99,4.1,2540,1,459.0,14.0,1,688,1,0,3,2409,360,87,0.0,18.0,1,0,0,4,1,0,0,0,0,0,1,0
84.56,3.3,801,3,464.0,36.0,1,949,1,1,1,1643,112,87,2.0,5.0,1,1,1,7,5,0,0,0,1,0,0,1
161.34,4.4,1139,1,109.0,16.0,1,1364,1,0,3,1925,69,36,2.0,8.0,0,0,0,9,8,0,0,0,1,0,0,0
213.97,4.5,741,3,745.0,12.0,0,5,1,0,2,4230,319,336,1.0,13.0,1,0,0,2,6,0,0,1,0,0,0,0
285.24,4.3,1138,3,468.0,4.0,0,1190,1,0,2,3577,138,148,3.0,11.0,0,0,0,8,8,0,1,0,0,0,0,0
284.74,2.7,130,1,539.0,7.0,1,1836,1,1,3,4465,212,291,0.0,5.0,0,0,0,1,3,1,0,0,0,0,1,1
5.0,3.0,0,1,180.0,36.0,0,769,0,0,1,62,4,4,0.0,8.0,0,1,1,6,2,1,0,0,0,0,1,1
230.04,4.4,1888,1,500.0,1.0,0,347,1,0,3,704,16,22,1.0,17.0,0,0,1,6,3,0,0,1,0,0,0,0
51.41,4.5,234,1,20.0,13.0,3,301,0,0,3,2890,252,38,1.0,15.0,1,0,0,7,3,0,0,0,0,0,0,1
209.06,4.2,2168,2,403.7255102040816,21.0,0,2497,1,1,5,2279,90,172,3.0,18.0,0,0,0,1,1,0,0,0,0,0,1,0
226.25,3.6,0,3,392.0,23.0,0,1835,1,0,2,4847,357,91,1.0,7.0,1,0,0,3,0,0,0,0,0,0,0,0
286.41,4.2,4591,3,417.0,22.0,0,2811,1,1,4,491,65,35,5.0,16.0,0,0,1,6,6,0,0,0,0,1,0,1
233.99,3.7,0,1,461.0,15.0,2,1468,0,1,3,3906,562,245,0.0,11.988333333333333,0,0,1,9,7,1,0,0,0,1,0,1
195.04,3.6,0,1,334.0,21.0,3,1514,1,1,2,3391,51,63,2.0,12.0,0,0,0,2,6,1,1,0,0,0,0,1
212.17,4.2,2980,6,1088.0,16.0,0,2962,1,0,3,2120,115,68,3.0,11.988333333333333,1,0,0,7,2,0,0,0,1,0,0,0
36.09,3.8,548,5,207.0,33.0,2,2122,1,1,3,1666,127,81,3.0,5.0,0,0,1,1,6,0,1,0,0,0,0,1
218.98,3.9,0,3,550.0,35.0,1,5,0,0,1,1422,204,44,0.0,2.0,0,1,0,8,3,1,1,0,0,0,0,1
147.22,4.7,3039,5,855.0,7.0,1,2140,1,0,1,469,20,21,0.0,10.0,0,0,0,2,7,0,0,0,1,0,0,0
79.25,3.978268041237113,3565,1,381.0,30.0,1,3299,1,0,3,645,13,42,1.0,31.0,0,0,1,8,2,0,0,0,0,1,0,1
135.05,4.1,0,2,546.0,18.0,1,107,1,1,1,4221,487,160,1.0,2.0,0,0,0,4,5,0,0,0,0,0,0,1
207.17,4.1,2864,4,631.0,1.0,0,4000,0,0,4,1243,170,60,2.0,9.0,0,0,0,4,4,0,1,0,0,0,0,0
269.37,3.5,0,4,237.0,11.0,0,5,1,1,3,1889,127,103,3.0,21.0,0,0,0,7,4,0,1,0,0,0,0,1
259.18,5.0,2000,7,634.0,1.0,0,1971,1,1,2,1047,82,15,1.0,25.0,1,0,0,0,4,0,0,1,0,0,0,0
194.76,3.9,0,5,724.0,22.0,0,2308,1,1,1,4557,669,309,1.0,11.988333333333333,0,0,0,5,1,0,0,1,0,0,0,0
332.04,4.2,337,3,545.0,35.0,0,5,0,0,3,2656,327,63,2.0,8.0,0,0,0,8,2,1,0,1,0,0,0,1
166.57,4.0,0,3,522.0,6.0,2,74,1,0,2,3144,117,20,4.0,0.0,1,0,0,3,8,0,0,0,0,0,0,0
82.81,3.6,0,5,244.0,36.0,3,323,0,0,1,2860,205,63,0.0,0.0,0,1,0,5,4,0,0,1,0,0,0,0
189.54,4.4,5862,9,415.0,28.0,0,1837,1,1,2,3929,514,174,2.0,31.0,1,0,0,6,2,0,0,0,0,0,0,0
250.69,4.2,2589,3,278.0,24.0,1,1432,0,1,4,3030,365,147,1.0,7.0,0,0,0,2,7,0,0,0,0,0,0,0
155.99,4.6,2347,2,538.0,1.0,0,1487,1,1,2,3728,106,95,5.0,22.0,0,0,0,0,1,0,0,0,0,0,1,0
130.22,3.1,0,1,350.0,37.0,2,1203,1,1,3,2857,60,95,0.0,11.988333333333333,1,0,0,6,2,1,0,1,0,0,0,1
54.22,4.1,3471,3,524.0,20.0,0,1989,0,0,4,4698,201,289,0.0,7.0,0,0,0,3,9,0,0,1,0,0,0,1
192.87,4.0,3514,3,314.0,4.0,3,2215,1,1,5,873,128,67,0.0,30.0,1,0,0,3,8,0,0,1,0,0,0,0
165.44,4.8,2074,4,399.0,1.0,3,5,1,1,6,3279,270,199,1.0,9.0,0,0,0,4,5,0,0,0,1,0,0,0
346.07,4.0,4444,5,302.0,1.0,0,1191,1,1,4,3233,401,214,0.0,28.0,1,0,0,0,4,0,0,1,0,0,0,0
165.4,3.7,1270,4,513.0,28.0,2,1870,1,1,1,2308,103,92,0.0,16.0,0,0,0,2,2,0,0,0,0,0,1,0
158.23,5.0,8045,6,403.7255102040816,1.0,1,2279,1,0,4,2126,42,164,3.0,20.0,0,1,0,9,4,0,0,0,1,0,0,0
203.33,4.2,915,7,390.0,1.0,0,1266,1,1,2,426,38,2,3.0,18.0,1,0,0,1,5,0,0,0,1,0,0,0
211.12,4.0,4249,6,123.0,41.0,0,1981,1,0,5,4037,50,314,3.0,10.0,0,0,1,2,5,1,0,0,1,0,0,1
57.63,4.2,830,5,464.0,6.0,3,372,1,1,2,4834,65,218,1.0,4.0,1,0,0,0,2,0,0,1,0,0,0,0
54.75,3.7,1871,4,415.0,26.0,0,2403,1,0,1,742,31,5,1.0,0.0,0,0,0,1,2,0,0,0,0,0,0,1
61.93,4.2,0,4,246.0,41.0,1,5,0,1,3,633,94,24,1.0,17.0,0,0,0,4,6,0,0,0,0,0,0,0
227.16,5.0,2457,7,556.0,1.0,1,3462,1,1,4,2769,132,218,1.0,18.0,0,0,0,9,5,0,0,0,1,0,0,0
123.09,3.6,3113,1,422.0,1.0,1,1842,1,0,2,3178,433,235,4.0,11.0,0,0,0,5,5,0,1,0,0,0,0,0
214.51,5.0,4279,8,473.0,7.0,0,4000,1,0,4,1489,76,22,2.0,26.0,1,0,0,7,2,0,0,1,0,0,0,0
163.1,3.3,457,4,338.0,16.0,0,2258,1,1,3,1051,13,74,2.0,8.0,1,0,0,3,4,0,0,0,0,1,0,1
15.36,2.9,0,1,330.0,35.0,2,1600,1,1,2,3380,184,150,3.0,0.0,0,0,0,1,5,0,1,0,0,0,0,0
176.59,3.6,1682,5,301.0,15.230456852791878,0,3290,0,0,2,931,20,41,3.0,26.0,0,0,0,1,5,0,0,0,0,0,0,0
69.99,3.8,0,1,313.0,24.0,0,2238,1,1,2,2240,328,42,3.0,11.988333333333333,1,0,0,0,3,1,0,0,0,0,0,1
52.34,3.5,0,1,256.0,28.0,3,5,1,0,2,4513,239,172,0.0,0.0,1,0,1,3,1,1,1,0,0,0,0,1
183.76,4.6,1813,5,568.0,10.0,0,1530,1,1,5,4742,69,55,2.0,20.0,0,0,1,8,0,0,1,0,0,0,0,0
196.67,4.8,3464,7,218.0,10.0,0,1462,0,1,3,169,5,1,4.0,17.0,0,0,0,1,0,0,0,1,0,0,0,0
118.64,3.4,7650,5,190.0,1.0,1,2805,1,1,3,289,32,17,2.0,17.0,0,0,0,7,7,0,0,0,1,0,0,0
170.12,3.5,2489,3,292.0,5.0,0,1745,0,0,2,2117,282,40,4.0,26.0,1,0,0,9,7,1,0,1,0,0,0,1
171.41,4.7,1994,7,453.0,18.0,0,1675,1,1,1,2866,347,125,2.0,1.0,1,0,0,5,6,0,0,0,0,1,0,0
251.02,4.3,863,3,309.0,16.0,0,2940,0,1,3,4930,384,82,3.0,16.0,0,0,0,4,8,0,0,0,0,0,0,0
245.58,3.6,2278,2,139.0,9.0,2,625,1,0,5,2259,50,23,0.0,20.0,0,1,0,5,6,0,1,0,0,0,0,0
274.09,3.7,2841,6,506.0,34.0,1,1961,1,1,2,4000,182,98,3.0,18.0,0,0,0,4,5,0,1,0,0,0,0,0
135.89,3.6,399,5,415.0,1.0,1,1312,1,1,4,3694,398,226,0.0,7.0,0,0,0,7,4,0,0,0,0,1,0,0
190.67,4.1,2950,3,384.0,1.0,1,5,1,0,1,3907,516,239,0.0,6.0,1,1,1,8,2,1,0,1,0,0,0,1
6.38,3.6,637,7,458.0,9.0,0,5,1,0,2,4563,429,297,2.0,1.0,0,1,0,6,3,1,1,0,0,0,0,1
205.6,4.5,4330,6,194.0,25.0,0,2010,0,1,1,2042,223,84,4.0,21.0,1,0,0,8,6,0,0,0,0,0,0,1
176.41,4.4,1112,4,216.0,19.0,1,1966,1,1,3,3413,367,48,0.0,9.0,1,0,0,9,4,0,0,0,1,0,0,0
69.13,4.0,1327,5,395.0,15.0,0,3207,1,1,4,3407,202,223,5.0,11.0,0,0,0,8,5,0,0,0,1,0,0,0
90.56,4.4,1304,2,713.0,1.0,0,2789,1,1,3,1103,92,84,3.0,22.0,1,0,0,6,2,0,1,0,0,0,0,0
273.69,4.4,4377,6,325.0,1.0,0,3028,1,0,4,806,55,6,2.0,21.0,0,0,0,2,8,0,0,0,1,0,0,0
73.19,3.7,1707,4,435.0,22.0,0,1818,0,0,1,160,15,12,4.0,4.0,1,0,0,8,1,0,0,0,0,0,0,0
168.39,3.3,1865,4,107.0,30.0,2,2613,1,1,3,580,74,34,1.0,13.0,0,0,0,4,8,1,0,1,0,0,0,1
116.69,3.8,0,3,538.0,1.0,1,1451,1,1,3,4067,120,170,2.0,19.0,0,1,0,5,8,0,0,0,0,0,0,0
104.92,2.8,0,5,20.0,25.0,0,1221,0,0,1,3841,479,113,1.0,12.0,0,0,0,6,9,0,0,0,1,0,0,0
174.75,4.1,0,3,280.0,20.0,0,5,0,1,4,4578,317,86,1.0,23.0,0,1,0,1,3,1,0,0,0,1,0,1
111.07,3.6,2605,4,148.0,35.0,0,999,0,0,3,3591,309,82,4.0,4.0,1,0,0,5,1,0,0,1,0,0,0,0
143.99,4.4,2694,6,31.0,1.0,0,2913,0,1,2,2425,358,178,5.0,33.0,0,0,0,0,5,0,0,0,0,0,0,0
72.16,3.3,2758,2,288.0,16.0,1,5,1,0,1,4041,210,81,0.0,0.0,0,0,1,4,8,1,1,0,0,0,0,1
5.0,2.2,0,2,242.0,24.0,2,5,1,0,3,4163,98,166,0.0,4.0,1,0,1,7,9,0,0,0,0,0,1,1
149.57,2.2,0,1,246.0,16.0,2,532,1,0,1,1729,254,26,1.0,5.0,0,1,0,3,6,0,0,0,0,0,0,1
118.85,3.7,54,6,424.0,7.0,1,1204,0,1,2,2915,209,116,2.0,9.0,0,0,0,0,2,0,0,0,0,0,0,0
167.72,4.2,0,4,129.0,22.0,1,5,0,1,6,2780,344,128,2.0,7.0,1,0,0,2,2,0,0,1,0,0,0,0
227.56,4.1,665,1,222.0,5.0,1,1295,0,0,4,4200,545,213,3.0,4.0,1,0,0,7,9,0,0,0,0,1,0,1
57.63,4.5,2158,4,695.0,2.0,0,1464,0,1,1,597,38,46,3.0,14.0,0,0,0,6,4,0,0,1,0,0,0,1
70.86,3.8,3451,5,141.0,12.0,2,2393,0,1,3,517,72,36,0.0,0.0,1,0,0,4,4,0,0,0,0,0,1,0
272.65,3.8,834,2,409.0,13.0,0,1089,1,0,3,3982,347,280,3.0,7.0,0,0,0,6,3,1,0,0,1,0,0,1
91.32,4.3,2874,1,232.0,3.0,0,1303,1,0,2,2683,313,81,1.0,20.0,0,1,0,2,4,0,0,0,1,0,0,0
273.72,4.0,2734,1,324.0,6.0,0,1243,0,1,2,1448,205,103,1.0,5.0,1,1,0,1,4,0,0,1,0,0,0,1
39.64,3.8,4657,4,563.0,13.0,1,2028,1,0,4,1600,86,113,3.0,22.0,0,0,0,0,3,0,0,0,1,0,0,0
23.2,4.0,623,6,119.0,26.0,0,2541,1,0,1,4894,360,338,2.0,5.0,1,1,0,4,4,0,1,0,0,0,0,1
248.25,3.9,926,9,617.0,11.0,0,1500,0,1,6,3057,294,79,5.0,15.0,0,0,0,2,9,0,0,1,0,0,0,0
128.21,4.3,0,3,213.0,21.0,0,5,1,1,1,651,96,27,3.0,4.0,1,0,1,5,9,0,0,1,0,0,0,1
125.85,4.0,3169,2,606.0,23.0,0,478,1,1,3,4807,463,80,2.0,9.0,1,1,0,3,0,0,0,0,1,0,0,1
223.83,3.9,2455,3,1001.0,1.0,1,464,1,0,4,3738,97,188,2.0,16.0,1,0,0,4,0,0,0,0,0,0,1,0
128.43,3.3,2310,6,557.0,21.0,0,1231,1,1,2,2850,250,132,0.0,1.0,0,0,1,1,8,0,0,0,0,0,0,1
136.6,3.7,264,3,247.0,16.0,1,1042,1,1,3,3928,105,241,1.0,0.0,0,0,0,4,2,1,0,0,0,0,0,1
292.6,4.9,3692,9,585.0,1.0,0,4000,0,1,5,2100,89,14,3.0,17.0,1,0,0,8,5,0,0,0,0,0,1,0
316.79,4.9,4183,8,720.0,1.0,0,1005,1,1,5,4989,569,388,1.0,25.0,0,0,0,9,4,0,0,0,0,0,1,0
144.26,3.6,104,2,20.0,19.0,3,478,1,1,3,2562,347,137,0.0,0.0,1,0,0,1,9,0,0,0,1,0,0,1
224.14,3.978268041237113,1637,6,530.0,1.0,0,1375,1,1,6,959,135,56,0.0,24.0,0,0,0,7,6,0,0,0,1,0,0,0
49.83,2.3,2270,2,272.0,28.0,3,1982,1,1,1,4019,71,228,2.0,11.988333333333333,0,1,0,3,8,1,0,0,1,0,0,1
106.03,4.0,0,1,202.0,27.0,1,2063,1,1,1,2925,411,101,5.0,7.0,1,0,0,1,3,0,0,0,0,0,0,1
247.97,3.9,2305,5,453.0,31.0,0,1495,1,1,2,3333,481,177,0.0,12.0,0,0,0,6,9,0,0,0,0,0,0,0
305.14,4.6,5127,5,436.0,1.0,0,3213,1,0,5,2851,94,147,4.0,30.0,1,0,0,8,7,0,0,0,0,0,1,0
74.47,4.7,4353,4,302.0,26.0,0,3307,1,1,5,1928,161,13,2.0,18.0,1,0,0,0,4,0,0,0,0,1,0,1
304.81,4.4,4254,6,846.0,4.0,0,2462,1,1,4,647,54,8,3.0,22.0,0,0,0,6,9,0,1,0,0,0,0,0
82.13,2.7,0,3,366.0,27.0,2,1088,1,1,2,3193,194,252,2.0,0.0,1,0,0,6,6,0,0,0,0,0,1,1
179.95,5.0,3113,6,109.0,19.0,2,2929,1,1,2,256,18,9,2.0,20.0,0,0,0,3,8,0,0,0,0,0,0,1
245.79,4.2,345,5,209.0,13.0,0,1644,1,1,2,3182,422,201,4.0,16.0,0,0,0,7,4,0,0,0,1,0,0,0
264.48,4.3,2764,5,640.0,10.0,0,946,1,1,3,3720,353,272,3.0,11.988333333333333,1,0,0,1,0,1,0,0,0,0,0,1
169.03,4.6,5093,8,489.0,8.0,2,1850,0,1,1,3333,355,237,2.0,23.0,1,0,0,3,6,0,0,0,0,0,0,0
232.34,3.2,1265,5,756.0,14.0,0,1604,0,0,2,3852,512,279,2.0,6.0,0,0,0,5,7,0,0,1,0,0,0,1
39.65,4.3,2675,2,717.0,1.0,1,2038,1,1,2,4331,138,171,2.0,25.0,1,1,0,0,0,0,0,0,0,0,1,0
92.83,3.1,709,8,20.0,20.0,3,5,1,1,1,3450,103,210,0.0,2.0,0,1,0,9,4,1,0,0,0,1,0,1
202.96,5.0,4143,6,468.0,7.0,1,2376,1,1,3,2388,345,50,1.0,21.0,0,0,0,9,2,0,0,0,0,1,0,0
197.71,3.9,3125,4,535.0,26.0,1,4000,1,1,1,4996,687,84,1.0,17.0,1,0,0,3,5,1,0,1,0,0,0,1
102.52,3.7,0,1,160.0,1.0,2,2149,0,0,1,1078,39,36,2.0,5.0,1,0,0,1,1,1,0,0,0,1,0,1
193.09,5.0,2082,7,690.0,1.0,0,3112,1,1,1,2189,32,134,5.0,9.0,1,1,1,5,7,1,0,0,0,1,0,1
310.1,3.6,0,3,410.0,15.0,0,4000,1,1,5,2425,74,45,0.0,10.0,0,0,0,8,2,0,0,0,0,0,0,0
5.0,3.0,0,1,492.0,32.0,1,5,0,1,1,4699,140,163,1.0,8.0,0,1,0,2,4,1,0,0,0,0,1,1
137.54,4.4,1511,3,281.0,1.0,1,2633,0,1,3,2754,83,145,5.0,7.0,1,0,0,3,0,0,0,0,0,0,1,0
346.73,5.0,3735,4,531.0,1.0,0,2732,1,1,6,4234,460,275,3.0,26.0,1,0,0,1,6,0,1,0,0,0,0,0
159.25,4.2,3151,4,424.0,13.0,0,1894,1,1,4,4218,325,39,4.0,3.0,0,0,0,2,2,0,0,0,1,0,0,0
55.26,4.2,1644,1,381.0,12.0,0,453,1,0,2,2381,36,148,2.0,11.988333333333333,1,0,0,4,6,0,0,0,0,0,0,0
229.98,4.2,3220,6,408.0,5.0,0,1390,1,1,4,1888,79,114,3.0,25.0,0,0,0,0,0,1,0,1,0,0,0,1
5.0,3.2,1839,4,185.0,38.0,3,1535,1,0,1,2557,65,119,0.0,0.0,0,0,0,5,3,1,0,0,0,0,0,1
74.3,2.3,858,1,650.0,15.0,0,1320,1,1,4,4365,605,341,3.0,20.0,1,0,0,9,5,0,1,0,0,0,0,0
261.53,5.0,2507,4,363.0,10.0,0,4000,1,1,3,3927,443,260,2.0,23.0,1,0,0,8,0,0,0,0,1,0,0,0
119.75,3.2,0,6,216.0,26.0,1,1558,1,1,1,4935,266,162,2.0,12.0,1,0,0,7,1,0,0,0,0,0,1,1
213.54,4.0,0,6,249.0,1.0,0,1379,0,0,3,1964,284,20,3.0,3.0,1,0,0,1,5,0,0,0,1,0,0,1
278.39,5.0,4787,8,717.0,1.0,0,2276,0,1,5,1214,122,46,3.0,32.0,0,0,0,0,2,0,0,0,0,0,0,0
132.52,4.6,4825,6,377.0,1.0,1,2596,1,1,3,365,29,7,3.0,13.0,0,0,1,9,3,0,0,1,0,0,0,0
117.39,3.9,1916,1,338.0,14.0,1,851,1,1,2,3321,454,20,0.0,8.0,0,0,0,8,7,0,0,0,0,0,0,1
20.48,2.5,6005,3,238.0,5.0,2,5,0,0,2,3077,198,107,1.0,19.0,0,0,0,2,9,0,0,0,0,0,1,0
206.43,4.2,5094,8,747.0,1.0,1,620,0,1,2,4440,394,72,5.0,36.0,1,0,0,8,8,0,0,0,1,0,0,0
5.0,3.3,4120,1,69.0,45.0,2,5,0,0,3,309,31,2,0.0,14.0,0,0,1,0,1,0,0,0,1,0,0,1
133.41,4.7,3586,6,599.0,5.0,0,2228,0,1,4,4276,200,282,2.0,11.0,0,0,0,2,5,0,0,0,0,0,1,1
246.35,5.0,2730,4,668.0,14.0,0,662,1,1,3,4318,239,202,1.0,21.0,0,0,0,5,0,0,0,0,0,1,0,0
45.54,3.978268041237113,0,1,20.0,48.0,2,1560,1,0,1,2885,62,208,0.0,0.0,0,0,0,8,1,1,0,0,0,1,0,1
66.42,4.8,4148,8,488.0,1.0,0,1053,1,1,4,4413,65,116,2.0,9.0,0,0,1,4,7,0,1,0,0,0,0,0
255.06,4.7,1059,3,472.0,16.0,2,2466,1,1,5,1312,134,15,0.0,14.0,0,0,0,3,3,0,0,0,0,1,0,0
42.89,2.7,0,1,337.0,13.0,3,294,0,0,4,4968,744,103,0.0,1.0,0,1,0,7,1,0,0,0,1,0,0,1
82.61,3.2,0,3,167.0,32.0,2,3601,1,1,1,2083,177,127,4.0,6.0,1,0,0,9,3,1,1,0,0,0,0,1
71.1,3.1,0,6,465.0,15.0,1,1580,0,1,2,2557,64,179,0.0,16.0,0,1,1,9,5,0,0,0,0,1,0,0
21.09,3.3,2051,6,229.0,7.0,1,5,0,1,1,4798,221,318,1.0,14.0,0,1,0,0,9,0,0,0,0,1,0,0
7.27,3.7,0,5,240.0,27.0,2,3545,1,0,2,1053,38,58,1.0,9.0,0,0,0,9,6,0,0,0,1,0,0,0
78.05,3.5,0,2,36.0,17.0,1,681,0,0,2,3785,519,130,2.0,21.0,0,0,0,2,2,0,0,0,0,0,1,0
149.12,3.8,1806,2,612.0,1.0,0,2237,1,1,1,990,104,45,2.0,0.0,0,1,0,5,8,0,0,0,0,0,0,0
241.72,4.5,586,1,489.0,19.0,0,2516,1,1,2,2909,235,47,4.0,15.0,1,0,1,5,5,1,1,0,0,0,0,1
171.93,3.8,4697,4,523.0,15.0,0,2092,1,1,2,622,92,15,1.0,18.0,0,1,0,6,5,0,0,0,0,0,0,0
119.74,4.7,719,1,562.0,12.0,0,3484,1,1,2,4811,216,152,3.0,7.0,0,0,0,4,3,0,0,0,1,0,0,0
146.18,4.3,4016,4,228.0,32.0,2,2984,0,1,5,4306,43,96,1.6757142857142857,8.0,0,0,0,4,9,0,0,1,0,0,0,0
171.7,3.8,1216,5,403.7255102040816,1.0,0,1519,0,1,3,4439,158,240,2.0,19.0,1,1,0,6,1,0,0,0,1,0,0,0
235.36,5.0,1648,4,391.0,1.0,0,2560,1,1,5,1836,150,81,2.0,7.0,0,0,0,9,8,0,0,1,0,0,0,0
136.19,4.2,427,3,308.0,7.0,0,2374,1,0,1,90,11,3,1.0,0.0,0,1,1,6,8,1,0,0,0,0,0,1
198.82,4.1,3285,7,391.0,1.0,0,1648,1,1,1,1808,86,37,1.0,22.0,0,0,0,6,1,1,0,0,1,0,0,1
5.0,2.6,0,2,20.0,30.0,1,1460,1,0,1,2160,226,112,1.0,0.0,0,0,1,8,7,1,0,1,0,0,0,1
42.8,3.1,1256,4,565.0,21.0,2,2845,0,0,1,2043,202,151,2.0,0.0,0,1,1,3,8,0,0,0,1,0,0,1
74.52,2.4,713,1,311.0,22.0,1,1109,0,1,1,516,35,19,0.0,16.0,0,1,0,4,6,0,0,0,1,0,0,0
127.04,3.6,2969,1,341.0,9.0,2,1381,0,1,1,3136,196,173,0.0,5.0,0,0,0,4,7,1,0,0,0,1,0,1
108.63,3.9,1663,1,315.0,42.0,0,5,1,1,2,2617,116,201,0.0,12.0,0,1,0,9,8,0,0,0,0,0,0,0
264.63,4.1,3175,5,732.0,16.0,0,3298,0,1,1,302,22,14,2.0,20.0,0,0,0,9,3,0,1,0,0,0,0,0
10.97,2.8,0,1,20.0,41.0,2,420,0,0,3,4493,311,250,0.0,3.0,1,0,1,4,2,0,0,0,0,1,0,1
50.83,3.3,0,1,194.0,29.0,1,1788,1,0,4,1119,125,65,2.0,11.988333333333333,0,0,0,7,2,0,1,0,0,0,0,1
291.74,3.7,1362,5,525.0,17.0,2,1833,1,1,2,2870,411,170,1.0,0.0,1,0,0,5,1,0,0,0,1,0,0,0
72.7,3.6,5399,3,109.0,34.0,2,3252,1,1,1,690,64,43,1.0,11.0,0,0,0,4,5,1,0,1,0,0,0,0
145.23,3.8,564,7,675.0,1.0,0,3736,0,0,6,3771,267,290,3.0,8.0,0,0,0,9,7,1,0,0,0,1,0,0
93.12,3.9,445,2,178.0,28.0,0,1478,1,1,3,2704,29,174,1.0,10.0,0,0,1,2,6,0,0,1,0,0,0,0
161.37,4.4,4348,4,761.0,1.0,0,3095,1,1,3,2975,397,24,1.0,28.0,0,1,1,3,0,0,0,0,0,0,1,0
216.95,3.4,3567,5,522.0,13.0,1,2000,1,1,5,143,8,4,0.0,19.0,0,1,0,6,8,0,1,0,0,0,0,0
82.85,4.6,804,6,129.0,17.0,0,928,1,1,3,3212,175,48,4.0,7.0,0,0,0,5,6,0,0,0,1,0,0,0
163.68,4.3,953,6,77.0,18.0,0,1914,0,1,2,2049,161,117,3.0,17.0,1,0,1,1,9,1,0,1,0,0,0,1
217.01,3.8,2062,6,681.0,20.0,0,3063,1,0,3,3613,410,222,1.0,9.0,0,0,1,7,3,1,0,1,0,0,0,1
89.61,4.0,919,1,526.0,44.0,0,631,0,1,1,220,23,8,1.0,11.0,0,0,1,3,5,0,0,0,1,0,0,1
339.29,3.8,0,1,378.0,1.0,1,2334,0,1,4,431,27,22,1.0,6.0,0,0,0,4,1,0,0,0,0,1,0,0
101.52,3.5,1384,5,203.0,9.0,2,2411,1,0,2,3394,172,54,0.0,17.0,1,0,0,3,7,0,0,0,0,1,0,1
53.43,3.8,2154,4,624.0,38.0,3,29,1,1,4,2745,334,14,0.0,13.0,1,0,0,0,4,0,0,0,0,1,0,1
207.86,4.3,1091,4,552.0,25.0,0,1491,0,1,2,4425,390,209,3.0,21.0,1,0,0,9,4,0,0,0,1,0,0,0
13.07,3.8,0,4,225.0,8.0,0,531,1,1,2,129,1,1,2.0,14.0,0,0,0,7,8,1,0,0,0,0,1,1
300.64,4.6,4212,6,672.0,7.0,0,4000,1,1,5,3735,382,250,4.0,24.0,0,0,0,3,8,1,1,0,0,0,0,0
255.37,4.9,5840,6,882.0,7.0,1,1643,1,1,2,4673,195,68,3.0,11.988333333333333,0,0,0,9,6,0,0,0,0,0,0,0
96.93,4.0,146,4,177.0,14.0,2,102,1,1,3,1879,278,62,0.0,9.0,1,0,0,0,1,1,0,0,1,0,0,1
201.86,5.0,3686,6,166.0,6.0,0,2164,0,1,2,3500,245,277,0.0,14.0,0,0,1,7,7,0,0,0,1,0,0,0
194.95,2.9,2073,5,556.0,14.0,1,1987,1,0,4,1717,110,134,1.0,11.988333333333333,1,0,1,5,4,0,0,0,0,1,0,0
32.41,4.8,2271,3,392.0,5.0,1,1282,1,0,3,588,82,10,2.0,23.0,0,0,0,6,9,1,0,0,0,1,0,1
61.25,3.1,595,3,403.7255102040816,19.0,0,5,1,1,2,1146,97,47,1.0,12.0,0,0,0,3,0,0,0,1,0,0,0,0
280.86,3.6,3336,4,716.0,14.0,0,2140,1,1,2,3530,350,44,2.0,15.0,0,0,0,8,9,0,0,0,1,0,0,0
128.72,4.4,1092,1,403.7255102040816,1.0,2,2682,1,1,4,2043,306,118,4.0,26.0,0,0,0,9,1,0,0,0,0,0,0,0
66.97,3.1,1535,5,409.0,13.0,0,5,1,0,2,2597,320,170,0.0,19.0,0,0,0,2,5,0,1,0,0,0,0,0
59.81,3.5,1108,1,402.0,29.0,0,653,0,1,2,2129,229,132,2.0,13.0,0,0,1,2,0,0,0,0,0,0,1,0
48.45,2.8,987,5,85.0,34.0,4,5,1,0,3,4935,418,330,1.0,0.0,1,0,0,7,5,0,1,0,0,0,0,1
88.89,3.7,0,1,521.0,16.0,3,1086,1,1,1,4249,603,255,1.0,11.0,0,0,0,1,8,0,0,0,0,1,0,1
169.44,4.7,3240,5,702.0,3.0,0,2381,1,1,2,570,13,24,2.0,14.0,0,0,0,7,1,0,0,0,0,0,0,0
165.54,3.5,206,1,770.0,9.0,0,1655,1,1,3,2267,64,46,1.0,16.0,1,1,0,4,8,0,0,0,0,0,1,1
104.39,4.3,0,3,394.0,10.0,1,5,1,0,1,3993,137,210,4.0,10.0,0,0,0,2,8,0,0,0,0,0,0,1
121.09,4.5,2688,7,924.0,3.0,1,2388,0,1,3,4807,282,361,3.0,12.0,0,0,0,0,3,0,1,0,0,0,0,0
5.0,3.2,0,3,149.0,34.0,0,950,0,0,2,770,31,12,1.0,6.0,1,0,0,6,1,1,0,0,0,0,0,1
5.0,2.7,0,1,141.0,28.0,0,388,1,1,1,1309,84,25,0.0,0.0,1,1,1,4,4,1,0,0,1,0,0,1
182.56,3.6,1192,5,623.0,35.0,0,1280,1,0,3,203,2,10,4.0,5.0,1,0,0,0,8,0,0,1,0,0,0,0
143.04,4.3,1587,1,321.0,16.0,0,768,1,0,3,3316,219,126,2.0,16.0,1,0,0,3,5,0,0,0,0,0,1,0
184.71,4.8,0,1,456.0,23.0,1,5,0,0,1,2999,40,125,0.0,15.0,0,1,0,9,7,0,0,1,0,0,0,0
176.77,4.4,2001,4,280.0,15.230456852791878,0,2899,1,1,4,736,20,44,0.0,11.0,0,1,0,8,0,0,0,0,1,0,0,1
221.77,4.4,1382,5,137.0,4.0,1,1376,1,0,3,3124,81,24,1.0,0.0,0,0,0,9,0,0,1,0,0,0,0,0
201.78,4.9,4662,6,316.0,2.0,1,3838,1,1,6,4472,402,43,3.0,22.0,0,0,0,0,7,0,0,0,0,1,0,0
131.08,2.9,865,1,26.0,24.0,0,5,0,0,2,1314,100,102,0.0,6.0,0,1,0,3,1,0,0,0,1,0,0,1
77.85,3.7,116,3,20.0,35.0,1,518,0,0,3,4002,153,54,0.0,6.0,0,0,1,6,0,1,0,0,1,0,0,1
119.79,2.6,0,5,521.0,6.0,1,599,0,1,2,1637,120,103,1.0,4.0,1,0,0,0,7,0,1,0,0,0,0,0
270.38,5.0,4759,6,519.0,2.0,0,2420,1,0,4,3631,368,262,5.0,19.0,1,1,0,5,5,0,0,0,0,1,0,0
89.31,3.1,0,1,20.0,4.0,0,413,0,0,1,4394,401,330,0.0,7.0,0,1,1,9,2,0,0,1,0,0,0,1
170.09,3.8,1309,2,232.0,18.0,1,2501,1,0,3,2216,197,152,0.0,12.0,0,0,0,1,2,0,0,1,0,0,0,1
325.48,4.3,354,6,469.0,9.0,0,3329,1,1,3,1980,140,23,1.0,17.0,0,0,0,1,4,0,0,1,0,0,0,0
280.76,4.6,2304,6,499.0,13.0,1,2765,1,0,3,1143,100,13,0.0,23.0,0,0,1,5,8,0,0,0,0,1,0,0
53.6,4.4,320,1,376.0,4.0,0,1189,0,0,2,1510,99,103,4.0,19.0,0,0,0,9,3,0,0,0,0,1,0,0
114.55,3.5,2771,4,300.0,30.0,0,2344,0,1,4,86,11,2,0.0,26.0,0,0,0,7,8,0,0,1,0,0,0,0
176.13,4.6,1509,3,309.0,12.0,2,300,0,0,3,460,47,8,0.0,0.0,0,0,1,3,9,0,0,0,0,1,0,1
271.02,4.6,1309,2,430.0,19.0,0,1338,1,1,5,4984,323,78,3.0,17.0,1,0,0,8,0,0,0,0,0,0,0,0
147.63,4.1,1699,2,248.0,17.0,0,214,1,0,4,1768,232,132,4.0,5.0,1,0,1,7,5,0,0,0,1,0,0,0
101.13,3.7,0,3,20.0,28.0,0,5,0,0,1,2124,204,83,2.0,19.0,0,1,0,4,2,0,0,0,0,0,0,1
127.73,4.4,0,1,227.0,12.0,2,1371,1,0,1,753,105,36,2.0,8.0,0,0,0,3,4,0,0,0,1,0,0,0
61.92,4.0,1260,3,586.0,31.0,0,1938,0,1,4,2258,318,123,3.0,11.0,0,0,0,8,4,0,0,1,0,0,0,0
166.61,3.978268041237113,0,3,137.0,15.0,0,237,1,1,1,203,22,1,0.0,11.0,0,1,1,8,8,0,0,0,0,1,0,0
90.95,5.0,2974,7,506.0,10.0,0,1921,1,1,3,1154,85,28,2.0,13.0,0,1,0,4,3,1,0,1,0,0,0,0
255.85,3.3,291,4,489.0,11.0,1,2663,1,1,1,2240,195,52,4.0,17.0,0,1,0,3,0,0,0,0,0,0,1,0
55.45,2.7,0,2,189.0,24.0,1,5,1,0,1,1313,144,13,1.0,0.0,1,0,1,3,8,1,0,0,1,0,0,1
166.17,4.2,467,2,829.0,11.0,0,1509,1,1,1,1684,77,133,2.0,9.0,0,0,0,3,3,1,0,0,0,0,0,1
266.05,3.0,0,5,360.0,10.0,1,1200,0,1,4,1273,55,31,1.0,8.0,0,0,0,8,2,0,0,1,0,0,0,1
227.36,4.2,1815,1,304.0,7.0,0,940,1,1,1,3865,206,183,1.0,0.0,0,0,0,4,4,0,0,0,0,0,0,0
192.41,4.9,577,8,584.0,1.0,0,3993,1,1,2,2219,156,87,2.0,13.0,0,0,0,0,5,0,0,0,0,0,0,0
133.58,4.2,2615,8,660.0,7.0,1,2334,0,1,2,3144,260,106,3.0,12.0,0,0,0,2,9,1,0,0,0,0,0,1
154.51,4.1,1175,3,246.0,7.0,1,1272,1,1,1,786,89,27,0.0,10.0,0,0,0,5,5,0,1,0,0,0,0,1
55.93,3.7,3125,2,642.0,9.0,0,2463,0,1,4,131,4,8,1.0,8.0,0,1,0,1,4,0,0,1,0,0,0,0
178.76,5.0,1118,2,148.0,1.0,0,988,1,1,1,3259,455,50,1.0,11.0,0,0,0,3,7,0,0,1,0,0,0,0
216.61,5.0,0,5,488.0,14.0,0,3308,1,0,1,2356,39,52,2.0,21.0,0,0,0,6,0,0,0,0,0,0,0,0
373.83,3.6,2785,4,275.0,26.0,0,4000,1,1,6,3085,175,100,1.0,11.988333333333333,1,0,0,5,8,0,1,0,0,0,0,0
93.68,3.4,635,5,591.0,20.0,2,1002,0,1,2,3120,282,179,2.0,1.0,1,0,0,9,4,0,0,0,0,1,0,0
59.9,3.0,0,4,189.0,23.0,0,1968,0,1,1,1010,40,16,0.0,7.0,0,1,0,0,8,0,0,1,0,0,0,1
191.64,2.6,2773,3,826.0,23.0,1,1687,1,1,2,1341,161,37,3.0,11.0,0,0,0,4,5,0,0,0,0,1,0,1
251.55,4.1,3759,4,490.0,10.0,1,3376,1,0,4,2070,182,95,2.0,0.0,0,0,0,3,2,0,0,0,0,0,0,0
202.85,4.4,5548,3,363.0,10.0,0,2940,1,1,3,82,5,2,4.0,23.0,1,0,0,7,2,0,0,0,0,0,1,0
28.22,4.1,1495,7,466.0,6.0,0,2538,0,1,1,4847,663,139,0.0,18.0,0,0,1,5,4,0,0,1,0,0,0,0
211.16,4.2,3399,2,436.0,11.0,0,1943,1,0,3,2758,285,109,1.0,11.0,1,1,1,4,6,0,0,0,0,1,0,1
158.13,3.9,1313,3,449.0,1.0,1,1729,1,0,3,2480,302,115,0.0,11.0,0,1,0,6,0,1,1,0,0,0,0,0
227.06,5.0,2029,5,198.0,8.0,0,1371,1,1,4,3714,219,154,1.0,26.0,0,0,0,7,2,0,0,1,0,0,0,0
81.74,3.978268041237113,296,4,585.0,15.230456852791878,0,4000,1,1,2,4500,643,198,0.0,12.0,0,0,1,5,7,0,0,0,0,0,1,0
177.09,3.4,1216,4,353.0,22.0,3,5,1,1,3,1210,56,84,1.0,19.0,1,0,0,3,3,0,0,0,0,1,0,1
5.0,3.9,5282,2,501.0,15.0,2,725,1,1,3,3377,239,230,0.0,7.0,0,0,1,7,7,0,0,0,1,0,0,0
5.0,3.2,0,3,474.0,23.0,1,2275,1,1,1,3909,126,195,0.0,7.0,1,1,0,4,0,1,0,0,1,0,0,1
181.38,3.9,840,1,353.0,14.0,2,1825,1,0,2,1842,54,35,0.0,12.0,0,1,0,2,9,0,0,0,0,1,0,0
5.0,2.6,0,4,20.0,20.0,3,636,0,0,1,561,74,24,2.0,0.0,0,0,0,1,7,1,0,1,0,0,0,1
110.79,3.6,0,4,384.0,4.0,1,949,1,0,1,2898,300,76,0.0,2.0,0,1,1,8,1,1,0,0,0,0,0,1
5.0,3.0,2709,4,387.0,14.0,3,730,1,0,1,1754,245,86,1.0,2.0,1,1,0,6,0,0,0,0,0,0,0,0
152.82,4.6,3068,4,299.0,16.0,0,2599,1,1,2,4107,285,325,2.0,15.0,0,0,0,7,4,1,0,0,0,1,0,1
190.0,4.0,1058,4,241.0,21.0,0,696,1,0,1,3424,151,100,1.0,7.0,1,0,0,7,9,0,0,1,0,0,0,0
5.0,3.2,567,1,20.0,37.0,1,3048,1,1,2,3579,256,78,2.0,1.0,0,0,0,7,2,1,0,0,0,0,0,1
127.17,3.8,0,4,303.0,1.0,1,2456,1,1,4,593,72,42,2.0,11.988333333333333,1,0,0,2,2,1,0,0,0,1,0,0
160.08,4.7,0,1,444.0,7.0,1,670,1,1,2,756,34,49,1.0,3.0,1,0,0,0,1,0,0,0,0,0,0,1
279.62,4.4,507,6,470.0,16.0,0,1922,1,1,2,2161,224,150,5.0,25.0,0,1,0,7,9,0,0,0,0,0,0,0
138.98,3.7,2571,4,229.0,29.0,1,1855,1,0,1,539,25,6,3.0,0.0,0,0,0,7,4,0,0,0,1,0,0,1
81.86,3.7,1716,3,94.0,12.0,2,635,1,0,2,2013,200,143,4.0,11.0,0,0,0,5,5,0,0,0,0,0,1,1
5.0,4.2,0,6,424.0,24.0,0,1472,1,1,1,1942,94,152,0.0,7.0,1,0,0,0,6,1,0,0,1,0,0,1
250.25,4.2,3482,4,743.0,30.0,0,2161,1,0,2,3363,254,140,2.0,12.0,0,0,0,6,6,0,0,0,0,0,1,0
12.31,3.0,0,1,480.0,20.0,2,5,0,0,1,1941,149,76,0.0,0.0,0,0,0,2,1,1,1,0,0,0,0,1
190.56,4.7,2172,2,367.0,5.0,0,2437,1,1,4,3666,50,120,2.0,20.0,0,1,0,1,7,1,0,0,0,0,1,1
128.19,4.5,290,3,306.0,11.0,0,1092,1,1,2,1023,30,24,3.0,7.0,1,0,0,1,1,0,0,1,0,0,0,1
179.07,5.0,3458,1,390.0,1.0,1,1235,1,0,2,2587,210,121,1.0,13.0,1,1,0,0,5,0,0,0,1,0,0,0
9.81,2.3,0,1,20.0,32.0,3,5,0,0,1,886,116,27,0.0,0.0,1,1,0,3,2,1,0,1,0,0,0,1
116.6,3.4,2063,4,56.0,3.0,2,5,0,0,2,3370,316,199,2.0,2.0,1,0,0,0,3,1,0,0,0,0,0,1
104.7,4.4,1802,1,251.0,15.230456852791878,0,2605,0,1,5,384,54,25,2.0,19.0,1,0,0,4,9,1,0,1,0,0,0,0
36.34,3.4,0,2,342.0,24.0,0,330,0,1,2,2660,174,189,0.0,7.0,0,0,0,3,4,0,0,0,1,0,0,0
110.53,4.4,443,3,331.0,26.0,0,1332,0,0,1,3775,401,19,4.0,6.0,1,1,0,3,6,1,0,0,0,0,0,0
145.45,3.4,2331,4,274.0,1.0,0,3549,1,1,3,1535,51,99,1.0,16.0,0,0,1,0,9,0,0,0,1,0,0,0
251.31,4.0,4434,4,642.0,13.0,0,1933,1,1,2,237,8,13,0.0,7.0,1,0,0,3,4,0,0,1,0,0,0,0
185.92,3.8,1357,5,342.0,14.0,2,2240,1,0,2,633,86,13,0.0,0.0,0,0,0,5,1,0,0,1,0,0,0,0
15.2,4.5,0,4,396.0,29.0,0,1268,1,0,1,938,80,39,2.0,5.0,1,0,0,0,3,0,0,0,1,0,0,0
162.07,3.7,1059,7,579.0,1.0,0,1873,0,1,5,4059,371,315,3.0,14.0,0,0,0,0,7,0,0,0,0,0,0,0
230.22,4.0,4373,4,770.0,22.0,0,1716,1,1,3,3981,355,127,0.0,20.0,0,0,0,5,6,0,0,0,0,1,0,0
60.39,1.9,1047,3,596.0,24.0,2,552,0,0,1,1199,73,76,0.0,13.0,0,0,0,7,8,0,0,0,0,0,0,1
134.45,4.0,1289,1,294.0,14.0,3,1114,1,1,2,3961,252,231,0.0,0.0,0,0,0,8,8,0,0,1,0,0,0,1
229.3,4.3,2964,5,396.0,1.0,1,2601,0,1,5,3773,260,153,2.0,17.0,1,0,0,3,4,1,0,0,0,0,0,1
98.93,4.6,3322,4,381.0,10.0,0,3037,0,1,4,1822,63,63,2.0,22.0,0,0,1,4,9,0,0,0,0,0,0,0
102.16,4.9,4824,2,727.0,1.0,0,1094,1,1,4,2920,304,43,4.0,26.0,0,0,1,8,5,0,0,0,0,1,0,0
9.61,3.8,185,3,335.0,33.0,1,5,1,0,2,2571,341,150,2.0,5.0,0,0,0,7,7,0,1,0,0,0,0,0
133.88,3.8,4286,6,176.0,12.0,0,2435,0,0,3,3040,286,98,4.0,10.0,0,0,0,4,6,1,0,0,0,0,0,1
143.91,4.5,1973,7,447.0,20.0,0,1646,1,1,2,4202,477,66,1.0,18.0,0,0,0,0,6,0,1,0,0,0,0,1
80.2,3.8,1199,4,203.0,10.0,1,755,1,1,2,2792,187,77,1.0,26.0,0,0,0,6,6,0,0,1,0,0,0,1
193.73,4.1,2779,2,470.0,10.0,2,2221,0,1,2,3244,325,243,2.0,20.0,0,1,0,7,6,0,0,0,1,0,0,0
183.48,3.7,3009,1,211.0,6.0,2,5,0,1,3,3846,476,62,1.0,1.0,0,1,0,0,9,0,1,0,0,0,0,0
225.0,5.0,7122,5,883.0,10.0,0,2553,1,1,2,4421,219,315,5.0,19.0,0,0,0,8,3,0,0,0,0,0,0,0
134.76,3.8,2164,4,297.0,13.0,0,148,0,1,5,2954,300,174,0.0,13.0,0,0,0,2,3,0,0,1,0,0,0,0
100.28,4.2,2153,6,143.0,10.0,1,3147,0,1,4,3353,229,168,3.0,15.0,0,0,1,9,9,1,0,0,1,0,0,1
65.73,3.6,2038,4,83.0,37.0,1,1215,0,1,3,995,59,60,0.0,0.0,0,0,0,8,7,0,0,1,0,0,0,0
81.82,3.9,4258,5,318.0,25.0,1,1566,1,1,1,481,70,6,3.0,11.988333333333333,0,0,0,1,3,0,0,0,1,0,0,0
203.61,4.4,2815,6,167.0,10.0,0,2460,1,0,1,4575,500,117,0.0,7.0,0,0,0,8,1,0,0,0,0,0,0,1
256.34,3.9,3460,5,528.0,14.0,1,2107,1,1,2,996,15,48,3.0,5.0,0,0,0,3,9,0,0,0,0,0,1,0
195.96,4.9,3361,6,579.0,12.0,1,2318,1,1,3,1293,158,100,4.0,16.0,0,0,0,0,0,0,0,1,0,0,0,0
117.5,4.0,694,3,636.0,21.0,2,2291,1,1,5,545,80,27,1.0,9.0,0,1,0,3,5,0,0,0,0,1,0,1
179.67,3.5,905,2,517.0,8.0,1,2734,0,1,3,175,18,1,0.0,17.0,1,0,0,6,5,1,0,0,0,0,0,1
154.46,3.6,0,6,449.0,12.0,1,1039,1,0,1,172,20,10,2.0,11.0,1,0,1,1,4,0,0,0,0,1,0,1
15.93,3.978268041237113,0,3,328.0,31.0,1,24,1,1,1,2848,284,143,0.0,8.0,0,1,0,2,3,1,0,1,0,0,0,1
230.06,3.9,2888,3,491.0,6.0,0,2206,1,0,3,1584,207,23,2.0,20.0,0,0,1,8,8,0,0,1,0,0,0,0
251.64,4.3,1545,6,609.0,7.0,0,1368,0,1,2,4126,332,206,3.0,17.0,1,1,0,5,9,0,0,0,0,1,0,0
5.0,2.5,1654,2,20.0,28.0,1,906,1,1,2,2004,203,109,0.0,0.0,1,0,0,5,2,1,0,0,0,0,0,1
74.23,3.1,1524,5,442.0,18.0,2,3536,1,0,2,2542,327,175,2.0,18.0,0,0,0,0,3,1,0,1,0,0,0,1
259.0,5.0,4001,5,669.0,19.0,1,1646,1,1,1,3222,229,208,1.0,14.0,0,0,0,4,0,0,0,1,0,0,0,1
5.0,4.1,2270,3,568.0,28.0,0,602,1,1,2,1838,158,107,3.0,23.0,0,0,0,8,6,0,0,1,0,0,0,1
263.1,4.1,2573,1,86.0,18.0,1,953,1,1,1,672,59,13,0.0,2.0,0,0,0,8,5,1,0,0,0,0,0,1
26.27,3.9,2082,6,311.0,14.0,3,3098,1,1,2,2051,67,163,2.0,26.0,0,1,0,2,6,0,0,0,0,0,0,0
176.26,4.2,2222,4,640.0,22.0,0,2564,1,0,1,534,44,38,4.0,20.0,0,0,0,4,1,1,0,0,1,0,0,1
272.87,4.9,4664,3,780.0,2.0,0,2935,0,1,4,3838,104,170,0.0,26.0,0,0,0,7,0,1,0,0,0,0,0,1
216.49,3.6,359,4,451.0,20.0,0,1147,1,1,2,1666,75,76,3.0,8.0,0,0,0,6,8,0,1,0,0,0,0,0
174.38,3.4,4688,3,237.0,12.0,1,5,0,1,4,3388,438,209,0.0,27.0,0,1,0,2,6,1,0,0,0,0,0,1
164.3,3.7,2094,4,361.0,17.0,0,354,1,0,2,1383,71,20,1.0,18.0,1,0,0,6,9,0,0,0,0,0,1,1
273.6,5.0,2519,5,716.0,7.0,0,1667,1,1,1,339,50,6,5.0,21.0,0,0,0,1,7,0,0,0,1,0,0,0
180.37,4.6,1694,1,472.0,15.0,1,5,1,1,2,3818,407,197,4.0,22.0,0,0,0,6,7,0,0,0,0,0,0,0
66.29,4.6,2017,2,403.7255102040816,18.0,1,1110,1,1,1,1226,145,63,4.0,16.0,1,1,0,1,0,1,0,0,1,0,0,0
162.33,3.7,0,1,478.0,27.0,1,1757,1,1,2,2898,259,68,2.0,14.0,1,0,0,0,7,0,0,0,1,0,0,0
110.78,3.4,1469,3,219.0,8.0,2,5,1,1,2,3963,134,123,0.0,25.0,0,0,0,4,9,1,0,0,0,0,0,1
284.99,4.5,740,6,505.0,11.0,1,2163,1,1,5,2132,175,33,3.0,17.0,0,0,0,7,5,0,0,1,0,0,0,0
126.71,3.4,0,2,74.0,12.0,1,1878,1,1,1,1518,166,69,0.0,0.0,0,0,1,2,0,0,1,0,0,0,0,0
204.85,3.3,1488,2,386.0,34.0,1,2898,1,0,4,4248,510,61,2.0,13.0,1,0,0,7,9,0,0,0,0,1,0,1
125.45,3.0,2657,2,468.0,1.0,0,1331,0,1,3,4789,310,25,1.0,0.0,0,0,1,6,9,0,0,0,0,1,0,0
273.92,4.0,0,4,442.0,14.0,1,213,0,1,2,3092,64,234,0.0,32.0,0,0,0,8,1,0,0,1,0,0,0,0
220.12,4.2,5126,5,606.0,8.0,0,2194,1,0,3,1947,289,105,4.0,0.0,0,0,0,9,0,0,0,0,1,0,0,0
134.17,4.3,309,3,263.0,20.0,1,730,1,0,4,1144,126,7,2.0,0.0,0,1,0,4,2,0,0,1,0,0,0,0
228.22,2.9,0,1,20.0,7.0,1,260,1,0,3,3310,286,19,3.0,5.0,0,0,0,8,0,0,0,0,0,0,1,1
217.23,4.2,2727,1,678.0,1.0,1,782,1,1,5,4148,311,294,2.0,24.0,0,0,0,4,2,0,0,1,0,0,0,0
186.91,3.7,2339,4,466.0,1.0,0,3509,1,0,4,663,58,52,3.0,14.0,0,0,0,6,0,0,0,0,0,0,0,0
237.97,4.0,1375,4,330.0,15.230456852791878,0,1978,1,1,1,3669,539,163,2.0,12.0,0,0,0,0,9,0,0,0,0,0,0,0
107.62,3.6,0,1,379.0,5.0,1,1999,1,0,2,4062,570,266,0.0,11.988333333333333,0,0,0,2,9,1,0,1,0,0,0,1
102.37,4.7,386,5,595.0,5.0,0,627,1,1,3,532,77,14,2.0,23.0,0,0,0,2,5,0,0,0,0,1,0,0
197.81,4.5,1008,4,569.0,8.0,1,2355,1,1,4,1532,143,101,2.0,15.0,0,1,0,9,0,0,0,1,0,0,0,0
290.53,4.6,1672,3,469.0,17.0,1,3336,1,1,3,4991,297,278,4.0,18.0,0,0,0,9,3,0,0,1,0,0,0,0
184.57,4.9,2934,5,1135.0,9.0,1,2847,1,1,4,2262,252,113,3.0,18.0,0,0,0,4,5,0,0,1,0,0,0,0
112.84,3.3,0,1,403.7255102040816,27.0,1,132,0,0,1,513,58,10,1.0,0.0,0,0,0,5,0,0,0,1,0,0,0,1
301.07,4.2,0,3,209.0,26.0,0,422,1,0,5,1488,85,96,3.0,14.0,0,0,0,3,6,0,0,0,0,0,0,0
152.86,4.0,5516,3,902.0,10.0,2,2282,1,0,4,2567,352,13,1.0,13.0,1,0,1,0,7,0,1,0,0,0,0,0
5.0,3.4,2984,3,500.0,23.0,2,478,1,0,2,4045,532,197,0.0,9.0,0,0,0,4,0,0,1,0,0,0,0,1
77.73,3.5,300,4,519.0,20.0,1,1107,1,0,4,1864,24,43,0.0,6.0,1,0,0,2,7,1,0,0,1,0,0,1
129.21,4.3,1476,5,585.0,9.0,2,3744,1,1,3,2393,40,154,0.0,9.0,0,1,0,2,8,0,0,1,0,0,0,0
35.47,4.0,2021,6,585.0,33.0,1,5,0,1,2,994,91,40,2.0,0.0,1,0,0,2,0,1,0,1,0,0,0,1
172.41,4.2,3014,4,519.0,5.0,0,2373,1,1,4,4633,109,117,4.0,14.0,0,0,1,1,2,1,0,0,0,1,0,1
39.92,4.7,2257,2,45.0,28.0,0,1261,0,0,1,2335,92,16,0.0,19.0,1,0,0,8,3,1,0,1,0,0,0,1
55.38,3.978268041237113,1677,3,395.0,10.0,0,3444,1,1,1,3316,412,217,0.0,10.0,0,0,1,7,4,1,0,0,0,0,0,1
167.15,4.1,3502,2,180.0,15.0,2,1184,1,1,1,514,21,26,1.0,11.988333333333333,1,0,0,0,0,0,1,0,0,0,0,1
130.02,4.3,2188,4,429.0,16.0,0,604,1,1,2,4322,491,198,1.0,16.0,0,0,0,6,2,0,0,1,0,0,0,1
5.0,2.6,0,1,83.0,36.0,2,181,0,0,1,4899,403,182,0.0,0.0,0,0,0,6,5,0,0,0,0,0,0,1
92.2,2.1,0,3,20.0,18.0,1,5,0,1,1,585,19,21,0.0,0.0,0,0,1,8,6,0,0,1,0,0,0,1
90.58,4.2,0,3,41.0,23.0,0,37,1,1,3,113,15,3,0.0,14.0,0,0,0,5,0,0,0,0,0,0,1,1
202.91,3.5,4797,4,200.0,3.0,0,5,0,0,1,4612,213,323,1.0,20.0,0,0,0,3,2,1,0,0,1,0,0,0
291.91,3.7,3799,5,383.0,20.0,0,1972,1,0,2,2843,363,188,1.0,13.0,0,1,0,5,0,0,0,1,0,0,0,1
312.21,4.8,2850,5,789.0,8.0,0,3928,1,1,4,2382,153,12,2.0,14.0,0,0,0,0,3,0,1,0,0,0,0,0
139.28,4.5,3341,4,706.0,1.0,1,964,1,1,3,951,38,18,0.0,0.0,0,0,0,7,1,1,0,0,0,0,1,1
193.76,3.3,371,5,232.0,7.0,1,5,0,1,1,3934,135,250,1.0,20.0,1,0,1,3,2,0,0,0,0,1,0,0
147.64,3.8,332,3,202.0,7.0,1,144,1,0,1,668,77,44,1.0,5.0,0,0,0,8,9,1,0,0,0,0,1,1
278.18,3.9,2734,6,459.0,14.0,0,3411,0,1,6,2529,127,105,1.0,1.0,1,0,0,8,0,0,0,0,1,0,0,0
234.85,4.1,6593,6,640.0,25.0,0,2937,0,1,5,3541,89,170,2.0,19.0,1,0,0,7,9,0,0,0,1,0,0,0
115.75,4.7,1447,3,374.0,24.0,1,1866,0,1,1,2812,180,77,4.0,0.0,0,0,1,1,9,0,0,0,0,0,1,1
228.53,2.4,2928,4,334.0,18.0,1,267,1,0,1,3714,152,101,0.0,11.0,0,0,0,7,3,0,0,0,0,1,0,1
110.62,4.3,730,3,661.0,14.0,0,2897,1,1,4,756,12,52,0.0,11.0,1,0,0,3,6,0,0,0,0,1,0,1
145.84,4.5,5,4,124.0,20.0,0,1596,1,1,2,224,27,14,0.0,20.0,1,0,0,7,7,0,0,1,0,0,0,1
128.0,4.5,0,3,172.0,30.0,0,35,1,0,4,3334,390,106,1.0,0.0,0,0,0,6,1,1,1,0,0,0,0,1
208.7,3.6,5586,5,745.0,17.0,0,2569,1,0,5,800,114,56,3.0,31.0,0,0,0,1,3,0,1,0,0,0,0,0
251.76,4.9,2414,6,514.0,11.0,1,5,1,1,2,4895,333,199,3.0,14.0,0,0,0,0,2,0,0,0,0,1,0,0
134.27,3.7,0,1,20.0,24.0,1,952,1,1,1,4395,553,227,0.0,5.0,0,0,0,8,3,1,0,0,0,1,0,1
60.74,3.8,2299,1,415.0,1.0,1,1713,1,0,2,662,70,45,1.0,19.0,0,0,1,9,9,0,0,1,0,0,0,1
211.34,3.9,2486,4,620.0,3.0,0,3336,1,1,5,4729,174,51,2.0,14.0,0,0,0,5,0,0,0,0,1,0,0,0
124.74,4.3,0,2,490.0,23.0,0,715,0,0,1,1804,241,128,0.0,11.0,1,0,0,4,2,0,0,1,0,0,0,1
306.47,3.9,1885,5,181.0,18.0,0,3121,1,0,5,1180,165,63,4.0,32.0,0,0,0,2,0,0,0,0,0,0,1,0
54.17,2.9,0,5,451.0,24.0,0,1863,1,1,2,3713,523,226,4.0,11.988333333333333,0,0,0,0,7,0,0,0,0,0,0,0
183.97,4.5,2727,4,594.0,14.0,0,2466,1,0,1,1634,94,24,4.0,0.0,0,0,0,0,2,0,0,0,0,0,1,0
196.77,4.4,3179,6,613.0,1.0,0,2008,0,1,3,681,66,22,3.0,25.0,0,0,0,8,3,0,0,0,0,0,0,0
219.12,4.9,0,1,144.0,22.0,0,5,1,1,1,2903,268,36,0.0,5.0,0,0,1,4,8,0,0,1,0,0,0,1
31.46,3.3,0,1,152.0,9.0,0,434,1,1,1,4459,540,290,2.0,13.0,0,0,1,9,2,0,0,0,0,0,1,0
279.02,4.1,1961,8,727.0,1.0,1,885,1,1,4,4613,197,312,1.0,32.0,0,0,0,5,0,0,0,0,1,0,0,0
56.69,3.978268041237113,0,2,369.0,12.0,2,5,1,0,1,3073,173,57,1.0,14.0,0,0,1,4,0,1,1,0,0,0,0,1
183.68,3.1,99,1,334.0,28.0,0,1650,1,1,1,129,13,9,2.0,8.0,0,1,0,3,1,1,0,0,0,0,0,1
74.11,2.6,600,2,119.0,8.0,3,1983,1,0,2,1518,103,35,2.0,4.0,0,1,1,8,9,0,1,0,0,0,0,0
75.15,3.6,1790,4,20.0,33.0,4,1664,1,0,1,4242,84,270,0.0,0.0,1,0,0,7,8,0,0,0,1,0,0,1
206.24,4.5,5433,5,522.0,3.0,0,2678,0,1,6,992,17,35,0.0,14.0,0,0,0,7,1,1,0,0,0,1,0,0
5.0,4.0,0,5,172.0,25.0,0,5,1,1,2,3154,355,98,0.0,0.0,0,1,0,7,6,1,0,0,0,0,1,1
168.33,5.0,1261,2,353.0,14.0,0,2891,1,0,3,64,2,2,3.0,3.0,1,0,0,5,2,0,0,0,0,0,0,0
207.96,4.7,3424,3,680.0,15.230456852791878,2,2487,1,1,1,1775,171,115,2.0,8.0,0,0,0,5,7,0,0,0,0,0,1,1
199.01,3.4,2454,1,746.0,1.0,1,1127,0,1,1,2960,356,235,2.0,24.0,0,0,0,1,0,0,0,1,0,0,0,0
107.9,3.8,5404,4,600.0,2.0,0,2418,1,1,4,2344,271,51,2.0,12.0,0,0,0,2,6,0,0,0,0,0,1,0
308.33,3.6,250,5,593.0,14.0,1,2072,1,1,5,3713,48,233,0.0,17.0,1,1,0,0,9,1,0,0,0,0,0,1
178.16,3.4,94,1,267.0,17.0,0,2088,1,1,3,599,48,13,3.0,9.0,1,0,0,1,1,0,0,1,0,0,0,0
119.51,4.0,1141,5,247.0,24.0,1,193,0,0,2,601,35,24,4.0,8.0,0,0,1,1,1,0,0,0,1,0,0,1
123.25,3.4,1885,4,20.0,24.0,2,1283,0,1,1,686,56,48,0.0,0.0,1,1,0,3,2,0,0,1,0,0,0,1
212.81,3.7,1647,3,722.0,3.0,1,1316,1,1,2,4061,524,29,5.0,11.0,1,0,0,0,7,0,0,0,0,1,0,0
213.57,3.7,2132,3,649.0,13.0,0,1520,1,1,1,2647,148,89,1.0,0.0,0,0,0,8,1,1,0,0,0,0,0,1
91.42,4.0,2933,5,584.0,1.0,1,2831,0,1,1,4353,394,277,1.0,8.0,1,1,0,1,3,0,1,0,0,0,0,1
132.33,3.2,0,3,167.0,23.0,1,581,1,0,3,1902,144,147,0.0,8.0,1,0,0,8,7,1,0,0,0,1,0,1
178.56,3.6,3834,5,932.0,1.0,0,1943,1,0,1,4571,620,341,3.0,18.0,0,0,0,5,4,0,0,0,1,0,0,0
15.87,3.3,0,1,38.0,35.0,1,5,0,1,2,1486,51,41,0.0,7.0,1,0,0,4,3,0,1,0,0,0,0,1
68.72,3.9,491,4,20.0,27.0,1,1438,0,1,2,3430,377,146,0.0,7.0,1,1,1,1,9,0,0,0,1,0,0,0
130.92,3.4,0,5,135.0,35.0,2,2777,1,1,2,2310,77,78,0.0,15.0,0,0,0,6,3,0,1,0,0,0,0,1
231.93,4.5,308,6,462.0,9.0,0,1673,1,0,4,3813,327,246,3.0,7.0,0,0,0,4,8,0,0,0,0,1,0,0
149.65,4.2,1773,4,578.0,19.0,1,714,1,0,2,567,76,13,1.0,16.0,1,0,0,4,1,0,0,0,0,0,0,0
124.44,4.0,0,3,484.0,34.0,2,922,0,1,4,2990,365,65,2.0,6.0,1,0,0,7,0,0,0,1,0,0,0,0
166.29,3.1,0,4,181.0,20.0,3,5,1,1,1,69,9,2,2.0,0.0,1,0,1,6,9,0,0,0,0,0,1,1
113.01,3.7,2565,4,333.0,31.0,1,477,0,1,1,3713,460,215,2.0,8.0,0,0,0,4,5,1,0,0,0,0,0,1
134.72,3.2,754,3,20.0,14.0,2,495,0,0,3,3535,497,18,2.0,9.0,1,0,0,1,0,0,0,0,0,1,0,0
106.53,3.2,2907,4,390.0,21.0,3,298,1,0,1,1107,48,83,3.0,9.0,1,0,1,9,7,1,0,0,0,0,1,1
191.93,2.9,1396,5,159.0,12.0,0,1741,1,1,4,50,1,3,2.0,25.0,1,0,0,6,7,0,0,1,0,0,0,0
241.98,4.2,1138,5,738.0,17.0,0,2053,1,1,3,3556,205,67,1.0,13.0,0,0,0,0,5,0,0,1,0,0,0,0
104.57,4.2,3512,6,366.0,17.0,0,1710,0,1,3,882,41,11,3.0,15.0,0,0,0,6,0,0,0,0,0,0,1,0
228.17,4.7,3502,6,526.0,9.0,0,3054,1,1,5,1544,190,93,3.0,8.0,0,0,0,2,7,0,0,1,0,0,0,0
102.7,4.2,209,1,75.0,1.0,0,1429,1,0,5,2254,103,94,2.0,10.0,1,1,0,3,1,0,0,1,0,0,0,0
354.59,4.7,5088,10,1125.0,1.0,0,2756,1,0,3,3431,492,148,5.0,21.0,0,0,0,5,0,0,0,0,0,0,1,0
179.94,4.5,0,3,392.0,9.0,0,284,1,0,2,497,22,39,3.0,18.0,0,0,0,2,1,1,0,0,1,0,0,1
145.74,3.8,4104,3,376.0,11.0,1,3141,1,0,1,3079,100,59,0.0,17.0,1,0,1,1,4,0,1,0,0,0,0,0
194.82,3.8,3003,1,502.0,23.0,0,841,1,0,4,1371,101,7,2.0,16.0,1,0,0,6,3,0,0,1,0,0,0,1
292.01,3.9,0,2,394.0,10.0,1,1044,1,1,1,3446,260,166,0.0,13.0,0,0,0,6,6,1,0,1,0,0,0,1
155.46,3.978268041237113,0,1,103.0,7.0,0,2028,1,0,2,2289,325,159,2.0,6.0,0,0,0,5,9,1,0,0,1,0,0,1
117.4,4.3,1622,2,330.0,15.0,1,872,1,1,4,786,105,10,0.0,7.0,1,0,0,8,9,0,1,0,0,0,0,0
246.81,2.5,618,1,50.0,14.0,2,538,0,1,1,336,36,2,0.0,0.0,0,0,0,2,5,0,0,0,0,1,0,0
124.96,3.4,2016,2,667.0,24.0,0,2476,1,1,1,3095,384,72,3.0,6.0,0,0,0,1,6,0,1,0,0,0,0,0
305.91,3.8,1681,3,516.0,6.0,1,1895,1,1,3,3947,449,69,0.0,15.0,0,1,0,0,7,0,0,0,0,0,0,1
222.59,4.8,0,1,175.0,7.0,0,1387,1,0,4,758,98,29,4.0,14.0,0,0,0,2,2,0,0,0,1,0,0,1
146.53,3.7,4294,5,482.0,12.0,1,556,1,1,4,4425,57,123,0.0,27.0,0,0,0,6,5,0,0,1,0,0,0,0
161.4,4.5,4282,3,444.0,15.0,0,3744,1,1,4,1779,78,121,2.0,14.0,0,0,0,8,5,0,0,0,1,0,0,0
158.19,3.7,1263,4,383.0,33.0,0,5,1,1,1,1848,230,78,3.0,7.0,1,0,0,2,1,1,0,0,0,0,1,1
109.82,3.9,2657,3,799.0,21.0,0,1729,0,0,4,4152,135,178,0.0,6.0,0,0,0,5,3,0,0,0,0,0,1,0
40.24,3.6,159,1,263.0,21.0,2,459,0,1,1,2386,185,96,1.0,22.0,1,1,0,5,3,0,0,0,0,0,1,1
161.98,4.5,410,1,653.0,18.0,0,2671,1,1,5,2238,83,37,1.0,12.0,1,0,0,4,6,0,0,0,1,0,0,0
301.78,4.2,3942,4,402.0,15.0,0,2655,0,0,1,4533,557,167,4.0,15.0,0,0,1,4,6,1,0,0,1,0,0,1
232.77,3.7,1510,4,687.0,11.0,0,739,1,1,3,3593,102,123,1.0,31.0,1,0,0,3,8,0,0,0,1,0,0,0
104.84,5.0,4230,4,573.0,15.0,1,930,1,1,1,3384,89,161,2.0,10.0,0,1,1,9,2,0,0,0,1,0,0,0
137.08,2.5,2857,3,196.0,27.0,0,2300,0,1,2,641,71,7,3.0,3.0,1,0,1,1,4,0,1,0,0,0,0,0
120.45,3.978268041237113,1042,6,301.0,10.0,0,250,1,1,3,3660,472,280,0.0,12.0,1,1,0,7,2,0,0,0,1,0,0,0
253.73,5.0,1032,7,635.0,1.0,0,3452,1,1,2,3950,537,67,3.0,33.0,1,0,1,0,9,0,1,0,0,0,0,1
150.88,4.5,4541,7,231.0,9.0,0,498,1,1,4,4377,380,154,1.0,11.988333333333333,0,0,1,1,1,0,0,1,0,0,0,0
191.13,4.4,338,4,378.0,11.0,1,460,1,0,2,3090,43,39,1.0,11.988333333333333,1,0,0,6,9,0,0,0,0,1,0,0
198.69,3.8,3978,4,745.0,9.0,1,590,0,0,2,1101,162,25,3.0,9.0,0,0,0,3,1,1,0,1,0,0,0,1
154.38,2.6,290,2,20.0,32.0,0,1046,0,1,2,4268,600,195,0.0,6.0,0,0,1,5,4,1,0,1,0,0,0,1
223.04,2.3,900,4,412.0,21.0,0,1761,1,0,3,4018,208,277,0.0,18.0,0,0,0,2,9,0,0,0,0,1,0,0
128.35,3.5,2695,3,158.0,23.0,2,2305,0,1,3,4565,59,107,3.0,11.0,1,0,0,6,4,0,0,0,0,0,1,0
222.42,4.1,5859,4,168.0,4.0,2,41,1,1,1,3199,283,133,1.0,21.0,1,0,1,5,8,1,0,1,0,0,0,1
126.51,4.0,1450,4,414.0,7.0,2,5,1,1,1,606,44,29,2.0,12.0,0,0,0,9,7,0,0,1,0,0,0,0
101.45,4.3,0,1,275.0,18.0,2,2441,1,0,1,4768,284,328,3.0,2.0,1,0,1,9,9,0,0,0,1,0,0,1
195.06,3.4,3816,5,359.0,9.0,0,3713,1,0,1,3057,296,205,1.0,0.0,0,0,0,3,2,0,0,0,0,0,1,0
137.44,3.4,0,5,357.0,32.0,0,1626,0,1,1,4724,565,336,4.0,9.0,0,0,0,8,3,1,1,0,0,0,0,1
5.0,2.8,1420,1,238.0,10.0,2,5,1,0,3,4142,375,287,0.0,0.0,1,0,0,2,5,1,0,0,0,1,0,1
78.67,2.9,0,3,20.0,34.0,2,5,0,1,1,2763,58,176,0.0,10.0,0,0,0,5,5,0,0,0,0,0,1,1
178.84,3.8,602,4,518.0,4.0,0,47,1,1,2,3884,337,228,3.0,14.0,0,0,0,8,5,0,1,0,0,0,0,1
5.0,4.0,0,1,171.0,33.0,2,5,0,0,2,4250,471,283,1.0,2.0,0,1,1,1,7,0,1,0,0,0,0,1
280.68,3.0,3106,1,712.0,10.0,0,1833,1,1,3,4856,287,372,4.0,7.0,1,1,0,4,4,0,0,0,1,0,0,0
24.15,3.8,0,3,227.0,17.0,0,5,1,1,5,4540,425,258,1.0,21.0,0,0,0,9,9,0,1,0,0,0,0,1
141.57,4.4,0,1,241.0,15.230456852791878,0,2835,1,1,4,2372,251,95,3.0,9.0,0,0,0,0,5,0,0,0,0,1,0,1
87.56,4.4,1593,1,164.0,9.0,0,1832,1,1,2,3551,471,253,2.0,11.988333333333333,0,0,1,3,2,1,0,0,0,0,1,0
106.27,4.3,1344,6,299.0,1.0,1,2260,1,1,3,918,82,53,4.0,12.0,0,0,0,4,7,1,0,0,1,0,0,1
185.56,3.7,5148,5,460.0,1.0,0,1744,1,0,4,2520,104,155,3.0,16.0,1,1,0,9,1,0,1,0,0,0,0,0
64.24,4.4,1597,6,513.0,6.0,0,2065,1,1,2,1724,179,92,2.0,13.0,0,0,1,5,0,0,0,0,0,0,0,0
180.89,4.1,1078,3,338.0,25.0,0,2299,1,1,2,1323,194,50,2.0,14.0,1,0,0,3,4,0,0,0,0,0,0,1
295.97,4.9,5585,7,584.0,5.0,0,4000,1,0,6,4777,520,154,2.0,5.0,0,1,0,9,8,0,1,0,0,0,0,0
134.37,3.9,3165,5,341.0,44.0,0,518,0,0,2,4971,129,313,5.0,9.0,1,0,0,5,8,0,0,0,1,0,0,0
5.0,3.978268041237113,0,5,50.0,8.0,2,5,1,1,1,2373,228,56,3.0,13.0,1,0,0,1,5,0,1,0,0,0,0,0
297.94,5.0,3747,9,634.0,1.0,0,3735,1,1,5,638,44,21,4.0,23.0,0,0,0,4,2,0,0,0,0,1,0,0
136.95,3.9,145,4,512.0,1.0,0,605,1,1,1,1251,94,11,4.0,18.0,0,0,0,4,6,0,1,0,0,0,0,0
5.0,3.3,4842,1,254.0,36.0,2,886,1,0,3,4835,407,368,0.0,0.0,1,0,0,0,2,1,0,0,0,0,0,1
181.59,4.0,2693,1,163.0,24.0,4,5,0,1,1,316,15,1,0.0,0.0,0,0,0,0,2,1,0,0,0,0,0,0
173.99,4.8,2074,4,778.0,15.230456852791878,0,5,1,1,3,3764,423,129,3.0,0.0,0,0,0,9,0,0,0,0,0,0,0,0
194.71,4.1,2046,2,167.0,7.0,0,1847,1,1,3,4278,557,202,1.0,11.0,0,0,1,0,5,0,0,0,0,0,0,1
275.72,4.9,6064,4,577.0,6.0,0,1806,1,1,5,2018,159,10,1.0,23.0,0,0,0,5,4,1,0,0,0,1,0,1
196.59,3.6,0,1,529.0,29.0,1,1181,1,1,2,2581,183,65,2.0,9.0,0,0,0,3,7,1,1,0,0,0,0,0
125.13,4.2,1632,4,174.0,12.0,1,980,1,1,5,3367,73,253,1.0,7.0,0,1,0,2,7,1,0,1,0,0,0,1
177.32,3.7,4200,4,410.0,4.0,0,3219,1,1,4,1493,223,29,2.0,5.0,0,0,0,7,4,0,0,1,0,0,0,0
188.02,4.0,1028,4,782.0,29.0,3,5,1,1,1,3434,211,61,3.0,16.0,0,0,0,5,1,0,0,1,0,0,0,0
179.56,3.0,0,3,374.0,29.0,2,1475,1,1,4,4257,274,139,1.6757142857142857,18.0,1,1,0,7,3,0,1,0,0,0,0,0
226.69,4.2,84,6,450.0,1.0,1,129,0,1,3,2872,39,114,5.0,19.0,0,0,0,0,4,0,0,0,0,0,1,0
5.0,2.5,0,1,20.0,36.0,4,5,1,0,1,1519,198,17,0.0,0.0,0,1,0,2,6,1,0,0,0,1,0,1
194.46,3.6,2675,4,467.0,22.0,1,1815,0,1,3,3205,132,214,0.0,14.0,0,0,0,0,6,0,0,0,0,0,1,0
131.85,4.7,2510,8,557.0,6.0,0,1691,1,1,6,1770,253,39,2.0,17.0,0,0,0,5,9,0,1,0,0,0,0,1
165.68,4.8,1563,7,691.0,28.0,0,2862,1,1,5,103,9,6,1.0,19.0,0,0,1,0,9,0,0,1,0,0,0,0
121.19,4.3,2428,4,406.0,19.0,0,541,1,0,2,2769,362,97,3.0,17.0,0,0,0,9,0,0,0,0,0,1,0,0
332.27,5.0,3980,5,689.0,1.0,0,3800,1,1,6,3217,422,205,3.0,18.0,0,0,0,2,9,0,1,0,0,0,0,0
91.85,4.0,0,1,403.7255102040816,8.0,0,1719,1,0,1,942,99,66,1.0,5.0,0,1,0,8,3,1,0,0,1,0,0,1
126.2,4.2,1603,6,146.0,6.0,0,1221,1,0,3,1913,209,150,0.0,10.0,0,0,0,4,8,1,0,0,0,0,1,1
42.07,4.5,1112,3,226.0,8.0,1,3083,1,1,1,1210,13,10,0.0,3.0,0,1,0,6,1,0,0,0,0,1,0,0
145.56,3.5,2797,1,455.0,19.0,1,5,1,0,4,4061,137,76,0.0,14.0,0,1,0,2,1,1,0,0,0,0,1,1
206.05,3.5,3147,1,204.0,14.0,1,1340,1,1,6,3690,314,95,4.0,6.0,0,1,1,2,8,0,0,1,0,0,0,0
59.15,3.9,511,1,548.0,13.0,2,727,0,0,4,1308,141,20,1.0,17.0,0,1,0,7,9,0,0,1,0,0,0,0
5.0,3.978268041237113,0,3,122.0,24.0,1,5,0,1,1,4691,308,307,0.0,0.0,1,1,0,1,8,1,0,0,0,0,1,1
151.05,3.6,682,1,272.0,37.0,0,5,1,1,2,4728,685,210,1.0,12.0,1,1,0,2,0,0,0,1,0,0,0,1
151.68,3.7,25,6,238.0,16.0,0,1035,1,1,5,1020,72,29,0.0,15.0,0,1,0,1,0,0,0,0,0,1,0,1
223.21,4.0,245,3,196.0,20.0,0,1529,0,0,1,3446,189,210,0.0,11.988333333333333,0,0,1,4,2,0,0,0,1,0,0,1
214.34,4.7,373,4,118.0,17.0,0,2141,1,0,4,873,81,37,4.0,17.0,0,0,0,1,7,0,0,1,0,0,0,0
131.42,5.0,3025,2,380.0,7.0,0,1397,0,0,5,2729,94,171,0.0,21.0,0,0,0,8,5,0,0,0,0,0,1,0
103.55,3.4,456,3,191.0,3.0,2,1758,1,0,1,646,31,13,0.0,10.0,0,0,0,9,4,0,1,0,0,0,0,0
125.04,4.9,1294,5,227.0,6.0,2,3059,1,0,4,745,78,52,3.0,31.0,1,0,1,7,1,0,1,0,0,0,0,0
29.3,4.3,0,1,419.0,48.0,1,1466,0,0,2,1016,84,30,2.0,1.0,0,1,1,6,9,0,1,0,0,0,0,0
181.31,4.0,5422,4,275.0,6.0,0,4000,1,0,4,2900,385,131,4.0,20.0,0,0,0,7,5,1,0,1,0,0,0,0
45.08,3.1,643,1,307.0,15.0,0,5,0,1,2,187,6,13,0.0,17.0,0,1,0,4,3,0,0,1,0,0,0,0
132.22,3.8,5221,4,234.0,28.0,1,2202,1,0,2,519,41,10,2.0,13.0,1,0,1,6,5,1,0,0,1,0,0,1
181.3,4.2,2842,4,384.0,13.0,1,1146,1,1,4,2391,96,176,4.0,12.0,0,0,0,9,8,1,0,1,0,0,0,1
244.54,4.7,3534,4,764.0,20.0,0,1265,1,1,4,2567,129,43,1.0,19.0,0,0,1,0,9,0,1,0,0,0,0,0
133.82,4.3,3507,4,235.0,17.0,0,3230,1,1,2,325,9,13,1.0,36.0,0,0,0,1,0,0,0,1,0,0,0,0
93.58,3.7,1021,1,446.0,4.0,2,5,0,0,2,718,62,13,5.0,15.0,0,0,0,0,7,0,0,0,0,0,1,0
159.84,3.8,855,4,201.0,24.0,0,169,1,1,1,2306,105,149,1.6757142857142857,8.0,0,0,1,5,5,0,1,0,0,0,0,0
189.37,5.0,3226,6,361.0,1.0,1,4000,1,1,3,1951,61,18,3.0,22.0,1,0,1,4,5,0,1,0,0,0,0,0
116.58,4.1,3811,3,390.0,12.0,0,1452,0,1,4,1405,185,89,3.0,13.0,1,0,0,5,2,0,0,0,1,0,0,0
53.3,3.978268041237113,1161,1,378.0,9.0,2,2263,0,1,1,2987,344,174,2.0,5.0,0,0,0,0,2,0,0,0,0,0,1,1
270.65,3.7,1643,1,597.0,16.0,0,493,1,0,5,493,13,11,1.0,3.0,1,0,0,4,5,0,0,0,0,0,0,1
34.81,3.4,0,3,20.0,17.0,2,1185,0,1,3,4420,408,253,1.0,7.0,0,0,1,3,9,0,0,0,1,0,0,0
80.94,3.9,0,2,502.0,29.0,2,486,0,1,2,1534,48,69,1.0,0.0,0,0,0,1,4,1,0,1,0,0,0,1
50.22,3.8,0,2,250.0,13.0,1,1703,1,1,2,3485,355,29,0.0,1.0,0,0,0,9,9,0,0,0,0,0,0,0
138.25,3.7,3648,6,248.0,16.0,0,2640,1,1,5,4003,195,223,1.0,21.0,0,0,0,1,7,0,0,0,0,0,1,0
171.18,3.1,566,1,477.0,1.0,0,314,0,1,2,1966,50,33,2.0,30.0,1,0,0,3,6,1,0,1,0,0,0,1
117.52,4.2,874,4,338.0,11.0,2,1082,0,0,1,2358,188,95,2.0,2.0,1,0,0,9,3,0,0,1,0,0,0,0
129.42,3.6,1469,3,20.0,28.0,2,68,1,1,2,4419,535,192,3.0,7.0,0,0,1,6,8,1,0,0,0,0,1,1
116.85,3.8,1164,3,422.0,16.0,2,1792,0,1,1,4145,406,224,3.0,10.0,1,0,1,2,6,0,0,0,1,0,0,1
75.42,3.6,0,4,390.0,12.0,1,1005,1,1,2,4292,207,96,1.0,16.0,1,0,0,2,7,0,0,1,0,0,0,0
104.1,4.4,1396,5,540.0,20.0,0,2362,1,0,6,4774,403,104,1.0,19.0,0,0,0,4,6,0,0,1,0,0,0,1
184.91,4.1,2952,4,627.0,12.0,0,852,1,0,2,2637,321,177,1.0,10.0,0,1,0,1,4,1,0,0,0,0,1,1
154.35,3.4,0,1,542.0,35.0,4,63,0,1,3,1202,146,95,0.0,19.0,0,0,1,7,2,0,0,0,0,0,0,0
143.46,4.3,4392,6,465.0,9.0,0,3749,1,1,4,2970,428,206,3.0,29.0,1,0,0,4,7,0,0,0,0,0,0,0
128.42,4.3,3020,5,738.0,9.0,0,1648,1,0,5,1576,160,104,1.0,26.0,1,0,0,7,9,0,0,0,1,0,0,1
207.34,3.4,1763,1,236.0,1.0,1,2535,1,0,4,4510,456,231,2.0,33.0,1,0,1,2,2,0,0,0,0,0,0,0
16.3,4.0,0,2,576.0,34.0,0,1157,0,1,1,643,89,21,0.0,0.0,1,0,0,9,7,0,0,0,0,0,0,0
164.96,4.3,2487,3,577.0,2.0,0,2189,0,1,4,3458,122,136,2.0,17.0,0,0,0,8,5,1,0,1,0,0,0,1
5.0,4.0,1798,2,296.0,22.0,1,360,1,0,1,3131,374,225,1.0,12.0,0,0,1,1,7,0,0,0,0,0,0,1
66.46,3.9,0,3,519.0,44.0,3,363,0,0,3,3372,255,179,1.0,0.0,0,0,0,5,3,0,0,1,0,0,0,0
46.34,4.4,3187,5,365.0,24.0,0,2447,1,0,2,4046,74,281,4.0,0.0,1,1,0,1,9,0,0,0,1,0,0,0
162.9,5.0,3824,1,476.0,15.0,2,1692,1,1,1,3948,334,50,1.0,5.0,0,0,0,7,8,0,0,0,1,0,0,0
151.92,4.0,14,4,506.0,16.0,0,2524,1,0,5,1956,292,79,2.0,12.0,0,0,0,3,7,0,0,0,0,0,0,0
195.15,4.4,0,3,306.0,3.0,0,652,1,1,2,2708,225,56,0.0,8.0,0,0,1,4,3,0,1,0,0,0,0,0
261.02,4.6,3703,1,550.0,16.0,1,585,1,1,1,1377,155,94,3.0,6.0,0,1,0,4,0,0,0,0,0,0,1,0
258.18,4.8,3894,5,519.0,15.0,0,1908,1,1,4,2995,252,78,5.0,24.0,0,0,0,7,0,0,0,0,0,0,1,0
5.0,3.5,164,2,508.0,13.0,2,127,0,1,1,2372,93,62,0.0,11.0,1,0,0,7,1,0,0,0,0,0,0,0
11.97,3.7,3248,7,324.0,28.0,0,1633,1,0,2,675,52,41,0.0,9.0,0,0,0,5,2,0,0,0,0,0,0,0
121.66,3.8,0,4,20.0,13.0,3,1655,0,0,1,4334,603,322,0.0,24.0,0,0,0,8,2,1,1,0,0,0,0,1
55.91,3.6,0,5,124.0,25.0,2,2260,1,0,2,1193,57,19,1.0,1.0,0,0,0,8,2,0,0,0,0,0,1,0
219.47,4.5,5094,8,856.0,8.0,1,1882,1,0,3,2755,277,136,3.0,19.0,0,0,0,4,0,1,0,0,0,0,0,1
58.65,3.4,1992,7,20.0,23.0,0,1053,1,1,1,1579,73,79,0.0,25.0,0,0,0,9,2,0,0,1,0,0,0,0
144.54,4.0,2383,3,456.0,26.0,1,2110,1,0,2,4630,585,232,0.0,22.0,1,0,0,1,2,1,0,0,1,0,0,1
158.96,3.3,3355,5,37.0,22.0,3,1190,1,0,5,1241,93,9,3.0,17.0,0,0,0,3,9,0,0,0,1,0,0,1
114.84,3.7,0,2,380.0,25.0,2,353,0,1,4,4334,564,48,1.0,9.0,1,1,0,0,7,0,0,0,0,0,1,0
227.39,4.4,4703,4,492.0,17.0,0,2359,1,1,3,2034,132,81,0.0,17.0,0,0,0,6,4,0,0,0,0,1,0,0
142.15,4.5,2474,1,554.0,7.0,1,2432,1,1,5,2116,190,91,1.0,12.0,1,0,0,8,8,0,0,0,0,1,0,0
271.83,3.7,389,1,615.0,7.0,0,3163,1,0,2,140,8,8,5.0,26.0,0,0,0,9,1,0,0,1,0,0,0,0
101.28,4.1,1177,2,20.0,2.0,1,543,1,1,4,1084,39,74,1.0,0.0,0,0,1,9,3,0,0,0,0,0,1,0
190.26,5.0,1766,5,696.0,16.0,0,2068,1,1,5,4239,92,281,1.0,35.0,0,0,0,4,1,1,0,0,1,0,0,1
301.66,4.2,4836,5,600.0,1.0,0,3635,1,1,3,1341,53,45,2.0,27.0,0,0,0,1,8,1,0,0,0,0,0,0
184.43,3.0,3331,4,593.0,9.0,0,1892,0,1,1,737,60,34,0.0,0.0,1,0,0,0,2,0,0,0,0,0,1,1
141.47,3.3,592,4,354.0,13.0,0,2278,1,1,1,1348,103,29,1.0,12.0,1,0,0,1,0,0,0,0,1,0,0,0
206.84,3.5,1133,7,540.0,21.0,0,1592,1,1,6,3544,400,147,0.0,14.0,0,0,0,4,3,1,0,0,1,0,0,1
186.27,4.1,0,4,527.0,29.0,1,2615,0,0,1,2426,88,171,1.0,19.0,0,1,0,1,7,0,0,0,1,0,0,0
82.91,4.3,1566,4,532.0,25.0,1,1524,1,0,3,4166,621,167,1.0,16.0,0,0,1,8,0,0,1,0,0,0,0,0
260.64,4.3,5345,5,604.0,1.0,0,2002,1,1,3,671,77,41,4.0,12.0,0,0,0,0,6,1,1,0,0,0,0,1
294.3,3.8,0,4,310.0,17.0,1,1753,1,1,5,1441,167,68,2.0,9.0,1,0,0,1,6,0,1,0,0,0,0,0
5.0,3.7,0,3,357.0,20.0,1,189,0,1,2,2515,272,194,3.0,11.988333333333333,0,1,0,1,8,0,0,1,0,0,0,0
169.81,4.0,642,3,777.0,24.0,3,1791,0,0,3,1405,197,20,2.0,8.0,1,0,0,6,2,0,0,0,0,0,0,1
130.37,3.7,3426,7,234.0,33.0,0,1067,1,1,3,2007,32,112,2.0,11.988333333333333,0,0,0,6,3,1,0,0,1,0,0,1
183.85,3.6,1247,5,390.0,15.0,0,2867,1,1,3,4924,734,114,2.0,7.0,0,0,0,4,7,0,1,0,0,0,0,0
72.37,3.1,0,1,229.0,25.0,1,1846,0,1,1,3126,160,25,1.0,13.0,0,0,0,1,1,1,0,1,0,0,0,1
100.79,3.8,0,1,319.0,6.0,0,1954,1,0,1,2561,153,198,2.0,20.0,0,0,0,3,2,0,0,0,0,1,0,0
179.13,4.2,2326,4,503.0,1.0,1,1279,0,0,1,2783,360,30,1.0,19.0,0,0,0,0,1,0,0,0,1,0,0,0
117.93,3.9,0,3,418.0,23.0,2,1826,1,1,3,2642,47,76,1.0,11.988333333333333,0,0,0,6,5,1,0,0,1,0,0,1
72.92,3.7,2210,7,948.0,32.0,0,2921,1,1,3,4955,266,257,4.0,10.0,0,0,0,1,1,0,0,0,0,1,0,0
239.41,5.0,2906,8,600.0,13.0,0,2786,1,1,4,644,91,21,2.0,28.0,1,0,0,4,4,1,0,0,1,0,0,0
86.12,4.3,1579,4,359.0,17.0,3,855,1,1,2,201,24,13,1.0,0.0,0,1,0,8,5,0,0,0,1,0,0,0
197.08,4.5,2603,3,393.0,10.0,0,3313,1,1,4,4745,664,357,3.0,2.0,1,0,0,0,8,0,0,1,0,0,0,0
127.6,3.8,0,1,237.0,15.0,1,2678,1,1,2,2392,202,67,0.0,0.0,0,0,0,4,2,0,0,0,1,0,0,0
253.37,3.1,0,5,880.0,13.0,0,743,0,0,2,1241,75,14,2.0,11.988333333333333,0,0,0,8,9,0,0,0,1,0,0,1
124.69,4.9,0,5,226.0,10.0,1,2764,1,0,3,1403,139,62,1.0,5.0,0,0,0,0,5,0,1,0,0,0,0,1
93.91,3.5,1606,1,195.0,17.0,0,1112,1,1,1,2499,271,100,0.0,11.0,0,0,0,0,7,0,0,0,0,0,0,0
260.57,4.0,1814,5,656.0,17.0,0,1236,1,1,5,3409,403,148,5.0,14.0,0,0,0,2,5,0,0,0,0,0,0,0
210.85,4.3,3329,3,471.0,1.0,0,431,1,0,1,235,31,14,0.0,18.0,0,0,0,2,9,1,0,0,0,0,0,1
141.16,4.1,1633,5,784.0,13.0,0,3759,1,1,6,2761,81,127,3.0,3.0,0,0,0,1,9,0,1,0,0,0,0,0
82.79,4.2,0,5,274.0,17.0,2,1027,1,1,3,1228,33,25,3.0,15.0,0,1,0,9,0,0,0,0,1,0,0,1
298.17,4.5,2809,3,520.0,7.0,0,2143,1,1,5,2278,275,29,2.0,8.0,1,0,1,2,2,0,0,0,0,0,0,0
81.37,3.7,0,3,689.0,26.0,0,1510,1,1,3,1534,75,62,1.0,21.0,0,0,0,4,4,1,0,0,1,0,0,1
138.07,2.8,2436,6,244.0,1.0,0,2882,1,0,3,4597,66,323,3.0,7.0,0,0,0,9,9,0,0,0,0,0,0,1
81.55,3.8,10,7,486.0,17.0,1,754,1,1,1,564,42,19,2.0,6.0,0,0,1,5,6,0,0,0,0,1,0,0
219.74,4.9,3077,2,764.0,18.0,0,3750,0,1,3,626,75,35,2.0,21.0,0,0,0,9,1,0,0,1,0,0,0,0
34.42,3.4,1185,1,214.0,34.0,2,5,1,1,2,3083,270,218,0.0,0.0,0,1,0,0,3,0,0,1,0,0,0,1
295.17,4.8,2145,7,809.0,21.0,2,3889,1,0,2,730,24,10,1.0,19.0,0,1,0,8,3,0,0,0,1,0,0,0
133.45,4.0,0,4,501.0,30.0,1,566,1,1,3,374,44,15,2.0,22.0,0,0,0,8,3,0,0,0,0,1,0,0
136.51,4.2,0,1,517.0,18.0,0,1247,1,0,3,1323,144,76,3.0,7.0,0,0,1,6,4,1,0,1,0,0,0,0
236.63,5.0,5540,1,651.0,1.0,0,3406,1,1,5,1818,21,15,1.0,3.0,0,0,0,3,1,0,0,1,0,0,0,0
275.44,5.0,6561,8,824.0,12.0,1,2314,1,1,3,1185,149,6,3.0,32.0,0,0,0,7,3,0,0,1,0,0,0,0
5.0,4.3,470,1,411.0,22.0,1,3730,1,1,3,2711,31,87,3.0,17.0,0,0,0,2,6,0,0,1,0,0,0,1
140.07,3.3,1833,3,20.0,15.0,3,2071,1,1,4,3645,190,195,5.0,2.0,0,0,0,8,1,0,0,1,0,0,0,1
161.31,4.6,2313,4,590.0,10.0,0,2159,1,1,3,2878,109,212,2.0,27.0,0,0,0,0,9,0,0,1,0,0,0,0
212.79,4.1,5296,1,407.0,33.0,1,2875,1,1,3,4668,196,287,4.0,15.0,1,0,0,3,6,1,0,1,0,0,0,1
67.57,3.4,1349,5,138.0,22.0,0,2345,1,1,2,3631,139,111,1.0,6.0,0,0,0,5,9,0,1,0,0,0,0,1
278.95,4.0,3854,4,286.0,1.0,0,2207,0,1,3,4172,288,309,2.0,16.0,0,0,0,1,4,1,0,1,0,0,0,1
213.76,4.3,3184,5,633.0,1.0,0,2689,1,0,5,4187,102,85,1.0,8.0,1,0,0,2,9,0,0,1,0,0,0,0
73.27,3.8,2875,5,639.0,11.0,1,878,0,1,2,333,32,10,1.0,5.0,0,0,0,9,9,0,0,0,0,1,0,1
141.67,3.9,1227,3,293.0,15.230456852791878,2,1552,0,1,3,1157,127,32,1.0,17.0,1,0,0,8,5,0,0,0,0,0,1,0
169.8,4.7,3779,2,184.0,16.0,0,1303,1,1,5,1750,96,100,3.0,12.0,0,0,0,4,2,0,0,0,0,0,0,1
248.44,5.0,4348,7,913.0,1.0,0,829,1,1,5,4995,368,52,0.0,25.0,1,0,0,0,1,0,0,0,1,0,0,0
121.81,4.2,0,2,313.0,25.0,0,396,1,0,1,2652,213,59,0.0,8.0,0,1,0,0,4,0,0,1,0,0,0,0
144.15,4.4,0,1,352.0,6.0,2,1202,0,1,3,621,82,26,0.0,6.0,0,0,0,7,7,1,0,0,0,0,0,0
58.36,4.0,0,3,370.0,12.0,1,2124,1,0,2,2156,267,115,1.0,9.0,0,0,0,5,7,1,0,0,0,0,0,1
113.05,3.4,811,3,319.0,16.0,0,5,0,1,3,1719,161,124,2.0,28.0,0,0,0,3,8,0,0,1,0,0,0,1
79.38,3.7,0,4,58.0,12.0,3,1619,1,1,5,561,37,21,1.0,1.0,0,0,1,5,2,1,0,1,0,0,0,0
173.97,3.5,18,3,327.0,9.0,0,1297,1,1,1,2185,271,112,0.0,11.988333333333333,0,0,0,2,7,1,0,1,0,0,0,1
224.38,4.0,509,3,697.0,1.0,0,2776,1,0,1,3996,104,258,2.0,9.0,0,0,0,3,2,0,1,0,0,0,0,0
129.04,4.1,472,5,670.0,1.0,0,2252,1,0,2,1815,151,23,0.0,18.0,1,0,0,7,9,0,0,0,1,0,0,0
89.12,4.8,2143,1,426.0,21.0,0,2255,0,1,4,2218,107,82,2.0,0.0,1,0,0,6,8,0,0,0,0,0,0,0
205.31,5.0,0,5,403.7255102040816,8.0,2,2842,1,0,2,1129,65,24,3.0,10.0,1,0,0,4,6,0,0,1,0,0,0,1
167.13,4.4,0,1,193.0,1.0,0,1592,0,0,2,3133,352,29,1.0,3.0,0,0,0,3,6,0,1,0,0,0,0,0
22.83,3.9,0,1,321.0,21.0,0,1458,1,0,1,1533,42,44,1.6757142857142857,1.0,0,0,0,4,1,0,0,0,0,1,0,1
114.55,3.4,2582,5,252.0,9.0,0,1919,0,0,2,4918,501,202,3.0,5.0,0,1,0,8,6,0,0,1,0,0,0,0
232.53,3.9,3656,5,548.0,1.0,0,1822,1,0,3,1668,159,95,1.0,12.0,0,0,0,8,0,0,0,0,1,0,0,0
299.47,3.6,0,4,266.0,18.0,2,1294,1,0,5,2550,374,148,5.0,20.0,1,0,0,3,4,0,0,0,0,1,0,0
210.62,4.8,1091,4,413.0,22.0,0,1019,1,1,6,3011,98,102,2.0,17.0,0,0,0,3,7,0,0,1,0,0,0,0
149.5,3.7,0,1,196.0,39.0,1,1862,1,1,1,109,1,0,1.0,2.0,0,1,1,2,6,1,0,1,0,0,0,1
22.92,4.4,1430,2,100.0,24.0,1,661,0,1,1,4026,253,55,0.0,11.988333333333333,0,0,0,3,9,1,0,0,0,0,1,1
209.02,4.4,1491,4,638.0,2.0,2,2447,1,0,2,414,51,10,0.0,20.0,0,0,0,3,4,0,0,1,0,0,0,1
239.15,4.2,0,4,483.0,19.0,0,1548,1,1,1,1803,96,14,1.0,10.0,0,0,1,5,3,1,0,1,0,0,0,1
332.19,3.8,4474,6,712.0,27.0,0,1574,0,1,3,1148,42,45,0.0,9.0,1,0,0,1,0,1,0,0,0,0,1,1
214.56,5.0,2825,5,939.0,4.0,0,2586,1,0,5,2335,208,158,5.0,19.0,0,0,0,8,0,1,0,0,0,0,0,1
222.49,3.9,2256,2,274.0,11.0,2,3162,0,0,5,537,77,28,2.0,14.0,0,0,0,7,7,1,0,0,0,0,0,1
63.67,5.0,1955,1,394.0,21.0,2,396,1,0,2,2749,60,37,1.0,15.0,0,0,1,6,1,0,0,0,0,0,0,0
147.72,3.3,184,5,403.7255102040816,39.0,4,1321,0,1,1,3351,358,127,0.0,0.0,1,0,0,5,3,0,1,0,0,0,0,1
212.1,4.2,2561,2,735.0,11.0,1,1299,0,1,6,4950,303,309,3.0,15.0,0,0,0,4,2,1,0,0,0,0,1,0
36.24,3.978268041237113,2712,1,351.0,24.0,1,2618,1,1,4,3026,106,216,2.0,11.0,1,1,0,0,5,0,0,1,0,0,0,0
115.35,3.3,1717,3,278.0,21.0,3,546,0,1,3,2296,278,111,0.0,0.0,0,0,0,8,1,0,1,0,0,0,0,1
160.74,4.8,1247,3,849.0,1.0,0,1197,1,1,3,265,17,1,1.0,21.0,0,0,0,1,3,0,0,0,0,0,1,0
233.9,3.7,3345,7,20.0,11.0,1,1410,1,1,2,2962,70,47,0.0,19.0,0,0,0,2,4,0,0,0,1,0,0,0
170.3,4.3,686,3,517.0,16.0,1,2687,1,1,2,1810,256,36,2.0,21.0,0,0,0,1,3,0,0,0,0,0,1,0
149.15,2.9,505,4,613.0,14.0,0,5,1,0,3,1831,155,140,1.0,11.0,0,1,1,3,8,0,0,0,0,0,0,0
70.25,3.7,0,4,124.0,21.0,1,780,0,0,3,2227,190,108,2.0,2.0,0,0,0,8,0,0,0,0,0,0,0,0
125.27,4.6,2166,3,272.0,26.0,1,2573,1,0,3,1873,139,41,3.0,6.0,0,0,0,5,7,0,0,1,0,0,0,0
217.33,4.3,677,3,233.0,15.0,0,1868,1,1,4,3183,206,152,0.0,18.0,1,1,0,2,0,0,0,0,0,0,0,1
195.22,5.0,2978,5,28.0,8.0,0,2123,1,1,4,3243,308,169,2.0,15.0,0,0,0,7,7,0,0,0,1,0,0,1
198.89,4.5,0,5,501.0,1.0,0,1924,1,0,3,2420,295,58,2.0,11.0,0,0,0,0,3,0,0,0,0,1,0,0
167.3,4.2,5619,5,586.0,1.0,0,4000,1,1,5,3561,185,268,2.0,11.988333333333333,1,0,0,0,6,1,1,0,0,0,0,0
132.25,3.8,2919,4,318.0,23.0,0,894,1,0,6,4287,239,145,2.0,9.0,0,0,1,0,1,0,0,0,0,1,0,1
181.72,3.5,1055,2,294.0,23.0,1,470,0,0,2,395,52,12,3.0,21.0,1,0,0,4,6,0,0,0,0,0,0,0
181.97,4.5,1897,3,299.0,9.0,1,754,1,1,5,689,89,14,0.0,11.988333333333333,0,0,1,1,6,1,0,0,0,0,0,0
5.0,3.7,1242,5,501.0,12.0,1,1044,1,1,3,4903,513,41,1.0,8.0,1,1,0,1,1,0,0,1,0,0,0,0
230.46,4.3,1248,5,324.0,10.0,0,2301,0,1,4,284,30,3,1.0,19.0,0,0,0,4,9,0,0,1,0,0,0,0
156.7,5.0,5681,5,389.0,19.0,0,2222,1,1,2,4378,154,104,5.0,11.0,1,0,0,6,0,1,0,0,0,0,1,1
168.57,4.5,6306,3,154.0,12.0,0,1648,0,0,1,480,26,24,5.0,18.0,0,0,0,6,1,0,0,0,0,0,1,0
177.51,3.8,0,3,130.0,15.230456852791878,1,843,1,1,3,494,54,28,2.0,0.0,0,0,0,0,0,1,0,0,0,0,0,1
113.99,4.0,2833,4,693.0,21.0,0,2247,1,1,3,2157,285,78,5.0,11.988333333333333,1,0,0,7,3,1,0,0,0,1,0,1
327.85,4.7,1530,9,686.0,1.0,0,2293,0,1,6,2708,363,59,4.0,26.0,1,0,0,6,7,0,1,0,0,0,0,0
157.07,4.6,4353,3,332.0,24.0,2,738,0,1,2,4347,367,32,1.0,2.0,1,0,1,9,0,0,0,1,0,0,0,0
33.6,4.5,0,1,119.0,6.0,1,1111,1,1,2,3148,272,28,1.0,5.0,0,0,0,0,1,0,1,0,0,0,0,1
117.96,4.3,2041,1,389.0,13.0,0,361,1,0,2,1866,52,11,1.0,11.988333333333333,0,0,0,9,7,1,0,0,1,0,0,1
10.67,2.5,0,1,245.0,31.0,3,455,0,0,2,4695,563,174,0.0,5.0,1,0,0,4,5,0,0,1,0,0,0,1
164.52,4.3,325,1,20.0,1.0,1,567,1,1,2,2960,291,231,2.0,24.0,0,0,1,6,3,0,0,0,0,0,1,1
30.35,4.2,2624,8,783.0,3.0,0,1739,1,1,4,1570,156,61,3.0,5.0,0,0,0,3,9,0,0,0,0,0,1,0
5.0,3.6,852,4,352.0,14.0,1,2014,1,0,1,430,48,23,0.0,18.0,0,1,1,7,0,0,1,0,0,0,0,0
159.94,4.7,1595,2,492.0,11.0,0,2687,1,0,5,1038,100,77,4.0,20.0,1,0,0,2,6,0,0,0,0,0,0,1
255.14,4.5,2005,8,547.0,3.0,0,2820,1,1,1,1804,245,83,0.0,5.0,0,0,0,5,7,0,1,0,0,0,0,0
107.06,3.4,0,3,342.0,26.0,1,1290,1,1,2,139,10,9,0.0,0.0,0,0,1,5,9,0,0,0,1,0,0,0
225.52,4.8,1453,2,217.0,25.0,0,1095,1,1,3,673,70,20,5.0,0.0,0,0,1,2,4,0,0,1,0,0,0,0
125.21,3.9,2071,5,434.0,23.0,2,2311,0,0,4,1251,14,96,2.0,7.0,0,0,0,3,9,0,0,0,1,0,0,1
91.19,4.5,475,2,403.7255102040816,29.0,0,2279,1,0,4,2366,193,67,2.0,13.0,1,1,0,0,2,0,0,0,1,0,0,1
84.78,3.4,6,6,467.0,8.0,3,3438,0,0,3,916,31,5,0.0,9.0,1,1,0,6,8,0,0,0,1,0,0,1
245.24,3.978268041237113,0,1,230.0,19.0,1,1639,0,1,1,3243,101,237,1.0,7.0,0,0,0,0,5,1,1,0,0,0,0,1
157.13,4.0,0,3,454.0,3.0,0,979,1,1,1,1481,176,103,0.0,0.0,1,0,0,6,2,1,0,1,0,0,0,0
174.96,4.4,760,4,661.0,27.0,0,797,1,1,1,3479,93,97,2.0,9.0,1,1,0,6,2,0,0,0,0,0,0,0
5.0,1.9,1441,3,432.0,13.0,2,448,1,0,1,2541,202,80,0.0,0.0,0,1,0,2,4,1,0,0,0,0,1,1
246.66,4.6,3314,3,503.0,1.0,0,3723,0,1,5,4585,79,286,3.0,22.0,1,1,0,4,9,0,0,1,0,0,0,0
165.13,4.2,4100,6,177.0,17.0,0,908,1,0,5,928,16,43,1.0,10.0,0,0,0,3,1,1,0,1,0,0,0,1
139.57,4.2,2977,8,443.0,24.0,0,1946,1,1,2,4137,304,127,2.0,14.0,1,0,0,7,1,0,0,0,1,0,0,0
178.29,3.3,2982,5,243.0,19.0,1,2037,1,0,1,1630,229,85,2.0,7.0,1,1,0,2,8,1,0,0,1,0,0,1
147.94,4.0,2903,1,154.0,28.0,0,3796,1,0,1,1009,49,33,1.0,26.0,0,0,0,9,0,0,0,1,0,0,0,1
219.3,3.9,449,4,545.0,1.0,2,3109,1,1,3,981,131,75,2.0,9.0,0,0,0,9,4,0,0,0,0,0,0,0
354.88,5.0,4919,10,918.0,1.0,0,4000,1,1,6,4556,470,163,5.0,16.0,1,0,0,4,7,0,0,0,0,0,0,0
161.94,4.2,130,1,637.0,10.0,2,993,1,1,2,2429,241,26,0.0,11.0,0,0,0,7,2,0,1,0,0,0,0,1
176.34,3.6,2409,6,189.0,14.0,1,2842,1,1,3,4642,361,232,2.0,24.0,0,0,0,2,2,0,0,1,0,0,0,0
250.66,3.7,3561,4,228.0,13.0,1,2894,0,0,2,2099,155,20,4.0,0.0,0,0,0,5,2,1,0,0,0,1,0,1
114.99,4.2,1255,3,266.0,7.0,1,559,0,1,4,1340,101,102,0.0,9.0,1,0,0,1,1,0,0,0,0,0,1,0
206.69,3.9,979,3,353.0,22.0,1,5,1,0,2,3748,311,62,3.0,2.0,1,0,0,8,7,1,0,0,0,0,1,1
148.87,3.978268041237113,0,3,384.0,1.0,0,2183,1,0,1,470,50,24,1.0,23.0,0,0,0,0,1,1,0,1,0,0,0,1
133.36,3.9,2772,1,353.0,6.0,1,5,1,1,1,1030,33,46,0.0,19.0,1,1,0,7,2,0,0,0,1,0,0,0
65.8,4.0,587,3,344.0,16.0,1,1536,1,1,4,4860,679,220,1.0,23.0,0,0,0,0,5,1,0,0,0,0,1,1
151.2,3.6,1611,1,526.0,19.0,3,1280,0,0,4,2235,322,153,2.0,11.0,1,1,0,7,9,0,1,0,0,0,0,0
196.15,3.6,3493,5,403.7255102040816,8.0,1,1245,1,1,4,4440,374,221,3.0,0.0,0,0,1,6,4,1,0,0,0,1,0,1
219.72,4.7,2148,2,561.0,25.0,0,1176,0,1,3,104,9,2,5.0,24.0,1,0,0,7,1,0,0,0,0,1,0,0
195.29,4.5,4500,8,745.0,1.0,0,1460,0,1,5,4574,539,254,5.0,25.0,0,0,0,3,5,0,0,0,0,0,1,0
174.98,4.2,3679,7,296.0,18.0,0,435,1,1,1,2739,289,91,1.0,7.0,0,0,0,8,2,0,0,0,0,1,0,0
113.13,4.0,2949,5,596.0,15.230456852791878,1,3726,1,1,2,4630,391,78,0.0,17.0,0,0,0,0,0,0,0,0,1,0,0,0
161.02,4.5,1056,2,487.0,23.0,2,1377,1,1,5,4526,220,68,2.0,8.0,0,1,1,5,2,0,0,0,0,1,0,0
83.73,4.1,0,1,500.0,26.0,2,888,1,1,2,970,84,10,0.0,9.0,0,1,1,2,0,0,0,0,0,1,0,0
293.79,2.7,0,1,70.0,18.0,2,1661,1,1,4,2696,189,140,0.0,0.0,0,0,0,2,9,0,0,0,0,0,0,1
97.66,4.1,1672,5,33.0,1.0,0,5,1,1,2,166,12,6,2.0,21.0,1,0,0,7,9,1,0,0,1,0,0,1
201.79,3.978268041237113,0,6,174.0,1.0,0,1113,0,1,1,2098,53,44,2.0,0.0,0,0,0,0,1,0,0,0,1,0,0,1
296.33,4.9,5258,9,778.0,1.0,0,4000,1,1,5,1471,86,107,4.0,16.0,1,0,0,0,4,0,0,0,0,1,0,0
119.63,3.2,0,1,854.0,5.0,1,1826,0,1,1,3915,125,53,3.0,19.0,0,0,0,9,4,0,0,0,0,1,0,1
173.24,4.5,3179,5,437.0,4.0,1,1375,1,0,3,448,20,30,1.0,14.0,1,0,0,0,6,0,0,0,0,1,0,0
275.32,4.9,2160,4,622.0,15.230456852791878,1,135,1,0,1,2417,41,59,0.0,13.0,0,0,0,5,7,1,0,0,1,0,0,1
280.98,4.4,3297,2,285.0,15.0,1,652,1,1,4,3713,155,29,1.0,28.0,1,0,0,6,3,0,0,0,0,1,0,0
75.91,3.0,1194,3,64.0,6.0,2,5,1,0,1,2292,236,131,1.0,13.0,1,0,0,3,7,0,1,0,0,0,0,1
229.56,4.2,4209,4,792.0,21.0,0,848,1,0,4,2761,187,17,3.0,14.0,0,0,1,2,2,1,0,0,0,1,0,1
299.92,4.7,2517,4,511.0,8.0,0,1476,1,1,6,3375,58,78,2.0,23.0,0,0,0,7,7,0,0,0,0,0,0,0
185.63,5.0,0,8,586.0,10.0,0,1072,0,1,2,593,58,9,2.0,19.0,0,0,0,7,7,0,0,1,0,0,0,0
187.53,3.3,2618,3,414.0,19.0,2,2330,0,0,2,2089,287,116,1.0,13.0,1,1,0,2,6,0,0,0,0,0,0,0
115.3,4.0,0,2,277.0,13.0,0,5,0,1,3,4261,291,125,2.0,8.0,1,0,0,9,4,0,0,0,0,1,0,0
205.96,3.6,1421,3,115.0,11.0,2,923,1,0,6,1363,22,53,2.0,24.0,1,0,1,4,7,0,0,0,1,0,0,0
42.2,3.9,1513,2,358.0,13.0,0,2369,1,0,1,196,23,2,1.0,8.0,0,0,0,9,2,0,0,0,0,1,0,1
415.41,4.0,2574,5,724.0,14.0,0,2492,1,0,6,4096,222,119,3.0,21.0,0,0,0,2,5,0,0,1,0,0,0,0
202.8,5.0,2662,9,553.0,1.0,0,1415,1,1,4,3632,215,234,3.0,12.0,1,0,0,3,4,0,1,0,0,0,0,0
132.64,3.5,0,4,666.0,34.0,0,2071,0,1,1,151,7,4,0.0,20.0,0,0,1,7,3,1,0,0,0,0,1,1
223.09,4.1,3443,3,258.0,20.0,0,5,1,0,3,3023,39,17,4.0,12.0,0,0,1,9,2,0,1,0,0,0,0,0
227.53,4.5,3814,5,395.0,9.0,2,1915,1,1,6,4338,257,296,2.0,36.0,0,0,0,5,6,0,0,0,0,0,1,0
173.63,3.6,0,1,75.0,21.0,0,2735,0,0,1,3852,292,50,0.0,20.0,1,0,1,7,9,0,0,0,1,0,0,0
261.04,4.3,2077,5,908.0,1.0,1,2769,1,1,6,3450,152,178,4.0,13.0,0,0,0,7,1,0,0,0,1,0,0,0
65.07,4.1,1640,4,382.0,1.0,0,3144,1,1,4,3281,146,241,2.0,33.0,0,0,0,5,6,0,0,0,0,0,1,0
110.67,4.3,5259,4,532.0,13.0,0,1446,1,1,1,3014,197,155,1.0,15.0,1,0,0,9,7,0,0,0,1,0,0,0
279.11,4.3,643,7,537.0,1.0,0,1462,0,1,5,3112,403,167,3.0,0.0,0,0,0,9,6,0,0,0,1,0,0,0
235.77,4.0,316,4,476.0,24.0,0,1735,1,0,1,670,26,27,0.0,28.0,0,0,0,3,1,0,0,0,0,1,0,0
208.26,4.1,2480,5,475.0,1.0,1,1384,0,1,4,213,12,2,2.0,1.0,0,0,0,7,3,0,0,0,0,0,1,1
154.26,3.3,0,2,476.0,32.0,0,870,0,1,2,1988,41,68,2.0,14.0,1,0,0,8,2,0,0,0,0,0,0,1
62.8,3.1,2631,5,455.0,19.0,0,1141,1,1,3,1279,185,89,1.0,23.0,1,0,0,4,7,0,1,0,0,0,0,1
289.64,4.4,3374,5,585.0,14.0,0,3075,1,1,3,3191,137,234,3.0,36.0,1,0,0,2,8,0,0,0,0,0,1,0
186.54,4.0,1837,7,398.0,1.0,1,1552,1,0,3,429,24,9,1.0,11.988333333333333,0,1,0,5,3,0,0,1,0,0,0,0
144.34,4.5,196,6,180.0,18.0,2,698,1,0,3,2314,98,125,2.0,12.0,0,0,0,5,6,0,0,0,1,0,0,1
87.91,4.2,2370,6,675.0,10.0,2,2530,0,1,4,2062,300,73,4.0,11.988333333333333,1,0,0,6,4,1,0,0,0,1,0,1
208.94,4.4,2133,5,545.0,1.0,0,1219,1,1,3,1757,200,108,2.0,17.0,0,0,1,5,5,0,0,0,1,0,0,1
69.1,3.7,986,3,481.0,28.0,2,3689,1,1,1,2480,97,30,3.0,23.0,0,0,0,4,4,0,0,1,0,0,0,1
5.0,3.8,0,1,202.0,14.0,2,903,0,1,1,4412,573,172,0.0,0.0,1,0,1,4,6,0,0,1,0,0,0,1
113.06,2.5,5283,2,178.0,26.0,0,587,1,1,3,3677,151,293,0.0,11.0,0,0,0,1,2,0,0,0,1,0,0,0
5.0,3.7,1490,1,263.0,35.0,2,765,0,1,1,1714,126,125,1.6757142857142857,6.0,0,0,1,7,4,0,0,0,0,0,1,1
98.06,3.5,81,1,352.0,10.0,2,93,1,0,1,3661,83,167,1.0,16.0,1,0,0,6,4,0,0,0,0,1,0,0
110.13,4.6,0,3,334.0,22.0,0,2119,1,1,4,4646,199,286,1.0,22.0,1,0,0,7,2,1,0,0,0,0,0,1
5.0,4.3,0,2,95.0,14.0,0,2184,1,0,3,1807,66,9,1.0,20.0,0,0,1,1,0,1,0,0,0,0,1,1
159.39,3.3,1176,2,444.0,27.0,0,1760,1,1,3,686,32,37,2.0,13.0,0,0,0,2,8,0,0,0,0,0,0,0
87.79,3.4,0,1,68.0,29.0,1,5,1,0,2,2554,231,161,0.0,3.0,0,0,0,8,2,1,1,0,0,0,0,1
181.31,3.7,666,2,182.0,1.0,0,2774,1,0,4,3821,218,222,0.0,17.0,0,0,1,7,4,0,0,1,0,0,0,0
43.67,3.4,0,1,194.0,26.0,0,2598,1,0,3,2922,191,89,0.0,0.0,1,0,0,9,5,0,0,0,1,0,0,0
132.0,4.4,805,1,770.0,1.0,1,1309,1,0,2,4768,553,324,1.0,17.0,0,0,0,9,5,0,0,1,0,0,0,0
127.46,3.9,2622,4,913.0,11.0,0,1707,1,1,4,3697,122,106,3.0,11.988333333333333,1,0,0,0,1,0,0,1,0,0,0,1
285.06,4.5,0,4,662.0,1.0,0,2331,0,1,4,814,28,56,4.0,20.0,0,0,0,1,0,0,0,1,0,0,0,0
5.0,3.0,0,1,20.0,44.0,1,443,1,0,1,1497,221,77,0.0,6.0,0,1,1,6,2,1,1,0,0,0,0,1
211.33,4.2,1409,5,791.0,1.0,2,2429,1,0,3,883,41,33,0.0,16.0,0,0,0,0,0,0,0,0,1,0,0,0
177.26,3.6,688,4,373.0,19.0,0,2565,1,1,2,3171,458,250,1.0,9.0,0,1,1,0,0,1,0,1,0,0,0,1
143.72,3.9,835,5,795.0,19.0,1,2050,1,1,4,876,92,56,1.0,31.0,0,1,0,9,2,0,0,0,0,1,0,1
87.91,3.2,2427,2,20.0,40.0,1,115,0,0,1,4106,249,172,0.0,0.0,0,0,0,7,2,0,0,0,0,0,0,0
262.02,4.5,1102,4,167.0,7.0,2,1298,1,1,3,4344,514,60,0.0,0.0,0,0,0,3,4,1,0,0,0,0,1,1
73.9,2.8,1546,4,202.0,19.0,0,1959,1,0,2,4218,176,150,0.0,1.0,1,0,0,4,3,0,0,1,0,0,0,0
150.56,4.3,0,6,473.0,4.0,1,2192,1,1,2,195,8,13,0.0,16.0,1,0,0,9,6,0,0,0,0,0,0,1
25.94,3.5,0,4,362.0,1.0,0,1763,0,1,4,1323,52,42,4.0,8.0,0,0,0,1,2,0,0,0,1,0,0,0
244.83,3.2,0,1,337.0,16.0,2,1842,1,1,1,3445,185,66,0.0,10.0,0,0,0,5,4,0,0,1,0,0,0,0
172.16,4.2,3495,3,596.0,28.0,0,4000,1,1,4,1746,171,65,2.0,27.0,0,0,0,2,7,0,0,0,0,0,1,0
60.75,3.8,1040,2,223.0,8.0,1,1167,1,1,1,3783,128,224,3.0,12.0,1,1,0,2,4,1,1,0,0,0,0,1
22.91,4.1,0,1,417.0,14.0,1,1708,0,0,4,2944,53,160,0.0,11.0,0,1,0,9,9,0,0,0,1,0,0,1
126.8,4.0,1869,4,251.0,23.0,1,1964,0,1,5,1180,54,11,3.0,13.0,1,0,0,9,8,0,0,0,1,0,0,0
189.63,4.7,2957,3,389.0,13.0,0,2661,1,1,6,4896,473,211,2.0,23.0,0,0,0,9,5,0,1,0,0,0,0,0
351.24,3.6,4991,5,671.0,14.0,2,1847,0,1,4,1758,169,91,0.0,23.0,1,0,0,5,5,0,0,0,0,1,0,0
287.71,4.5,3934,4,443.0,1.0,0,3795,1,1,3,201,17,8,3.0,21.0,0,0,0,8,6,0,0,1,0,0,0,0
108.07,4.6,1658,5,393.0,18.0,1,5,1,0,2,449,63,2,2.0,12.0,1,0,0,8,8,0,0,1,0,0,0,0
71.86,2.5,0,1,28.0,20.0,1,5,1,0,1,3439,392,24,1.0,1.0,0,0,1,5,7,1,0,0,0,0,1,1
85.12,3.6,4315,3,193.0,1.0,0,3464,0,1,4,4752,410,38,3.0,30.0,0,0,0,3,1,1,0,0,0,1,0,1
364.05,5.0,3800,4,703.0,8.0,0,612,1,1,3,745,45,31,5.0,31.0,0,1,0,9,7,0,1,0,0,0,0,0
5.0,3.6,2598,4,276.0,43.0,4,113,1,0,1,4242,214,330,0.0,0.0,1,1,0,0,6,0,0,0,0,0,0,1
5.0,3.3,557,1,383.0,28.0,2,5,0,1,1,1976,117,130,0.0,0.0,0,0,1,9,7,1,1,0,0,0,0,1
161.19,3.9,0,6,255.0,23.0,1,2055,1,0,2,352,39,3,2.0,0.0,0,0,1,1,4,0,0,0,0,0,1,0
218.5,4.1,1395,2,80.0,34.0,2,1788,0,1,3,3546,436,74,2.0,17.0,1,0,0,4,8,0,0,0,1,0,0,1
320.13,5.0,3941,6,747.0,4.0,0,2540,1,1,4,4028,442,24,2.0,22.0,0,0,0,8,3,0,0,0,1,0,0,0
255.36,3.9,2525,4,466.0,19.0,1,630,0,1,1,1225,157,7,4.0,11.988333333333333,0,0,0,5,1,0,0,0,0,1,0,1
89.38,4.3,1832,6,442.0,1.0,0,2893,1,0,1,4395,111,337,0.0,19.0,0,0,0,1,9,0,0,0,0,0,0,0
184.92,3.2,1619,3,220.0,16.0,0,1027,1,0,2,2076,298,97,3.0,24.0,0,0,0,1,9,0,0,0,1,0,0,1
232.48,4.1,3694,5,299.0,3.0,0,2047,1,0,2,1370,161,36,1.0,7.0,0,0,0,5,4,1,0,0,1,0,0,1
287.8,4.1,2149,6,679.0,12.0,0,2213,1,1,2,3272,434,74,2.0,13.0,0,1,0,1,9,0,0,0,0,0,1,0
76.91,3.978268041237113,1350,1,161.0,16.0,1,2468,1,0,1,2878,387,39,4.0,3.0,1,0,0,3,6,0,0,0,0,0,1,0
266.79,3.5,5026,7,629.0,4.0,0,352,0,1,3,2552,345,179,2.0,24.0,0,0,0,7,0,0,0,0,1,0,0,0
182.11,4.4,1119,2,365.0,6.0,2,966,0,0,4,2619,340,204,2.0,25.0,1,0,0,4,1,0,0,0,0,0,0,0
115.34,4.1,537,2,118.0,16.0,1,1552,1,0,2,4196,486,296,1.0,11.988333333333333,0,1,0,4,6,0,0,1,0,0,0,1
130.43,3.8,4238,5,676.0,10.0,0,1430,0,1,2,562,50,14,5.0,25.0,1,0,0,4,5,0,0,1,0,0,0,0
36.16,2.3,0,1,20.0,34.0,3,5,0,0,1,2935,87,158,0.0,13.0,0,1,0,3,6,0,0,0,0,1,0,1
204.0,3.8,0,1,183.0,14.0,3,5,1,1,2,4021,189,183,2.0,0.0,0,0,0,9,9,0,0,0,1,0,0,1
91.28,2.6,480,1,215.0,18.0,1,5,0,0,4,2272,111,68,0.0,1.0,0,0,0,1,3,1,0,0,1,0,0,0
78.43,4.5,6237,5,403.7255102040816,15.0,1,2067,1,1,2,1697,36,96,0.0,5.0,0,0,0,6,9,0,1,0,0,0,0,0
5.0,3.978268041237113,0,2,39.0,39.0,2,5,1,1,1,4469,292,312,2.0,3.0,0,0,0,6,2,0,0,0,0,1,0,1
122.25,3.1,4421,4,115.0,34.0,2,5,0,1,3,3163,435,243,1.6757142857142857,10.0,0,0,0,9,1,0,0,0,1,0,0,1
26.39,3.5,1529,4,710.0,12.0,0,5,1,1,3,4986,140,181,4.0,12.0,0,0,0,0,8,0,0,1,0,0,0,1
60.27,3.2,0,1,214.0,31.0,1,787,1,1,1,4616,421,28,0.0,0.0,1,0,1,7,9,1,0,1,0,0,0,1
49.7,3.7,516,4,316.0,33.0,1,1841,0,0,1,1867,249,123,0.0,20.0,0,1,0,9,9,0,0,0,0,0,0,0
98.98,3.7,1714,4,412.0,13.0,0,3037,1,0,1,3351,255,188,4.0,3.0,0,0,0,2,6,0,1,0,0,0,0,0
98.81,4.9,910,7,66.0,1.0,0,1437,0,1,5,268,18,19,2.0,31.0,0,0,1,0,6,0,0,0,0,1,0,0
154.64,4.4,2034,4,261.0,31.0,1,5,0,1,2,411,58,28,1.0,9.0,1,0,1,8,6,0,0,0,0,0,1,1
71.82,3.5,0,2,232.0,20.0,3,1668,0,1,2,1256,75,18,1.0,6.0,1,0,0,3,5,1,1,0,0,0,0,1
189.79,4.9,2682,5,741.0,3.0,2,2591,1,1,5,3957,584,54,3.0,11.0,1,0,0,4,4,0,0,0,0,0,1,0
219.59,4.3,561,5,630.0,1.0,0,2449,1,0,3,1802,67,33,1.0,11.988333333333333,0,1,0,5,3,0,0,0,1,0,0,0
220.71,4.0,3709,5,790.0,13.0,0,2291,1,1,4,985,54,24,2.0,19.0,0,0,0,7,9,1,1,0,0,0,0,1
60.57,3.978268041237113,0,1,118.0,31.0,1,5,1,1,1,970,11,47,1.0,8.0,0,0,0,3,8,0,0,1,0,0,0,0
266.15,4.8,3635,4,844.0,1.0,0,3413,1,0,6,4296,491,26,2.0,6.0,1,0,0,1,9,0,0,0,0,1,0,0
241.6,4.9,4215,5,593.0,1.0,0,4000,1,1,2,308,14,11,1.0,9.0,0,0,0,0,0,0,0,0,0,0,0,0
140.33,4.3,2771,5,683.0,18.0,0,2506,0,1,3,4959,359,63,2.0,15.0,0,0,0,6,6,0,0,0,0,0,0,0
350.92,4.9,1248,2,314.0,10.0,0,3478,1,1,2,87,12,1,2.0,7.0,1,1,0,2,7,0,0,1,0,0,0,0
162.6,4.4,3709,4,566.0,1.0,0,3060,1,1,4,2240,65,49,2.0,21.0,0,0,0,7,0,0,0,0,1,0,0,0
118.71,3.8,1836,6,354.0,13.0,2,5,0,1,2,3744,395,290,2.0,11.0,0,0,0,7,4,1,0,1,0,0,0,1
242.02,3.0,0,1,308.0,7.0,2,1626,1,0,1,3802,75,229,0.0,1.0,0,0,1,8,4,1,0,0,0,0,1,1
169.34,3.2,0,4,291.0,23.0,1,1112,0,0,1,4805,106,361,4.0,26.0,1,0,0,5,0,0,0,0,0,0,0,0
23.24,4.4,3074,6,401.0,45.0,1,270,1,1,1,4451,312,331,1.0,13.0,1,0,0,3,6,0,1,0,0,0,0,1
162.29,3.6,202,4,20.0,15.0,0,1683,1,1,1,2455,215,142,0.0,21.0,1,0,0,8,6,1,1,0,0,0,0,1
185.11,4.2,4213,1,660.0,15.0,1,1740,1,1,1,4420,96,115,0.0,12.0,0,1,1,3,0,0,0,0,0,0,0,1
287.88,4.2,168,6,308.0,18.0,2,2135,0,0,1,2980,405,147,2.0,13.0,0,0,1,9,9,0,0,1,0,0,0,0
321.3,4.8,2589,2,592.0,1.0,0,1608,1,1,1,4647,322,272,1.0,11.988333333333333,1,0,0,1,7,0,0,0,0,0,0,0
161.02,3.8,659,4,20.0,8.0,3,1406,1,1,1,4004,362,228,3.0,11.0,0,0,0,6,5,0,0,0,1,0,0,1
165.16,3.6,895,4,235.0,26.0,0,187,1,0,2,4030,404,106,1.0,7.0,0,0,1,5,8,0,0,0,0,1,0,1
5.0,3.1,368,4,463.0,22.0,0,624,1,1,1,4092,62,157,1.0,7.0,0,0,0,8,7,0,1,0,0,0,0,0
82.7,2.8,230,3,230.0,28.0,2,5,1,0,1,3695,531,21,3.0,8.0,1,0,0,9,9,0,0,1,0,0,0,1
5.0,3.4,0,1,320.0,30.0,2,5,1,1,1,4407,417,150,1.0,0.0,0,0,0,8,3,0,0,0,0,0,0,1
191.05,3.7,0,1,40.0,18.0,4,414,0,1,1,4157,193,289,2.0,11.988333333333333,0,0,1,2,6,0,0,0,0,0,0,1
93.07,3.5,0,1,69.0,28.0,1,409,1,1,1,3885,235,157,1.0,20.0,0,0,0,5,6,0,0,0,0,1,0,1
175.94,4.0,0,5,87.0,37.0,1,3042,1,1,3,3061,435,240,5.0,2.0,1,0,0,7,6,0,0,0,0,0,0,0
33.21,4.0,2615,3,94.0,25.0,3,2339,1,0,4,2891,173,96,0.0,12.0,1,0,0,6,0,0,0,0,1,0,0,0
170.61,4.9,2783,4,540.0,1.0,0,1911,0,0,3,3174,147,154,3.0,13.0,0,0,0,2,1,0,0,1,0,0,0,0
66.71,2.7,736,1,20.0,13.0,2,1117,0,1,2,4545,122,168,2.0,6.0,1,0,0,8,8,0,1,0,0,0,0,0
301.33,4.3,2476,4,402.0,13.0,0,2566,1,1,5,649,65,6,2.0,25.0,0,0,0,8,6,0,0,0,0,1,0,0
141.31,2.9,0,5,44.0,7.0,4,661,0,0,1,1807,263,53,1.0,0.0,0,0,0,0,6,0,0,1,0,0,0,1
152.05,3.978268041237113,82,4,629.0,2.0,1,1623,0,1,1,4547,560,55,0.0,18.0,1,0,0,1,7,1,0,0,0,0,0,1
99.27,3.9,0,2,20.0,10.0,1,475,1,1,1,2643,162,198,3.0,8.0,0,1,0,0,6,0,1,0,0,0,0,0
272.66,5.0,1814,4,534.0,1.0,0,3719,1,0,3,4671,196,323,1.0,13.0,0,0,0,0,2,0,0,0,1,0,0,0
173.24,4.1,1991,3,264.0,23.0,1,1845,0,1,1,1176,102,21,3.0,15.0,1,0,0,9,4,0,0,1,0,0,0,0
227.04,3.8,4581,4,629.0,23.0,0,2773,1,1,3,3202,323,35,4.0,22.0,1,0,0,8,2,0,0,1,0,0,0,0
77.09,3.5,5712,1,194.0,4.0,2,1883,1,1,3,904,50,54,1.0,15.0,1,0,0,8,7,1,0,0,0,0,1,1
168.03,3.7,3551,1,657.0,17.0,0,2807,0,1,4,3086,152,171,2.0,12.0,0,0,0,0,6,1,0,0,0,0,0,1
169.01,3.4,1514,1,298.0,21.0,2,536,1,1,1,4872,474,150,3.0,0.0,1,0,1,8,7,0,0,0,0,0,1,1
5.0,3.4,1996,1,313.0,35.0,0,2896,1,1,2,2180,174,34,1.0,2.0,1,0,1,8,9,1,0,1,0,0,0,0
328.5,3.9,2442,1,577.0,30.0,0,2645,1,1,2,4149,158,306,3.0,10.0,0,0,0,6,1,0,1,0,0,0,0,0
80.53,4.0,0,2,483.0,16.0,0,1747,1,1,2,2666,117,152,1.0,11.988333333333333,1,0,1,0,0,0,0,0,0,1,0,0
170.26,3.2,4529,5,371.0,18.0,1,991,1,1,3,4108,510,115,3.0,6.0,1,0,0,1,7,0,0,0,1,0,0,0
213.61,4.3,455,2,20.0,26.0,1,2218,1,0,1,4690,624,198,1.0,11.988333333333333,1,0,1,9,7,0,0,0,1,0,0,0
273.98,4.9,3456,8,631.0,1.0,0,3798,1,0,3,1739,191,96,3.0,12.0,0,0,0,1,1,0,0,0,0,0,0,0
261.9,4.0,2723,3,514.0,1.0,0,2103,1,1,3,4913,72,318,0.0,15.0,0,0,0,9,2,0,0,1,0,0,0,0
76.55,3.3,1259,1,269.0,38.0,0,905,1,0,3,3833,64,34,1.0,0.0,1,0,1,5,2,1,1,0,0,0,0,1
198.31,4.7,0,1,568.0,14.0,0,1179,1,1,1,1517,189,105,1.0,12.0,0,0,0,5,2,0,0,0,0,0,1,0
85.41,3.6,3222,2,590.0,25.0,1,2787,0,1,4,553,72,7,3.0,15.0,0,0,0,8,7,0,0,1,0,0,0,0
42.32,3.0,1149,4,61.0,26.0,1,5,1,1,1,2410,35,68,4.0,26.0,0,0,0,6,1,1,0,0,0,0,1,1
236.83,3.978268041237113,4336,4,560.0,2.0,0,3034,1,1,1,2032,251,25,5.0,14.0,1,1,0,6,6,0,0,0,0,0,0,0
230.88,4.1,630,2,757.0,5.0,1,1323,0,1,5,2319,130,129,3.0,25.0,1,0,1,7,0,0,0,1,0,0,0,0
158.03,3.9,0,1,145.0,28.0,0,392,1,1,1,1716,72,49,0.0,9.0,1,0,0,3,5,0,0,0,1,0,0,1
109.05,4.3,493,4,352.0,32.0,1,2753,1,0,1,4543,133,320,1.0,14.0,0,0,0,8,1,0,0,0,0,0,1,0
106.93,4.0,897,2,108.0,18.0,0,1373,1,1,4,3183,140,247,1.0,0.0,1,1,0,1,7,0,1,0,0,0,0,0
173.07,3.7,2904,2,369.0,45.0,3,426,1,0,1,2091,304,48,1.0,6.0,0,1,0,8,9,0,0,1,0,0,0,0
130.92,3.6,2364,5,307.0,5.0,2,3203,0,1,4,4364,388,324,0.0,26.0,0,1,1,5,0,0,0,0,1,0,0,1
258.44,3.9,1043,3,762.0,1.0,0,3684,1,1,3,4527,301,70,2.0,11.988333333333333,0,0,1,5,2,0,0,0,0,0,1,0
162.99,4.7,4056,7,596.0,4.0,0,1527,1,0,2,817,43,64,5.0,23.0,1,0,0,4,9,0,0,0,0,0,1,0
150.06,4.7,3170,3,639.0,21.0,0,783,1,0,3,1106,91,71,2.0,12.0,0,0,0,8,6,0,1,0,0,0,0,0
85.95,4.8,3455,4,605.0,32.0,0,1365,1,0,4,4230,330,326,3.0,7.0,0,0,0,1,3,1,0,0,0,1,0,1
152.52,3.2,0,3,525.0,21.0,0,169,0,1,3,1904,230,75,1.6757142857142857,9.0,0,0,1,2,3,0,1,0,0,0,0,1
99.83,3.6,3153,8,403.7255102040816,28.0,0,5,0,1,1,4116,381,225,0.0,1.0,0,0,0,2,7,0,0,0,0,1,0,1
210.06,3.9,3796,2,712.0,23.0,0,2564,1,1,2,2800,174,54,2.0,10.0,0,0,0,9,3,0,0,0,0,0,0,0
107.82,2.7,0,1,468.0,16.0,1,978,1,0,1,3825,148,242,0.0,4.0,1,0,0,1,2,0,1,0,0,0,0,0
156.03,4.3,0,2,166.0,10.0,0,2008,1,0,4,4467,136,331,2.0,13.0,1,0,0,6,9,0,0,0,1,0,0,0
91.9,4.5,967,2,606.0,5.0,1,1079,0,0,1,1768,232,15,0.0,0.0,1,0,0,4,2,1,0,0,0,0,1,1
37.62,3.8,0,1,20.0,37.0,3,1063,1,0,1,1435,34,51,1.0,6.0,0,0,0,6,8,1,0,0,0,0,0,1
118.93,3.9,6,4,582.0,11.0,1,925,0,0,2,3651,172,58,3.0,8.0,0,0,0,0,2,1,0,0,0,0,0,0
112.13,4.1,994,9,201.0,24.0,3,123,1,1,1,544,35,37,1.6757142857142857,15.0,0,1,1,0,1,0,1,0,0,0,0,0
188.44,4.4,0,2,521.0,12.0,0,1102,1,0,5,695,92,22,1.0,18.0,0,0,0,5,8,0,1,0,0,0,0,0
296.52,4.4,4765,5,545.0,16.0,0,2379,0,1,3,3670,144,63,5.0,5.0,0,0,0,7,3,0,0,0,1,0,0,0
141.69,4.6,3237,6,478.0,28.0,0,854,1,1,2,241,11,16,2.0,17.0,1,0,0,6,2,0,0,0,0,0,0,1
161.82,3.7,2575,4,291.0,5.0,0,1395,0,0,1,4194,569,228,1.0,15.0,1,0,0,6,1,0,0,0,1,0,0,1
151.99,3.7,652,4,182.0,36.0,3,1217,1,0,1,4779,304,29,1.0,0.0,1,0,1,0,2,0,0,1,0,0,0,0
76.07,3.5,167,1,287.0,26.0,1,5,1,0,1,2000,286,119,1.6757142857142857,18.0,0,0,0,1,3,0,0,0,0,1,0,1
89.73,3.7,0,2,411.0,5.0,0,8,0,1,3,2748,222,93,0.0,18.0,0,0,0,9,1,0,0,0,0,0,0,1
235.96,5.0,3945,7,622.0,1.0,0,3524,1,0,3,1849,47,101,3.0,23.0,0,0,0,6,4,0,0,0,0,1,0,0
157.12,3.3,6,2,403.7255102040816,1.0,0,1091,1,1,3,2656,300,26,1.0,0.0,0,0,0,4,0,1,1,0,0,0,0,0
150.19,3.2,322,3,171.0,49.0,2,5,1,1,2,395,10,2,3.0,16.0,0,1,0,8,9,0,0,0,0,0,1,1
303.43,5.0,2060,4,439.0,13.0,0,1371,1,1,2,596,32,5,4.0,15.0,0,0,0,7,6,0,0,0,0,0,1,0
267.78,4.5,1115,5,85.0,33.0,0,2231,1,1,2,1484,198,15,3.0,11.0,0,0,1,0,7,1,0,1,0,0,0,1
329.74,4.6,5536,2,428.0,1.0,0,1027,1,1,4,2777,154,120,3.0,11.0,1,0,0,7,5,0,0,0,0,0,1,0
74.23,3.6,8088,5,291.0,1.0,0,2352,1,0,2,3161,460,227,2.0,6.0,1,0,0,5,1,0,0,1,0,0,0,0
281.87,3.5,1969,3,126.0,8.0,1,3921,1,1,3,595,66,8,1.0,9.0,0,1,0,7,7,0,0,0,1,0,0,0
344.52,3.3,4553,5,629.0,1.0,0,536,1,1,4,1747,174,69,5.0,15.0,0,0,1,0,5,0,0,0,0,1,0,0
191.25,4.1,0,5,137.0,15.0,1,2402,1,1,2,1477,70,108,0.0,11.0,0,0,0,5,6,0,0,1,0,0,0,0
47.65,3.7,3427,4,412.0,6.0,1,2100,1,1,1,1564,153,117,1.0,12.0,0,0,0,2,7,0,0,1,0,0,0,1
198.27,4.4,1590,4,652.0,13.0,1,2493,1,1,2,2702,127,171,2.0,11.988333333333333,0,0,0,7,8,0,0,0,0,1,0,0
223.47,4.5,2624,4,807.0,7.0,1,1940,1,0,1,252,33,1,4.0,8.0,0,0,1,4,7,0,0,0,0,0,1,0
255.12,3.9,1170,3,586.0,22.0,0,2029,1,1,1,2802,415,180,0.0,20.0,0,0,0,2,4,0,1,0,0,0,0,1
202.11,3.2,0,3,20.0,51.0,1,687,0,0,4,3355,497,57,1.0,9.0,1,0,0,4,1,0,0,0,0,0,1,0
5.0,3.4,724,2,229.0,18.0,0,703,0,1,3,4198,422,215,0.0,12.0,1,1,1,8,4,1,0,0,1,0,0,1
128.92,5.0,774,3,267.0,10.0,0,2132,1,0,2,1107,57,25,3.0,7.0,0,0,0,3,4,0,0,0,0,0,1,0
164.14,3.7,0,4,125.0,20.0,2,468,1,1,2,1927,235,111,2.0,1.0,0,0,0,4,9,1,0,1,0,0,0,1
17.26,4.0,5263,1,287.0,18.0,0,1132,1,0,4,2381,325,118,2.0,15.0,0,0,0,6,8,1,0,0,1,0,0,1
111.61,3.8,1464,7,461.0,43.0,1,1021,1,0,1,4729,656,232,0.0,0.0,0,0,0,6,5,0,0,0,1,0,0,1
237.2,3.978268041237113,4178,4,615.0,23.0,0,201,1,1,5,3690,537,179,2.0,13.0,0,0,0,3,2,0,0,1,0,0,0,0
202.14,4.4,5826,5,115.0,1.0,0,814,1,1,1,465,66,9,1.0,6.0,0,0,1,0,6,0,0,0,0,0,1,0
206.76,4.4,1898,6,332.0,1.0,0,2128,1,0,2,3915,317,86,2.0,7.0,0,0,0,7,0,0,1,0,0,0,0,0
241.0,4.7,2870,5,725.0,2.0,1,1805,1,1,2,3176,228,112,1.0,22.0,1,0,1,4,8,0,0,1,0,0,0,1
245.04,5.0,1563,1,561.0,15.230456852791878,0,1856,1,1,3,1877,132,131,1.0,16.0,0,0,0,8,7,0,0,0,0,0,1,0
196.21,4.6,1166,6,292.0,16.0,0,2328,1,1,5,1480,156,16,3.0,26.0,0,1,0,2,0,1,0,0,0,0,0,1
74.28,4.2,985,3,719.0,25.0,1,1295,0,1,1,3383,479,50,0.0,3.0,0,0,0,1,8,0,0,1,0,0,0,0
132.56,3.978268041237113,1119,1,184.0,10.0,0,1347,0,0,3,3191,87,51,2.0,15.0,0,1,0,3,4,0,0,1,0,0,0,1
143.49,3.6,2304,5,437.0,1.0,2,2762,1,1,3,1500,89,112,0.0,18.0,1,0,0,6,4,0,0,0,1,0,0,0
5.0,2.8,0,3,252.0,24.0,1,5,1,0,1,4936,664,268,1.6757142857142857,5.0,0,0,1,3,2,1,0,1,0,0,0,1
143.76,3.4,1738,2,203.0,24.0,1,94,0,1,2,4281,270,204,0.0,0.0,0,0,0,6,6,0,1,0,0,0,0,1
9.1,4.2,0,2,539.0,12.0,2,1097,0,1,3,4981,87,134,1.0,7.0,1,0,0,1,3,0,0,0,0,0,1,0
168.26,4.4,0,1,682.0,1.0,0,1017,1,1,1,1254,94,8,0.0,14.0,1,0,0,1,8,0,0,0,0,0,0,0
83.37,3.6,1497,3,657.0,12.0,0,1230,1,1,5,2208,304,110,2.0,0.0,0,0,1,1,5,0,1,0,0,0,0,1
284.83,3.6,0,6,869.0,1.0,0,3489,0,0,4,1984,255,26,3.0,9.0,1,0,0,6,7,0,0,1,0,0,0,0
276.13,4.4,3557,2,544.0,17.0,0,74,1,1,2,3461,141,119,2.0,0.0,1,0,0,3,8,0,0,0,0,0,1,0
224.23,3.978268041237113,3482,7,663.0,8.0,1,1749,0,0,3,1998,202,131,3.0,6.0,1,1,0,0,4,0,1,0,0,0,0,0
235.71,3.9,0,6,20.0,13.0,2,910,0,1,2,1633,150,36,0.0,0.0,0,0,0,7,6,0,0,0,0,0,0,0
215.74,3.1,0,1,204.0,7.0,3,1944,0,1,1,1653,140,88,0.0,11.988333333333333,0,0,0,3,0,1,0,0,1,0,0,1
177.74,4.5,3182,4,462.0,4.0,1,3219,0,1,3,826,61,37,1.0,20.0,1,0,0,0,7,0,0,0,1,0,0,0
155.57,4.6,898,2,328.0,20.0,1,2940,0,1,2,3647,395,77,0.0,4.0,1,0,1,0,4,1,0,1,0,0,0,1
97.65,3.3,0,4,387.0,14.0,0,1239,1,0,3,3747,509,189,0.0,0.0,0,1,0,2,4,0,0,0,1,0,0,0
216.64,4.5,301,6,425.0,1.0,0,3940,1,1,2,898,86,25,4.0,34.0,1,0,0,8,0,1,0,0,0,1,0,0
185.88,3.7,2266,6,71.0,18.0,0,3536,1,1,4,1005,116,74,3.0,0.0,0,0,0,1,9,0,1,0,0,0,0,0
137.97,3.7,447,2,398.0,27.0,1,205,0,0,3,2316,190,138,1.0,1.0,0,0,1,8,5,1,0,0,0,0,1,1
119.16,4.7,1791,4,362.0,11.0,0,1087,1,0,4,4615,72,63,0.0,10.0,0,0,0,9,2,0,0,0,0,1,0,0
262.46,4.8,4085,6,386.0,24.0,1,1084,1,1,3,3960,68,201,2.0,14.0,1,0,0,2,0,0,0,0,1,0,0,0
183.16,3.8,2579,2,644.0,14.0,2,1011,1,0,1,1558,35,121,0.0,0.0,0,0,0,4,2,1,1,0,0,0,0,1
77.33,3.8,2681,6,563.0,5.0,0,3389,1,1,2,2427,156,36,5.0,17.0,1,1,0,2,0,0,0,0,0,0,1,0
36.77,3.6,0,1,20.0,31.0,1,623,0,0,2,2084,65,126,0.0,6.0,0,0,1,0,1,1,0,0,0,1,0,1
242.44,5.0,2538,6,761.0,5.0,0,3592,1,1,5,1985,100,16,1.0,5.0,0,0,0,0,0,0,1,0,0,0,0,0
108.46,4.8,4438,2,826.0,24.0,0,639,1,1,2,1001,46,56,3.0,20.0,0,0,0,1,5,0,0,0,0,1,0,0
207.18,3.9,419,3,301.0,17.0,3,2063,0,1,2,1656,159,104,1.0,0.0,0,0,0,2,6,0,0,0,0,0,1,0
5.0,3.6,0,1,345.0,19.0,2,770,0,0,1,2020,44,130,1.0,0.0,0,0,0,2,8,0,0,1,0,0,0,1
69.0,3.2,2781,4,442.0,29.0,2,1535,1,0,3,4483,245,214,1.0,8.0,0,0,0,9,9,0,0,0,0,1,0,1
172.43,3.7,100,1,234.0,48.0,0,5,1,0,1,2531,329,90,0.0,22.0,0,0,1,2,6,1,0,0,1,0,0,1
236.66,4.9,3128,3,786.0,7.0,3,2793,0,1,4,96,14,2,1.0,19.0,1,0,0,0,5,0,0,0,0,0,0,0
5.0,2.8,840,1,365.0,35.0,1,286,0,0,3,1150,32,43,0.0,11.988333333333333,0,0,0,5,9,1,0,1,0,0,0,0
263.51,4.8,4170,5,338.0,1.0,0,2521,1,1,5,4029,135,31,3.0,23.0,1,0,0,0,1,0,0,0,1,0,0,0
83.24,2.4,0,1,230.0,49.0,3,5,0,0,2,2304,284,78,0.0,0.0,1,0,1,8,2,0,0,1,0,0,0,1
5.0,5.0,0,8,660.0,15.0,1,1893,1,1,3,1624,150,129,1.0,29.0,1,1,0,1,2,0,0,0,0,1,0,0
171.29,4.2,710,1,224.0,15.0,0,537,1,1,3,4756,112,111,1.0,8.0,1,0,0,8,9,0,0,1,0,0,0,0
40.71,4.1,2294,2,477.0,11.0,3,470,1,1,4,3751,369,129,1.0,3.0,1,1,0,0,2,0,0,0,0,0,0,1
207.97,3.4,3299,5,20.0,23.0,0,567,1,1,1,4441,532,187,1.0,13.0,0,0,0,2,6,0,1,0,0,0,0,0
225.3,3.9,2242,3,538.0,38.0,1,2840,1,1,2,962,69,52,1.0,9.0,0,0,0,2,3,0,0,0,0,1,0,0
108.98,3.6,290,7,714.0,3.0,2,2358,1,1,3,2492,25,159,4.0,17.0,1,0,0,3,8,0,0,1,0,0,0,0
186.63,3.3,445,6,20.0,15.0,1,1607,1,1,2,1574,96,89,1.0,11.988333333333333,0,1,0,1,4,0,0,0,0,1,0,1
174.69,3.7,0,2,77.0,23.0,1,5,1,0,1,3702,52,246,0.0,13.0,1,1,0,8,3,0,0,0,0,0,1,1
37.6,4.1,621,2,306.0,22.0,0,1107,1,1,3,2085,307,134,0.0,11.0,0,0,0,6,6,1,0,1,0,0,0,1
107.11,3.1,420,1,482.0,34.0,0,5,1,0,2,2984,355,234,0.0,2.0,1,0,1,6,6,0,0,0,1,0,0,1
5.0,3.3,2464,2,128.0,6.0,1,5,1,0,4,2991,125,170,3.0,19.0,0,0,0,6,7,0,0,1,0,0,0,1
131.04,4.6,3934,10,718.0,19.0,1,3149,1,1,3,641,71,37,4.0,13.0,0,0,0,5,6,0,1,0,0,0,0,0
105.32,2.7,1358,3,199.0,32.0,2,2861,1,1,1,3518,418,129,1.0,13.0,0,0,0,9,2,0,0,0,0,1,0,0
143.04,4.3,554,4,577.0,30.0,1,1836,1,1,1,3649,371,88,1.0,10.0,0,0,0,6,9,0,0,1,0,0,0,1
9.91,3.4,678,1,108.0,20.0,2,5,0,1,2,2441,206,109,3.0,0.0,0,1,0,6,5,1,0,0,0,0,0,1
133.05,3.8,1187,7,334.0,8.0,0,786,1,1,1,3945,177,221,1.0,14.0,1,0,1,2,0,0,0,0,0,0,0,1
140.85,4.1,560,1,311.0,43.0,0,2950,1,1,2,4007,306,222,1.0,5.0,0,1,0,1,0,0,0,0,1,0,0,0
196.93,3.9,1768,4,480.0,42.0,1,1619,1,1,3,3306,220,192,3.0,14.0,0,0,0,4,5,0,0,0,0,0,0,0
169.43,3.978268041237113,0,1,20.0,27.0,2,726,0,0,1,2298,168,136,2.0,0.0,1,0,0,8,1,0,1,0,0,0,0,1
237.31,3.7,3879,6,410.0,12.0,0,375,1,1,1,3123,451,239,5.0,22.0,0,1,0,2,0,0,0,0,0,0,1,0
100.6,3.5,73,3,485.0,15.230456852791878,0,5,0,1,3,3232,112,78,0.0,9.0,1,0,0,7,4,0,0,0,1,0,0,0
45.13,4.1,0,2,179.0,33.0,1,5,0,1,2,3911,550,39,1.0,9.0,0,1,0,4,5,1,0,0,0,1,0,1
185.18,3.8,0,5,314.0,12.0,0,1632,0,1,5,737,68,41,4.0,16.0,0,1,0,7,1,1,0,0,1,0,0,1
181.18,3.9,2290,10,310.0,3.0,0,1189,1,0,4,3065,146,148,3.0,19.0,0,0,0,9,1,0,1,0,0,0,0,1
91.24,4.3,1196,1,313.0,1.0,1,2794,1,1,2,155,12,5,2.0,8.0,0,0,0,6,5,0,0,1,0,0,0,0
237.04,4.7,1760,4,530.0,1.0,1,2810,0,1,4,1092,129,75,2.0,12.0,0,1,0,6,4,0,0,0,0,0,1,0
200.21,4.3,1446,5,20.0,7.0,2,584,1,0,2,4823,541,137,0.0,6.0,0,0,1,4,6,0,0,0,0,1,0,0
43.91,3.8,943,1,20.0,24.0,2,1124,1,1,2,1737,127,116,0.0,15.0,0,0,0,9,5,1,0,0,0,0,0,1
17.59,3.3,381,5,428.0,10.0,2,1079,1,1,2,2125,147,130,0.0,7.0,0,0,0,9,3,0,0,0,0,0,1,1
118.27,4.7,1073,4,208.0,12.0,0,3980,1,1,2,2935,100,88,4.0,14.0,0,0,0,4,8,0,1,0,0,0,0,0
152.78,5.0,5193,5,994.0,1.0,1,4000,1,1,3,2103,69,86,3.0,26.0,0,0,0,8,1,0,0,0,1,0,0,0
153.3,4.5,0,3,20.0,17.0,3,1628,1,1,4,3028,159,115,4.0,7.0,1,1,0,0,1,1,0,0,1,0,0,1
219.43,4.6,1639,1,957.0,1.0,0,2701,0,0,3,3153,232,85,0.0,6.0,0,0,1,0,1,0,1,0,0,0,0,0
210.15,4.1,1053,5,429.0,5.0,2,5,0,0,4,4908,386,359,1.6757142857142857,14.0,0,0,0,9,3,1,0,0,1,0,0,1
123.35,5.0,947,7,505.0,1.0,0,1367,1,0,5,2695,274,74,0.0,15.0,0,0,0,2,6,0,0,0,1,0,0,0
145.58,3.6,0,4,639.0,23.0,0,1390,1,0,1,1053,80,74,0.0,3.0,0,0,0,3,9,1,0,1,0,0,0,1
102.2,4.0,1010,4,453.0,22.0,1,2176,0,1,1,4028,370,258,2.0,30.0,0,1,0,5,5,0,0,0,0,1,0,0
120.59,3.0,0,3,507.0,33.0,0,1901,0,0,3,2463,301,59,2.0,0.0,1,0,1,7,5,0,1,0,0,0,0,1
165.38,3.9,1556,3,895.0,6.0,1,3880,1,1,4,1045,110,49,2.0,11.0,0,0,1,9,2,1,0,0,0,0,0,1
223.47,4.6,1848,4,363.0,1.0,0,2798,1,0,4,2152,253,38,1.0,18.0,1,0,0,0,0,0,0,0,0,1,0,0
157.03,3.978268041237113,0,6,441.0,1.0,3,2769,1,1,4,3878,552,140,1.0,13.0,0,0,0,4,4,0,0,0,0,1,0,1
307.98,5.0,1987,3,411.0,18.0,0,3320,0,1,3,3531,177,123,5.0,12.0,0,0,0,1,3,0,1,0,0,0,0,1
191.69,4.1,325,3,449.0,26.0,1,1381,1,1,3,886,104,21,2.0,10.0,0,1,0,8,7,0,0,0,0,0,1,0
278.28,4.5,4538,5,364.0,14.0,1,2646,1,1,3,3760,218,176,1.6757142857142857,26.0,1,0,1,5,5,0,0,0,0,1,0,0
115.87,5.0,1717,4,258.0,16.0,0,818,1,1,1,3618,286,234,4.0,10.0,0,0,0,6,1,1,0,1,0,0,0,0
146.79,4.3,0,5,463.0,28.0,2,2251,1,1,2,167,9,3,1.0,2.0,0,0,0,8,4,0,0,0,1,0,0,1
64.97,3.7,1674,1,301.0,4.0,1,2024,1,1,3,3078,391,225,2.0,17.0,0,0,0,0,8,1,0,0,0,0,0,1
71.54,3.6,0,2,416.0,27.0,0,1474,1,1,3,628,33,45,1.0,5.0,0,0,0,3,8,0,1,0,0,0,0,1
278.99,5.0,3071,4,376.0,11.0,0,2451,1,1,4,533,34,32,2.0,21.0,0,0,0,5,5,0,0,0,0,1,0,0
103.35,4.1,0,2,521.0,18.0,1,1076,1,0,1,2632,387,37,0.0,11.0,1,0,0,4,4,1,0,0,0,0,1,1
207.26,4.2,5896,1,372.0,1.0,0,5,1,1,2,4941,426,340,5.0,0.0,0,0,0,4,9,0,0,0,1,0,0,1
119.03,4.5,876,3,605.0,15.230456852791878,0,2530,1,1,1,997,84,47,3.0,19.0,0,0,0,1,1,0,0,1,0,0,0,1
181.68,3.7,1054,4,437.0,21.0,1,1086,1,1,3,1360,105,17,0.0,16.0,0,0,0,7,6,0,0,0,1,0,0,0
191.43,4.0,1135,1,534.0,38.0,0,5,1,0,1,2459,105,195,0.0,18.0,1,0,0,6,5,0,1,0,0,0,0,1
170.63,3.5,610,4,378.0,24.0,0,1316,1,0,5,2696,400,195,3.0,7.0,0,0,0,1,5,1,0,1,0,0,0,1
283.8,4.3,1195,4,578.0,1.0,1,2097,1,1,2,546,25,23,0.0,9.0,0,0,0,6,5,0,0,0,0,1,0,0
242.27,4.4,5475,6,525.0,1.0,2,2804,1,1,1,4740,285,364,1.0,16.0,0,0,0,0,7,0,0,1,0,0,0,0
218.24,2.8,1401,2,502.0,10.0,0,567,1,1,2,203,15,11,0.0,5.0,0,0,0,6,3,1,0,0,0,0,1,1
166.89,3.4,0,2,20.0,20.0,0,109,1,1,1,1615,62,120,0.0,7.0,0,0,0,6,5,0,1,0,0,0,0,0
41.76,3.5,1324,4,299.0,1.0,0,1161,1,1,4,3555,162,158,1.0,22.0,1,0,0,7,4,0,0,0,1,0,0,0
96.42,5.0,4242,6,679.0,19.0,0,1495,1,1,3,2779,193,106,5.0,24.0,0,0,0,8,7,0,0,1,0,0,0,0
147.37,5.0,5038,5,332.0,4.0,1,1879,1,1,6,3548,408,158,0.0,16.0,0,0,0,4,1,0,0,0,0,0,0,1
285.9,5.0,0,5,469.0,1.0,1,3227,1,0,4,1558,91,37,0.0,6.0,1,1,0,6,6,0,1,0,0,0,0,1
180.73,4.6,3886,6,344.0,20.0,1,1002,0,0,4,1247,115,6,1.0,17.0,0,0,0,3,3,0,0,0,0,1,0,0
59.68,3.9,1339,4,555.0,1.0,0,1218,1,1,3,3082,449,41,3.0,25.0,0,1,0,8,9,1,0,1,0,0,0,1
161.69,4.3,6118,4,403.0,9.0,0,5,1,1,2,3035,100,162,0.0,23.0,0,1,0,7,1,0,0,1,0,0,0,0
6.01,4.0,1506,1,365.0,1.0,2,466,1,0,4,4056,326,229,2.0,7.0,0,0,0,3,3,0,1,0,0,0,0,1
101.02,3.2,929,1,303.0,35.0,1,846,0,1,1,4371,142,223,0.0,0.0,0,0,0,3,1,1,0,0,0,0,0,1
83.1,3.2,0,2,20.0,26.0,2,1487,1,1,1,2474,54,72,0.0,4.0,0,0,1,6,5,0,0,1,0,0,0,1
84.95,4.1,0,5,430.0,25.0,0,1407,1,1,1,1018,84,22,0.0,3.0,0,0,0,0,1,0,0,0,1,0,0,0
212.82,4.1,3054,5,841.0,1.0,0,3790,1,0,5,226,17,9,5.0,25.0,0,0,0,5,1,0,0,1,0,0,0,0
284.32,4.7,3986,3,665.0,10.0,0,1718,1,1,3,4627,304,202,2.0,26.0,0,0,0,9,4,0,0,0,1,0,0,0
66.91,2.9,0,1,20.0,24.0,1,411,0,0,3,325,46,17,0.0,7.0,0,0,0,1,3,0,0,1,0,0,0,1
284.24,4.2,2492,8,550.0,23.0,0,2341,0,1,1,4592,190,102,3.0,28.0,0,0,1,5,5,0,0,0,0,0,0,0
159.78,4.7,0,5,709.0,6.0,0,1730,1,1,4,2712,230,68,3.0,17.0,0,0,0,4,4,0,0,0,1,0,0,0
54.2,3.8,2031,3,770.0,27.0,1,723,1,1,2,3446,101,41,0.0,10.0,0,0,0,2,4,0,1,0,0,0,0,0
5.0,3.6,0,2,317.0,17.0,1,29,1,1,1,2473,353,80,0.0,6.0,0,0,0,3,3,1,1,0,0,0,0,1
123.41,3.7,1481,4,403.7255102040816,18.0,0,1827,1,1,2,1059,77,40,0.0,6.0,0,0,0,0,8,0,0,0,1,0,0,0
171.74,3.7,52,6,522.0,7.0,1,1801,1,0,2,2028,62,64,0.0,10.0,0,0,1,5,2,0,0,0,0,1,0,1
96.05,4.0,3978,6,342.0,4.0,0,2895,1,1,5,55,6,2,0.0,15.0,0,0,0,1,9,1,1,0,0,0,0,1
259.22,4.1,1599,1,420.0,9.0,0,1305,1,0,4,1824,210,81,1.0,9.0,1,0,0,6,2,0,0,0,0,0,1,0
311.92,4.0,3098,6,467.0,1.0,0,3406,1,1,3,2863,60,90,2.0,12.0,1,0,0,1,6,0,1,0,0,0,0,1
75.86,4.0,2877,5,241.0,21.0,2,1934,0,0,1,807,65,15,1.0,3.0,0,0,1,2,2,1,0,0,0,0,1,1
80.49,4.4,1715,3,376.0,7.0,0,1438,0,0,5,610,57,24,5.0,14.0,0,0,0,0,7,0,1,0,0,0,0,0
139.28,4.2,2356,5,621.0,1.0,0,1835,1,1,3,4817,248,55,3.0,20.0,0,1,0,4,3,0,0,0,0,0,1,0
195.93,5.0,3234,5,346.0,24.0,1,1033,1,1,4,894,132,4,2.0,9.0,0,0,0,8,8,0,1,0,0,0,0,0
182.14,4.2,1119,5,398.0,11.0,0,1917,0,0,4,3458,493,172,3.0,6.0,0,0,1,6,4,1,1,0,0,0,0,1
90.29,3.7,1237,4,291.0,12.0,2,1978,1,1,3,1383,156,56,2.0,0.0,0,1,0,0,3,1,0,1,0,0,0,1
95.57,3.7,0,2,81.0,29.0,3,1685,1,0,4,896,60,18,0.0,5.0,1,1,0,3,3,1,1,0,0,0,0,1
121.94,3.1,4044,2,87.0,20.0,0,2675,1,1,3,2956,266,196,3.0,0.0,0,0,0,9,4,0,0,1,0,0,0,0
106.07,3.7,0,1,405.0,15.0,0,1911,1,1,1,3778,510,153,0.0,17.0,0,0,1,1,5,0,0,0,0,0,0,0
48.97,4.9,347,1,244.0,13.0,1,622,1,1,1,1728,152,50,0.0,12.0,0,0,0,4,2,1,0,0,1,0,0,1
141.74,4.1,3624,6,484.0,8.0,0,666,1,1,3,1195,104,8,1.0,9.0,0,1,0,7,4,0,0,0,1,0,0,1
47.96,3.9,2629,2,232.0,8.0,1,586,0,1,2,4305,50,238,0.0,14.0,0,0,0,6,6,0,0,0,0,0,1,0
186.07,3.8,1728,2,23.0,1.0,0,1048,0,0,1,974,85,50,3.0,9.0,0,0,1,8,2,0,0,0,0,1,0,0
212.41,5.0,1530,6,734.0,9.0,0,2416,1,1,3,3926,117,69,3.0,11.988333333333333,0,0,0,9,8,0,0,0,0,1,0,0
221.74,4.3,3007,6,873.0,14.0,0,381,0,1,4,2542,54,98,2.0,11.0,0,0,0,9,9,1,0,1,0,0,0,1
181.05,4.3,3297,3,26.0,24.0,1,582,1,1,2,2406,215,47,1.0,10.0,0,0,0,7,7,0,0,1,0,0,0,0
152.59,3.9,5000,3,621.0,2.0,0,1948,1,0,3,2999,47,135,3.0,22.0,0,0,0,5,6,0,0,1,0,0,0,0
65.94,3.4,3280,5,714.0,7.0,0,5,0,0,4,1234,161,33,3.0,16.0,0,0,0,6,3,0,0,0,0,1,0,0
95.53,4.2,3069,2,103.0,9.0,1,1323,0,0,2,957,71,42,1.0,6.0,0,0,0,3,4,0,0,0,0,0,1,1
94.98,3.6,2916,3,650.0,14.0,1,1258,1,0,3,4746,418,270,0.0,7.0,1,0,1,0,1,0,0,1,0,0,0,1
193.02,3.9,3615,4,449.0,2.0,1,2813,1,1,3,786,55,7,3.0,23.0,0,0,1,2,6,1,0,0,0,0,1,0
60.16,3.8,2542,3,232.0,1.0,2,872,0,0,4,2298,237,90,1.0,8.0,1,0,1,1,3,0,0,1,0,0,0,0
5.0,3.7,0,1,355.0,8.0,0,1919,1,0,1,1024,34,54,0.0,36.0,0,0,0,0,7,1,0,0,0,1,0,1
201.17,4.6,3096,5,359.0,5.0,1,1399,0,1,1,963,25,14,4.0,3.0,0,1,0,2,3,1,0,0,1,0,0,1
108.62,3.5,2762,1,299.0,36.0,1,2117,0,1,4,2324,191,48,0.0,2.0,0,0,1,4,8,1,0,0,1,0,0,0
128.79,3.4,0,2,56.0,12.0,1,992,1,0,3,312,43,23,0.0,19.0,1,0,1,4,8,1,0,0,1,0,0,1
306.19,4.6,5389,6,543.0,15.230456852791878,0,2390,1,1,3,2878,303,227,4.0,14.0,1,0,0,2,7,0,0,0,0,1,0,0
93.05,3.3,0,1,361.0,20.0,0,5,1,1,1,784,81,7,1.0,16.0,0,0,1,0,9,0,0,0,1,0,0,1
86.32,3.6,0,3,68.0,13.0,0,1163,1,0,1,3245,82,92,0.0,0.0,0,1,0,8,0,0,1,0,0,0,0,1
213.95,4.3,3672,5,558.0,6.0,0,1173,1,1,4,3342,324,265,2.0,19.0,0,0,0,1,5,0,0,0,0,1,0,0
151.11,5.0,2114,3,159.0,13.0,0,178,1,1,1,2892,163,90,1.0,18.0,0,0,0,4,0,0,0,0,1,0,0,0
181.83,4.4,2546,3,155.0,24.0,3,5,0,1,3,476,43,35,4.0,3.0,1,0,0,0,9,0,0,1,0,0,0,1
98.5,3.8,0,7,465.0,22.0,0,852,1,0,2,2809,117,79,1.0,1.0,0,0,0,2,1,0,0,0,0,0,0,0
141.06,4.1,0,2,20.0,14.0,1,634,1,1,1,2026,277,81,2.0,0.0,0,1,0,4,6,0,1,0,0,0,0,0
92.07,2.9,88,6,598.0,28.0,1,750,0,1,2,4686,180,327,0.0,18.0,0,0,0,6,0,0,0,0,0,0,0,0
94.5,3.4,0,4,442.0,14.0,1,1573,0,1,4,1345,158,91,0.0,0.0,0,1,1,9,6,1,0,0,0,0,1,1
253.85,4.5,812,1,493.0,1.0,0,2381,1,1,2,3369,439,58,2.0,19.0,0,0,0,9,1,1,0,0,1,0,0,1
46.68,3.5,0,3,527.0,17.0,1,356,0,1,3,4277,581,213,2.0,4.0,0,0,0,9,8,0,0,0,1,0,0,0
167.34,4.2,1148,4,342.0,18.0,1,2964,1,0,4,2013,205,151,4.0,16.0,0,1,0,8,3,0,0,0,0,0,1,0
5.0,2.8,0,4,313.0,45.0,0,370,1,0,1,1079,25,61,0.0,0.0,0,0,0,8,6,0,0,1,0,0,0,1
192.94,3.9,2201,1,593.0,25.0,0,320,0,1,2,3940,252,270,0.0,19.0,0,0,0,9,1,0,0,0,1,0,0,0
170.7,3.8,2102,5,453.0,26.0,1,2083,0,0,3,4270,534,282,1.6757142857142857,11.988333333333333,0,0,1,9,5,0,1,0,0,0,0,0
5.0,3.1,1524,1,20.0,21.0,2,3016,0,0,1,1848,236,118,0.0,0.0,0,0,0,9,5,1,0,0,0,1,0,1
257.69,4.6,5291,4,580.0,10.0,0,2723,1,0,3,3181,101,34,3.0,26.0,0,0,0,5,3,0,0,0,0,1,0,0
135.56,3.6,2606,4,374.0,31.0,0,2104,1,1,2,1509,205,55,4.0,8.0,0,0,0,5,4,1,0,1,0,0,0,1
135.68,4.1,3554,5,595.0,27.0,3,1829,1,1,3,2999,209,180,5.0,0.0,1,0,0,4,7,1,0,0,1,0,0,1
111.04,4.4,4100,4,497.0,1.0,1,3010,1,1,4,1829,233,17,1.6757142857142857,15.0,0,0,1,9,7,0,0,1,0,0,0,0
188.85,3.6,0,1,239.0,17.0,1,5,1,1,4,587,75,43,1.0,13.0,1,0,0,0,2,0,1,0,0,0,0,1
70.24,4.0,0,6,20.0,18.0,0,69,1,1,2,3514,451,250,0.0,24.0,0,1,1,0,7,0,0,0,0,1,0,0
234.91,4.6,5335,7,786.0,2.0,0,3690,1,1,6,2090,34,144,3.0,14.0,0,0,0,4,4,0,0,1,0,0,0,0
201.81,4.4,1552,6,467.0,10.0,2,2175,1,0,2,4400,322,155,0.0,6.0,0,0,1,8,6,1,0,1,0,0,0,1
59.68,4.0,3151,8,585.0,41.0,1,1123,0,1,3,4056,406,211,0.0,6.0,0,1,0,2,3,0,0,1,0,0,0,1
179.88,4.5,855,5,805.0,2.0,0,1853,1,1,4,1540,196,32,2.0,24.0,0,0,0,8,0,0,0,1,0,0,0,0
96.77,3.5,0,5,343.0,6.0,2,5,1,1,1,4484,296,263,1.0,14.0,1,1,0,0,3,0,0,0,1,0,0,1
76.76,3.5,4371,5,394.0,9.0,3,1659,0,1,3,151,9,9,0.0,15.0,0,0,0,0,6,0,0,0,1,0,0,1
38.47,3.9,204,5,406.0,25.0,6,5,0,0,1,856,117,47,2.0,8.0,1,1,0,1,9,1,1,0,0,0,0,1
218.28,3.7,2320,1,264.0,22.0,0,1176,1,0,1,1034,47,18,0.0,2.0,0,1,1,4,4,0,0,1,0,0,0,0
68.8,3.3,0,1,20.0,29.0,2,1825,1,0,1,3065,145,88,0.0,4.0,1,0,0,3,1,0,0,1,0,0,0,0
107.02,3.8,1695,3,238.0,36.0,1,1646,1,1,2,149,7,3,0.0,0.0,1,1,0,2,3,0,0,1,0,0,0,1
287.67,5.0,3598,5,437.0,1.0,0,3384,1,1,5,98,8,6,0.0,4.0,1,0,0,1,0,1,0,0,0,0,0,0
214.38,3.7,0,4,632.0,15.230456852791878,0,2116,1,1,1,1597,124,100,2.0,24.0,1,0,0,7,3,0,0,0,1,0,0,0
239.83,3.4,5203,7,578.0,6.0,0,3190,1,1,4,1144,24,42,3.0,14.0,0,1,0,9,3,0,0,0,0,0,1,0
47.36,4.1,0,4,474.0,7.0,1,1339,1,0,2,2516,267,172,0.0,0.0,1,0,1,1,5,0,1,0,0,0,0,0
142.64,3.9,564,2,270.0,6.0,1,1810,1,1,3,1336,18,89,0.0,9.0,0,0,1,2,5,0,0,1,0,0,0,0
210.22,4.1,570,5,309.0,30.0,0,1548,1,0,3,4256,89,210,4.0,15.0,1,0,0,8,8,0,0,0,0,0,1,0
147.65,3.9,0,10,627.0,14.0,0,1077,1,0,4,602,80,29,2.0,6.0,0,0,0,0,1,1,0,0,0,0,0,0
211.26,4.3,1299,7,744.0,1.0,3,1648,1,1,2,3580,404,285,5.0,4.0,0,0,1,8,6,0,0,1,0,0,0,0
149.7,3.2,1916,1,481.0,31.0,0,792,0,0,1,246,6,11,1.0,10.0,1,0,0,3,7,0,0,0,1,0,0,0
74.78,4.1,3640,1,644.0,18.0,1,2935,1,0,2,3282,385,93,3.0,13.0,0,0,0,1,3,0,0,0,0,0,0,1
57.16,3.2,4665,3,546.0,9.0,3,367,1,0,3,3018,64,36,1.0,13.0,0,0,1,8,7,0,0,1,0,0,0,0
179.32,4.6,2394,6,571.0,13.0,2,999,0,1,2,1399,108,38,4.0,14.0,0,0,0,0,4,0,0,0,0,0,1,0
41.76,4.8,5278,2,478.0,7.0,0,2538,1,1,6,4877,532,216,3.0,13.0,0,0,0,4,2,0,0,0,1,0,0,0
163.48,3.4,552,2,146.0,23.0,3,541,0,0,1,3782,496,301,0.0,9.0,1,1,1,2,6,0,1,0,0,0,0,1
136.48,4.5,5255,3,237.0,1.0,0,2036,1,1,3,1934,255,54,1.6757142857142857,18.0,0,0,0,9,5,0,0,0,0,0,1,0
121.87,4.0,5638,4,312.0,21.0,0,1768,1,1,5,3399,328,88,1.0,17.0,0,0,0,4,3,0,0,0,0,1,0,0
248.27,3.8,3661,2,664.0,7.0,0,1794,1,1,3,436,41,5,1.0,12.0,0,1,1,9,4,0,0,0,0,0,0,1
280.32,4.9,5571,4,656.0,12.0,0,2734,1,1,4,1209,166,13,1.0,10.0,1,0,0,1,8,0,1,0,0,0,0,0
144.93,5.0,135,7,355.0,1.0,1,5,0,1,1,4566,378,300,4.0,14.0,0,0,0,1,5,1,0,0,0,1,0,0
137.27,4.3,476,2,20.0,1.0,0,3008,0,1,4,4744,388,234,3.0,9.0,0,0,0,3,1,1,1,0,0,0,0,1
97.67,3.9,0,1,395.0,28.0,2,1412,1,1,1,3213,169,34,1.6757142857142857,8.0,1,1,0,5,1,1,0,1,0,0,0,1
5.0,3.0,0,5,20.0,44.0,2,1093,1,1,1,65,9,0,0.0,1.0,0,1,0,2,6,0,0,0,1,0,0,1
220.56,5.0,4676,7,1067.0,16.0,0,2276,1,0,6,355,38,2,3.0,18.0,0,0,0,0,8,0,0,0,0,0,1,0
76.18,3.7,21,1,413.0,12.0,0,5,0,1,3,4044,593,286,2.0,12.0,1,1,0,4,5,1,0,0,1,0,0,1
65.18,3.8,1823,2,460.0,18.0,1,1720,0,0,3,4323,565,182,2.0,11.0,0,0,0,6,8,1,0,1,0,0,0,1
343.94,4.8,1780,6,614.0,6.0,0,3161,0,1,4,4205,449,51,4.0,25.0,0,0,0,1,1,0,0,1,0,0,0,0
234.14,3.9,4546,4,466.0,15.0,0,2775,1,0,2,470,23,12,1.6757142857142857,19.0,1,1,0,4,3,0,0,0,0,0,1,1
5.0,3.2,1557,1,403.7255102040816,39.0,3,1267,1,1,1,4317,47,303,3.0,7.0,0,0,0,5,5,1,0,0,1,0,0,1
243.38,3.7,1713,5,588.0,32.0,0,260,1,1,3,544,50,35,2.0,3.0,0,0,0,7,3,0,0,0,1,0,0,0
177.21,4.8,0,5,628.0,13.0,1,2223,1,1,4,4313,542,31,2.0,14.0,0,0,0,7,6,0,0,0,0,0,0,0
5.0,5.0,1941,3,475.0,3.0,0,782,1,0,1,4704,511,133,0.0,29.0,1,0,0,9,2,0,0,0,1,0,0,0
269.66,4.1,5236,6,380.0,2.0,0,2344,1,1,2,2236,319,161,4.0,27.0,1,0,0,4,8,0,0,0,0,0,0,0
72.7,2.8,1785,2,209.0,14.0,1,2830,1,1,2,1127,152,73,2.0,9.0,0,0,0,7,5,0,1,0,0,0,0,1
43.9,3.2,3067,3,467.0,15.0,0,1506,1,1,1,2463,174,161,1.0,5.0,0,0,0,8,2,0,0,0,0,0,1,0
52.35,4.7,2000,4,403.7255102040816,10.0,1,1438,1,1,6,2489,71,96,3.0,19.0,0,0,0,9,3,0,0,0,0,0,1,1
68.52,4.0,0,5,434.0,15.0,0,1413,1,1,2,4984,558,147,3.0,11.988333333333333,0,1,0,8,3,0,0,1,0,0,0,0
27.51,3.1,357,2,249.0,20.0,1,5,1,1,1,4082,529,297,0.0,15.0,0,1,1,3,5,0,0,0,0,0,1,1
212.31,3.8,0,1,309.0,20.0,1,5,1,0,3,212,12,10,1.0,18.0,1,0,1,9,0,0,0,1,0,0,0,0
150.51,4.2,6061,5,769.0,8.0,0,3430,0,0,1,4277,474,179,2.0,25.0,0,0,0,4,1,0,0,1,0,0,0,0
206.03,4.1,1244,5,581.0,4.0,1,606,1,1,4,4479,641,259,5.0,25.0,1,0,0,6,0,0,1,0,0,0,0,0
93.19,4.3,0,4,991.0,4.0,0,2939,0,1,2,1205,139,90,1.0,3.0,0,0,0,9,5,0,1,0,0,0,0,1
217.96,4.5,5828,7,123.0,1.0,1,1245,0,1,4,398,51,2,1.0,27.0,0,0,0,9,3,0,0,1,0,0,0,0
95.96,2.8,2088,1,230.0,20.0,3,5,0,0,1,2684,368,188,1.0,3.0,0,1,0,4,0,0,1,0,0,0,0,0
5.0,3.4,505,1,403.7255102040816,13.0,0,140,0,0,1,792,34,37,0.0,0.0,0,1,0,8,6,1,1,0,0,0,0,1
61.06,5.0,3443,5,787.0,23.0,0,1748,1,1,5,3638,153,135,3.0,19.0,0,0,0,1,5,0,0,0,0,0,1,0
291.09,3.8,0,4,540.0,28.0,3,3131,0,1,4,2324,38,100,0.0,2.0,1,0,0,7,4,0,0,0,1,0,0,0
178.84,5.0,4907,7,687.0,1.0,0,4000,0,0,4,1687,47,64,1.0,11.988333333333333,0,0,0,2,6,0,0,0,1,0,0,0
77.5,4.8,97,3,231.0,2.0,0,1746,1,1,1,4891,237,92,0.0,7.0,0,1,1,7,5,1,0,0,0,0,0,1
277.05,4.9,3532,4,661.0,4.0,1,1439,1,1,2,3669,88,160,4.0,29.0,0,0,0,9,1,0,0,0,0,0,0,0
111.73,3.0,0,3,247.0,27.0,3,2284,1,1,2,4610,127,105,1.0,7.0,1,0,0,8,5,0,1,0,0,0,0,0
134.97,4.1,3887,6,205.0,1.0,0,2012,1,1,6,2341,50,51,3.0,10.0,0,0,0,9,5,1,0,0,0,0,0,0
244.6,4.2,0,2,151.0,30.0,0,1257,1,1,1,1838,265,43,1.0,6.0,0,0,0,5,9,0,0,0,1,0,0,1
139.68,3.9,2129,2,422.0,6.0,3,1376,1,1,1,724,99,32,0.0,1.0,0,1,0,0,2,0,0,0,0,0,1,0
110.94,3.978268041237113,2527,4,487.0,3.0,0,771,1,0,1,4346,213,76,0.0,20.0,0,0,1,6,5,0,0,0,1,0,0,1
127.28,4.1,0,2,20.0,19.0,3,2282,1,1,2,3425,167,269,0.0,14.0,0,1,0,1,4,0,0,0,1,0,0,0
12.59,4.7,2703,1,279.0,33.0,1,719,1,0,1,1430,149,19,0.0,0.0,1,1,0,0,9,0,0,0,0,0,1,1
144.02,4.6,3773,6,381.0,1.0,2,2959,0,1,5,639,75,45,2.0,1.0,0,0,0,2,9,1,0,0,0,1,0,0
182.86,3.3,2686,3,274.0,19.0,2,5,1,1,2,165,20,5,3.0,5.0,0,1,1,4,8,0,0,0,1,0,0,0
232.48,3.9,706,7,362.0,14.0,1,863,0,1,3,453,18,24,2.0,10.0,0,0,0,0,3,0,0,0,1,0,0,0
258.55,4.4,2619,6,716.0,21.0,0,3042,1,1,4,1306,56,15,1.0,24.0,1,0,0,7,5,1,0,1,0,0,0,1
41.97,3.9,1870,1,186.0,34.0,0,1412,0,0,3,845,65,50,0.0,0.0,0,1,0,3,5,0,0,1,0,0,0,0
53.88,3.9,765,3,291.0,21.0,1,5,1,0,2,2601,55,81,1.0,20.0,0,0,0,7,8,0,0,0,0,1,0,0
158.23,3.7,2069,7,235.0,2.0,0,1878,1,1,3,1432,18,94,2.0,16.0,0,0,0,7,8,0,0,0,0,0,0,0
91.22,3.5,1437,1,618.0,15.230456852791878,0,3978,1,0,5,3494,424,267,1.0,11.988333333333333,0,0,1,0,5,0,0,0,0,0,1,0
32.71,4.6,525,2,551.0,22.0,1,78,1,1,1,2715,206,130,3.0,11.0,0,1,0,6,4,0,0,0,0,1,0,1
79.69,2.9,2600,4,146.0,8.0,0,2136,0,1,2,4511,648,141,1.0,0.0,1,1,0,9,0,1,0,0,0,0,1,1
176.4,4.5,346,5,396.0,4.0,0,3017,1,1,3,2210,23,15,3.0,14.0,1,0,0,5,1,0,0,0,1,0,0,1
64.48,4.3,2790,4,646.0,10.0,3,173,0,0,1,2734,169,85,3.0,15.0,0,0,0,3,9,0,0,0,0,0,1,0
122.04,3.3,0,3,20.0,24.0,3,710,1,0,1,4545,193,160,0.0,0.0,1,0,0,5,1,1,0,0,0,0,1,1
201.05,4.4,5771,9,1133.0,5.0,0,1118,1,1,3,1966,118,119,2.0,12.0,0,0,0,4,1,0,0,1,0,0,0,0
125.09,3.5,837,1,437.0,16.0,3,1867,1,0,1,2703,75,164,1.0,7.0,0,0,0,5,3,0,0,1,0,0,0,0
245.52,3.7,1463,6,364.0,18.0,1,1847,1,1,2,4093,41,101,1.0,1.0,0,0,1,0,7,0,0,1,0,0,0,0
141.68,4.0,2646,6,578.0,23.0,1,1528,0,0,2,2558,78,148,5.0,26.0,0,0,0,5,0,0,0,0,0,1,0,0
146.23,3.7,2078,4,721.0,11.0,0,3065,1,1,5,4923,415,42,0.0,15.0,0,0,1,1,3,0,0,1,0,0,0,0
178.71,2.9,12,2,210.0,16.0,2,2281,1,0,1,4723,49,150,0.0,8.0,0,0,0,1,1,0,0,0,1,0,0,0
171.44,4.6,2210,5,417.0,11.0,1,1657,1,0,4,3305,185,184,0.0,19.0,0,0,0,9,3,0,0,0,0,0,1,0
223.28,3.9,427,3,445.0,11.0,0,1744,0,1,3,4760,438,144,0.0,0.0,0,0,0,5,7,0,0,1,0,0,0,0
55.2,3.4,3439,3,372.0,24.0,0,2666,1,1,3,3641,312,175,2.0,23.0,0,0,0,8,4,0,0,0,0,0,0,0
104.5,4.5,851,3,180.0,13.0,2,1168,1,0,2,1231,120,94,2.0,7.0,1,0,1,5,4,0,1,0,0,0,0,0
180.29,3.3,74,1,407.0,22.0,0,1413,0,0,2,4848,598,363,2.0,13.0,0,0,0,1,1,0,0,0,1,0,0,1
343.83,4.6,6394,6,220.0,14.0,0,1977,1,1,3,3751,428,283,3.0,15.0,0,0,0,5,3,0,0,0,1,0,0,0
248.78,3.8,1769,4,869.0,5.0,2,538,1,1,3,4507,549,162,3.0,9.0,1,1,1,6,2,0,1,0,0,0,0,0
107.96,4.2,3040,4,419.0,31.0,0,5,1,1,1,1145,58,83,0.0,16.0,0,0,0,9,9,0,0,0,1,0,0,1
207.64,3.8,1618,3,656.0,22.0,0,1130,1,0,3,1263,166,54,4.0,11.988333333333333,1,1,1,2,2,1,1,0,0,0,0,1
92.21,3.2,0,3,381.0,18.0,0,2918,0,0,3,201,26,2,3.0,22.0,0,1,0,8,5,0,0,0,0,0,0,1
137.12,3.8,1541,5,517.0,7.0,1,1289,0,1,3,4140,530,300,4.0,0.0,1,1,0,6,4,0,0,0,0,0,0,0
235.53,4.3,3284,3,621.0,27.0,0,1585,1,1,3,3829,434,213,2.0,7.0,1,0,0,2,1,0,0,0,0,0,0,0
96.22,4.7,2864,9,353.0,25.0,0,1705,1,0,1,1777,21,124,4.0,9.0,0,1,1,3,6,0,0,0,0,0,0,1
53.37,3.8,1378,3,374.0,24.0,0,1099,1,0,4,3587,66,67,1.0,17.0,0,0,0,4,1,0,0,0,1,0,0,1
16.52,3.6,0,2,355.0,17.0,2,5,0,1,1,2165,48,26,0.0,0.0,1,1,0,4,7,0,0,1,0,0,0,1
163.71,3.3,1834,2,336.0,23.0,3,173,1,0,1,1885,224,20,0.0,17.0,0,1,1,1,6,0,0,1,0,0,0,1
5.0,3.1,0,5,406.0,32.0,2,5,1,0,3,1774,37,138,0.0,0.0,1,0,0,7,8,1,0,1,0,0,0,1
185.1,4.4,153,3,356.0,9.0,0,2449,1,1,2,2298,321,89,2.0,14.0,0,0,0,7,9,0,0,0,1,0,0,0
182.21,4.9,328,4,209.0,22.0,2,3056,1,0,1,2497,219,123,3.0,14.0,1,1,0,0,0,1,0,1,0,0,0,1
131.33,4.7,6133,7,633.0,1.0,0,1565,1,0,5,2777,87,101,2.0,2.0,0,0,1,2,3,0,0,0,1,0,0,0
118.18,4.5,4394,7,542.0,7.0,0,3111,0,1,4,1808,258,20,2.0,18.0,1,0,0,4,1,0,0,1,0,0,0,0
31.81,4.4,3875,1,139.0,20.0,0,5,1,0,6,1543,136,73,1.6757142857142857,16.0,1,0,0,9,9,0,0,0,1,0,0,1
90.93,4.7,3157,4,360.0,1.0,0,696,1,1,3,1131,154,57,4.0,10.0,0,0,1,7,5,0,1,0,0,0,0,1
150.52,4.3,16,5,414.0,1.0,2,74,1,0,4,4256,347,265,2.0,6.0,0,0,1,8,1,0,1,0,0,0,0,0
134.47,4.0,1274,7,682.0,16.0,1,5,1,1,1,3870,119,272,0.0,14.0,1,0,0,0,8,1,0,1,0,0,0,1
5.0,2.3,0,1,20.0,26.0,1,5,1,0,1,4837,541,219,1.6757142857142857,4.0,0,0,0,3,6,1,0,0,0,1,0,1
168.37,4.5,2688,6,390.0,14.0,0,1927,1,0,3,2581,384,55,3.0,14.0,1,0,0,7,7,0,0,0,1,0,0,0
201.46,4.9,3459,8,394.0,4.0,0,2275,1,1,3,2710,201,60,3.0,19.0,0,0,0,5,4,0,0,0,0,0,0,0
125.47,3.7,0,1,133.0,33.0,2,5,1,0,1,2436,240,173,2.0,11.0,0,1,1,9,1,1,0,0,0,0,1,0
314.76,3.6,0,1,20.0,8.0,1,2357,1,0,1,1148,25,88,1.0,1.0,1,0,0,9,8,1,0,1,0,0,0,0
207.33,3.5,615,6,492.0,15.230456852791878,1,1490,1,1,5,3646,371,197,4.0,10.0,0,0,0,7,1,1,0,0,1,0,0,0
176.41,3.4,0,2,308.0,28.0,0,720,1,1,5,3790,404,95,1.0,13.0,1,0,0,6,5,1,1,0,0,0,0,1
203.91,4.3,1136,3,250.0,1.0,0,1242,1,0,2,2789,46,118,1.0,8.0,1,0,0,8,2,1,0,0,0,1,0,1
277.86,3.9,3353,5,256.0,37.0,0,2189,0,1,4,3422,247,94,1.6757142857142857,16.0,0,0,0,4,1,0,0,0,1,0,0,0
54.09,3.7,1694,3,360.0,15.0,1,2153,1,0,1,2052,116,132,0.0,20.0,0,0,0,9,3,1,0,0,0,1,0,1
179.43,3.3,0,5,112.0,21.0,1,941,0,0,1,383,26,24,2.0,11.988333333333333,1,0,0,4,8,1,0,0,1,0,0,1
139.22,4.1,0,4,383.0,9.0,1,2295,1,1,5,4276,193,230,5.0,17.0,0,0,0,9,8,0,1,0,0,0,0,0
203.7,3.1,1539,2,20.0,23.0,1,5,0,0,1,3912,434,109,0.0,13.0,0,0,0,6,7,1,1,0,0,0,0,1
53.56,2.8,441,5,267.0,35.0,2,30,1,0,3,3891,330,243,1.0,14.0,0,1,0,2,9,0,1,0,0,0,0,0
83.19,3.6,1588,5,626.0,31.0,0,504,1,0,1,521,20,31,1.6757142857142857,1.0,0,0,0,6,0,0,0,0,1,0,0,1
108.06,3.3,0,2,29.0,24.0,2,1356,1,1,1,4093,249,95,2.0,9.0,0,0,0,5,8,1,0,0,0,1,0,1
155.36,3.8,967,3,357.0,27.0,1,2795,1,0,2,3886,258,230,2.0,0.0,1,0,0,0,0,1,0,1,0,0,0,1
143.35,4.0,10,3,528.0,8.0,0,1084,1,1,5,3157,169,207,2.0,1.0,0,0,0,9,5,0,0,1,0,0,0,0
54.02,4.4,0,1,534.0,19.0,0,2354,1,0,3,4410,338,235,0.0,12.0,0,0,0,3,3,1,0,0,0,0,1,1
294.77,4.2,3923,1,393.0,13.0,0,2667,1,1,1,3167,368,189,4.0,16.0,0,0,0,6,7,0,1,0,0,0,0,0
200.07,4.0,869,5,866.0,1.0,0,1635,1,1,1,2339,325,66,1.0,20.0,1,0,0,4,6,0,0,0,0,0,0,0
163.95,4.3,3005,4,20.0,4.0,0,1857,1,0,2,4423,396,118,2.0,13.0,0,0,0,8,8,1,1,0,0,0,0,0
138.3,4.1,0,5,335.0,14.0,2,5,0,0,2,499,65,31,0.0,11.0,0,0,1,9,8,1,0,0,1,0,0,1
116.1,5.0,3916,10,936.0,11.0,0,1425,0,0,3,2819,383,99,1.0,32.0,0,0,0,0,7,0,0,0,0,1,0,0
5.0,3.2,1442,4,472.0,32.0,0,241,0,0,1,2958,359,182,1.0,7.0,0,1,0,7,2,0,0,0,1,0,0,0
207.05,3.3,2372,3,393.0,23.0,3,1339,0,1,3,3827,232,123,0.0,13.0,0,0,0,3,6,1,0,1,0,0,0,1
270.04,4.9,954,3,332.0,25.0,0,1865,0,1,2,2320,93,40,4.0,23.0,0,0,0,2,2,0,1,0,0,0,0,0
191.72,2.9,5120,2,294.0,16.0,2,614,1,1,3,2301,259,123,0.0,11.0,1,0,0,5,5,1,0,0,0,1,0,1
261.8,3.3,335,1,231.0,8.0,0,1143,0,1,2,4444,525,306,1.0,15.0,0,1,1,4,8,1,1,0,0,0,0,1
130.97,4.5,1484,3,448.0,16.0,1,1878,1,1,2,813,44,49,0.0,13.0,0,0,0,8,5,0,1,0,0,0,0,0
101.68,3.9,701,7,528.0,7.0,0,3885,0,0,4,1281,16,87,2.0,13.0,1,0,1,3,8,1,1,0,0,0,0,1
44.23,3.1,421,6,616.0,25.0,1,2122,1,1,5,4993,384,343,4.0,9.0,1,0,0,1,9,0,0,0,1,0,0,0
140.29,4.2,3838,3,481.0,4.0,0,3159,1,1,2,2800,395,88,2.0,9.0,1,0,0,6,7,0,0,0,0,0,0,1
119.58,3.9,2988,7,312.0,15.0,0,199,1,1,3,3513,516,33,3.0,10.0,0,0,0,0,9,0,0,0,1,0,0,0
247.84,4.3,4529,3,514.0,6.0,0,5,1,0,3,4878,642,234,0.0,8.0,0,0,0,7,3,0,0,0,0,0,1,0
154.57,3.8,0,5,403.7255102040816,9.0,2,37,0,1,4,2948,328,67,3.0,8.0,0,0,1,8,8,1,0,0,1,0,0,1
166.51,4.5,0,3,221.0,4.0,0,2720,0,1,2,2320,234,122,0.0,9.0,0,0,0,7,8,1,0,1,0,0,0,1
94.98,3.7,1827,6,549.0,41.0,1,2263,1,0,1,3070,199,230,2.0,6.0,0,0,0,0,6,1,0,0,0,0,1,1
111.65,3.5,58,4,506.0,13.0,1,2311,1,1,1,616,74,44,0.0,0.0,0,0,0,1,7,0,0,0,0,1,0,0
115.53,4.9,3908,2,336.0,8.0,0,187,1,1,4,344,38,17,3.0,12.0,1,0,0,0,9,0,0,0,0,0,0,0
201.5,5.0,421,5,849.0,14.0,0,2398,1,1,3,764,110,6,1.6757142857142857,14.0,1,0,0,9,2,0,0,0,1,0,0,0
57.52,3.6,0,5,20.0,23.0,2,1288,0,0,2,3406,480,200,0.0,9.0,0,0,1,2,5,0,0,0,1,0,0,1
142.59,3.0,1496,6,241.0,14.0,0,2008,1,1,1,3033,65,35,0.0,12.0,1,0,0,7,0,1,0,0,0,0,1,1
128.52,3.5,6135,5,897.0,8.0,0,2604,1,0,2,4928,406,338,4.0,23.0,0,1,0,2,3,0,0,0,1,0,0,0
123.65,3.4,0,1,243.0,16.0,1,311,1,1,2,3717,102,286,0.0,12.0,0,0,0,7,4,0,0,0,0,0,1,1
102.04,3.9,1649,4,332.0,27.0,1,1230,1,1,3,2628,289,124,0.0,8.0,0,0,1,0,3,1,0,0,1,0,0,1
158.3,4.6,1558,8,454.0,11.0,1,1967,1,0,4,1788,196,137,3.0,1.0,1,0,1,9,0,0,0,0,0,1,0,0
123.94,4.7,368,2,333.0,11.0,2,689,1,0,3,734,57,23,1.0,6.0,0,0,0,0,3,0,0,0,0,0,0,1
100.71,3.8,0,3,378.0,34.0,3,319,1,0,1,4753,485,222,3.0,8.0,0,1,0,3,8,0,1,0,0,0,0,0
56.33,3.5,0,3,20.0,8.0,0,164,0,0,1,2949,128,119,3.0,4.0,0,0,0,5,9,1,0,1,0,0,0,1
5.0,3.2,618,2,658.0,10.0,1,2851,0,1,1,4487,225,139,0.0,0.0,1,0,0,6,4,0,1,0,0,0,0,1
208.0,4.4,1688,3,20.0,5.0,1,1325,1,1,2,3546,250,61,4.0,12.0,1,0,0,4,6,0,0,1,0,0,0,0
146.24,3.1,0,3,134.0,41.0,2,2920,1,1,3,4501,49,66,1.0,11.988333333333333,0,0,0,4,1,0,0,0,1,0,0,0
151.56,4.2,1397,5,462.0,26.0,0,1539,0,1,1,4557,120,107,2.0,12.0,0,0,0,1,5,0,0,1,0,0,0,1
169.62,3.6,2167,5,591.0,13.0,1,407,1,1,2,4490,294,256,4.0,12.0,1,0,0,7,3,0,1,0,0,0,0,0
88.85,3.9,2032,3,354.0,15.0,2,1332,0,0,6,3932,355,156,3.0,0.0,0,0,0,4,6,1,0,1,0,0,0,1
308.96,4.7,2096,6,880.0,1.0,0,2395,1,0,4,3113,39,136,3.0,19.0,0,0,0,2,9,0,1,0,0,0,0,0
194.68,4.1,1337,5,132.0,7.0,2,1654,1,0,1,3974,168,142,4.0,11.0,0,0,1,4,1,0,0,0,0,0,0,0
117.28,4.0,0,3,20.0,29.0,2,1136,1,1,1,1209,93,12,0.0,10.0,1,1,0,6,2,1,0,0,0,0,1,1
97.4,3.5,3535,4,454.0,1.0,0,1131,1,1,5,3459,243,73,5.0,14.0,0,0,0,0,2,0,0,0,1,0,0,1
133.5,3.978268041237113,3825,3,615.0,6.0,0,2218,1,1,3,4757,270,233,3.0,23.0,0,0,0,7,7,0,0,0,0,1,0,0
154.37,3.4,2165,5,634.0,9.0,0,1703,1,1,2,402,26,18,1.0,17.0,0,0,0,0,4,0,0,1,0,0,0,0
259.57,4.5,1923,5,455.0,1.0,0,525,1,1,4,2933,224,221,1.0,7.0,0,0,0,5,0,0,0,0,1,0,0,1
130.23,3.6,1975,4,599.0,17.0,0,2142,1,1,5,814,70,40,3.0,26.0,1,0,0,8,0,0,1,0,0,0,0,0
5.0,3.1,0,3,20.0,45.0,3,585,1,0,1,1254,21,65,0.0,0.0,1,1,1,1,7,0,0,0,0,0,1,1
69.82,3.978268041237113,1248,1,406.0,1.0,1,3349,0,0,3,1199,83,12,0.0,12.0,0,0,0,2,4,0,0,1,0,0,0,1
183.7,4.1,3064,2,293.0,18.0,1,1378,1,0,3,1052,57,78,0.0,11.0,0,0,0,3,8,1,0,0,1,0,0,1
148.81,3.5,695,2,274.0,21.0,1,372,1,1,1,1672,237,16,3.0,6.0,1,0,0,0,4,0,0,0,0,1,0,1
216.28,4.6,1473,6,403.7255102040816,10.0,1,259,1,0,6,335,11,2,2.0,14.0,1,0,0,5,1,0,0,1,0,0,0,0
69.87,4.2,0,2,20.0,23.0,3,5,1,0,1,3832,178,27,3.0,11.0,0,0,0,0,1,0,0,0,0,0,1,0
207.53,4.5,4226,3,327.0,18.0,0,1228,1,1,5,1566,74,120,5.0,14.0,0,0,0,2,5,0,0,0,1,0,0,0
263.51,4.4,3819,7,520.0,3.0,0,2230,1,0,5,1709,195,11,1.0,21.0,0,0,0,4,5,0,0,1,0,0,0,0
104.72,3.2,1238,2,20.0,13.0,1,1210,1,1,5,4382,272,95,5.0,10.0,0,0,0,5,2,0,0,0,0,0,0,1
116.93,3.4,0,1,100.0,23.0,0,986,1,1,1,1271,25,41,1.0,5.0,0,0,1,7,1,1,0,0,0,1,0,1
59.48,4.1,0,3,147.0,13.0,1,5,1,1,1,3654,380,63,2.0,10.0,0,0,1,2,6,0,0,0,0,0,0,1
185.22,3.5,2840,4,337.0,5.0,0,5,0,1,3,633,64,25,2.0,9.0,1,1,0,1,6,0,0,0,1,0,0,0
252.1,4.4,3690,3,632.0,1.0,0,2817,1,1,5,2066,195,51,4.0,11.988333333333333,0,0,0,2,7,0,0,0,0,0,0,0
170.51,3.7,1924,4,160.0,8.0,1,143,0,0,3,3061,87,102,0.0,14.0,0,0,0,2,1,0,0,0,0,0,1,0
101.88,4.1,4900,5,674.0,1.0,0,3312,1,1,3,1302,187,8,2.0,26.0,0,0,0,1,2,0,0,1,0,0,0,0
92.63,3.7,485,1,20.0,12.0,1,260,1,0,1,1341,186,50,1.0,16.0,0,0,0,5,0,0,0,1,0,0,0,1
200.8,5.0,4152,5,873.0,1.0,0,762,1,1,3,3541,364,277,4.0,7.0,0,0,0,8,7,0,0,0,0,1,0,0
204.61,4.6,243,1,158.0,14.0,1,268,1,0,3,4582,226,298,0.0,20.0,0,0,0,2,2,0,0,0,1,0,0,0
138.01,4.1,0,4,854.0,27.0,1,3046,1,1,3,3121,224,227,3.0,8.0,0,1,0,8,8,0,0,0,1,0,0,0
5.0,4.4,0,1,66.0,24.0,1,5,1,0,1,2609,103,21,0.0,6.0,1,1,0,0,1,0,1,0,0,0,0,0
124.04,4.0,0,1,212.0,19.0,1,355,1,1,3,3146,142,85,0.0,1.0,0,0,0,0,0,0,0,0,1,0,0,0
279.44,4.4,1070,4,782.0,19.0,0,1262,1,1,3,2553,144,43,0.0,7.0,1,0,0,1,2,1,0,1,0,0,0,1
160.53,3.5,1991,3,352.0,25.0,0,2930,1,0,5,3461,228,220,1.0,12.0,1,0,0,4,4,0,0,0,0,0,0,1
94.76,4.7,3645,6,683.0,23.0,0,1435,1,1,2,1486,154,17,3.0,17.0,0,0,0,1,8,0,0,0,1,0,0,0
152.43,4.3,4185,6,847.0,1.0,2,2357,1,0,6,2771,313,185,2.0,11.0,0,0,0,8,5,0,0,0,0,0,1,0
261.8,5.0,2284,7,219.0,1.0,0,3312,1,1,5,2643,349,117,4.0,19.0,0,0,0,7,3,0,1,0,0,0,0,0
138.46,4.5,613,2,662.0,17.0,0,1653,1,1,3,661,84,41,0.0,15.0,1,0,0,1,3,0,0,1,0,0,0,1
159.6,3.6,2221,5,448.0,20.0,2,1243,1,0,1,1101,25,40,5.0,13.0,0,0,0,0,9,0,0,0,1,0,0,0
219.23,4.5,818,5,319.0,12.0,0,1861,1,1,1,2681,322,116,0.0,23.0,1,0,0,6,8,0,0,1,0,0,0,0
77.79,3.6,0,1,214.0,23.0,1,933,1,1,2,4986,676,66,0.0,18.0,0,1,0,8,0,0,0,1,0,0,0,0
111.78,3.8,569,4,506.0,9.0,0,5,1,1,1,2237,131,21,0.0,11.0,0,0,0,3,2,0,0,1,0,0,0,1
300.54,4.7,4968,4,496.0,17.0,0,2333,1,1,3,4439,644,37,3.0,18.0,0,1,0,2,0,0,0,0,0,0,0,0
41.92,3.2,0,2,455.0,38.0,4,1686,0,1,2,2353,105,28,0.0,0.0,1,1,0,3,3,0,0,1,0,0,0,0
103.93,4.8,2380,3,273.0,9.0,1,1438,1,1,4,2300,51,73,3.0,0.0,0,0,1,0,0,1,0,0,1,0,0,1
341.51,3.7,3958,1,799.0,1.0,0,2290,1,1,4,1526,98,97,4.0,10.0,0,0,0,2,1,0,0,0,0,0,1,0
300.17,4.2,2116,5,607.0,3.0,0,5,0,1,3,2126,50,105,2.0,32.0,0,0,0,7,4,0,0,0,1,0,0,0
134.6,4.0,2146,4,279.0,16.0,1,1809,1,0,5,4225,601,95,0.0,24.0,0,0,0,5,2,0,0,0,0,0,0,0
378.46,4.5,1363,5,751.0,1.0,0,2952,1,1,5,960,93,8,4.0,18.0,1,0,0,1,5,0,0,0,1,0,0,0
155.51,4.3,1388,5,97.0,21.0,0,1305,0,0,3,1224,146,27,2.0,5.0,0,0,0,4,4,0,0,0,0,0,1,0
49.37,4.5,1142,6,656.0,8.0,0,1726,1,0,2,593,85,16,4.0,8.0,1,0,0,7,2,1,0,0,1,0,0,1
249.95,3.9,903,7,587.0,10.0,0,2367,1,1,1,4454,548,221,1.0,17.0,0,0,0,1,5,0,0,0,1,0,0,0
171.9,4.1,0,4,419.0,25.0,1,3215,0,1,2,3692,310,293,0.0,27.0,0,0,0,5,6,0,0,1,0,0,0,0
307.36,4.0,1272,4,524.0,1.0,2,1452,1,1,1,2693,128,34,3.0,4.0,0,0,1,2,0,0,0,0,1,0,0,0
164.83,4.8,4543,2,980.0,5.0,0,3141,1,1,3,1562,197,35,2.0,19.0,0,0,0,9,9,0,0,1,0,0,0,0
129.97,3.2,0,1,88.0,54.0,2,1148,1,1,1,120,17,5,1.0,11.988333333333333,0,0,1,0,5,0,1,0,0,0,0,1
75.44,3.6,1604,5,548.0,19.0,0,524,1,1,4,2391,254,116,1.0,19.0,0,0,0,6,9,0,0,0,0,0,1,0
156.12,4.1,1491,3,315.0,1.0,0,2177,1,1,2,2390,327,59,1.6757142857142857,13.0,0,0,0,6,5,0,0,0,0,0,1,0
82.72,3.7,1961,4,47.0,8.0,0,1877,1,0,1,4496,549,37,3.0,23.0,0,0,0,2,1,0,0,1,0,0,0,0
147.34,3.7,1663,1,341.0,16.0,1,2091,0,0,3,1558,24,56,4.0,3.0,0,0,0,1,9,1,0,0,0,1,0,1
165.8,3.7,0,4,280.0,18.0,0,5,1,1,2,4446,205,168,0.0,6.0,0,1,0,5,0,1,0,1,0,0,0,1
69.79,3.978268041237113,1281,5,388.0,30.0,0,3781,1,0,4,4605,219,253,0.0,21.0,0,0,0,7,8,0,0,0,0,1,0,1
208.67,4.3,2663,4,407.0,11.0,0,2387,0,0,2,1729,83,79,4.0,17.0,0,0,0,8,0,0,1,0,0,0,0,0
59.41,3.8,3457,1,310.0,1.0,0,2320,1,0,5,2518,290,78,0.0,23.0,0,0,0,4,8,0,0,0,1,0,0,0
210.94,3.8,4020,1,539.0,23.0,0,5,1,1,5,4482,560,136,0.0,14.0,0,0,0,0,1,1,0,1,0,0,0,1
257.04,3.9,5214,5,782.0,1.0,0,1380,1,0,4,452,29,17,1.6757142857142857,27.0,0,0,0,7,0,0,0,0,0,1,0,0
230.41,4.4,0,4,633.0,16.0,0,970,0,1,5,2916,44,102,1.0,6.0,1,1,0,1,8,0,0,0,0,0,0,1
149.68,4.6,1090,2,403.7255102040816,1.0,0,1368,1,1,4,4167,467,45,0.0,15.0,1,1,0,7,5,0,0,0,0,1,0,0
237.63,4.8,3153,3,425.0,7.0,3,133,1,1,4,3403,34,154,3.0,13.0,0,0,0,8,1,1,0,0,0,1,0,1
224.21,4.2,3131,3,788.0,17.0,0,1110,0,1,4,4413,427,59,5.0,6.0,0,0,0,2,6,0,0,0,0,0,0,0
156.5,3.3,615,3,510.0,14.0,0,887,1,1,2,4018,42,62,3.0,7.0,0,0,0,8,1,1,1,0,0,0,0,1
72.04,3.978268041237113,0,7,272.0,1.0,2,5,1,0,3,522,67,4,1.0,14.0,0,0,0,2,1,0,0,0,0,0,1,1
63.57,2.8,0,1,155.0,27.0,2,595,1,0,2,751,24,13,1.6757142857142857,0.0,0,0,0,6,2,0,1,0,0,0,0,0
58.6,4.9,4737,4,589.0,26.0,1,896,1,1,5,1978,41,57,3.0,0.0,0,0,0,8,3,0,0,0,0,1,0,0
181.71,4.1,1675,7,548.0,13.0,0,5,1,1,6,507,36,39,2.0,4.0,0,0,0,0,0,0,0,0,1,0,0,0
154.31,4.6,2967,3,724.0,1.0,1,853,1,1,1,2178,287,32,2.0,1.0,1,0,0,4,1,0,0,0,0,0,0,1
130.96,3.3,0,2,20.0,8.0,0,5,0,1,2,2436,175,173,1.0,22.0,0,0,0,3,1,0,0,0,0,0,0,1
127.7,3.8,3904,1,129.0,15.0,1,1821,0,1,2,2695,285,158,0.0,14.0,0,1,0,6,7,1,1,0,0,0,0,1
54.59,3.5,0,2,654.0,16.0,0,122,1,1,1,4838,495,173,0.0,0.0,1,0,0,2,9,0,0,1,0,0,0,1
166.38,3.9,0,5,498.0,5.0,0,384,1,1,4,309,5,11,0.0,25.0,0,0,0,4,8,0,0,1,0,0,0,0
293.63,4.1,1335,5,441.0,24.0,0,5,1,1,1,1872,259,99,3.0,0.0,0,0,1,3,0,1,0,0,0,0,0,1
279.18,3.6,2344,6,977.0,7.0,0,1625,1,1,1,4349,398,224,2.0,23.0,1,0,0,9,9,0,0,0,0,0,1,0
133.3,3.6,4354,2,180.0,8.0,1,1184,1,0,2,4678,629,317,1.0,1.0,1,0,0,1,1,0,0,0,1,0,0,0
134.28,3.5,2674,5,493.0,13.0,0,146,0,0,2,4229,400,115,3.0,13.0,0,0,0,8,0,0,0,0,0,0,1,0
57.56,4.2,1267,7,661.0,22.0,0,2353,1,1,4,4399,202,241,3.0,11.0,0,0,0,3,0,0,0,0,0,0,0,0
120.78,4.1,3771,1,346.0,27.0,1,1187,0,0,3,2395,340,165,2.0,18.0,0,0,0,1,3,0,0,0,1,0,0,0
80.71,4.6,1407,6,271.0,15.0,0,2203,0,1,3,1581,162,98,3.0,15.0,0,0,0,0,2,0,0,1,0,0,0,0
159.44,4.0,2897,1,159.0,7.0,1,850,1,1,3,3626,164,31,0.0,17.0,0,0,0,0,6,0,0,0,0,1,0,0
325.22,4.9,3099,5,667.0,24.0,0,1126,1,0,1,4025,124,104,2.0,32.0,0,0,0,2,6,1,0,1,0,0,0,1
5.0,3.5,79,1,149.0,35.0,1,5,1,1,1,278,18,3,0.0,14.0,0,0,0,4,3,0,0,0,1,0,0,0
172.5,3.4,1209,4,100.0,32.0,1,1922,0,0,3,1058,153,60,3.0,0.0,0,1,1,7,9,0,1,0,0,0,0,0
164.83,4.9,2105,4,315.0,13.0,0,899,1,1,1,4106,65,188,1.0,19.0,0,0,0,5,9,0,1,0,0,0,0,0
201.37,4.7,5314,6,722.0,1.0,0,828,1,0,5,2729,374,136,3.0,6.0,0,0,0,9,0,0,0,0,0,1,0,0
144.91,4.3,1531,8,701.0,2.0,0,1453,0,1,1,3087,356,100,1.0,26.0,1,0,0,7,0,0,1,0,0,0,0,0
264.98,4.7,2076,3,270.0,12.0,1,1820,1,1,3,2836,108,133,1.0,27.0,0,1,0,8,4,1,0,0,0,0,0,1
65.5,2.9,591,2,20.0,15.230456852791878,1,2081,1,1,2,3750,500,60,0.0,0.0,0,0,0,4,2,0,0,0,1,0,0,1
208.28,4.0,2272,1,603.0,7.0,0,703,1,1,3,1932,46,129,1.6757142857142857,18.0,0,0,1,4,8,1,0,0,0,0,0,0
28.67,3.3,2287,1,111.0,19.0,0,1946,0,0,1,1453,68,69,0.0,4.0,0,0,0,9,3,0,0,0,1,0,0,1
5.0,3.3,0,1,458.0,21.0,1,286,0,0,2,2903,120,206,0.0,13.0,1,0,1,3,7,0,0,0,0,1,0,1
111.51,4.2,3387,2,589.0,16.0,0,1667,1,0,4,4255,223,275,3.0,7.0,1,0,1,6,6,0,0,0,0,0,1,0
28.02,4.7,0,1,485.0,35.0,1,132,0,1,1,3715,148,207,0.0,0.0,1,0,0,3,3,0,1,0,0,0,0,0
5.0,2.2,0,2,111.0,28.0,2,516,0,0,1,1399,160,86,0.0,4.0,0,1,0,7,9,0,0,1,0,0,0,1
344.33,3.5,1860,3,643.0,22.0,2,844,1,1,3,3807,80,20,0.0,18.0,0,0,0,7,0,0,0,0,0,0,1,0
74.61,3.6,1172,1,594.0,26.0,1,1509,0,1,1,4556,326,303,3.0,15.0,0,0,0,5,3,0,0,1,0,0,0,0
158.0,3.9,1790,3,170.0,35.0,1,5,0,1,2,210,11,8,1.0,17.0,1,0,1,0,1,1,0,0,1,0,0,1
87.63,3.4,0,4,307.0,24.0,0,354,0,1,2,2910,218,195,1.0,7.0,0,1,0,1,2,0,0,1,0,0,0,0
134.78,4.5,1794,6,398.0,22.0,1,1030,0,1,5,4633,561,185,1.0,36.0,1,0,0,1,0,0,0,1,0,0,0,0
297.47,4.7,4051,7,740.0,1.0,0,3734,1,1,3,392,25,11,3.0,23.0,1,0,0,9,6,1,0,1,0,0,0,0
114.34,3.1,4753,6,535.0,12.0,0,447,1,0,1,4085,597,264,2.0,15.0,0,0,1,5,9,0,0,1,0,0,0,0
31.48,4.7,3278,1,199.0,9.0,1,1909,1,1,1,3747,472,112,3.0,9.0,0,1,0,0,8,0,0,1,0,0,0,0
61.86,3.7,0,2,618.0,30.0,0,5,0,1,1,4337,137,210,1.0,11.0,1,0,0,3,2,0,0,1,0,0,0,0
195.22,3.978268041237113,5338,6,496.0,11.0,0,3613,1,1,4,2192,324,52,5.0,17.0,0,1,0,7,4,1,0,0,0,0,0,0
142.16,4.5,2643,3,363.0,1.0,0,1945,1,1,4,2129,58,93,3.0,15.0,0,0,0,0,4,0,0,0,0,0,1,0
24.0,4.1,2940,3,416.0,14.0,1,1541,1,1,3,2918,85,29,2.0,9.0,0,0,0,7,1,0,0,0,1,0,0,0
44.6,4.0,307,2,419.0,15.0,0,1362,1,1,4,1282,49,87,0.0,4.0,0,0,0,4,5,1,0,1,0,0,0,1
195.08,5.0,0,6,998.0,1.0,0,1780,1,1,3,1040,32,19,1.0,16.0,1,0,0,3,9,0,0,0,1,0,0,1
320.68,4.5,1708,4,673.0,12.0,0,3118,1,1,2,3064,405,70,3.0,8.0,0,0,0,7,4,0,0,0,0,1,0,0
113.64,4.0,1873,3,244.0,25.0,1,477,0,0,6,4047,221,247,1.0,3.0,0,0,0,2,7,0,0,0,0,0,1,0
162.66,5.0,4867,3,425.0,16.0,0,1999,1,1,3,655,53,29,3.0,10.0,0,0,0,5,3,0,0,0,0,0,0,0
5.0,3.3,0,2,266.0,32.0,1,2896,1,0,1,2139,281,69,2.0,14.0,0,0,1,8,3,0,0,1,0,0,0,0
296.46,4.2,1579,4,578.0,1.0,0,1082,1,1,3,100,2,0,0.0,2.0,1,1,0,6,7,0,0,0,0,0,0,0
5.0,3.2,0,1,68.0,14.0,1,567,1,1,1,4626,646,34,0.0,0.0,0,0,1,3,3,0,0,0,0,1,0,1
110.27,4.2,0,7,721.0,16.0,0,867,1,1,2,4435,136,303,2.0,14.0,0,0,0,7,6,0,1,0,0,0,0,0
175.16,4.5,0,3,643.0,26.0,0,5,0,1,4,3392,331,149,1.0,1.0,0,0,1,0,1,0,0,0,0,0,0,0
166.21,4.1,555,5,416.0,12.0,0,1798,1,0,4,2200,54,61,1.0,13.0,0,0,1,3,3,0,0,0,0,0,1,0
94.12,3.2,0,4,417.0,12.0,2,1999,1,0,1,3570,364,252,1.0,3.0,0,0,0,5,4,0,0,1,0,0,0,0
220.45,4.0,1539,5,209.0,14.0,1,151,0,1,4,198,3,2,2.0,10.0,1,0,1,2,8,1,0,0,0,0,0,1
239.15,3.1,0,5,429.0,13.0,0,939,1,0,2,3448,504,169,0.0,28.0,0,0,1,6,8,0,0,0,1,0,0,1
260.5,3.7,706,2,245.0,15.0,1,1069,0,1,5,751,79,20,4.0,19.0,0,0,0,7,9,1,0,1,0,0,0,1
69.08,3.9,3997,3,889.0,20.0,0,272,1,0,1,816,8,58,4.0,14.0,0,0,1,6,5,0,0,0,0,0,1,0
145.94,3.9,0,2,182.0,33.0,1,745,1,0,3,3749,408,209,0.0,4.0,0,0,0,0,6,0,0,0,0,0,0,0
132.71,4.8,1687,4,20.0,45.0,1,1898,1,1,1,3355,322,242,0.0,0.0,0,0,1,1,9,0,0,0,1,0,0,1
115.37,3.7,0,1,455.0,14.0,2,1921,1,0,1,4057,403,267,1.0,25.0,1,0,1,5,1,1,0,0,0,1,0,1
183.72,3.3,0,1,522.0,30.0,0,1482,1,1,1,3229,175,85,3.0,8.0,0,0,0,3,6,0,0,0,0,1,0,0
177.29,4.5,2221,4,584.0,21.0,1,2606,1,1,4,4158,105,38,5.0,9.0,1,0,0,1,5,0,0,0,1,0,0,0
310.25,5.0,5402,6,646.0,3.0,0,3056,0,1,5,862,72,10,4.0,33.0,0,0,0,5,2,0,1,0,0,0,0,0
137.87,4.1,4357,3,520.0,21.0,1,3110,0,0,2,959,14,5,1.0,0.0,0,0,0,5,0,0,0,0,0,0,1,0
53.36,3.2,1383,3,186.0,19.0,2,1004,1,0,2,2232,79,85,2.0,7.0,0,1,0,9,6,0,0,0,0,0,0,1
188.05,4.4,0,5,477.0,20.0,0,139,1,0,5,351,23,12,1.0,11.0,0,0,0,0,5,0,0,0,0,1,0,0
264.67,3.7,1620,5,662.0,1.0,1,629,1,1,3,3295,140,168,2.0,11.988333333333333,1,0,0,1,6,0,1,0,0,0,0,0
34.64,4.0,1165,1,386.0,20.0,0,2869,0,1,4,1449,113,17,2.0,18.0,0,0,0,3,9,0,0,1,0,0,0,0
324.45,4.8,1205,8,506.0,17.0,1,2038,1,1,4,1084,137,67,4.0,20.0,0,0,0,3,3,0,1,0,0,0,0,0
235.93,4.3,4973,5,721.0,21.0,1,1324,1,1,4,4983,664,283,3.0,14.0,0,1,0,0,7,0,0,0,0,0,1,0
260.78,4.5,4951,6,626.0,19.0,0,4000,1,1,3,2746,209,173,3.0,21.0,0,0,0,7,0,0,0,0,0,0,0,0
289.61,4.8,2152,5,568.0,23.0,0,1706,1,0,5,4698,397,283,3.0,34.0,0,0,0,5,5,0,0,0,0,1,0,0
164.39,4.1,24,2,209.0,25.0,2,3518,1,1,2,2790,392,116,0.0,11.988333333333333,0,0,0,5,3,0,0,0,0,1,0,1
156.2,3.4,3620,3,151.0,5.0,0,944,0,0,1,481,14,18,0.0,17.0,1,0,0,8,0,1,1,0,0,0,0,1
125.13,4.6,79,1,347.0,21.0,1,600,1,0,4,1789,236,53,3.0,5.0,0,0,1,0,7,0,0,0,0,1,0,0
149.36,3.3,735,1,151.0,32.0,0,1077,0,0,3,1365,98,24,1.0,10.0,0,0,0,8,5,0,0,0,0,0,0,1
150.29,4.3,0,6,20.0,6.0,0,1001,1,0,4,4799,524,285,3.0,11.988333333333333,0,0,0,2,8,0,0,0,0,0,0,0
59.97,4.2,1269,6,430.0,1.0,1,2618,1,1,1,2756,313,13,4.0,14.0,1,0,0,5,4,0,1,0,0,0,0,0
62.75,3.7,1296,3,206.0,13.0,1,2373,0,1,1,357,33,16,0.0,6.0,1,1,0,4,7,0,0,0,1,0,0,1
237.68,4.4,0,1,697.0,24.0,1,3257,1,1,1,3055,413,201,1.0,1.0,0,0,0,2,7,0,0,0,1,0,0,1
341.61,3.0,1100,1,316.0,16.0,2,5,0,0,3,818,20,49,0.0,11.988333333333333,1,0,0,3,1,0,1,0,0,0,0,0
166.43,4.3,7687,1,403.7255102040816,13.0,0,1882,1,1,2,635,38,48,0.0,19.0,0,1,0,4,9,0,0,0,0,0,1,1
95.75,4.0,902,4,417.0,30.0,0,2882,1,1,1,2544,368,115,0.0,5.0,0,0,0,1,1,0,0,0,0,1,0,0
242.6,3.6,694,5,371.0,22.0,2,1103,0,1,3,2368,242,96,3.0,11.0,0,0,0,8,3,1,0,0,1,0,0,1
291.56,3.4,93,3,319.0,7.0,0,3121,1,1,2,1094,162,60,2.0,8.0,1,0,0,7,3,0,0,0,1,0,0,1
143.65,4.9,2819,7,212.0,17.0,0,685,1,1,1,1373,137,74,3.0,16.0,0,0,0,7,5,0,1,0,0,0,0,0
50.52,2.9,2313,1,428.0,10.0,2,33,1,1,1,1505,112,71,2.0,7.0,0,0,1,3,2,0,1,0,0,0,0,1
302.57,3.3,1642,4,977.0,36.0,0,1354,1,1,2,319,22,16,1.0,16.0,1,0,1,3,6,0,0,0,1,0,0,0
87.3,4.1,1712,4,446.0,32.0,0,730,0,0,1,296,28,13,1.0,21.0,1,0,1,7,6,0,0,1,0,0,0,0
5.0,3.1,1861,1,188.0,34.0,2,5,1,0,1,2264,155,40,0.0,4.0,1,1,0,4,8,0,0,0,0,0,0,0
103.49,4.1,1057,2,506.0,18.0,0,1789,0,0,4,76,1,1,2.0,24.0,0,0,1,4,1,0,0,0,0,0,1,0
346.21,5.0,2642,6,626.0,1.0,0,4000,1,1,4,3643,390,193,4.0,21.0,1,0,0,0,6,0,0,0,0,0,0,0
134.54,4.0,4809,3,611.0,19.0,0,3515,1,0,3,2617,142,57,3.0,5.0,0,0,0,5,8,0,0,0,1,0,0,0
156.4,4.4,3543,2,862.0,19.0,0,2247,1,0,5,273,25,18,2.0,11.988333333333333,0,0,0,7,8,1,1,0,0,0,0,1
255.72,4.4,0,4,130.0,17.0,0,945,1,1,4,3486,455,169,5.0,10.0,0,0,0,7,8,0,0,0,1,0,0,0
256.73,4.0,4799,6,397.0,11.0,2,477,0,0,5,4752,131,189,2.0,18.0,0,0,0,8,8,0,0,0,1,0,0,1
261.27,4.6,5180,4,738.0,1.0,0,4000,1,1,3,3469,157,238,5.0,27.0,0,0,0,9,4,0,1,0,0,0,0,0
169.08,3.2,4917,5,145.0,17.0,1,1505,1,1,2,2576,359,153,1.0,18.0,1,0,0,9,4,0,0,0,0,1,0,0
89.97,4.6,812,1,670.0,14.0,0,5,1,1,1,2174,52,116,1.0,16.0,0,0,0,0,1,1,1,0,0,0,0,0
141.9,4.0,2707,8,630.0,4.0,1,2670,1,0,1,1084,137,50,2.0,4.0,0,1,0,2,1,0,0,0,0,0,1,1
136.38,3.3,0,6,415.0,11.0,1,706,1,1,1,1251,93,92,2.0,0.0,0,1,0,7,3,1,0,0,0,0,1,1
62.58,4.6,0,5,157.0,26.0,2,2708,1,0,5,2245,112,99,4.0,14.0,1,0,0,3,1,0,0,0,0,0,0,0
191.52,4.0,1375,3,146.0,8.0,0,2331,1,1,4,3762,56,215,3.0,14.0,0,0,0,0,3,1,0,0,0,0,1,0
179.35,4.1,778,7,319.0,1.0,0,970,1,1,3,66,5,5,2.0,0.0,1,0,0,2,7,0,0,0,0,0,1,0
117.55,4.7,2204,4,706.0,22.0,0,1466,1,1,5,3466,355,168,3.0,25.0,0,0,0,4,3,0,0,0,0,0,1,0
99.95,4.2,498,5,555.0,1.0,1,2399,1,1,4,416,19,6,1.0,25.0,0,0,0,9,9,0,0,0,1,0,0,0
149.69,4.7,1111,3,317.0,17.0,0,1069,0,1,2,4091,519,251,1.0,23.0,0,0,0,3,8,0,0,0,1,0,0,1
159.09,4.1,4471,1,365.0,12.0,2,2485,1,1,3,2219,240,163,2.0,12.0,1,0,1,9,9,0,0,0,0,0,1,1
90.88,4.6,2354,3,113.0,4.0,0,1215,1,0,4,4731,412,82,3.0,11.988333333333333,0,0,0,6,3,0,0,0,0,0,1,0
237.44,4.8,2908,4,705.0,6.0,2,3407,1,1,3,2462,187,45,3.0,18.0,1,0,0,2,2,0,0,0,0,1,0,0
40.37,4.0,2329,4,446.0,20.0,0,5,0,1,2,769,86,22,4.0,10.0,1,0,0,2,3,0,0,1,0,0,0,0
129.51,3.6,0,2,60.0,37.0,1,5,0,1,2,3647,537,218,0.0,3.0,0,0,0,5,2,0,0,1,0,0,0,1
81.66,4.6,384,3,55.0,16.0,0,401,1,1,5,1320,157,38,1.0,8.0,1,0,0,7,6,0,0,0,0,1,0,0
90.14,4.0,0,3,474.0,32.0,1,470,0,1,4,4765,427,164,0.0,14.0,0,0,1,8,4,0,0,1,0,0,0,0
157.84,5.0,3099,8,792.0,12.0,2,619,1,0,3,4559,193,268,3.0,24.0,0,0,0,3,6,0,0,0,0,1,0,0
235.7,3.9,4065,2,667.0,7.0,1,2724,1,1,2,1393,17,85,0.0,14.0,1,0,1,5,5,0,0,0,0,0,1,1
119.11,3.2,0,2,98.0,24.0,1,5,0,1,1,3506,514,49,0.0,3.0,1,1,0,9,4,1,0,1,0,0,0,1
99.22,3.4,0,1,405.0,32.0,4,1457,1,0,2,961,36,49,1.0,0.0,0,0,0,0,4,0,0,0,0,1,0,0
99.32,4.0,1631,4,421.0,21.0,0,2546,0,0,6,569,29,10,1.0,9.0,0,0,0,8,5,0,0,0,0,1,0,0
5.0,3.3,246,2,310.0,34.0,1,5,0,1,5,1681,178,88,2.0,20.0,0,0,0,8,7,0,0,0,0,0,1,0
83.54,3.978268041237113,2391,1,128.0,23.0,1,2339,0,1,1,844,117,34,1.0,1.0,0,1,0,3,9,1,0,0,0,1,0,1
68.43,3.7,412,1,157.0,24.0,1,110,0,0,1,760,53,44,0.0,3.0,0,0,0,6,2,1,0,1,0,0,0,1
104.72,3.8,2596,7,562.0,13.0,1,2174,1,0,2,2929,348,222,0.0,11.988333333333333,0,0,0,9,2,1,0,0,1,0,0,1
76.99,3.3,0,1,300.0,27.0,0,1275,1,1,1,4224,370,158,1.0,13.0,0,1,1,9,4,0,0,0,1,0,0,0
187.46,5.0,2665,3,408.0,10.0,0,2407,1,1,4,2859,261,160,4.0,0.0,0,0,1,4,8,0,0,0,0,0,0,0
241.99,3.5,3082,6,491.0,27.0,1,1611,1,1,2,4657,476,151,2.0,0.0,1,0,0,7,9,0,0,0,0,0,1,0
274.3,4.0,3479,5,20.0,40.0,0,2029,1,1,4,738,42,7,2.0,4.0,0,0,0,0,6,0,0,0,0,0,1,0
192.52,3.978268041237113,1807,2,755.0,25.0,2,2092,0,0,3,1568,181,47,1.0,21.0,1,1,0,8,0,1,0,0,0,0,1,1
95.84,4.2,3779,1,507.0,14.0,0,1061,1,1,3,2980,284,173,2.0,0.0,0,0,0,5,6,0,0,1,0,0,0,0
107.69,3.4,0,1,364.0,30.0,4,1107,1,1,1,1468,181,63,0.0,0.0,0,1,1,8,3,1,0,0,1,0,0,1
148.4,3.1,830,4,118.0,24.0,0,1097,1,1,5,1326,158,94,0.0,11.988333333333333,1,0,1,9,6,1,0,1,0,0,0,1
69.16,3.1,0,2,81.0,15.0,2,142,0,0,1,218,14,6,1.0,6.0,1,0,0,3,0,0,1,0,0,0,0,1
98.34,4.5,2823,3,134.0,10.0,0,1009,0,0,1,1662,70,14,0.0,17.0,0,0,0,5,7,0,1,0,0,0,0,1
153.98,3.3,1934,2,439.0,4.0,1,304,1,1,3,4398,108,33,2.0,2.0,0,0,1,8,5,0,0,0,0,0,0,0
204.09,3.6,1526,4,364.0,28.0,0,272,1,1,2,4727,58,279,0.0,0.0,0,1,0,1,0,0,0,0,0,1,0,1
49.12,4.1,2180,3,293.0,17.0,0,1821,1,1,1,901,62,10,1.0,6.0,1,0,0,7,1,0,0,0,0,1,0,0
5.0,2.3,0,3,20.0,23.0,3,5,0,1,1,2280,160,63,1.0,4.0,0,1,1,8,6,1,0,0,0,1,0,1
138.04,3.7,1462,5,292.0,2.0,2,875,0,1,3,417,8,7,2.0,10.0,0,1,1,7,2,0,0,0,0,1,0,0
240.46,4.4,0,1,235.0,15.0,1,5,1,1,1,374,24,20,1.0,15.0,0,0,0,3,2,1,0,1,0,0,0,1
5.0,4.4,0,3,283.0,24.0,1,659,0,1,1,1888,137,47,1.0,14.0,1,0,0,5,4,0,0,0,1,0,0,0
94.6,3.978268041237113,7384,5,678.0,33.0,0,1915,1,1,4,2485,103,174,2.0,11.0,0,0,0,8,4,0,0,1,0,0,0,0
310.09,5.0,3242,4,713.0,8.0,0,1239,1,1,3,2360,205,137,1.0,20.0,0,0,0,9,5,0,0,0,1,0,0,1
115.49,4.2,0,2,403.7255102040816,16.0,1,1097,1,0,3,3471,345,208,2.0,9.0,1,1,0,4,9,1,0,1,0,0,0,1
307.08,4.2,5228,2,617.0,8.0,0,4000,1,0,3,3096,417,72,3.0,25.0,0,0,0,0,1,0,0,1,0,0,0,0
104.63,5.0,1967,6,587.0,1.0,2,2855,1,1,5,4241,347,141,1.0,4.0,0,0,0,3,3,0,1,0,0,0,0,0
150.18,3.8,330,4,102.0,19.0,1,2111,1,1,1,1029,128,34,3.0,8.0,0,0,0,4,0,0,1,0,0,0,0,1
86.83,3.9,1499,4,129.0,6.0,0,1198,1,1,1,3363,195,185,3.0,11.0,0,0,0,2,8,0,0,0,1,0,0,0
150.35,3.9,3628,5,517.0,8.0,0,1868,0,0,5,1525,206,24,1.0,22.0,0,1,0,9,5,0,0,0,0,0,0,0
28.15,3.3,42,2,373.0,19.0,1,1535,0,1,2,1792,18,73,3.0,16.0,0,0,0,9,4,0,0,0,1,0,0,0
92.66,3.7,3355,5,475.0,15.0,0,2556,1,1,6,1293,62,94,4.0,15.0,1,0,0,0,2,0,0,0,1,0,0,0
111.52,3.6,629,3,213.0,31.0,1,970,1,1,1,4664,247,56,0.0,22.0,1,1,0,4,3,0,0,1,0,0,0,0
249.31,3.978268041237113,4023,5,403.7255102040816,8.0,0,2334,0,1,3,4288,84,172,2.0,13.0,0,0,0,8,6,0,0,1,0,0,0,0
187.54,4.5,570,6,521.0,2.0,1,1045,0,1,5,3594,511,228,5.0,16.0,0,1,0,5,9,0,0,0,1,0,0,0
101.97,3.8,2060,2,544.0,27.0,0,1149,1,1,3,2675,193,21,2.0,7.0,0,0,1,9,1,0,0,0,0,0,1,0
136.84,3.5,0,5,128.0,15.0,3,1029,0,0,2,2183,307,17,0.0,7.0,1,0,0,9,5,0,0,1,0,0,0,1
210.6,4.1,3892,6,356.0,2.0,0,2530,0,0,4,1758,186,64,4.0,6.0,0,0,0,3,6,0,0,0,0,1,0,0
109.43,4.0,2096,3,560.0,3.0,4,1559,1,0,1,4898,610,282,1.6757142857142857,20.0,0,1,0,5,9,1,0,0,0,0,1,1
100.29,4.2,2338,6,360.0,6.0,0,469,1,1,4,656,45,22,0.0,11.0,0,0,0,9,8,0,0,0,0,1,0,0
109.55,3.6,823,2,329.0,28.0,2,605,1,0,1,1923,197,106,0.0,13.0,0,0,1,0,3,1,0,0,0,1,0,1
117.55,4.4,608,2,653.0,3.0,2,1710,1,1,4,2487,41,123,2.0,13.0,0,0,0,6,5,1,1,0,0,0,0,1
277.0,5.0,3941,3,556.0,11.0,0,3011,1,1,4,2289,54,78,5.0,21.0,1,0,0,4,5,0,0,1,0,0,0,0
105.52,4.1,3143,3,85.0,18.0,2,819,1,1,4,4113,187,149,2.0,4.0,0,0,0,6,4,0,0,1,0,0,0,0
36.57,4.1,0,8,139.0,5.0,2,639,1,1,2,2425,195,91,2.0,12.0,0,0,0,4,5,1,0,0,0,0,1,1
61.58,3.6,2124,5,441.0,15.0,2,1254,0,0,1,4374,255,187,2.0,24.0,1,0,1,9,7,0,0,1,0,0,0,1
149.6,4.5,641,2,230.0,14.0,1,5,1,1,3,472,20,34,2.0,11.988333333333333,0,0,0,6,6,0,0,1,0,0,0,1
136.96,5.0,3841,5,522.0,11.0,0,2750,1,1,4,3709,140,210,3.0,35.0,0,0,0,1,2,0,0,0,0,0,0,0
197.91,4.8,529,3,602.0,1.0,1,2437,1,1,2,2636,67,75,3.0,0.0,0,0,0,4,0,0,0,0,1,0,0,0
157.41,3.6,899,3,372.0,6.0,3,1656,1,1,1,1243,56,64,1.0,13.0,0,0,0,2,7,0,0,0,0,1,0,0
102.63,4.2,1653,7,403.7255102040816,23.0,0,1297,1,1,6,1531,132,99,2.0,15.0,0,1,0,2,9,1,0,0,1,0,0,1
184.09,4.3,103,5,429.0,25.0,0,2264,1,1,3,3314,223,122,2.0,8.0,1,0,0,0,6,1,0,1,0,0,0,1
161.91,4.2,505,4,718.0,10.0,1,1100,1,1,3,3335,246,138,0.0,12.0,0,0,1,0,3,0,0,0,1,0,0,0
167.52,3.8,2004,1,195.0,25.0,2,1189,1,1,4,2453,171,111,0.0,0.0,0,0,1,7,1,1,0,0,0,0,1,1
246.38,3.2,1710,1,186.0,16.0,2,1675,1,0,4,1626,89,36,3.0,14.0,0,0,0,1,9,0,0,1,0,0,0,0
92.21,4.3,1247,2,253.0,5.0,0,2376,1,1,1,4311,314,40,1.0,11.0,0,0,0,3,3,1,0,1,0,0,0,0
5.62,3.9,1249,2,470.0,17.0,0,2760,1,1,4,4567,538,345,0.0,2.0,1,0,0,6,7,0,0,0,0,1,0,0
284.6,3.9,1742,6,720.0,21.0,0,3691,0,1,5,226,18,13,4.0,20.0,0,0,0,0,4,0,0,1,0,0,0,0
226.74,4.2,3400,4,776.0,3.0,2,505,1,0,1,2063,309,83,1.0,6.0,0,0,0,5,1,0,0,1,0,0,0,0
233.13,4.9,2251,3,721.0,17.0,1,462,1,1,2,3129,118,85,4.0,9.0,0,0,0,1,9,0,1,0,0,0,0,0
311.02,4.4,1704,7,286.0,12.0,5,5,1,0,2,3649,252,126,2.0,28.0,1,0,0,9,7,0,0,0,0,0,0,0
205.68,4.7,0,4,364.0,1.0,1,1437,1,0,4,4181,83,307,2.0,23.0,1,1,0,7,6,0,0,0,1,0,0,0
31.61,4.3,0,2,325.0,18.0,0,704,1,0,1,3391,449,104,4.0,8.0,1,1,0,4,4,0,1,0,0,0,0,0
214.49,3.8,0,1,223.0,29.0,1,1029,1,1,2,4837,522,176,0.0,16.0,1,1,0,5,7,1,0,1,0,0,0,0
169.52,3.7,3323,3,403.7255102040816,22.0,0,1071,1,1,3,534,68,5,4.0,20.0,1,0,0,5,8,1,0,1,0,0,0,1
108.6,3.1,0,4,500.0,18.0,1,1601,1,0,3,2157,253,89,0.0,0.0,0,0,1,0,7,0,0,0,1,0,0,0
251.83,3.4,0,4,651.0,19.0,0,1767,1,0,4,1031,31,72,2.0,17.0,0,0,0,8,7,0,0,1,0,0,0,0
44.82,4.4,2981,2,20.0,10.0,2,2487,0,1,5,949,20,6,1.0,13.0,1,0,0,1,2,0,0,1,0,0,0,0
53.12,3.3,1151,5,418.0,21.0,0,5,0,1,3,4120,471,226,5.0,5.0,0,0,0,1,9,0,0,1,0,0,0,1
135.88,4.2,3001,7,212.0,10.0,1,3821,0,1,3,3290,271,185,1.0,13.0,0,0,0,0,0,0,0,1,0,0,0,0
229.58,4.8,2696,6,312.0,11.0,0,2350,0,1,2,987,100,47,1.0,8.0,0,0,0,2,6,1,0,1,0,0,0,0
137.02,2.9,0,2,449.0,31.0,1,1825,0,1,1,3736,69,204,0.0,9.0,1,1,0,0,8,0,1,0,0,0,0,1
176.32,2.6,0,4,574.0,23.0,1,178,0,0,3,4331,255,105,1.0,0.0,1,0,0,8,5,0,0,0,1,0,0,1
199.13,4.8,3355,4,436.0,6.0,0,163,1,0,5,1337,35,61,2.0,14.0,0,0,0,9,5,0,0,0,1,0,0,0
223.14,4.7,130,4,450.0,10.0,0,2592,0,1,2,4085,120,209,1.0,5.0,0,0,0,1,5,0,0,0,1,0,0,1
160.28,4.1,1490,2,198.0,22.0,0,1110,1,1,3,4371,296,163,0.0,0.0,1,0,0,7,8,0,0,1,0,0,0,0
318.72,3.978268041237113,3788,1,306.0,8.0,0,3272,1,1,2,4761,194,368,2.0,9.0,1,0,0,9,4,1,0,0,0,0,1,1
111.45,3.978268041237113,182,2,182.0,18.0,2,1347,1,0,2,3390,311,41,1.0,7.0,1,1,0,7,1,0,0,0,0,0,1,0
5.0,3.4,3426,1,328.0,12.0,2,424,0,0,2,2463,201,62,0.0,10.0,0,0,1,9,7,0,0,0,1,0,0,0
94.18,5.0,2572,3,95.0,36.0,1,1788,0,1,4,1543,161,13,3.0,13.0,0,1,1,2,2,0,0,1,0,0,0,0
183.11,3.978268041237113,4312,5,687.0,17.0,1,2575,1,1,3,4144,351,292,3.0,36.0,1,0,0,9,5,0,1,0,0,0,0,0
5.0,4.4,0,6,1200.0,10.0,0,2773,1,1,2,223,21,13,2.0,11.988333333333333,0,1,0,8,3,0,0,0,1,0,0,0
109.73,3.7,3869,4,712.0,11.0,0,93,1,0,2,1833,78,64,1.0,2.0,0,0,0,0,0,0,1,0,0,0,0,1
143.87,5.0,2947,5,613.0,17.0,0,1437,1,1,5,1412,49,12,3.0,19.0,0,0,0,9,1,0,0,1,0,0,0,0
65.29,3.9,0,1,20.0,1.0,1,1516,0,1,2,1184,94,63,0.0,12.0,0,1,0,7,7,1,0,0,0,1,0,1
101.12,4.4,512,2,336.0,11.0,0,865,1,0,3,129,9,4,0.0,11.0,0,0,1,3,9,0,0,0,0,0,0,0
19.94,3.0,0,2,307.0,19.0,0,332,0,1,2,4819,56,83,3.0,7.0,0,1,1,4,1,0,0,0,1,0,0,0
143.1,3.9,3711,3,336.0,25.0,0,805,1,1,4,142,13,3,2.0,4.0,0,0,1,4,0,0,0,0,1,0,0,0
223.8,4.1,1804,5,515.0,15.0,0,45,1,1,2,3344,497,174,3.0,6.0,0,1,0,6,5,0,0,0,0,0,0,0
165.14,4.8,2282,6,806.0,6.0,0,2012,1,0,6,4122,445,66,5.0,11.0,0,0,0,4,4,0,0,1,0,0,0,0
281.72,4.9,2753,7,528.0,21.0,0,457,1,1,6,906,92,42,0.0,3.0,0,0,0,0,3,0,0,1,0,0,0,0
231.31,3.9,2828,2,848.0,1.0,0,351,1,1,2,3118,196,153,5.0,10.0,0,1,0,5,2,1,0,0,1,0,0,0
95.81,3.7,2840,5,349.0,33.0,0,5,1,0,3,3880,202,116,2.0,2.0,0,1,0,7,0,1,0,1,0,0,0,1
75.06,3.978268041237113,3191,2,310.0,12.0,1,1385,0,0,1,1380,172,70,0.0,11.0,1,0,0,1,0,0,0,0,1,0,0,1
51.37,4.0,2450,3,609.0,23.0,3,193,1,1,3,3036,241,195,4.0,11.988333333333333,0,0,0,1,2,0,0,0,0,0,0,0
118.33,2.4,61,3,93.0,8.0,1,108,1,1,2,1949,209,145,1.0,11.988333333333333,1,0,0,2,0,0,0,0,0,0,0,0
228.0,3.4,2147,4,747.0,9.0,0,5,1,0,3,4893,297,52,1.0,15.0,0,0,0,3,5,0,0,1,0,0,0,0
49.28,3.4,1321,3,20.0,39.0,2,2204,0,1,1,1356,188,84,1.0,7.0,1,0,0,3,9,0,0,0,0,1,0,1
9.59,4.7,0,1,233.0,21.0,1,1442,0,1,2,2023,286,101,1.0,11.0,0,0,0,3,6,0,0,0,0,0,0,1
188.37,5.0,5337,4,582.0,7.0,0,3703,1,1,4,1629,61,78,2.0,36.0,0,0,0,9,5,0,0,0,0,1,0,0
102.15,3.5,0,4,20.0,13.0,4,5,1,1,1,607,67,44,0.0,1.0,0,0,1,0,7,0,0,1,0,0,0,1
206.21,4.0,3989,5,403.0,20.0,0,262,1,1,2,4958,379,24,2.0,19.0,1,0,0,3,4,0,0,0,0,0,0,0
108.68,3.9,646,4,411.0,24.0,0,532,1,1,1,872,63,42,3.0,22.0,1,1,0,8,5,0,0,0,1,0,0,0
351.52,4.6,2548,5,399.0,6.0,0,2117,0,1,2,2049,153,143,1.0,16.0,0,0,0,7,8,0,0,0,1,0,0,0
182.21,3.4,588,5,71.0,21.0,0,890,1,1,5,4704,546,369,2.0,3.0,0,0,1,4,9,0,0,0,0,0,0,0
47.63,2.8,307,2,489.0,1.0,1,2270,1,1,1,2018,291,22,1.0,12.0,1,0,0,3,6,0,0,0,1,0,0,0
108.18,3.7,156,1,403.7255102040816,10.0,0,2651,1,1,1,3047,441,214,2.0,0.0,0,0,0,5,1,0,0,0,1,0,0,0
193.44,5.0,4325,3,518.0,1.0,0,1131,1,0,4,1471,170,111,2.0,7.0,0,0,0,3,0,0,0,0,0,0,1,0
180.75,4.6,186,7,489.0,28.0,0,1667,0,0,4,1147,61,83,2.0,11.0,0,0,0,0,4,0,0,1,0,0,0,1
240.29,4.4,2360,4,326.0,7.0,1,941,1,1,4,688,54,24,3.0,11.0,0,0,0,9,7,1,0,0,0,1,0,0
210.08,4.3,2924,5,747.0,1.0,0,3472,1,1,2,1915,198,10,4.0,7.0,0,0,0,8,0,0,0,0,0,1,0,0
257.8,4.1,4706,8,883.0,4.0,0,1746,1,0,4,198,12,10,2.0,12.0,1,0,0,2,7,0,0,0,1,0,0,0
139.6,4.0,1535,3,314.0,18.0,1,1977,1,0,2,735,89,45,1.0,21.0,1,0,1,6,5,0,0,1,0,0,0,0
234.18,3.5,0,2,563.0,12.0,1,2590,1,1,1,2644,83,126,0.0,20.0,0,1,0,2,4,1,0,1,0,0,0,0
29.73,3.0,1250,1,460.0,24.0,1,1608,0,1,1,4693,242,30,0.0,7.0,1,1,0,4,1,0,0,0,1,0,0,1
75.64,4.7,0,2,230.0,17.0,0,3700,1,0,3,3365,356,97,0.0,3.0,0,0,0,2,9,0,0,0,0,0,1,1
164.9,4.0,3602,4,270.0,15.0,0,2836,1,0,5,1646,24,90,0.0,26.0,0,0,0,0,7,0,0,0,0,1,0,0
66.9,5.0,5467,2,739.0,1.0,0,1508,1,0,6,3125,228,61,2.0,18.0,0,0,0,6,7,0,0,0,0,0,0,0
54.09,4.0,4599,4,640.0,27.0,0,1927,1,1,3,4630,104,206,4.0,6.0,0,0,0,3,0,0,1,0,0,0,0,1
127.54,3.5,0,4,413.0,18.0,0,1820,1,0,1,929,36,57,0.0,0.0,0,0,0,6,4,0,0,1,0,0,0,1
183.86,3.6,0,4,389.0,29.0,1,499,1,1,6,115,13,6,2.0,17.0,1,0,0,3,5,0,0,0,0,0,0,0
252.35,4.7,0,4,403.7255102040816,23.0,1,967,0,0,3,2627,300,163,0.0,7.0,1,0,1,9,0,0,0,0,0,1,0,0
166.6,2.8,1638,4,20.0,20.0,0,1297,1,0,1,2562,42,72,3.0,3.0,0,0,0,6,3,0,1,0,0,0,0,1
103.29,3.6,30,3,146.0,35.0,0,5,1,0,3,2898,142,126,2.0,0.0,0,0,0,4,9,1,0,0,0,0,1,1
61.43,3.6,0,4,335.0,33.0,1,1720,1,0,4,2792,267,179,0.0,5.0,0,0,0,0,2,0,0,0,0,0,0,0
170.97,4.0,2702,3,361.0,24.0,0,3017,1,0,1,2677,226,116,2.0,10.0,1,0,0,6,2,1,0,0,0,0,1,1
169.43,4.1,0,3,299.0,35.0,0,803,1,0,1,484,46,4,1.0,16.0,0,0,0,5,1,0,0,0,0,0,0,0
5.0,4.0,225,7,20.0,10.0,2,1933,1,1,2,4218,562,238,2.0,5.0,0,0,0,2,2,1,1,0,0,0,0,1
30.85,3.3,0,3,20.0,30.0,2,5,0,0,1,449,9,21,0.0,0.0,0,0,0,9,0,0,0,1,0,0,0,0
269.53,5.0,0,6,139.0,20.0,2,1543,1,0,4,1337,194,13,5.0,16.0,1,0,0,8,7,0,0,0,0,0,0,0
163.8,4.5,1480,2,364.0,12.0,1,1089,0,1,2,1533,67,122,0.0,16.0,0,0,0,8,0,0,0,0,0,0,1,1
271.87,4.0,996,6,328.0,15.0,0,2230,1,0,2,1912,52,20,0.0,16.0,0,0,0,1,1,0,0,0,0,0,1,0
103.36,4.3,337,4,335.0,11.0,0,846,1,0,3,1741,107,108,3.0,14.0,1,0,0,4,2,0,0,0,1,0,0,0
249.05,5.0,3523,7,946.0,32.0,0,2539,1,1,2,3861,78,271,2.0,13.0,0,0,0,1,1,0,0,1,0,0,0,0
110.62,4.1,1684,3,104.0,4.0,1,1782,1,1,3,609,41,32,3.0,7.0,0,1,1,3,3,0,0,0,0,1,0,1
156.39,2.7,1799,3,471.0,6.0,1,4000,1,0,1,2720,404,21,1.0,18.0,0,0,0,1,8,0,0,0,0,1,0,0
291.56,3.4,2590,3,671.0,6.0,0,3354,0,0,2,2757,40,53,1.0,19.0,0,0,0,3,4,1,0,0,1,0,0,1
126.11,3.1,2293,5,351.0,1.0,0,631,1,0,4,1018,106,48,3.0,12.0,0,0,0,0,4,1,0,0,1,0,0,1
220.01,4.5,1485,5,507.0,2.0,2,1884,1,1,5,1580,99,45,3.0,19.0,0,0,0,6,2,1,0,1,0,0,0,1
214.7,5.0,1955,3,752.0,1.0,1,1824,1,1,2,3812,146,299,4.0,15.0,0,0,0,9,2,0,0,0,0,0,1,0
130.39,3.7,1555,5,641.0,14.0,0,2469,1,0,5,200,9,9,3.0,17.0,0,1,0,0,3,0,0,0,0,0,1,0
68.05,3.1,1602,1,667.0,2.0,2,212,1,1,3,188,21,3,1.0,10.0,0,0,0,4,2,1,0,0,0,1,0,1
239.3,4.3,0,3,832.0,20.0,1,1770,1,0,2,4189,149,284,1.0,1.0,0,0,0,0,8,0,0,0,1,0,0,0
182.42,3.4,104,3,680.0,12.0,0,724,1,1,1,4384,238,53,3.0,18.0,0,0,0,7,8,0,0,0,1,0,0,1
97.63,4.0,4032,5,592.0,3.0,0,1243,0,1,2,4733,89,274,3.0,17.0,1,0,1,4,5,1,0,1,0,0,0,0
163.4,4.3,2652,6,654.0,8.0,1,2939,1,1,3,3159,268,166,2.0,14.0,0,0,0,1,5,1,0,1,0,0,0,0
147.57,4.2,0,1,293.0,4.0,2,2232,1,1,3,3442,308,70,1.0,4.0,0,0,0,2,1,0,0,0,1,0,0,0
82.03,4.2,2847,1,91.0,17.0,2,453,0,1,2,3018,219,138,2.0,11.0,0,1,0,9,0,0,0,1,0,0,0,1
76.39,3.9,2829,3,725.0,8.0,0,1853,1,1,2,1443,180,55,1.0,24.0,1,0,0,1,5,1,0,1,0,0,0,1
191.6,4.6,2007,1,771.0,15.230456852791878,1,1078,0,1,4,4084,298,20,0.0,12.0,0,0,0,9,9,1,0,0,1,0,0,0
126.26,3.6,1670,5,470.0,22.0,0,2296,1,1,2,1060,56,57,0.0,15.0,0,0,0,3,0,0,0,1,0,0,0,1
84.43,3.5,0,2,547.0,1.0,1,5,0,0,2,1977,228,105,0.0,12.0,0,0,0,0,7,0,0,0,0,0,1,1
193.02,3.3,1076,3,219.0,27.0,0,575,1,0,4,1704,116,125,0.0,11.0,0,0,0,8,6,0,0,1,0,0,0,1
294.93,3.6,2354,3,240.0,11.0,1,5,0,1,3,4076,412,302,0.0,0.0,0,0,1,8,3,0,0,0,1,0,0,1
250.54,4.5,6466,5,901.0,1.0,0,3322,1,0,5,2071,51,26,3.0,27.0,0,0,0,2,1,0,0,0,1,0,0,0
15.16,4.2,0,3,302.0,19.0,1,2411,1,1,4,4561,571,59,0.0,8.0,0,0,0,1,5,1,0,0,1,0,0,1
285.83,4.1,4412,4,375.0,4.0,0,2346,1,0,3,4601,548,366,0.0,18.0,0,0,0,9,6,0,0,0,1,0,0,0
235.63,3.5,3933,5,766.0,13.0,0,1660,0,1,2,4376,373,119,1.0,29.0,0,0,0,6,1,1,0,0,0,0,0,0
280.28,4.2,1749,6,617.0,14.0,0,797,1,1,2,229,33,16,2.0,28.0,0,0,0,6,8,0,0,0,0,0,0,0
169.47,3.3,1793,4,334.0,31.0,1,2459,1,1,2,4198,49,249,1.0,20.0,0,0,1,2,9,0,1,0,0,0,0,0
225.95,3.978268041237113,1504,2,579.0,7.0,1,1567,0,1,5,275,4,21,1.0,24.0,0,1,0,3,6,0,0,1,0,0,0,0
247.48,5.0,4659,8,461.0,10.0,1,2328,1,1,6,3760,247,282,4.0,21.0,1,0,0,2,2,0,0,0,1,0,0,0
150.19,3.6,2914,7,205.0,1.0,1,1925,1,1,5,2095,49,142,0.0,16.0,0,0,0,2,9,1,0,0,0,0,0,0
230.59,2.7,0,1,536.0,18.0,0,5,0,0,1,2833,142,120,1.0,0.0,0,0,1,6,5,0,0,0,0,0,0,1
220.6,3.978268041237113,2491,4,353.0,7.0,0,1968,1,0,1,3290,421,59,1.0,5.0,0,0,0,6,8,0,0,1,0,0,0,0
156.39,4.3,1581,3,418.0,1.0,1,708,1,1,4,3096,279,159,2.0,21.0,0,0,1,3,0,0,0,0,1,0,0,0
130.21,5.0,3622,4,648.0,1.0,0,1591,1,0,6,2548,43,27,2.0,7.0,0,0,0,4,3,0,0,1,0,0,0,0
160.46,4.1,4105,5,476.0,23.0,0,2947,0,0,2,3012,95,175,5.0,20.0,1,0,0,7,8,0,0,0,0,1,0,0
80.3,3.2,663,2,98.0,35.0,2,283,0,1,1,2865,322,210,2.0,12.0,0,1,0,2,6,0,0,0,1,0,0,0
198.54,4.9,2421,4,942.0,5.0,0,204,1,1,5,888,48,50,3.0,13.0,0,1,0,3,3,0,0,0,0,0,0,0
144.22,4.4,356,5,51.0,34.0,2,1367,1,0,1,1337,35,59,1.0,24.0,0,1,1,9,5,0,0,1,0,0,0,0
256.05,3.4,2085,2,245.0,14.0,0,2151,0,1,4,1649,212,86,0.0,4.0,0,0,0,0,5,0,0,0,1,0,0,0
69.22,3.978268041237113,1566,2,750.0,1.0,1,2159,0,1,4,613,66,41,1.0,23.0,0,0,0,4,4,0,0,0,1,0,0,0
67.22,2.6,0,1,20.0,26.0,0,1402,1,1,1,3301,112,99,2.0,9.0,1,0,0,9,7,1,0,0,0,0,0,1
6.84,2.9,0,1,94.0,47.0,3,5,0,0,1,2735,77,63,1.0,12.0,0,0,0,9,9,0,0,0,0,1,0,1
42.0,3.978268041237113,0,1,575.0,22.0,2,1046,1,0,2,1975,56,55,0.0,17.0,0,1,0,8,9,0,1,0,0,0,0,0
305.78,3.7,1536,5,742.0,8.0,0,1227,1,0,2,4720,492,51,2.0,7.0,0,0,0,4,7,0,0,0,1,0,0,0
196.14,5.0,1072,1,409.0,1.0,0,1970,1,0,5,1683,234,25,4.0,11.0,1,1,0,8,9,0,1,0,0,0,0,0
214.13,2.5,0,5,58.0,36.0,0,5,1,0,1,1607,81,73,0.0,14.0,0,0,1,7,0,1,1,0,0,0,0,1
50.19,3.7,0,4,313.0,19.0,1,5,1,1,2,3080,236,130,0.0,8.0,1,0,0,0,4,1,0,1,0,0,0,1
5.0,3.3,0,3,228.0,1.0,1,1484,1,1,2,911,92,56,0.0,22.0,1,0,0,0,2,0,0,0,0,0,0,0
217.49,4.1,3262,4,374.0,27.0,0,630,1,1,1,833,29,24,2.0,6.0,0,0,0,5,1,0,0,1,0,0,0,0
206.77,3.8,3699,3,303.0,7.0,0,2736,0,1,3,926,64,55,4.0,17.0,0,0,0,9,7,0,0,0,1,0,0,1
12.93,4.1,1772,4,253.0,15.230456852791878,1,5,1,1,4,4464,545,160,2.0,16.0,0,0,0,7,5,0,0,1,0,0,0,1
195.74,5.0,716,5,45.0,16.0,1,1533,1,1,2,3193,127,86,2.0,13.0,0,0,0,1,0,0,1,0,0,0,0,0
111.05,4.0,0,4,511.0,8.0,1,349,1,1,1,4808,630,273,2.0,33.0,1,0,0,6,1,1,1,0,0,0,0,1
123.3,3.9,1176,4,110.0,8.0,2,2036,1,1,2,4384,429,249,1.0,21.0,1,1,0,9,6,0,0,0,0,1,0,0
114.17,3.9,0,6,403.7255102040816,9.0,2,909,1,1,1,2938,83,124,1.0,0.0,0,0,0,0,7,0,0,0,1,0,0,1
30.23,3.7,1680,1,531.0,17.0,1,2721,1,1,3,223,27,10,0.0,11.0,0,0,0,3,2,1,0,0,0,0,0,1
160.19,3.1,1040,3,362.0,28.0,0,344,0,0,1,4355,618,132,0.0,0.0,1,0,1,8,3,0,0,1,0,0,0,1
5.0,3.4,0,2,457.0,20.0,1,5,0,1,2,2278,60,13,0.0,4.0,1,0,0,9,4,1,0,0,1,0,0,1
89.99,3.0,0,3,524.0,12.0,1,5,1,0,4,4275,538,156,2.0,8.0,1,1,0,5,4,0,1,0,0,0,0,1
246.0,3.6,4053,2,743.0,1.0,0,2765,1,1,3,1033,123,55,4.0,24.0,0,0,0,7,7,0,0,0,0,0,1,0
182.94,4.2,1640,5,656.0,15.0,2,2657,0,0,1,4719,707,353,2.0,0.0,0,0,0,0,7,0,0,0,0,1,0,0
81.52,5.0,1791,3,542.0,1.0,0,3024,0,1,4,861,36,51,2.0,9.0,0,0,0,7,0,0,0,0,0,0,0,0
11.35,3.4,0,2,155.0,36.0,3,5,0,0,1,3615,195,140,0.0,1.0,1,0,0,6,3,0,0,0,0,0,0,0
143.69,2.2,557,4,20.0,33.0,1,5,1,0,2,1512,20,57,0.0,6.0,0,1,0,5,2,1,0,0,0,0,1,1
230.62,4.2,2068,3,196.0,11.0,0,495,1,1,2,2433,100,25,2.0,14.0,0,0,0,2,3,0,0,0,0,0,0,1
20.57,2.2,608,1,395.0,17.0,0,1644,0,0,1,1187,13,73,0.0,4.0,1,1,1,6,3,0,0,0,0,0,1,0
5.0,3.5,0,5,232.0,3.0,0,670,0,1,1,3684,275,129,1.0,4.0,0,1,1,7,7,0,0,1,0,0,0,1
72.79,3.8,312,1,596.0,26.0,2,909,0,0,2,3853,91,23,0.0,9.0,1,0,1,2,5,0,0,0,0,0,0,0
207.33,4.4,905,2,346.0,9.0,2,2942,1,1,2,2441,358,155,3.0,8.0,1,0,1,5,7,0,0,0,1,0,0,0
181.72,3.0,2848,6,321.0,13.0,2,1519,1,0,2,4280,204,116,1.0,14.0,1,0,0,2,7,0,0,0,0,0,1,0
152.62,4.4,1412,2,278.0,13.0,1,1937,1,1,4,4971,738,284,2.0,25.0,0,0,0,3,8,0,1,0,0,0,0,0
265.15,4.9,5102,5,566.0,3.0,0,1694,1,1,4,4088,433,166,1.0,16.0,0,1,0,4,5,0,0,0,0,0,0,0
218.61,4.0,3929,4,912.0,3.0,0,1840,1,1,3,4708,66,221,1.0,9.0,1,0,0,3,9,0,0,0,1,0,0,0
178.23,4.2,281,6,595.0,32.0,2,1110,1,0,1,2734,313,91,0.0,13.0,1,0,0,1,8,1,0,0,1,0,0,0
42.69,4.0,280,4,314.0,20.0,0,596,1,1,1,310,21,2,3.0,9.0,0,1,0,9,4,0,0,1,0,0,0,0
244.37,4.0,4678,7,761.0,5.0,0,2026,1,1,4,3120,273,133,1.0,12.0,0,0,0,5,3,1,0,0,1,0,0,0
133.58,4.7,1521,1,165.0,18.0,1,5,1,1,2,586,11,35,1.0,3.0,1,0,1,7,4,0,0,0,1,0,0,0
129.04,4.8,1325,4,458.0,1.0,0,1869,1,0,4,4084,569,198,2.0,13.0,0,0,0,0,0,0,0,1,0,0,0,0
185.32,3.9,1309,4,387.0,13.0,0,5,1,1,4,1417,112,37,2.0,4.0,0,0,0,0,0,0,0,0,0,0,1,0
186.99,3.8,577,3,202.0,12.0,1,1392,1,1,3,3685,533,115,2.0,10.0,0,0,0,9,5,0,0,0,0,1,0,0
277.54,4.8,2540,4,613.0,7.0,0,1723,1,1,4,4428,589,241,1.0,16.0,0,0,0,7,0,0,0,0,0,0,1,0
182.96,3.4,1587,2,327.0,13.0,1,622,1,1,1,4772,479,219,0.0,0.0,0,0,0,1,9,0,0,0,0,1,0,0
151.47,4.6,3106,6,752.0,4.0,0,4000,1,1,6,127,14,6,2.0,23.0,1,0,0,6,3,0,0,0,1,0,0,1
163.14,3.5,1093,2,462.0,22.0,3,2382,1,1,1,1874,255,128,0.0,8.0,0,0,0,5,6,0,0,0,1,0,0,0
214.41,4.0,0,4,201.0,16.0,0,2748,0,1,3,2994,85,136,0.0,12.0,0,0,0,0,9,0,0,0,0,0,1,0
153.48,3.7,0,3,272.0,1.0,0,2428,1,0,3,1041,95,19,2.0,6.0,0,1,1,1,3,0,0,1,0,0,0,0
74.9,4.0,733,3,300.0,6.0,0,868,1,1,4,3660,57,209,1.6757142857142857,20.0,0,0,0,9,1,0,0,0,0,0,1,0
147.73,4.1,934,1,451.0,14.0,0,1865,1,0,2,164,10,1,1.0,9.0,1,0,0,6,0,0,0,0,0,0,0,0
86.26,4.5,1812,2,20.0,5.0,2,1080,1,1,3,1480,212,43,3.0,20.0,0,0,0,4,7,0,0,0,0,1,0,0
245.89,5.0,3235,4,349.0,7.0,2,2563,1,1,3,1423,19,80,2.0,19.0,0,0,0,8,7,0,0,1,0,0,0,0
66.49,3.1,312,2,276.0,22.0,0,1944,0,1,3,3493,372,248,0.0,21.0,0,1,0,5,5,0,0,0,0,0,0,1
5.0,3.9,117,1,20.0,36.0,2,5,1,0,1,615,19,22,0.0,11.988333333333333,0,1,0,0,2,1,0,0,1,0,0,1
20.82,3.1,3364,3,202.0,18.0,0,1155,1,0,2,3867,489,147,1.6757142857142857,10.0,0,0,0,3,8,0,0,0,0,0,0,0
107.46,4.3,331,8,660.0,14.0,0,2609,1,0,5,1235,97,13,3.0,5.0,0,0,0,1,3,0,1,0,0,0,0,0
188.89,3.978268041237113,2527,5,526.0,10.0,0,1796,0,0,3,801,93,13,2.0,20.0,1,1,0,9,6,1,0,0,1,0,0,1
143.16,3.5,2170,8,263.0,28.0,2,8,1,1,3,1617,123,71,1.0,14.0,0,0,0,8,5,0,1,0,0,0,0,0
167.83,4.2,2140,2,588.0,17.0,0,669,1,0,5,2401,315,191,2.0,20.0,0,0,0,2,9,0,1,0,0,0,0,0
95.48,3.5,87,2,36.0,20.0,1,5,0,0,1,1538,83,62,0.0,11.988333333333333,0,0,0,2,7,0,0,1,0,0,0,0
5.0,4.3,1635,5,478.0,19.0,0,575,0,1,3,673,76,20,0.0,7.0,1,0,0,7,6,0,1,0,0,0,0,1
5.0,2.8,984,4,377.0,29.0,4,5,0,0,2,1157,87,61,0.0,11.988333333333333,0,0,0,6,0,1,0,1,0,0,0,1
107.19,4.5,3954,5,467.0,9.0,0,743,0,1,6,2255,84,95,3.0,24.0,0,0,0,5,0,0,0,0,1,0,0,1
286.11,4.1,1281,7,190.0,6.0,1,1712,1,1,1,4831,626,127,2.0,0.0,0,0,0,5,6,1,0,0,0,1,0,1
69.35,3.978268041237113,2689,1,575.0,19.0,0,846,1,1,5,4055,374,118,2.0,22.0,0,0,1,8,9,0,0,0,1,0,0,1
199.53,3.8,648,3,232.0,22.0,2,2954,1,0,1,3654,479,73,0.0,1.0,0,1,0,2,4,0,0,0,1,0,0,1
90.41,4.6,987,3,159.0,1.0,2,1318,0,0,3,1773,142,84,0.0,22.0,0,0,1,9,9,1,0,1,0,0,0,1
43.01,2.6,0,5,477.0,30.0,3,5,0,1,2,3912,147,213,0.0,9.0,0,0,0,3,4,1,0,0,0,0,1,1
158.41,4.7,2040,4,659.0,20.0,2,2886,0,1,4,1985,53,137,1.0,19.0,0,1,0,0,2,0,0,0,1,0,0,0
271.35,3.8,2382,5,329.0,8.0,1,2436,0,1,3,85,11,6,3.0,22.0,1,0,0,8,7,0,1,0,0,0,0,0
39.09,4.6,888,8,680.0,8.0,2,1569,1,0,2,2245,160,31,4.0,20.0,1,0,0,9,3,0,0,1,0,0,0,0
111.51,4.2,1943,3,222.0,4.0,2,480,1,0,3,4578,58,285,1.0,13.0,0,1,0,3,2,0,0,1,0,0,0,0
93.45,5.0,0,4,545.0,1.0,0,1001,1,1,1,1059,12,40,0.0,1.0,1,0,0,7,3,0,1,0,0,0,0,0
275.36,4.2,1685,4,870.0,1.0,1,3812,1,1,4,3191,441,128,2.0,4.0,1,0,0,2,7,0,0,0,0,0,1,0
172.56,4.2,2356,8,357.0,1.0,0,484,1,1,3,2525,377,60,5.0,13.0,0,0,0,0,6,0,0,0,0,0,0,0
111.5,3.8,653,2,429.0,20.0,0,789,0,1,1,74,9,5,4.0,22.0,1,1,0,3,3,1,0,0,1,0,0,1
80.92,3.3,1634,4,20.0,22.0,2,929,0,1,1,2510,370,189,1.0,0.0,0,0,0,3,5,1,0,0,0,1,0,1
214.48,5.0,2607,4,550.0,22.0,0,921,0,0,3,1345,153,106,2.0,15.0,0,0,0,2,5,0,0,1,0,0,0,0
21.09,4.2,2245,3,262.0,13.0,0,426,1,0,2,4312,427,93,3.0,22.0,0,0,1,8,5,1,0,0,0,0,1,0
168.83,4.7,376,1,201.0,5.0,1,3710,1,0,4,4248,44,224,2.0,6.0,0,0,0,4,7,0,1,0,0,0,0,0
195.94,5.0,5492,3,262.0,6.0,0,1782,1,0,3,2350,284,45,5.0,13.0,1,0,0,8,6,0,0,1,0,0,0,0
111.42,3.3,6636,4,604.0,29.0,0,1111,1,1,3,1690,198,59,2.0,15.0,1,1,0,1,2,0,0,0,0,1,0,0
223.65,4.3,2039,4,528.0,29.0,0,1980,1,1,3,3385,277,257,1.0,22.0,0,0,0,5,2,0,0,0,0,0,1,1
299.16,3.5,5115,4,368.0,15.0,1,4000,1,1,4,1493,132,90,2.0,30.0,1,1,0,0,5,0,0,0,1,0,0,0
38.55,3.1,0,1,20.0,13.0,0,918,1,0,3,112,16,2,0.0,6.0,0,0,0,1,4,0,0,0,1,0,0,0
220.91,3.5,1980,2,360.0,5.0,0,1725,1,1,4,1520,188,49,2.0,18.0,0,0,0,2,6,0,0,1,0,0,0,1
295.31,4.0,3357,4,428.0,16.0,1,1440,0,1,4,1262,130,36,0.0,14.0,0,1,0,9,7,1,0,0,1,0,0,1
205.69,4.6,3883,6,642.0,23.0,0,3092,1,0,5,382,18,5,0.0,7.0,0,0,0,3,6,0,0,0,0,1,0,0
180.31,3.978268041237113,1235,5,217.0,12.0,0,2719,1,1,3,1107,94,48,3.0,18.0,0,0,0,7,0,0,0,0,0,0,0,0
164.6,3.2,5850,5,488.0,14.0,0,4000,1,1,2,1983,135,143,1.6757142857142857,8.0,0,0,0,3,1,0,0,1,0,0,0,0
148.13,3.4,1597,3,20.0,23.0,0,446,1,1,1,1418,195,28,1.0,9.0,1,0,1,7,9,0,0,0,0,0,1,0
214.8,4.1,1228,1,628.0,1.0,0,1265,0,1,3,2291,294,23,5.0,19.0,1,0,0,9,4,0,1,0,0,0,0,1
27.08,4.1,0,1,141.0,18.0,2,668,0,1,1,736,35,49,1.0,0.0,0,0,0,5,7,1,1,0,0,0,0,1
163.03,3.5,4446,4,296.0,28.0,2,2259,1,1,1,4458,646,232,0.0,9.0,0,1,0,6,6,1,0,1,0,0,0,1
194.63,4.1,0,6,396.0,7.0,0,2526,0,0,5,1397,161,98,1.0,20.0,1,0,0,4,2,0,1,0,0,0,0,1
154.21,4.3,2568,1,306.0,35.0,1,5,0,0,3,76,8,5,0.0,22.0,1,1,1,3,0,0,0,1,0,0,0,1
68.71,4.3,2160,2,274.0,32.0,4,1990,1,0,1,1461,32,55,2.0,2.0,1,0,0,6,9,0,1,0,0,0,0,1
81.59,3.9,1878,3,544.0,28.0,0,2341,1,0,1,1655,179,83,0.0,11.988333333333333,0,1,0,8,5,1,0,1,0,0,0,1
146.78,4.2,3453,5,652.0,10.0,0,1597,1,1,4,3324,422,81,4.0,28.0,0,0,0,8,2,0,0,1,0,0,0,0
243.12,3.7,2810,3,725.0,10.0,1,1036,1,1,4,3744,441,227,3.0,17.0,1,0,0,2,7,0,0,0,1,0,0,0
216.76,3.978268041237113,834,3,307.0,13.0,0,1421,0,1,1,1113,126,26,1.0,15.0,0,0,0,7,9,0,0,1,0,0,0,0
133.17,4.6,2241,5,472.0,11.0,0,1954,0,0,3,314,46,12,2.0,19.0,1,0,0,4,2,0,0,0,0,0,1,1
5.0,3.1,0,1,350.0,29.0,2,5,1,1,4,3269,199,162,0.0,0.0,0,0,0,8,1,0,0,0,0,0,1,1
188.41,3.9,569,4,546.0,5.0,0,1542,1,1,3,1573,151,43,3.0,4.0,0,1,0,7,4,0,0,0,0,0,0,0
5.0,3.8,1935,4,582.0,29.0,1,1803,1,0,4,3518,196,193,1.0,7.0,0,1,1,8,7,1,1,0,0,0,0,1
86.32,3.3,4393,3,780.0,15.0,0,2119,1,0,2,909,41,16,2.0,11.0,1,0,0,5,7,0,0,0,0,0,1,1
5.0,3.1,0,1,39.0,15.0,1,2034,1,1,1,380,51,6,0.0,9.0,0,0,0,0,6,0,0,0,1,0,0,1
227.52,3.7,0,1,556.0,28.0,0,307,1,1,1,3271,479,193,3.0,6.0,0,1,1,4,9,0,0,0,0,0,0,1
224.89,4.0,4476,5,465.0,19.0,0,1298,1,0,1,4752,699,84,0.0,9.0,0,0,0,9,9,0,0,1,0,0,0,0
68.94,3.9,3582,4,593.0,6.0,1,1932,1,0,2,2142,89,80,1.0,0.0,1,0,1,6,4,0,1,0,0,0,0,1
5.0,2.8,0,1,20.0,24.0,0,5,0,0,1,333,28,6,1.0,12.0,0,0,1,7,6,0,1,0,0,0,0,1
158.37,3.5,76,1,826.0,29.0,0,3597,0,1,1,1851,252,145,2.0,9.0,0,0,0,4,0,0,0,0,1,0,0,1
98.42,4.2,3578,1,567.0,16.0,1,645,1,1,4,3804,164,209,2.0,22.0,0,1,0,6,9,0,0,0,0,1,0,0
220.46,3.9,2155,3,419.0,8.0,1,2537,0,0,2,513,13,35,4.0,13.0,0,0,0,9,7,1,0,1,0,0,0,1
250.05,4.2,0,2,169.0,5.0,2,928,0,1,1,2013,44,34,1.0,0.0,0,1,1,0,4,0,0,1,0,0,0,1
187.88,3.7,3179,5,638.0,1.0,0,2688,1,1,2,99,8,2,2.0,31.0,1,0,1,0,0,0,0,0,1,0,0,0
54.72,3.7,1935,7,596.0,16.0,1,2463,1,1,3,2422,227,57,0.0,22.0,0,0,0,0,8,0,0,0,1,0,0,0
75.95,3.978268041237113,216,1,342.0,32.0,2,656,1,1,2,4937,322,49,2.0,11.988333333333333,0,1,0,2,3,0,0,0,0,1,0,1
180.01,4.1,2637,3,103.0,4.0,0,180,0,0,4,1243,60,23,2.0,9.0,1,0,0,3,8,0,1,0,0,0,0,0
99.82,4.3,3074,3,366.0,18.0,0,1309,1,1,4,4796,156,331,1.6757142857142857,19.0,0,0,1,7,7,0,0,0,1,0,0,0
253.4,2.9,2255,2,387.0,7.0,1,5,1,1,1,633,71,20,1.0,7.0,0,0,0,5,8,0,0,1,0,0,0,0
5.0,3.9,75,1,163.0,30.0,0,2617,0,0,2,3046,38,201,5.0,8.0,0,1,0,1,5,0,0,0,0,1,0,1
223.39,4.8,675,4,121.0,17.0,0,1970,0,0,5,1572,137,26,0.0,25.0,0,0,0,0,2,0,0,0,0,0,1,0
290.58,5.0,1277,1,495.0,11.0,1,2983,1,1,2,1609,231,89,4.0,23.0,0,0,0,1,7,0,0,1,0,0,0,0
163.82,3.6,1087,4,481.0,29.0,0,1683,1,1,2,351,30,23,1.0,5.0,0,0,0,9,3,0,0,1,0,0,0,0
130.67,4.5,1781,2,656.0,18.0,0,2417,1,1,4,4105,413,197,0.0,11.988333333333333,0,0,0,7,1,1,1,0,0,0,0,1
45.23,4.3,2684,1,417.0,6.0,0,2318,1,0,3,4100,507,80,0.0,8.0,0,0,0,6,6,0,0,0,1,0,0,1
210.01,3.1,1269,1,380.0,16.0,1,416,0,0,1,4869,390,222,2.0,12.0,0,1,0,8,3,0,0,0,1,0,0,0
239.83,4.0,1458,7,615.0,15.0,1,647,1,0,3,3259,187,125,0.0,19.0,0,0,0,9,5,0,0,0,0,0,0,0
250.45,4.5,2920,8,581.0,13.0,0,2732,1,1,3,2235,137,31,3.0,22.0,1,0,0,6,3,0,1,0,0,0,0,0
174.65,4.4,2470,8,585.0,13.0,1,2114,1,0,6,4839,375,352,1.0,14.0,1,0,0,2,5,0,0,0,0,0,0,0
167.36,3.6,717,6,289.0,21.0,0,469,1,1,2,2362,209,79,3.0,4.0,1,0,0,4,4,0,1,0,0,0,0,0
151.92,4.3,3101,4,97.0,5.0,2,1400,1,1,3,3322,374,66,0.0,9.0,0,0,0,5,6,0,0,0,0,0,0,0
226.66,3.9,3072,3,298.0,1.0,0,2457,1,1,3,3309,382,213,3.0,5.0,0,1,0,8,1,0,0,0,0,0,0,0
133.97,4.9,461,4,339.0,20.0,0,2854,1,0,1,2914,81,128,2.0,11.0,0,1,0,7,3,0,0,0,1,0,0,1
113.33,4.3,1430,3,545.0,16.0,0,711,0,1,1,2793,176,213,0.0,23.0,0,0,0,8,5,1,0,0,0,0,0,1
255.07,4.8,775,10,821.0,1.0,0,2062,1,0,4,1920,200,24,1.0,17.0,0,0,0,3,8,0,0,0,0,0,1,0
46.96,3.5,448,5,434.0,17.0,2,1776,0,1,3,536,24,28,4.0,15.0,0,0,0,7,3,0,0,0,0,0,0,0
217.55,4.7,3301,1,858.0,1.0,0,1128,0,1,4,3571,106,148,2.0,15.0,0,0,0,5,0,0,0,1,0,0,0,0
186.38,3.7,2867,1,550.0,2.0,0,2741,1,0,2,557,11,25,3.0,8.0,1,0,0,0,4,0,1,0,0,0,0,1
228.06,3.2,833,1,273.0,9.0,1,431,1,0,2,1549,163,63,2.0,14.0,0,1,1,7,2,1,0,1,0,0,0,0
303.52,5.0,2850,3,703.0,15.230456852791878,0,3719,1,1,4,2470,369,54,5.0,12.0,0,0,0,8,9,0,0,1,0,0,0,0
159.31,2.9,461,5,480.0,1.0,0,675,1,1,1,161,6,9,2.0,12.0,0,0,0,1,4,1,0,0,0,1,0,1
199.02,4.2,3585,5,414.0,17.0,0,2226,1,1,1,923,35,49,3.0,11.988333333333333,0,0,0,3,1,0,1,0,0,0,0,0
192.76,3.978268041237113,3397,4,547.0,10.0,0,2595,1,0,4,3275,94,32,3.0,24.0,1,0,0,5,2,0,0,1,0,0,0,0
33.58,4.2,874,5,403.7255102040816,13.0,0,2811,1,1,1,3194,406,20,0.0,11.0,0,1,0,9,6,1,0,0,1,0,0,1
193.81,4.4,2682,6,398.0,1.0,0,1292,0,1,3,3875,505,185,2.0,7.0,1,0,0,4,6,0,0,1,0,0,0,1
168.73,3.5,1389,4,199.0,20.0,2,1864,0,1,2,1802,164,55,1.0,19.0,1,1,1,0,3,0,0,1,0,0,0,0
97.12,3.978268041237113,2304,1,313.0,25.0,2,1630,1,0,1,1303,27,13,0.0,17.0,0,0,0,2,6,1,0,0,0,1,0,1
272.52,4.2,764,2,306.0,18.0,1,926,0,0,3,557,32,3,3.0,0.0,1,0,0,0,2,0,0,0,1,0,0,0
141.08,4.4,2329,2,20.0,5.0,1,3631,1,1,5,4648,533,40,1.0,25.0,0,0,0,0,1,0,1,0,0,0,0,0
209.59,3.5,0,2,160.0,38.0,0,1295,0,1,1,1486,161,26,0.0,0.0,0,0,0,6,3,1,1,0,0,0,0,1
118.96,3.8,3083,1,34.0,1.0,0,882,0,0,2,503,60,28,3.0,3.0,0,1,0,4,4,0,0,0,1,0,0,1
221.03,3.7,0,1,101.0,23.0,3,875,1,0,3,1514,183,44,2.0,13.0,0,0,1,6,8,0,0,0,1,0,0,1
265.03,3.8,5560,6,538.0,8.0,0,1481,1,1,3,2613,129,56,4.0,24.0,0,0,0,2,5,1,0,0,0,0,1,1
228.04,4.0,3435,5,302.0,6.0,0,2709,0,1,3,3217,347,207,2.0,36.0,0,0,0,1,7,0,1,0,0,0,0,0
135.66,4.0,2844,5,151.0,20.0,2,2395,1,0,2,2638,352,19,3.0,29.0,0,0,0,8,4,0,0,1,0,0,0,0
82.45,3.8,1211,4,849.0,9.0,0,3305,1,1,4,2770,249,23,3.0,9.0,0,0,0,0,8,0,0,0,1,0,0,0
36.76,2.3,1979,2,398.0,21.0,2,69,1,0,1,2846,378,82,1.0,8.0,0,0,1,9,2,0,1,0,0,0,0,0
66.17,3.0,3279,2,453.0,24.0,1,1315,1,0,1,4954,116,325,2.0,11.0,0,0,0,9,4,0,0,0,0,0,0,1
82.4,4.0,864,3,64.0,19.0,3,195,1,0,1,3306,78,226,1.0,0.0,0,0,1,8,6,0,0,0,1,0,0,0
234.93,5.0,1023,2,603.0,32.0,0,5,1,1,3,104,13,5,0.0,27.0,0,1,0,2,2,0,0,0,1,0,0,0
154.79,4.0,4258,2,351.0,13.0,0,3486,0,0,2,3158,199,137,2.0,16.0,0,0,0,3,3,0,0,1,0,0,0,0
136.6,4.1,829,7,403.7255102040816,1.0,0,5,1,1,1,1484,110,97,1.0,6.0,0,0,0,6,4,0,0,0,1,0,0,0
38.35,3.8,3441,3,358.0,37.0,1,609,1,0,3,4130,459,117,3.0,5.0,0,1,1,5,0,0,0,0,0,1,0,0
75.95,3.9,3058,4,198.0,3.0,0,1891,0,1,3,366,31,10,0.0,0.0,0,0,1,9,0,0,0,0,0,1,0,0
244.6,4.6,3652,8,246.0,15.0,2,4000,1,0,4,2088,230,65,3.0,36.0,1,1,0,3,2,0,0,0,1,0,0,0
281.86,3.3,2374,4,176.0,23.0,2,198,0,0,2,1118,31,82,1.0,20.0,1,0,1,3,9,0,0,1,0,0,0,0
304.56,3.8,1200,1,867.0,34.0,0,3135,1,0,3,1573,29,35,0.0,10.0,0,1,0,1,8,0,0,0,1,0,0,0
41.64,2.9,1496,2,157.0,27.0,0,1832,1,0,2,447,6,17,0.0,11.988333333333333,0,0,0,9,6,0,0,0,0,0,0,1
243.62,4.2,2215,3,388.0,16.0,1,2350,0,1,2,4518,414,93,4.0,26.0,0,0,0,8,9,1,0,1,0,0,0,0
107.83,3.978268041237113,4060,6,251.0,17.0,1,5,1,1,1,3217,68,36,1.0,8.0,0,0,1,7,2,1,1,0,0,0,0,1
289.17,4.4,4272,6,908.0,15.0,0,3108,1,1,4,3280,412,27,5.0,18.0,0,0,0,1,2,0,0,0,0,0,0,0
282.48,4.8,6477,1,762.0,2.0,0,511,0,1,2,1121,118,54,4.0,14.0,0,1,0,2,1,0,1,0,0,0,0,0
194.07,4.1,5680,4,281.0,17.0,1,165,1,1,1,506,44,9,2.0,21.0,0,0,1,9,0,0,0,0,1,0,0,1
185.84,3.7,584,4,782.0,16.0,1,3028,1,0,2,145,14,7,1.0,6.0,0,0,0,7,7,0,0,1,0,0,0,0
194.51,4.0,2347,2,222.0,13.0,0,2315,1,1,2,3504,86,76,1.0,13.0,0,0,0,0,9,0,0,1,0,0,0,0
207.92,3.6,3663,5,513.0,8.0,2,4000,1,1,5,3728,83,141,2.0,10.0,1,0,0,5,7,0,0,1,0,0,0,0
248.79,4.7,2187,5,666.0,13.0,1,2673,1,0,3,1681,250,59,4.0,22.0,1,0,0,9,6,0,0,0,1,0,0,0
248.1,4.4,2600,2,902.0,18.0,0,326,1,1,3,3339,391,82,0.0,29.0,0,0,0,2,7,0,0,0,0,0,0,1
100.07,3.2,0,2,94.0,27.0,1,1883,1,0,2,651,13,45,0.0,0.0,0,0,0,1,7,0,0,0,1,0,0,1
203.38,5.0,864,5,569.0,8.0,0,2341,1,1,3,1124,13,38,0.0,16.0,0,0,0,4,1,0,0,0,0,1,0,0
71.95,2.9,1434,2,403.7255102040816,27.0,1,631,1,0,3,4793,713,257,1.0,6.0,0,0,0,4,3,0,0,1,0,0,0,0
209.47,5.0,7335,7,821.0,1.0,0,2426,1,0,3,3835,253,225,1.0,31.0,0,0,0,7,7,0,0,0,1,0,0,0
127.98,3.8,891,7,238.0,2.0,1,1521,1,0,3,4483,614,171,1.0,25.0,1,0,0,3,1,0,1,0,0,0,0,0
164.65,3.978268041237113,0,5,321.0,9.0,1,3276,1,1,3,376,44,4,2.0,12.0,1,0,0,2,1,0,0,0,1,0,0,0
156.88,5.0,2970,6,264.0,4.0,1,724,0,1,1,3396,225,170,3.0,16.0,0,0,0,0,8,0,1,0,0,0,0,0
203.75,4.3,1866,6,241.0,5.0,1,1859,0,1,5,1240,89,75,1.0,12.0,0,0,0,7,0,0,0,0,0,0,1,0
202.29,4.2,0,2,353.0,16.0,0,1693,1,0,2,1420,188,56,4.0,1.0,0,0,0,6,1,0,0,0,0,1,0,0
259.86,4.2,412,8,599.0,29.0,3,913,1,0,4,2213,169,111,3.0,21.0,0,0,0,4,1,0,0,1,0,0,0,1
48.32,5.0,0,7,802.0,15.0,0,2502,0,1,4,2034,204,36,2.0,15.0,0,0,0,2,0,0,0,1,0,0,0,0
267.1,4.1,367,5,322.0,19.0,0,2481,0,1,1,3710,250,137,1.0,11.988333333333333,0,0,0,3,4,0,0,1,0,0,0,0
5.0,3.6,0,1,424.0,27.0,3,767,1,0,5,2231,154,146,2.0,0.0,1,0,1,4,1,0,0,0,0,0,1,0
175.35,4.4,304,5,405.0,7.0,0,555,1,1,4,2460,230,132,3.0,0.0,0,0,0,5,8,1,0,0,0,1,0,1
162.02,4.0,1658,3,535.0,5.0,0,795,0,0,3,2759,78,97,2.0,16.0,0,0,0,2,8,0,0,0,0,0,1,0
291.76,3.2,630,5,508.0,18.0,0,262,1,1,3,1590,131,104,5.0,10.0,0,0,0,4,3,0,0,0,0,0,1,0
220.2,3.8,2577,4,582.0,23.0,0,2491,1,1,5,4736,537,122,0.0,9.0,1,0,0,5,0,0,0,0,1,0,0,0
235.86,3.8,4728,1,97.0,15.230456852791878,1,801,0,0,5,3655,198,77,1.0,4.0,1,0,0,1,8,0,0,0,0,0,0,1
183.86,3.0,4262,2,264.0,26.0,2,903,1,1,3,1368,186,61,0.0,0.0,0,0,0,7,2,0,0,0,0,0,0,1
238.08,5.0,4140,8,836.0,1.0,0,3890,0,0,5,3185,122,238,3.0,19.0,0,0,0,3,3,0,0,0,0,0,0,0
222.03,4.4,3576,1,596.0,14.0,0,1613,1,0,2,3900,288,208,1.6757142857142857,20.0,0,1,0,1,4,0,0,0,0,0,1,0
300.51,4.2,4828,4,711.0,8.0,0,1975,1,1,2,1556,152,115,2.0,2.0,1,0,0,9,8,0,0,1,0,0,0,0
154.08,4.4,1636,4,712.0,25.0,0,1267,1,1,2,3924,553,236,1.0,13.0,1,1,0,0,6,0,0,0,0,1,0,0
67.47,3.1,666,1,71.0,35.0,5,2744,1,1,1,428,41,32,0.0,0.0,0,0,0,0,3,0,0,1,0,0,0,1
124.37,3.8,1685,4,114.0,13.0,2,1748,0,1,2,2125,74,53,5.0,0.0,0,0,0,9,6,0,0,0,0,0,0,0
256.42,3.8,0,4,873.0,1.0,0,2527,0,1,2,4253,301,67,2.0,0.0,0,0,0,9,7,0,1,0,0,0,0,0
5.0,4.0,3471,6,496.0,14.0,2,2802,0,0,2,2956,287,87,2.0,10.0,0,0,1,8,7,0,0,0,0,0,0,0
150.39,3.6,1213,5,445.0,13.0,1,743,1,0,1,3412,282,117,3.0,8.0,0,0,0,1,8,0,0,1,0,0,0,1
163.77,4.1,3152,4,727.0,6.0,0,2818,0,1,5,98,6,1,1.0,25.0,1,0,0,8,0,0,0,0,0,1,0,0
203.4,3.7,1656,2,68.0,17.0,1,1178,0,1,2,2758,156,32,2.0,0.0,0,0,0,3,4,0,0,0,1,0,0,0
5.0,3.4,4912,4,79.0,1.0,1,1470,1,0,3,855,109,37,0.0,0.0,0,0,0,1,8,0,0,1,0,0,0,0
79.09,3.9,945,3,415.0,17.0,2,5,1,1,1,194,18,6,1.0,7.0,0,1,0,7,3,0,0,0,1,0,0,0
137.2,4.1,2155,5,503.0,6.0,2,2900,1,1,3,4700,492,36,3.0,13.0,0,0,0,5,3,0,0,1,0,0,0,0
196.92,4.6,0,5,764.0,20.0,1,346,1,0,3,4881,311,121,4.0,24.0,0,0,0,3,9,0,0,1,0,0,0,0
25.67,3.5,763,3,202.0,28.0,1,2182,1,1,1,2180,119,97,0.0,2.0,1,0,1,3,6,1,0,1,0,0,0,1
254.29,4.1,4551,6,710.0,19.0,0,935,1,0,3,3875,76,117,5.0,4.0,0,0,0,8,2,0,0,1,0,0,0,0
175.68,4.0,5262,2,694.0,29.0,0,2178,1,0,4,3362,336,137,5.0,7.0,1,0,0,2,3,0,0,0,0,1,0,1
296.73,4.3,2856,4,313.0,25.0,0,1124,0,1,3,4647,688,100,1.0,10.0,0,0,0,4,6,0,0,1,0,0,0,0
221.36,5.0,3473,3,346.0,19.0,2,2742,1,1,2,3840,76,304,2.0,16.0,0,0,0,9,3,0,0,0,0,0,0,1
230.09,5.0,2479,4,518.0,22.0,3,1916,0,1,2,4358,621,142,2.0,33.0,1,0,0,9,6,0,0,0,0,0,1,0
78.67,4.4,0,2,484.0,4.0,1,362,0,1,5,1684,251,102,2.0,25.0,0,0,0,2,9,0,0,0,1,0,0,0
195.61,4.7,1762,5,783.0,3.0,0,1256,1,1,4,1166,132,41,0.0,8.0,1,0,0,1,3,0,1,0,0,0,0,0
142.28,3.9,0,1,254.0,22.0,1,5,1,1,2,4902,456,151,1.0,1.0,0,0,0,7,0,0,0,0,0,0,0,1
133.68,4.2,2984,3,288.0,3.0,1,2339,0,1,5,923,125,28,0.0,24.0,0,0,0,7,9,0,0,0,1,0,0,0
202.77,3.6,0,4,426.0,4.0,1,592,0,0,3,4409,163,120,2.0,20.0,0,0,0,4,8,1,1,0,0,0,0,1
21.88,4.1,513,4,331.0,30.0,1,2594,1,1,3,857,60,65,1.0,27.0,0,0,0,1,5,0,0,0,0,1,0,1
165.21,4.2,1308,4,532.0,1.0,1,5,1,1,3,1939,242,76,2.0,18.0,1,0,0,5,9,0,0,1,0,0,0,0
318.23,4.6,2425,5,724.0,9.0,0,3182,1,1,3,183,2,1,3.0,31.0,0,0,0,9,3,0,0,0,0,1,0,0
131.57,3.6,923,4,503.0,15.0,0,2296,1,1,1,1768,185,50,0.0,11.0,0,0,0,5,6,0,0,0,0,0,0,1
284.74,5.0,2291,6,699.0,8.0,0,1388,1,1,3,2221,174,29,4.0,24.0,1,0,0,3,6,0,0,1,0,0,0,0
151.3,4.9,2486,6,676.0,28.0,0,3753,1,1,3,4855,482,292,3.0,5.0,0,0,0,6,4,0,0,1,0,0,0,0
62.73,3.3,823,3,271.0,25.0,2,269,1,0,2,2856,84,18,0.0,9.0,0,0,0,7,7,0,0,0,0,0,0,1
46.28,4.4,4024,5,780.0,6.0,0,3735,1,1,2,854,81,63,1.0,14.0,1,0,1,8,3,0,0,1,0,0,0,1
42.66,3.4,0,3,344.0,25.0,1,208,1,1,1,1987,95,39,0.0,13.0,1,1,0,2,5,0,0,0,1,0,0,0
70.5,3.2,3735,2,565.0,21.0,1,5,1,1,2,3196,193,37,0.0,10.0,0,0,0,9,5,1,0,0,0,0,0,1
119.14,2.9,0,4,223.0,14.0,2,2079,0,0,1,3342,145,148,2.0,0.0,0,0,0,2,4,0,0,0,0,1,0,1
69.43,4.6,2349,4,509.0,19.0,0,1463,1,1,2,1161,121,9,2.0,29.0,1,0,1,6,3,0,0,1,0,0,0,1
215.26,3.8,0,6,403.7255102040816,1.0,0,2798,1,1,2,1788,207,38,1.0,23.0,0,0,0,7,2,0,0,0,1,0,0,0
216.44,4.4,0,7,119.0,21.0,0,2166,1,1,1,869,74,33,3.0,26.0,1,0,1,3,0,0,0,0,0,0,0,0
82.62,4.0,0,5,731.0,18.0,3,3481,1,1,2,417,11,11,5.0,14.0,0,0,0,1,3,0,0,0,0,1,0,1
307.18,5.0,1263,2,544.0,10.0,1,2088,1,1,4,220,20,11,1.0,19.0,0,0,0,8,3,0,0,0,0,1,0,0
52.33,3.978268041237113,0,5,135.0,16.0,0,613,0,0,1,2177,102,66,1.0,2.0,0,0,0,8,8,1,0,0,0,0,1,1
221.48,4.3,5086,6,464.0,14.0,0,3618,1,1,5,4083,89,249,1.0,21.0,0,0,0,7,0,0,0,0,0,1,0,1
102.36,4.5,0,1,250.0,31.0,0,21,1,1,1,2630,199,128,4.0,1.0,0,0,0,4,0,0,0,1,0,0,0,0
292.76,5.0,3744,3,708.0,9.0,1,2379,1,0,4,554,52,32,4.0,14.0,1,0,0,9,9,0,0,1,0,0,0,0
141.71,4.5,0,5,424.0,1.0,1,523,0,0,2,3686,532,29,2.0,22.0,0,0,0,2,6,0,0,1,0,0,0,1
316.1,3.7,1935,3,152.0,7.0,1,1357,0,1,3,2282,319,105,4.0,17.0,0,0,0,4,2,0,0,0,1,0,0,0
152.12,3.3,986,1,323.0,20.0,2,215,1,0,2,3538,365,178,2.0,0.0,0,1,0,6,0,0,1,0,0,0,0,1
17.87,4.1,1329,2,319.0,1.0,0,2112,1,0,4,1710,200,76,1.6757142857142857,6.0,1,0,0,7,0,0,0,0,0,0,0,0
190.38,4.2,5198,4,310.0,5.0,1,2214,1,1,2,3187,85,163,2.0,19.0,1,0,0,0,5,0,0,1,0,0,0,0
93.3,3.8,66,1,315.0,1.0,0,1158,1,0,3,1334,129,92,0.0,3.0,0,0,0,3,0,0,1,0,0,0,0,0
134.58,3.978268041237113,0,3,166.0,28.0,1,296,0,0,2,3700,299,60,0.0,12.0,0,0,0,1,0,0,0,0,1,0,0,0
98.75,4.4,3427,8,51.0,24.0,1,3049,0,0,1,2088,185,25,2.0,7.0,0,0,0,5,9,0,0,1,0,0,0,0
25.36,4.1,0,3,63.0,17.0,0,2149,1,1,2,2203,211,114,3.0,6.0,0,1,0,6,2,0,0,0,1,0,0,0
61.51,3.3,353,2,506.0,16.0,2,3177,1,1,2,1353,136,98,0.0,3.0,0,1,0,8,0,0,0,1,0,0,0,1
202.43,4.2,4999,7,481.0,13.0,0,999,0,1,2,3850,91,153,2.0,15.0,0,0,0,4,9,1,0,0,0,0,0,0
295.74,4.9,3072,5,480.0,8.0,0,1627,1,0,2,2326,180,21,2.0,25.0,1,0,0,7,4,0,0,1,0,0,0,0
76.84,3.3,3391,1,315.0,17.0,1,1725,1,1,3,4139,290,58,2.0,4.0,1,1,0,1,8,1,0,0,0,0,0,1
200.65,4.1,1514,4,540.0,16.0,1,1700,0,1,1,4258,454,182,2.0,13.0,0,0,0,6,2,0,0,0,0,1,0,0
137.97,3.7,223,2,253.0,32.0,0,1496,0,1,2,1639,212,110,4.0,8.0,1,1,0,6,1,0,1,0,0,0,0,0
230.63,3.8,2266,3,346.0,31.0,1,2320,1,0,1,871,60,8,2.0,10.0,0,0,0,8,5,0,0,0,0,0,0,0
141.91,5.0,0,5,71.0,1.0,2,3412,0,0,2,3922,449,233,2.0,15.0,0,0,0,1,4,0,0,0,0,0,1,0
271.66,4.0,569,5,522.0,14.0,0,470,1,0,2,3792,139,273,4.0,11.0,0,0,0,5,5,1,0,0,0,0,0,1
165.24,4.0,2348,5,531.0,15.0,0,2928,1,1,2,3644,215,70,0.0,6.0,0,0,0,7,7,0,0,1,0,0,0,1
115.05,4.0,4187,4,300.0,11.0,0,1395,1,1,2,3328,200,113,0.0,16.0,0,0,0,6,3,0,0,0,0,1,0,0
110.72,4.3,2498,1,571.0,23.0,0,1533,1,0,3,4922,466,92,0.0,11.988333333333333,0,0,0,0,4,0,0,1,0,0,0,0
84.33,4.0,0,2,400.0,1.0,1,662,1,1,4,1692,30,53,2.0,15.0,0,0,0,0,3,1,0,1,0,0,0,1
150.64,2.8,2550,3,20.0,28.0,2,1785,1,0,1,387,36,22,1.0,2.0,1,0,1,0,1,1,0,0,0,0,0,1
53.2,4.2,0,2,328.0,15.0,1,625,1,1,1,2987,196,73,0.0,1.0,1,1,0,7,2,0,0,1,0,0,0,1
13.03,3.5,1462,1,20.0,34.0,1,5,0,0,1,2297,246,149,1.0,9.0,1,0,0,6,4,0,0,1,0,0,0,0
271.1,4.2,2464,6,327.0,13.0,0,1115,1,0,5,1339,165,26,3.0,8.0,0,0,0,7,2,0,0,1,0,0,0,0
100.23,3.4,0,6,493.0,14.0,0,1511,1,1,1,2877,106,26,1.0,2.0,0,0,0,2,4,1,0,0,0,0,1,1
160.09,4.1,0,6,427.0,15.0,0,2283,1,1,3,1977,295,13,4.0,20.0,0,1,0,4,9,1,0,0,1,0,0,1
106.39,4.2,5181,1,816.0,14.0,0,1951,1,1,3,4447,482,29,2.0,0.0,0,0,0,0,2,0,1,0,0,0,0,0
59.13,3.2,0,1,32.0,26.0,0,92,1,1,2,3633,71,253,1.0,9.0,1,0,1,5,2,0,0,0,1,0,0,0
61.64,3.6,278,2,402.0,14.0,0,5,1,1,4,2555,205,203,0.0,13.0,1,0,0,3,0,1,0,0,0,1,0,1
189.55,3.2,1316,5,277.0,6.0,2,844,1,0,1,4921,367,182,1.0,4.0,0,0,0,4,6,0,0,0,0,0,0,1
97.61,5.0,3060,6,632.0,19.0,0,1717,0,0,4,1099,58,45,0.0,9.0,0,0,0,1,2,0,0,0,0,0,0,0
323.24,4.0,933,5,439.0,5.0,1,5,1,1,3,1893,20,19,2.0,3.0,0,0,0,9,8,0,0,0,0,1,0,0
309.49,4.7,2873,6,916.0,10.0,1,4000,1,0,6,4844,223,117,4.0,20.0,0,0,0,8,3,1,0,0,0,1,0,0
37.24,3.1,0,1,433.0,14.0,2,717,1,0,1,2256,258,66,0.0,4.0,1,1,0,4,1,0,0,1,0,0,0,1
116.24,4.0,0,5,687.0,9.0,0,2916,0,1,3,994,86,43,0.0,22.0,0,0,0,0,0,0,0,0,1,0,0,0
147.31,3.5,1341,2,152.0,30.0,0,1469,0,0,1,2280,305,81,3.0,0.0,1,1,0,7,3,1,0,0,1,0,0,1
108.56,3.9,0,5,603.0,3.0,1,804,1,0,3,993,15,26,0.0,5.0,1,0,0,2,7,0,0,0,1,0,0,0
161.95,4.9,5135,4,569.0,6.0,1,1884,0,0,3,1360,167,69,3.0,13.0,0,0,0,5,0,0,1,0,0,0,0,0
133.58,3.6,0,2,691.0,7.0,0,1536,1,0,2,4091,165,278,0.0,14.0,0,0,0,4,7,1,0,1,0,0,0,1
172.41,4.4,1380,2,660.0,6.0,1,1366,1,1,4,4585,174,251,2.0,19.0,0,0,0,4,0,0,0,1,0,0,0,0
183.74,4.5,1348,1,242.0,24.0,3,2004,1,1,3,2181,160,21,1.0,0.0,0,0,0,5,0,1,1,0,0,0,0,1
64.62,4.2,0,1,20.0,15.230456852791878,1,5,0,1,1,1549,35,8,0.0,0.0,0,0,0,6,5,0,0,1,0,0,0,1
39.96,3.8,96,6,40.0,29.0,2,610,0,1,3,580,66,11,2.0,5.0,1,0,0,8,5,1,0,0,1,0,0,1
188.54,3.9,2566,3,583.0,39.0,2,2132,1,0,3,3653,258,279,2.0,24.0,1,0,1,7,2,0,0,0,0,0,1,0
436.46,4.7,5072,4,376.0,1.0,0,3908,1,0,5,743,22,53,2.0,27.0,1,1,0,4,1,0,0,0,1,0,0,0
212.2,3.5,0,7,769.0,1.0,0,2049,1,0,5,738,32,10,3.0,14.0,1,0,0,2,0,0,0,0,0,1,0,1
152.8,4.2,1544,4,869.0,8.0,2,1898,1,1,2,1666,53,102,3.0,16.0,1,0,1,8,1,0,1,0,0,0,0,1
105.27,3.8,0,4,341.0,20.0,0,2273,1,0,5,4485,507,165,1.0,10.0,0,0,0,3,4,0,0,0,0,0,0,0
223.05,4.5,1110,4,276.0,15.0,2,2756,1,1,2,2206,255,155,1.0,21.0,1,0,0,0,3,0,1,0,0,0,0,1
145.56,2.6,516,4,415.0,17.0,0,1304,1,1,4,990,117,28,0.0,20.0,0,0,0,8,6,0,0,0,0,0,1,0
50.75,3.9,801,1,434.0,20.0,3,5,1,0,2,3243,79,113,2.0,14.0,0,0,0,0,3,0,0,0,1,0,0,1
266.95,4.5,3433,5,626.0,1.0,0,871,1,1,4,2772,333,42,3.0,13.0,0,0,0,0,3,0,0,0,0,0,0,0
175.63,3.6,1442,1,542.0,17.0,0,1948,1,0,1,162,13,7,1.0,0.0,0,0,0,7,6,0,0,0,0,0,1,0
310.31,4.7,6261,8,658.0,3.0,0,1878,1,0,6,4534,134,139,4.0,19.0,0,0,1,9,1,0,0,0,0,0,1,0
234.04,4.4,4408,4,450.0,14.0,1,2278,1,1,3,567,56,15,0.0,13.0,0,0,0,0,9,0,1,0,0,0,0,0
181.72,4.5,857,6,574.0,12.0,0,2082,1,0,4,4192,374,39,0.0,0.0,0,0,1,0,9,0,0,0,0,0,0,0
351.55,5.0,5698,5,697.0,1.0,0,4000,1,1,3,4254,213,195,4.0,36.0,1,0,0,9,2,0,0,0,1,0,0,0
192.72,4.6,3758,3,745.0,9.0,0,2864,1,1,3,3506,210,162,5.0,21.0,0,1,0,5,7,0,1,0,0,0,0,0
178.71,4.2,1353,3,807.0,22.0,0,3761,1,0,4,3661,177,180,4.0,11.0,1,0,0,4,7,0,0,0,0,0,0,0
5.0,3.3,0,9,189.0,17.0,0,635,1,0,1,4359,65,331,0.0,8.0,0,1,1,2,9,0,0,1,0,0,0,0
80.5,4.7,1626,4,610.0,17.0,1,5,1,1,1,1578,53,115,2.0,12.0,0,0,0,2,7,0,0,0,0,0,1,0
181.97,3.8,0,1,261.0,19.0,1,2222,1,1,2,4604,383,111,2.0,5.0,0,0,0,8,2,0,0,0,0,0,0,0
109.58,4.5,1870,4,516.0,2.0,0,5,0,1,1,4872,119,162,1.0,17.0,0,0,0,4,2,0,0,0,0,0,1,0
51.4,3.6,2705,2,420.0,27.0,3,1586,0,1,1,3227,196,168,0.0,0.0,0,0,0,2,6,0,1,0,0,0,0,1
94.33,4.6,639,2,217.0,4.0,2,634,1,1,3,4760,447,345,4.0,0.0,0,0,0,3,5,0,0,0,1,0,0,0
225.82,4.1,424,2,71.0,19.0,1,5,1,1,2,979,57,69,1.0,20.0,0,0,0,7,1,0,1,0,0,0,0,0
237.56,3.8,3034,5,328.0,12.0,2,568,1,1,2,2367,26,19,3.0,0.0,1,0,0,0,3,0,0,0,1,0,0,0
88.18,4.3,3205,8,223.0,10.0,0,1470,1,0,3,4337,219,265,1.0,12.0,0,1,0,2,8,0,0,1,0,0,0,1
127.79,2.8,0,1,416.0,19.0,0,969,0,0,2,1653,234,59,1.0,3.0,0,0,0,4,3,1,0,0,1,0,0,1
222.37,4.3,3267,4,454.0,1.0,0,2995,1,0,4,3323,493,234,3.0,15.0,0,0,0,3,6,0,0,0,0,1,0,0
226.53,4.9,317,3,633.0,2.0,0,2378,1,1,4,559,55,19,3.0,10.0,0,0,0,5,9,0,1,0,0,0,0,1
163.39,4.0,3249,3,707.0,5.0,1,1492,1,1,1,3707,227,224,4.0,18.0,1,1,1,9,6,0,1,0,0,0,0,1
171.39,4.0,861,1,608.0,10.0,0,203,1,1,5,3773,209,49,2.0,13.0,0,0,0,9,3,0,0,1,0,0,0,0
209.03,4.5,0,5,684.0,15.0,0,987,1,1,3,2775,183,36,1.0,15.0,0,0,0,4,5,0,0,1,0,0,0,0
137.74,4.1,2474,2,542.0,11.0,1,1259,1,0,4,747,73,58,1.0,8.0,1,1,0,0,1,0,0,0,1,0,0,0
108.45,4.0,144,3,349.0,8.0,0,451,0,1,2,348,36,19,0.0,8.0,1,0,1,7,7,0,0,0,1,0,0,0
78.76,4.4,0,4,690.0,11.0,0,1140,1,0,1,1401,204,82,2.0,18.0,0,0,0,2,9,0,0,1,0,0,0,1
78.55,4.9,0,2,299.0,26.0,0,68,1,0,3,1522,79,24,1.0,11.0,0,1,0,6,0,0,0,0,0,0,0,1
57.21,4.2,501,2,20.0,16.0,2,2361,0,0,1,455,49,24,1.0,12.0,0,0,0,6,7,1,1,0,0,0,0,1
107.96,4.6,1238,5,960.0,1.0,0,2660,1,1,3,2499,59,140,2.0,32.0,1,0,0,8,0,0,0,0,1,0,0,0
86.23,4.3,1975,6,652.0,1.0,0,1785,1,1,3,745,39,46,3.0,6.0,0,0,0,7,2,0,0,0,1,0,0,0
226.74,3.4,600,1,251.0,15.230456852791878,3,583,1,0,3,66,4,1,0.0,6.0,0,0,0,4,9,1,0,1,0,0,0,1
194.4,5.0,6788,6,862.0,13.0,1,2319,0,1,4,3940,469,23,3.0,27.0,0,0,0,9,5,0,0,0,0,0,1,1
135.61,4.5,1626,2,616.0,4.0,0,1624,1,1,2,3074,70,95,2.0,17.0,0,0,0,9,6,0,0,0,0,1,0,0
61.9,4.2,944,4,552.0,17.0,0,1625,1,0,4,1311,92,11,2.0,23.0,0,0,0,6,4,0,0,0,0,0,1,0
71.39,3.3,1956,1,533.0,19.0,2,595,1,1,1,4438,191,91,0.0,9.0,1,0,0,7,5,1,0,1,0,0,0,1
62.65,3.5,2838,3,670.0,12.0,0,1594,1,0,3,51,5,2,0.0,4.0,0,0,1,2,5,0,0,0,0,0,0,0
165.68,3.6,522,7,114.0,1.0,1,133,1,1,2,2778,317,79,0.0,0.0,0,1,0,1,0,0,0,0,0,1,0,0
145.93,4.1,2646,5,128.0,21.0,1,861,1,1,2,1870,164,43,1.6757142857142857,4.0,1,0,0,9,0,0,0,1,0,0,0,0
84.91,3.6,0,4,417.0,29.0,1,2073,1,1,2,4568,529,49,1.0,6.0,0,1,1,5,3,1,0,0,0,0,0,1
82.77,4.1,4517,4,104.0,27.0,0,1239,1,0,1,4225,226,310,2.0,4.0,0,0,0,3,4,0,0,0,1,0,0,0
138.94,4.7,2199,4,667.0,14.0,0,2653,1,0,1,2220,121,146,0.0,16.0,1,0,0,2,4,0,0,0,0,0,1,0
302.52,4.3,2232,5,290.0,4.0,0,2530,1,1,1,3505,182,146,1.0,17.0,1,0,0,1,8,1,1,0,0,0,0,1
205.47,3.5,691,6,399.0,28.0,0,5,1,1,1,363,42,24,0.0,2.0,1,0,1,5,7,1,0,0,0,1,0,1
57.91,3.7,296,5,300.0,20.0,2,1194,1,1,2,2516,345,195,1.0,7.0,0,0,0,6,1,0,0,1,0,0,0,0
225.31,3.4,0,6,516.0,15.230456852791878,0,1704,1,1,3,4090,148,66,1.0,19.0,1,0,0,8,5,0,0,0,1,0,0,1
223.49,3.6,5077,3,615.0,7.0,0,2259,0,1,6,107,3,6,1.0,31.0,0,0,0,4,5,0,0,0,0,0,0,0
296.27,5.0,2994,5,961.0,1.0,0,4000,1,1,1,3185,370,106,5.0,12.0,1,0,0,9,3,0,1,0,0,0,0,0
21.54,4.3,3115,2,583.0,17.0,2,852,0,0,2,887,90,67,1.0,0.0,0,0,0,1,9,0,0,1,0,0,0,0
75.21,3.5,0,2,850.0,19.0,3,1301,1,0,4,1997,180,30,0.0,13.0,0,0,0,0,3,1,0,0,1,0,0,1
139.65,4.3,1837,1,788.0,21.0,0,1595,1,1,4,1433,168,104,0.0,5.0,0,1,0,4,3,0,0,0,0,1,0,1
193.78,4.7,847,5,284.0,26.0,2,2188,1,1,1,1323,63,8,0.0,2.0,0,0,0,1,5,0,0,0,0,1,0,0
156.61,3.7,4823,5,403.7255102040816,9.0,0,1875,1,1,1,2617,262,16,3.0,18.0,0,0,0,6,1,0,0,0,0,1,0,0
24.35,3.0,745,2,230.0,27.0,1,776,1,1,1,4520,293,340,0.0,9.0,0,0,0,4,3,0,1,0,0,0,0,1
5.0,4.5,2865,5,395.0,6.0,2,2196,1,1,3,1499,128,91,4.0,6.0,1,0,0,9,1,0,0,1,0,0,0,1
99.07,4.2,176,5,131.0,8.0,0,176,0,1,1,657,26,43,1.0,19.0,0,0,0,4,3,0,0,0,0,1,0,0
140.11,4.2,1953,1,479.0,5.0,3,76,1,0,1,1838,50,25,0.0,6.0,0,1,0,9,9,0,0,0,0,0,0,1
158.91,4.8,3687,4,219.0,7.0,0,2541,1,1,4,354,45,23,2.0,21.0,1,1,0,2,7,0,0,0,1,0,0,0
54.68,3.978268041237113,0,4,261.0,18.0,2,341,0,0,3,3529,61,76,0.0,0.0,0,0,1,6,9,0,0,0,0,0,1,1
137.56,4.0,2765,3,281.0,10.0,2,1044,1,1,5,715,96,45,0.0,0.0,0,0,0,3,7,0,0,0,0,1,0,0
243.02,4.8,3168,4,485.0,35.0,0,2163,0,1,3,1259,28,35,4.0,19.0,0,1,0,7,0,0,0,0,1,0,0,0
201.9,3.6,3037,2,200.0,13.0,0,3501,0,1,5,971,45,76,3.0,14.0,0,0,0,4,2,0,0,1,0,0,0,0
290.55,4.8,4348,6,522.0,17.0,0,2236,1,1,1,1794,147,32,1.0,7.0,0,0,0,9,7,0,0,1,0,0,0,0
139.34,2.8,0,3,488.0,15.0,0,1022,1,1,1,732,64,14,0.0,7.0,0,1,0,7,5,1,0,0,1,0,0,1
148.18,3.9,2709,4,403.7255102040816,18.0,1,976,0,1,1,1789,194,118,1.0,11.988333333333333,1,0,0,1,4,0,0,0,1,0,0,1
74.33,3.978268041237113,489,1,20.0,20.0,1,938,1,1,1,4154,42,241,2.0,13.0,0,0,0,1,6,1,0,0,0,0,1,1
119.6,5.0,4835,5,602.0,1.0,0,2602,1,1,5,4627,237,345,4.0,5.0,0,0,0,2,3,0,1,0,0,0,0,0
68.33,4.0,2646,3,279.0,26.0,2,447,1,1,2,2503,237,41,1.0,13.0,1,1,0,3,3,0,0,0,0,0,1,0
146.25,4.2,2669,2,107.0,1.0,0,2535,1,0,1,2415,62,60,1.0,17.0,0,0,0,0,7,0,0,0,0,0,1,0
310.86,3.7,2600,5,552.0,1.0,0,1879,1,1,2,358,33,23,5.0,24.0,0,0,0,4,2,0,0,1,0,0,0,0
248.52,5.0,5985,6,808.0,1.0,0,3109,1,1,4,2525,77,38,3.0,30.0,0,0,0,8,9,0,0,1,0,0,0,0
42.26,3.5,1055,4,403.7255102040816,27.0,3,1162,0,1,2,1716,130,8,1.0,6.0,1,0,0,9,5,0,0,1,0,0,0,1
5.0,4.5,3898,4,177.0,4.0,0,2833,1,1,5,4210,108,191,5.0,21.0,0,0,0,4,0,0,0,0,0,1,0,0
29.18,3.4,1171,4,187.0,3.0,3,5,1,1,3,250,6,9,1.0,10.0,0,0,0,8,1,1,0,0,0,1,0,1
97.07,4.7,2620,10,434.0,13.0,1,1325,1,1,3,512,45,25,5.0,17.0,0,0,0,6,7,0,0,1,0,0,0,0
5.0,3.2,0,3,394.0,21.0,2,555,0,0,2,3224,375,162,2.0,2.0,0,0,0,5,7,0,0,0,1,0,0,0
43.15,3.4,0,1,195.0,18.0,1,484,1,1,1,793,118,27,0.0,13.0,0,0,0,7,4,0,0,1,0,0,0,0
194.07,4.2,3247,3,262.0,1.0,0,405,1,1,3,4337,603,274,3.0,19.0,1,0,0,5,6,0,0,1,0,0,0,0
169.73,4.3,3365,6,382.0,1.0,0,1966,1,1,3,1205,69,50,1.0,3.0,1,0,0,5,2,0,1,0,0,0,0,0
79.39,3.9,0,3,89.0,15.0,2,201,1,1,1,4857,553,78,1.0,0.0,0,0,0,1,4,0,1,0,0,0,0,1
191.08,4.3,3614,4,219.0,20.0,0,1019,0,0,3,1121,83,23,0.0,14.0,1,1,0,0,2,0,0,1,0,0,0,0
319.81,5.0,211,3,366.0,12.0,2,3899,0,1,1,1445,86,97,2.0,16.0,0,0,0,6,7,0,0,1,0,0,0,1
236.79,3.9,92,3,710.0,27.0,2,2245,1,0,3,2313,212,172,2.0,15.0,0,0,0,2,0,0,0,0,0,0,1,0
193.01,3.9,0,4,219.0,3.0,3,1634,1,1,2,4794,521,225,1.0,0.0,1,0,0,8,1,0,0,0,0,1,0,0
74.9,4.6,1134,4,462.0,10.0,1,2144,1,1,5,2715,57,114,4.0,16.0,1,0,0,6,6,0,0,0,0,1,0,0
252.83,4.6,2306,3,310.0,10.0,0,5,0,1,3,1186,122,74,0.0,21.0,0,0,0,0,0,0,1,0,0,0,0,0
151.07,3.7,0,4,284.0,26.0,0,1213,1,0,2,2886,176,169,1.0,5.0,0,0,1,9,0,0,0,0,0,1,0,0
22.07,3.978268041237113,0,2,53.0,18.0,2,296,1,1,1,3405,191,93,1.0,11.988333333333333,0,0,0,2,5,1,0,1,0,0,0,1
236.61,4.3,509,3,484.0,1.0,1,1449,1,1,4,2032,249,134,2.0,18.0,0,0,0,7,8,0,0,1,0,0,0,0
147.45,3.1,0,1,665.0,14.0,3,2798,0,1,1,516,64,6,3.0,0.0,0,0,0,7,4,1,0,0,0,0,1,1
223.11,4.4,5106,5,431.0,1.0,0,1032,1,1,1,1730,127,51,3.0,16.0,0,0,0,5,3,0,1,0,0,0,0,0
78.48,3.6,1102,4,221.0,30.0,0,5,0,0,4,4248,100,193,3.0,11.0,1,1,0,6,5,0,1,0,0,0,0,1
100.85,4.6,733,1,20.0,41.0,1,759,0,1,3,1539,114,30,4.0,3.0,0,0,0,4,4,1,0,0,1,0,0,1
244.96,3.7,2173,7,354.0,13.0,2,5,0,0,1,3475,384,73,1.6757142857142857,12.0,0,0,0,4,4,0,0,0,1,0,0,0
163.26,4.6,1481,5,605.0,1.0,0,2811,1,1,3,3674,267,89,4.0,6.0,0,0,0,7,0,0,0,0,0,0,1,0
276.96,4.8,2723,1,502.0,3.0,0,2321,1,0,4,3564,518,53,3.0,19.0,1,0,0,4,3,0,0,1,0,0,0,0
207.18,3.4,1467,1,86.0,4.0,0,2062,1,1,3,3437,145,160,0.0,13.0,0,0,0,6,4,0,0,0,0,1,0,1
143.4,3.7,3281,4,649.0,6.0,1,1679,1,0,4,1554,130,35,2.0,9.0,0,0,0,8,5,0,0,0,0,0,1,0
313.03,5.0,5029,5,403.7255102040816,1.0,0,3697,1,1,2,199,10,12,5.0,23.0,0,0,0,0,1,0,0,1,0,0,0,0
73.53,4.3,1375,8,413.0,1.0,0,345,1,0,4,3968,182,44,1.0,11.0,0,1,1,9,4,0,0,0,0,1,0,0
144.79,4.2,1453,3,684.0,5.0,0,1668,0,0,1,630,66,29,2.0,14.0,0,0,0,4,8,0,0,0,1,0,0,0
156.15,2.9,2605,3,661.0,1.0,0,4000,1,1,4,2342,26,102,4.0,24.0,1,0,0,6,1,0,0,1,0,0,0,0
215.03,4.3,3011,4,574.0,8.0,0,2450,1,1,6,2075,243,87,3.0,0.0,0,0,0,4,2,0,0,0,0,1,0,0
170.64,4.0,1625,1,368.0,19.0,2,5,1,1,1,4553,483,86,0.0,12.0,0,0,0,8,3,0,1,0,0,0,0,0
5.0,2.5,0,2,20.0,23.0,2,5,0,1,1,4994,187,328,2.0,17.0,0,0,0,4,9,1,1,0,0,0,0,1
5.0,3.2,0,1,20.0,35.0,3,5,1,0,1,1972,74,28,2.0,12.0,0,0,1,0,0,1,0,0,0,0,1,1
183.66,3.9,386,7,495.0,1.0,0,2510,1,1,2,4722,635,207,4.0,13.0,1,0,0,9,8,0,0,0,1,0,0,0
86.79,3.5,0,1,259.0,6.0,2,508,0,0,2,1785,43,19,2.0,1.0,0,0,0,9,5,0,0,0,0,0,1,1
230.82,3.9,278,5,193.0,15.230456852791878,0,1574,0,1,5,4140,524,274,3.0,16.0,0,0,0,0,6,1,1,0,0,0,0,1
130.56,4.2,0,2,495.0,8.0,2,1325,0,1,3,2567,107,109,1.0,7.0,0,0,0,4,3,1,0,1,0,0,0,1
71.24,3.4,2650,1,324.0,14.0,2,2446,1,0,2,1335,152,28,0.0,16.0,0,1,0,5,5,0,0,0,0,0,1,1
16.38,3.9,0,3,186.0,13.0,0,5,0,1,1,1309,72,36,2.0,0.0,0,0,0,3,4,0,0,0,0,0,1,0
118.59,3.1,3931,4,20.0,41.0,2,1151,1,0,1,395,24,11,1.6757142857142857,11.988333333333333,0,0,0,4,0,1,0,0,0,0,0,1
263.83,4.2,4632,9,290.0,12.0,0,2637,1,0,2,4184,475,97,2.0,17.0,1,0,0,1,4,0,0,1,0,0,0,0
79.49,3.8,562,3,20.0,10.0,1,5,1,0,1,830,69,64,1.0,0.0,0,0,1,0,0,0,0,0,1,0,0,1
105.66,4.5,2301,1,215.0,12.0,0,2157,1,1,1,2035,293,111,0.0,13.0,0,0,0,4,8,0,0,0,0,0,1,0
285.33,5.0,7011,7,522.0,3.0,0,2046,1,1,3,3019,259,64,4.0,35.0,1,0,0,2,1,0,0,0,0,1,0,0
95.46,4.3,231,2,468.0,6.0,1,1695,1,1,2,4920,524,191,3.0,9.0,1,0,0,8,8,0,0,0,0,0,0,0
253.52,4.0,813,3,549.0,31.0,0,2217,1,0,4,197,10,8,3.0,15.0,0,0,0,6,8,0,0,0,0,0,1,0
93.04,3.4,0,4,20.0,21.0,1,5,0,1,1,3161,246,106,0.0,22.0,0,0,0,9,3,0,0,0,1,0,0,0
150.96,3.8,1955,1,379.0,17.0,0,367,0,1,3,3495,165,31,1.0,11.0,0,0,0,7,3,1,0,0,1,0,0,1
207.61,4.1,1411,5,552.0,24.0,3,2783,0,0,2,2870,208,75,0.0,5.0,0,0,0,9,2,1,0,0,1,0,0,1
187.32,4.7,1248,5,403.7255102040816,16.0,2,2401,1,1,2,3706,340,81,1.0,7.0,0,0,0,1,0,0,0,0,0,0,1,0
214.44,4.3,4419,4,664.0,7.0,0,430,1,0,1,647,59,25,2.0,10.0,0,0,0,6,3,1,0,0,0,1,0,0
211.21,3.978268041237113,5293,5,782.0,1.0,1,2537,1,1,4,1164,75,12,3.0,14.0,1,0,0,6,8,0,0,0,0,0,0,0
163.47,3.9,4422,6,342.0,32.0,1,3067,1,1,5,4770,222,185,3.0,19.0,0,0,0,8,6,0,0,0,0,0,1,0
217.55,3.1,0,6,683.0,1.0,0,2360,1,1,3,1991,102,157,2.0,17.0,0,0,1,6,6,0,0,0,1,0,0,0
121.39,3.8,0,3,264.0,16.0,0,1039,1,1,5,1817,52,54,0.0,11.0,0,0,0,2,0,0,0,0,0,0,0,1
186.3,3.978268041237113,0,1,389.0,28.0,2,5,0,0,2,4242,177,97,3.0,6.0,0,1,1,4,4,0,1,0,0,0,0,1
249.95,4.8,2236,7,589.0,3.0,0,1934,1,1,4,2408,41,188,4.0,16.0,0,0,0,6,3,0,0,0,1,0,0,0
5.0,3.6,0,1,262.0,29.0,0,5,1,1,2,288,6,20,1.6757142857142857,5.0,1,0,0,2,0,0,0,1,0,0,0,1
84.68,3.3,1126,2,132.0,24.0,2,5,0,1,2,4839,564,85,0.0,14.0,0,1,0,5,3,1,1,0,0,0,0,1
235.56,4.1,2346,4,550.0,1.0,0,1898,1,1,4,2636,307,129,2.0,30.0,0,0,0,1,8,0,1,0,0,0,0,0
79.62,3.1,28,3,107.0,6.0,1,5,0,1,1,4017,341,93,0.0,8.0,0,0,1,5,4,0,0,0,0,0,1,1
73.89,3.6,1136,1,369.0,31.0,0,586,1,0,1,4121,521,188,2.0,9.0,1,0,0,2,2,0,0,0,0,0,1,1
279.67,4.3,1780,4,585.0,33.0,0,614,1,1,4,3143,154,59,5.0,13.0,0,0,1,6,5,0,1,0,0,0,0,0
5.0,3.5,2094,1,291.0,32.0,1,950,1,1,2,2212,149,159,1.0,13.0,0,0,1,1,5,0,0,0,0,1,0,1
198.86,4.6,1532,1,516.0,7.0,0,1352,1,1,3,3624,194,180,0.0,20.0,0,0,0,4,8,0,0,0,1,0,0,0
92.42,3.7,530,5,463.0,12.0,1,409,1,1,2,2805,170,53,2.0,18.0,0,1,0,0,6,0,0,0,0,1,0,0
138.15,4.6,0,2,371.0,6.0,1,312,0,0,3,3264,271,35,3.0,5.0,0,0,0,4,8,0,0,0,0,1,0,0
287.1,4.3,2608,3,478.0,20.0,1,2533,1,0,3,850,67,10,3.0,9.0,0,0,0,9,8,0,0,1,0,0,0,0
85.53,3.5,4377,6,215.0,15.0,3,890,1,0,1,489,30,20,0.0,3.0,0,0,0,1,9,0,0,0,0,1,0,0
114.8,3.3,0,4,318.0,36.0,1,163,0,0,2,1794,221,122,0.0,2.0,0,0,0,1,3,0,1,0,0,0,0,0
145.16,3.0,506,5,770.0,11.0,0,2150,0,1,3,4408,590,112,2.0,27.0,1,1,0,3,7,0,0,0,0,0,0,0
122.08,3.9,4994,5,843.0,13.0,1,692,0,1,2,2082,246,74,1.0,15.0,0,0,0,5,9,1,0,1,0,0,0,1
79.64,4.7,825,1,646.0,1.0,0,593,1,1,2,57,2,3,0.0,18.0,0,0,0,5,1,1,0,0,1,0,0,1
175.99,3.5,517,8,470.0,5.0,0,2148,1,1,2,924,44,67,4.0,15.0,1,0,0,6,1,0,0,0,1,0,0,0
297.12,4.9,4776,6,537.0,4.0,0,3368,0,1,2,1910,211,41,2.0,17.0,1,0,0,3,9,0,0,0,1,0,0,0
261.39,3.9,3180,3,482.0,1.0,0,1939,1,1,3,452,41,10,0.0,8.0,0,0,0,5,4,0,0,1,0,0,0,0
190.48,4.0,1363,3,372.0,27.0,0,484,1,1,3,60,0,4,0.0,17.0,0,0,0,8,4,0,0,0,0,1,0,0
104.1,3.5,0,3,59.0,39.0,3,1132,0,1,1,2123,227,83,1.0,9.0,0,0,1,2,1,0,1,0,0,0,0,0
204.92,4.6,941,4,138.0,1.0,2,3249,0,1,2,3702,307,132,3.0,24.0,0,0,0,4,8,0,0,1,0,0,0,0
253.92,3.8,2267,1,435.0,18.0,1,558,1,1,4,4494,528,122,3.0,2.0,1,0,0,7,2,0,0,0,0,0,1,0
85.12,3.6,1754,3,221.0,20.0,2,449,0,0,4,3900,482,158,0.0,25.0,0,0,0,9,5,0,0,0,0,1,0,1
92.57,3.7,990,2,20.0,26.0,2,99,1,1,3,2410,292,108,3.0,7.0,0,0,0,5,1,1,0,0,0,0,0,1
228.0,4.8,4799,4,361.0,1.0,0,2233,1,0,5,105,4,1,3.0,21.0,0,0,0,7,4,0,1,0,0,0,0,0
108.94,3.9,1950,4,69.0,13.0,1,1025,1,1,1,3766,380,43,0.0,8.0,0,1,0,4,9,1,1,0,0,0,0,1
236.46,4.7,405,2,754.0,1.0,1,2499,1,1,2,4913,669,39,5.0,17.0,0,0,0,4,4,0,0,0,0,0,1,0
118.76,4.5,1969,4,558.0,9.0,2,3063,1,1,3,3934,436,79,1.0,12.0,0,0,0,1,2,0,0,0,0,0,1,0
192.56,3.7,5426,5,801.0,1.0,0,1993,1,1,3,716,66,39,4.0,8.0,0,0,0,6,9,0,0,0,1,0,0,0
158.61,4.7,2414,5,612.0,1.0,1,5,0,1,3,2731,159,140,0.0,20.0,0,0,0,3,9,0,1,0,0,0,0,0
7.02,3.978268041237113,457,3,466.0,12.0,2,364,0,0,3,1665,168,73,3.0,2.0,0,1,0,4,1,1,1,0,0,0,0,0
73.92,3.2,506,3,20.0,21.0,2,1456,1,1,1,4696,491,301,1.0,10.0,0,0,0,7,8,1,0,0,0,0,0,1
191.26,3.5,0,1,645.0,17.0,2,1587,1,0,2,1356,24,67,1.6757142857142857,17.0,0,0,0,9,9,1,0,0,0,0,0,1
118.86,4.8,0,4,629.0,1.0,0,1283,1,0,4,823,39,6,3.0,15.0,0,0,0,9,6,0,0,0,0,0,0,0
75.61,5.0,2075,7,763.0,14.0,0,3082,1,1,1,415,49,16,0.0,15.0,1,0,0,4,0,0,0,0,0,0,0,0
178.06,4.1,0,5,581.0,1.0,0,3718,1,1,5,1902,149,80,1.0,25.0,0,0,0,4,6,0,1,0,0,0,0,0
287.18,4.8,3628,7,522.0,1.0,0,2941,1,1,4,634,21,46,0.0,4.0,0,0,0,7,7,0,1,0,0,0,0,0
23.96,3.3,3439,2,224.0,5.0,2,2114,1,0,2,2999,178,117,1.0,0.0,0,1,0,0,6,0,0,0,0,0,1,1
91.01,4.8,1366,5,403.7255102040816,17.0,1,2244,1,1,2,4701,452,78,1.0,14.0,1,0,1,8,4,0,0,1,0,0,0,0
247.24,3.8,0,3,76.0,29.0,1,937,1,1,2,1803,224,48,1.0,10.0,0,0,1,7,9,0,0,1,0,0,0,0
53.41,4.1,938,4,33.0,21.0,1,2569,1,0,4,4257,483,283,1.0,8.0,0,0,0,2,2,0,0,0,0,1,0,1
139.83,3.2,0,2,235.0,20.0,1,1945,1,0,3,688,61,47,2.0,10.0,1,1,0,6,3,0,0,0,0,1,0,0
165.67,4.2,1517,6,463.0,22.0,1,1605,1,1,3,2287,85,95,3.0,21.0,0,0,1,2,0,0,0,0,0,1,0,0
107.13,4.0,0,3,612.0,13.0,0,5,0,1,3,1181,109,38,2.0,30.0,0,0,1,1,5,1,1,0,0,0,0,1
15.2,3.5,278,1,534.0,24.0,1,5,1,1,2,4119,201,40,0.0,10.0,0,0,0,7,7,1,0,0,0,0,0,1
172.0,3.2,265,2,822.0,15.230456852791878,0,5,0,0,1,3252,375,139,0.0,18.0,0,0,1,2,5,1,1,0,0,0,0,1
199.32,4.0,1488,5,160.0,8.0,1,3155,1,1,3,3626,85,71,1.0,26.0,0,0,0,5,5,0,0,1,0,0,0,1
107.81,3.3,880,3,351.0,31.0,0,5,0,1,1,1066,20,34,0.0,0.0,1,0,0,4,2,0,0,0,0,0,0,1
130.38,4.3,1695,3,320.0,11.0,3,930,0,1,1,4231,499,52,0.0,9.0,0,0,0,1,7,0,0,0,0,0,1,0
207.73,3.5,2202,1,565.0,5.0,0,2611,0,1,3,1565,99,82,0.0,12.0,0,0,0,1,8,0,0,0,0,1,0,0
209.3,3.9,1860,5,630.0,10.0,0,1618,0,0,5,76,11,0,1.0,27.0,0,0,0,6,5,0,0,0,0,0,1,0
62.79,4.9,626,3,837.0,12.0,2,1466,1,1,3,865,112,17,4.0,23.0,1,0,0,5,9,0,0,0,1,0,0,0
81.91,4.2,746,2,723.0,8.0,2,617,1,1,2,952,97,7,3.0,0.0,0,0,0,8,8,0,1,0,0,0,0,0
144.47,3.5,0,1,444.0,9.0,1,1496,0,1,3,2788,115,217,0.0,10.0,1,0,0,2,9,0,0,0,0,0,0,0
166.12,3.9,456,1,166.0,28.0,1,92,1,0,4,4344,624,316,1.0,15.0,0,1,1,5,5,0,0,0,0,0,0,0
180.58,3.8,1675,5,578.0,1.0,0,3355,1,1,2,2930,337,76,2.0,12.0,0,0,0,4,3,0,0,0,1,0,0,1
159.51,4.5,242,7,564.0,1.0,0,354,1,1,2,4510,116,184,3.0,14.0,0,0,0,0,3,0,0,0,0,1,0,0
36.08,3.7,2571,1,107.0,24.0,0,1756,1,1,2,709,73,36,0.0,0.0,0,1,1,6,4,0,0,0,0,0,0,1
82.86,3.6,3557,3,601.0,8.0,1,1768,1,1,3,4686,248,321,0.0,9.0,0,1,0,0,4,0,0,1,0,0,0,0
196.68,4.1,3546,6,227.0,1.0,2,80,1,0,4,2729,318,57,2.0,5.0,1,0,0,0,8,0,0,0,0,0,0,0
133.96,3.9,0,1,476.0,1.0,3,5,1,1,2,1327,50,48,0.0,12.0,1,0,1,2,1,1,1,0,0,0,0,1
244.94,4.4,1061,8,324.0,20.0,0,2460,1,1,3,2237,208,91,3.0,11.988333333333333,0,0,0,2,7,0,0,1,0,0,0,0
44.89,4.6,724,4,544.0,13.0,0,355,1,1,3,977,95,56,1.0,33.0,1,0,0,0,2,1,0,0,1,0,0,0
186.32,4.0,1871,4,317.0,30.0,1,2490,1,1,4,4240,562,227,2.0,0.0,0,1,0,4,3,1,1,0,0,0,0,1
5.0,1.9,347,1,20.0,35.0,1,6,0,0,1,3572,341,27,1.6757142857142857,0.0,0,1,0,7,9,1,0,1,0,0,0,1
210.93,4.7,1259,5,375.0,18.0,1,1116,1,0,2,2396,170,118,2.0,11.988333333333333,0,0,0,1,5,0,0,0,0,0,0,0
68.96,3.4,1579,3,161.0,34.0,1,1535,1,1,1,4491,54,121,0.0,11.0,1,1,0,8,7,0,0,0,0,1,0,0
225.63,3.2,564,3,403.7255102040816,30.0,1,1361,0,1,2,2813,138,171,2.0,15.0,0,0,0,1,5,1,0,1,0,0,0,1
262.48,4.3,1556,3,331.0,14.0,0,1522,0,1,1,1902,100,94,1.0,8.0,1,0,0,1,3,0,0,1,0,0,0,0
137.23,4.1,0,5,458.0,12.0,1,5,1,1,4,259,31,7,2.0,17.0,0,1,0,5,6,0,1,0,0,0,0,0
114.8,3.5,1791,4,313.0,1.0,1,2802,1,1,3,523,47,29,1.0,1.0,0,0,0,6,1,0,0,0,1,0,0,0
5.0,3.5,0,1,20.0,22.0,3,1043,0,0,2,1063,81,46,0.0,5.0,0,0,1,3,4,1,0,1,0,0,0,1
94.92,4.2,2247,1,721.0,1.0,1,670,1,0,3,753,62,15,1.0,11.988333333333333,1,0,1,3,8,0,0,0,1,0,0,0
160.98,4.7,3368,5,272.0,12.0,0,2772,0,0,4,2232,114,69,4.0,22.0,0,0,0,3,9,0,1,0,0,0,0,1
53.7,3.5,0,3,267.0,14.0,0,535,0,0,2,3738,408,270,0.0,4.0,1,1,0,6,8,0,0,0,0,1,0,1
165.63,3.1,0,5,515.0,21.0,1,264,1,1,4,1865,93,60,1.0,0.0,1,1,0,1,1,0,0,0,0,0,1,1
60.67,3.7,835,1,725.0,19.0,3,611,1,0,1,3181,133,131,1.0,2.0,1,0,0,5,4,0,0,1,0,0,0,1
54.25,3.0,3279,5,432.0,17.0,0,5,1,0,2,3493,108,57,4.0,5.0,1,0,0,9,7,1,0,0,0,0,0,1
123.2,3.7,2280,1,427.0,18.0,0,869,0,1,3,4589,253,211,1.0,24.0,1,0,0,0,0,1,0,1,0,0,0,1
188.11,3.4,690,4,398.0,14.0,0,252,0,0,2,1638,219,68,3.0,6.0,0,0,0,9,7,1,0,0,1,0,0,1
58.91,3.8,4680,2,20.0,1.0,0,1995,1,0,2,4655,407,212,2.0,13.0,0,0,0,7,6,0,0,0,0,1,0,0
137.68,4.4,2514,5,541.0,21.0,0,1395,0,0,4,1107,162,64,0.0,9.0,1,0,0,4,3,0,0,1,0,0,0,0
103.06,4.0,312,4,262.0,7.0,3,1420,1,1,2,4022,455,248,4.0,24.0,1,0,0,3,6,0,1,0,0,0,0,0
10.34,3.3,1207,1,20.0,26.0,1,5,0,0,1,3990,383,83,2.0,7.0,0,1,1,5,4,0,0,1,0,0,0,1
173.65,4.2,0,1,20.0,13.0,4,1095,1,1,1,395,37,20,1.0,3.0,0,1,0,0,0,0,0,0,0,0,0,1
87.33,3.5,1865,2,807.0,7.0,0,232,0,0,1,2982,116,21,2.0,11.988333333333333,0,0,0,9,3,0,1,0,0,0,0,0
137.32,3.9,1617,3,194.0,3.0,0,1680,1,1,2,376,39,17,1.0,24.0,0,0,0,6,8,0,1,0,0,0,0,0
69.9,3.5,2012,3,364.0,15.0,2,2145,1,0,5,4358,75,98,2.0,18.0,0,0,0,3,9,0,0,1,0,0,0,0
108.41,3.6,0,3,327.0,15.0,1,1248,1,0,4,4856,336,31,1.0,13.0,0,0,0,6,1,0,0,0,0,0,0,0
124.58,3.2,2459,4,573.0,11.0,0,528,1,1,3,2721,165,95,0.0,4.0,0,0,1,5,1,0,0,0,1,0,0,1
76.35,3.4,0,4,24.0,20.0,2,5,1,1,2,3223,454,187,0.0,0.0,0,0,0,1,7,0,0,1,0,0,0,1
136.79,3.5,0,4,137.0,2.0,2,5,0,0,4,4740,607,369,3.0,15.0,0,0,0,1,8,0,0,0,0,1,0,0
133.7,3.4,2755,3,198.0,34.0,2,5,1,0,2,1839,39,108,0.0,0.0,1,0,0,6,0,0,0,0,0,0,0,0
69.65,3.1,0,1,44.0,19.0,2,5,0,0,1,836,27,20,0.0,0.0,0,0,0,6,8,1,0,0,0,0,0,1
150.98,4.4,0,7,170.0,4.0,1,1982,1,0,3,3143,55,61,0.0,12.0,1,0,0,1,2,0,0,0,0,1,0,0
287.32,4.4,1616,5,339.0,22.0,2,2165,1,1,2,1137,21,53,0.0,16.0,1,0,0,3,3,0,0,0,1,0,0,0
311.42,2.9,238,3,391.0,11.0,0,1036,0,0,1,3791,136,111,2.0,0.0,0,0,0,5,2,1,0,0,0,1,0,1
109.78,4.0,1764,2,644.0,46.0,0,855,0,1,2,3716,111,93,0.0,8.0,0,0,0,1,5,0,0,0,0,0,1,1
220.9,4.2,522,8,434.0,2.0,0,2881,0,1,2,2819,42,21,1.0,36.0,0,0,0,3,3,0,0,0,0,0,1,0
41.12,3.7,3295,2,645.0,9.0,2,1784,1,1,4,4129,123,288,2.0,5.0,0,0,0,2,6,0,1,0,0,0,0,1
167.43,4.6,0,2,233.0,5.0,2,2609,0,0,2,2466,44,120,3.0,18.0,1,1,0,9,2,0,0,0,1,0,0,0
5.0,2.9,2925,2,405.0,1.0,0,1792,1,1,1,4377,622,190,0.0,6.0,0,1,0,5,6,0,0,0,0,0,0,0
352.63,5.0,5081,4,398.0,6.0,0,2865,1,1,2,2503,317,77,2.0,12.0,0,0,0,4,3,0,0,0,0,0,0,0
252.57,3.9,2226,4,800.0,21.0,1,5,1,1,5,4510,137,234,2.0,12.0,1,0,0,4,4,0,0,0,0,1,0,0
230.99,4.7,4222,6,436.0,6.0,0,3699,1,0,4,3231,454,31,5.0,22.0,0,0,0,0,8,0,0,0,0,0,1,0
96.81,4.0,4956,5,89.0,19.0,2,3955,1,1,2,297,39,12,0.0,12.0,0,1,0,9,1,1,0,0,1,0,0,1
116.34,4.2,1007,3,537.0,1.0,0,2950,1,1,2,1249,86,76,1.0,6.0,0,0,0,5,0,0,0,0,0,0,0,0
131.1,4.1,2349,1,439.0,24.0,0,976,1,1,1,1357,142,13,2.0,16.0,0,1,0,4,5,0,0,0,1,0,0,0
141.95,3.8,887,7,270.0,1.0,0,3963,1,1,5,2692,117,163,2.0,17.0,0,0,0,3,1,0,0,0,1,0,0,0
246.98,4.1,0,3,437.0,16.0,1,2574,0,1,4,873,91,42,2.0,13.0,0,0,0,2,8,0,0,0,0,1,0,0
70.06,4.0,4072,4,341.0,1.0,0,1201,0,1,1,3191,310,138,1.0,10.0,0,0,1,6,7,0,0,1,0,0,0,1
439.23,5.0,5123,5,982.0,2.0,0,2617,1,1,4,640,7,44,1.0,12.0,0,0,0,7,0,0,0,0,0,0,0,0
191.92,4.5,1340,5,698.0,12.0,0,2272,1,0,4,4397,321,239,2.0,8.0,1,0,0,7,4,0,0,0,0,1,0,0
298.82,4.9,2964,3,577.0,5.0,0,1578,1,0,2,3564,447,200,1.0,35.0,0,0,0,5,6,0,0,1,0,0,0,0
320.62,5.0,1622,10,465.0,1.0,1,2075,1,1,5,1803,192,139,3.0,21.0,0,0,0,7,2,0,0,1,0,0,0,0
180.39,3.5,1378,3,359.0,10.0,0,1720,0,0,2,3995,378,106,5.0,14.0,0,0,0,1,1,0,0,0,0,0,0,0
252.54,4.3,0,6,349.0,34.0,0,1063,0,1,1,1671,118,13,0.0,2.0,0,0,1,2,8,0,1,0,0,0,0,1
79.58,4.7,2100,4,52.0,21.0,0,993,1,1,2,1818,255,91,4.0,17.0,1,0,0,9,3,1,0,0,0,0,0,1
134.2,4.0,0,2,60.0,22.0,0,3210,1,0,1,4384,651,106,2.0,2.0,0,1,0,9,3,1,1,0,0,0,0,1
196.17,2.9,2391,2,400.0,20.0,0,3497,0,1,4,683,10,7,4.0,11.0,0,1,0,2,2,0,1,0,0,0,0,0
117.37,3.2,0,4,263.0,1.0,0,1220,1,1,1,3165,395,240,0.0,16.0,0,0,1,8,5,0,0,0,1,0,0,1
124.57,4.5,2139,6,355.0,16.0,0,2532,1,1,3,1236,103,71,0.0,19.0,1,0,0,0,5,1,0,1,0,0,0,0
10.48,3.8,3044,4,465.0,13.0,0,206,1,0,3,2399,196,137,2.0,1.0,0,0,1,5,4,0,0,0,0,0,0,0
141.58,4.0,712,5,147.0,27.0,0,3588,1,1,3,91,4,4,1.0,14.0,0,0,1,2,7,1,0,0,0,1,0,0
168.92,3.7,0,4,510.0,36.0,0,3238,1,1,1,2515,173,108,3.0,11.0,0,0,0,6,3,1,0,1,0,0,0,0
57.89,3.4,0,4,175.0,17.0,1,5,1,1,3,381,28,18,0.0,7.0,1,0,0,0,4,1,0,0,1,0,0,1
123.73,3.8,1339,5,437.0,8.0,0,610,1,0,3,240,18,6,2.0,8.0,0,1,0,1,4,0,0,0,1,0,0,0
189.82,4.1,2488,5,451.0,1.0,0,2587,1,1,4,834,71,59,1.0,29.0,0,0,0,1,2,0,0,0,1,0,0,1
115.54,2.8,0,1,451.0,40.0,1,145,0,0,1,246,33,14,0.0,1.0,1,1,1,4,3,1,1,0,0,0,0,1
71.38,3.9,1468,3,382.0,26.0,2,1933,1,0,4,1509,110,21,1.0,8.0,0,0,1,3,1,0,0,0,0,0,1,1
252.6,5.0,2352,5,692.0,15.0,0,1515,1,1,3,2806,152,107,2.0,33.0,0,0,0,2,9,0,0,0,1,0,0,0
57.74,4.4,4814,6,433.0,1.0,0,1409,1,0,4,1349,155,74,3.0,22.0,0,0,0,8,2,1,0,0,1,0,0,1
108.08,3.978268041237113,377,2,368.0,25.0,0,5,1,0,2,3914,482,263,0.0,0.0,1,0,0,7,8,0,0,0,0,0,1,0
140.51,3.9,0,6,204.0,5.0,0,726,0,1,4,2319,211,121,4.0,19.0,0,0,0,4,6,0,1,0,0,0,0,0
99.04,4.1,738,5,487.0,16.0,1,3410,0,1,2,3422,286,200,3.0,7.0,1,1,0,2,8,1,0,0,0,1,0,1
270.86,5.0,3905,6,613.0,7.0,0,1924,1,0,5,4414,411,83,1.0,6.0,0,0,0,4,8,0,0,1,0,0,0,0
172.81,3.3,4222,1,586.0,30.0,0,2865,0,0,1,982,137,23,1.0,3.0,1,0,1,0,0,0,0,0,0,1,0,0
144.13,4.8,3026,1,109.0,15.0,0,559,1,0,1,1824,55,35,1.0,11.0,0,1,0,5,3,0,0,0,0,0,0,1
209.82,4.0,5701,5,343.0,11.0,1,2747,1,1,2,912,45,59,1.0,9.0,1,0,0,1,8,0,1,0,0,0,0,0
40.86,4.8,0,1,471.0,16.0,2,1559,1,0,5,3125,290,219,0.0,21.0,0,0,0,3,8,0,0,0,0,0,0,0
226.0,3.4,0,6,202.0,9.0,0,1629,1,1,2,115,3,2,1.0,0.0,0,0,0,2,9,0,0,1,0,0,0,1
217.37,4.3,2683,3,707.0,30.0,0,1105,1,1,3,1609,111,10,1.0,4.0,1,0,0,8,4,0,1,0,0,0,0,0
234.27,3.7,1437,5,365.0,11.0,0,2237,1,1,6,2188,181,124,1.0,12.0,0,0,0,8,0,0,0,0,1,0,0,0
165.9,4.6,2948,6,507.0,1.0,1,2789,1,1,4,653,36,33,5.0,8.0,0,0,0,5,6,0,0,0,0,1,0,0
5.0,3.7,687,3,273.0,28.0,0,2270,1,0,4,3109,458,121,1.0,14.0,1,0,1,6,5,0,1,0,0,0,0,0
5.96,3.6,1024,1,286.0,33.0,1,5,0,1,2,3623,62,187,2.0,3.0,1,0,0,5,0,1,0,0,0,0,1,1
189.72,3.5,0,3,226.0,31.0,0,1043,1,1,1,2699,53,123,0.0,11.988333333333333,0,0,0,8,6,0,0,0,0,0,1,0
5.0,3.7,2002,5,113.0,17.0,1,933,0,1,2,776,48,54,3.0,1.0,0,0,0,1,3,0,0,0,0,0,1,1
88.57,4.0,0,2,650.0,14.0,1,2293,1,0,2,350,27,19,0.0,2.0,0,0,0,9,8,1,0,0,1,0,0,1
128.74,4.4,0,1,227.0,26.0,2,1187,0,1,1,1409,152,15,2.0,1.0,0,1,1,8,0,0,0,1,0,0,0,0
232.06,4.7,2089,1,628.0,24.0,1,1586,1,1,1,981,25,76,2.0,17.0,0,0,0,6,1,0,0,0,0,0,0,0
160.8,3.5,2507,3,238.0,11.0,0,1874,0,1,5,2992,417,140,0.0,20.0,0,0,0,6,1,0,0,0,1,0,0,0
206.39,4.1,1278,5,20.0,14.0,1,5,0,1,5,1141,151,58,0.0,12.0,0,0,0,4,2,0,1,0,0,0,0,1
126.67,3.7,4533,3,255.0,15.0,1,2660,1,1,4,215,31,1,0.0,13.0,1,1,0,3,0,1,0,1,0,0,0,1
5.0,4.0,2506,4,90.0,30.0,2,5,1,1,2,2448,298,57,3.0,3.0,0,0,1,0,2,0,0,0,0,1,0,0
207.42,3.8,0,3,307.0,33.0,0,1343,1,1,2,3120,277,90,0.0,0.0,0,0,0,0,5,1,0,0,0,0,0,1
164.54,4.3,3795,4,247.0,19.0,1,1988,1,1,3,3081,340,117,1.0,11.0,0,0,0,4,6,0,0,0,0,1,0,0
138.46,3.4,0,1,20.0,28.0,1,5,0,0,1,2557,366,49,0.0,12.0,0,0,0,4,6,1,1,0,0,0,0,1
166.05,3.7,2144,3,349.0,6.0,2,1615,0,1,1,3312,167,142,0.0,11.988333333333333,1,0,1,3,1,0,0,0,0,0,1,0
232.73,3.8,1142,5,495.0,16.0,2,1142,1,1,1,4416,457,268,1.0,15.0,0,0,0,6,2,0,0,1,0,0,0,0
134.65,3.8,3541,4,403.7255102040816,4.0,0,2481,1,0,2,4406,617,174,2.0,8.0,1,0,0,9,2,0,0,0,0,0,0,0
71.79,3.2,0,1,401.0,9.0,1,762,1,1,6,2266,224,113,1.0,9.0,0,0,0,2,5,0,0,0,0,0,0,1
274.8,4.2,3200,4,518.0,2.0,0,2414,1,0,4,2617,36,125,1.6757142857142857,21.0,1,1,0,7,6,0,0,1,0,0,0,0
55.07,4.1,686,3,275.0,14.0,0,5,1,1,1,4864,474,88,0.0,8.0,0,1,0,0,7,0,1,0,0,0,0,0
170.44,3.9,3387,1,437.0,21.0,1,2236,1,0,2,4186,136,253,3.0,26.0,1,0,0,8,5,0,0,0,0,0,1,1
36.08,3.7,0,4,367.0,29.0,2,257,0,0,2,4094,339,212,0.0,11.988333333333333,0,0,0,2,7,1,1,0,0,0,0,0
216.06,3.9,4439,3,716.0,7.0,0,1668,1,0,5,4814,635,208,4.0,10.0,0,0,0,1,8,0,0,0,1,0,0,0
83.91,4.4,1828,6,946.0,2.0,0,3004,0,1,4,148,17,10,3.0,28.0,0,1,0,1,3,0,0,0,1,0,0,0
117.07,4.4,2193,4,391.0,24.0,1,2729,1,0,3,4886,686,317,0.0,11.0,0,0,1,7,3,1,0,0,1,0,0,0
88.21,3.1,4157,2,180.0,22.0,1,5,1,1,3,1664,71,55,2.0,16.0,0,0,0,0,2,0,0,0,1,0,0,1
201.94,3.2,1203,6,476.0,24.0,3,2054,0,1,2,1282,108,63,2.0,21.0,0,0,0,7,9,0,1,0,0,0,0,0
166.32,4.8,1403,6,616.0,26.0,0,1240,1,1,2,2889,356,163,2.0,14.0,1,0,0,5,2,0,1,0,0,0,0,0
176.12,4.2,3456,3,302.0,1.0,0,2730,0,1,3,2111,159,141,4.0,11.0,0,0,0,8,3,0,0,1,0,0,0,0
228.73,4.0,0,1,735.0,13.0,1,2434,1,0,3,4539,412,337,2.0,17.0,0,0,0,5,6,0,0,0,0,0,0,0
327.56,5.0,1706,5,796.0,1.0,0,3464,1,1,5,4260,229,175,3.0,24.0,0,0,0,7,6,0,0,0,0,0,1,0
270.38,4.2,3043,4,466.0,27.0,0,2222,1,1,6,2768,57,77,0.0,22.0,0,0,0,5,5,0,0,0,0,0,1,0
155.53,4.4,726,2,499.0,14.0,2,1023,1,1,2,3604,223,275,2.0,7.0,1,0,0,9,1,0,0,0,0,0,1,0
93.3,3.4,3638,4,465.0,14.0,1,1295,0,1,3,1297,29,41,1.0,3.0,1,0,1,4,4,0,0,0,1,0,0,0
185.7,4.5,5697,7,364.0,1.0,0,4000,1,1,6,2699,80,162,4.0,29.0,0,0,0,9,0,0,0,0,0,0,1,0
152.17,4.6,5108,2,675.0,14.0,0,2485,1,1,6,2033,246,61,3.0,19.0,0,0,0,0,5,0,0,0,0,0,0,0
118.08,3.8,3041,4,550.0,25.0,0,2674,1,1,5,1334,188,32,3.0,10.0,0,0,0,8,5,0,0,0,0,0,1,0
207.57,4.8,3688,4,725.0,8.0,1,1055,1,1,1,4205,455,170,2.0,9.0,0,0,0,3,0,0,0,0,0,0,1,0
5.0,3.9,2898,1,43.0,30.0,3,5,0,1,1,2388,83,125,0.0,8.0,1,0,1,8,3,0,0,0,1,0,0,1
220.62,3.6,8,6,667.0,10.0,0,2437,1,1,4,1109,90,29,2.0,13.0,0,0,0,2,5,0,0,0,1,0,0,0
161.34,3.9,766,4,609.0,8.0,1,2614,0,1,3,3093,385,172,2.0,17.0,1,0,1,7,3,0,0,0,0,0,0,0
236.71,5.0,2614,4,289.0,3.0,0,3459,1,1,4,336,29,7,5.0,11.988333333333333,0,0,0,7,4,0,1,0,0,0,0,0
306.09,5.0,3703,2,403.7255102040816,22.0,0,3011,1,1,3,2983,372,96,4.0,21.0,0,0,0,1,8,0,0,0,1,0,0,0
54.47,3.5,0,3,20.0,15.230456852791878,2,1478,1,0,2,4159,496,269,0.0,16.0,0,0,0,9,4,1,0,0,0,0,0,1
79.3,3.9,47,1,91.0,18.0,1,5,0,0,4,2284,123,117,0.0,9.0,0,0,1,9,0,1,0,0,0,0,0,1
100.36,3.3,1874,1,228.0,23.0,2,5,1,1,1,2375,353,180,0.0,0.0,0,1,1,7,3,0,0,0,0,0,0,1
38.79,3.4,1609,3,306.0,17.0,1,508,1,1,4,2412,326,157,3.0,5.0,0,0,0,6,5,1,0,0,1,0,0,1
142.8,3.8,4479,3,391.0,4.0,0,2235,1,1,5,1424,113,97,2.0,9.0,1,0,0,2,4,0,1,0,0,0,0,0
363.53,3.9,3269,6,749.0,15.0,0,3600,1,0,3,691,9,53,4.0,24.0,0,0,0,6,5,0,1,0,0,0,0,0
110.92,3.3,1582,1,200.0,35.0,2,1491,0,1,5,704,57,45,3.0,3.0,0,0,0,5,1,0,0,1,0,0,0,0
128.03,4.5,0,1,491.0,40.0,3,945,0,0,1,1167,100,93,2.0,10.0,0,0,0,1,6,0,0,0,1,0,0,1
92.64,3.6,3252,2,155.0,17.0,0,765,1,1,1,899,76,10,2.0,5.0,0,1,0,1,5,0,0,1,0,0,0,0
59.51,3.3,0,4,20.0,4.0,0,2557,0,0,2,1617,24,25,1.0,8.0,1,0,0,2,9,0,0,0,0,1,0,0
173.17,3.9,0,3,465.0,11.0,1,1366,1,0,1,453,62,6,3.0,4.0,0,1,0,3,3,1,0,1,0,0,0,0
303.27,4.4,5210,4,365.0,9.0,0,1392,1,1,3,286,26,10,1.0,14.0,0,0,0,3,1,0,0,0,0,0,0,0
27.71,3.8,0,2,216.0,33.0,2,2080,0,0,1,514,73,33,2.0,14.0,0,0,0,2,1,0,0,0,0,0,0,0
67.75,4.1,1080,1,328.0,23.0,0,21,0,1,4,2147,183,170,0.0,25.0,0,0,1,7,8,1,1,0,0,0,0,1
104.97,3.9,1047,1,825.0,1.0,0,364,1,0,1,4449,402,69,4.0,16.0,1,0,0,4,5,0,1,0,0,0,0,1
117.76,2.9,1366,2,213.0,24.0,1,1658,1,0,1,2030,207,13,2.0,1.0,0,0,1,5,5,0,0,0,0,0,1,0
228.88,5.0,3503,6,666.0,40.0,1,3494,1,0,5,1165,22,56,3.0,7.0,1,0,0,3,9,0,0,0,0,0,1,0
322.98,3.7,2682,3,384.0,20.0,0,2331,0,0,2,1321,71,33,4.0,2.0,0,0,0,8,0,0,0,0,0,0,0,0
251.9,4.0,3398,5,716.0,25.0,0,1993,1,1,2,2570,46,174,5.0,16.0,0,0,0,2,8,0,0,0,1,0,0,0
5.0,3.3,0,2,218.0,30.0,2,5,1,1,3,4923,464,95,0.0,0.0,0,0,0,9,2,1,0,0,1,0,0,1
28.52,4.6,0,7,304.0,25.0,1,1719,0,0,2,4843,537,329,1.0,2.0,1,0,0,4,0,0,0,0,0,0,1,0
7.85,3.9,0,3,359.0,18.0,1,5,0,1,1,4812,107,160,0.0,21.0,0,1,0,6,2,0,0,1,0,0,0,1
221.95,4.6,0,6,275.0,33.0,0,2422,1,0,3,1644,199,121,4.0,21.0,0,0,0,6,2,1,0,0,0,1,0,1
192.67,4.1,73,3,77.0,4.0,2,538,1,1,1,2318,261,62,2.0,21.0,0,0,0,9,0,0,0,1,0,0,0,0
137.37,4.1,1020,4,334.0,21.0,0,2295,1,1,1,1413,183,77,1.0,1.0,0,0,1,0,3,0,0,0,1,0,0,1
50.21,3.2,0,2,403.7255102040816,28.0,1,5,1,1,1,3142,280,170,0.0,0.0,0,0,0,0,1,0,0,0,1,0,0,0
84.32,4.0,1856,4,195.0,17.0,0,2049,1,1,4,2347,285,74,0.0,6.0,0,0,0,0,9,0,0,0,0,1,0,0
74.2,5.0,0,2,368.0,17.0,1,1723,1,1,4,1390,81,94,0.0,24.0,1,0,0,1,8,1,1,0,0,0,0,1
297.48,4.2,6943,7,878.0,1.0,0,1396,1,1,5,4604,468,25,2.0,31.0,0,0,0,8,5,0,0,0,0,0,1,0
137.39,4.3,2142,3,632.0,25.0,3,5,1,1,4,2902,256,151,0.0,10.0,0,0,0,1,1,0,0,0,1,0,0,0
157.05,3.8,1934,3,295.0,12.0,2,1304,0,1,1,4791,513,75,2.0,9.0,1,0,0,3,3,0,0,0,1,0,0,0
287.7,4.2,2868,6,703.0,1.0,0,3496,0,1,2,3808,464,171,1.0,5.0,0,0,1,1,7,0,0,0,0,0,1,0
301.6,4.2,0,9,598.0,15.0,3,2975,1,1,2,3789,115,274,3.0,24.0,1,0,0,4,4,0,0,0,1,0,0,0
224.51,4.1,3861,8,547.0,25.0,0,2573,1,1,1,1025,49,10,0.0,16.0,1,1,1,1,3,0,0,0,0,0,0,0
261.55,3.5,1003,5,476.0,5.0,0,5,1,1,2,941,116,27,1.0,11.988333333333333,0,0,0,1,3,0,0,0,1,0,0,1
185.4,3.9,3587,4,673.0,1.0,0,2227,1,0,2,4737,168,58,2.0,16.0,0,0,0,2,7,0,0,1,0,0,0,0
201.52,3.8,2627,3,255.0,14.0,0,3627,1,1,5,4408,642,318,3.0,8.0,1,0,0,6,0,0,0,0,0,0,0,0
311.66,4.9,2120,4,765.0,13.0,0,2338,1,0,6,1633,228,120,2.0,16.0,0,0,0,1,6,0,0,0,0,1,0,0
96.76,2.9,1001,1,403.7255102040816,42.0,3,580,0,0,1,1173,70,16,0.0,4.0,0,1,0,7,2,1,0,1,0,0,0,0
183.39,3.0,2935,5,539.0,1.0,0,3347,0,0,1,3770,339,279,4.0,22.0,1,0,0,0,6,0,0,0,0,0,1,1
99.98,4.3,1797,2,329.0,22.0,1,1591,1,1,4,3268,404,34,1.0,4.0,1,0,1,5,6,0,1,0,0,0,0,0
224.26,3.4,1117,3,166.0,16.0,1,188,0,0,1,4897,603,346,1.0,0.0,0,1,1,3,5,0,0,0,0,1,0,1
125.86,3.9,0,1,403.7255102040816,35.0,1,369,1,1,2,3496,303,273,4.0,0.0,0,0,0,4,2,0,0,0,0,1,0,1
259.9,3.1,302,5,191.0,28.0,0,2123,0,1,1,1518,198,118,1.0,1.0,0,0,0,9,2,0,1,0,0,0,0,1
182.5,4.0,1695,4,251.0,35.0,0,850,1,0,3,3945,150,287,4.0,18.0,1,0,0,5,5,0,0,1,0,0,0,0
84.66,4.1,3628,4,577.0,10.0,0,2423,0,0,2,1295,63,96,3.0,22.0,0,0,0,0,2,0,0,1,0,0,0,0
118.42,3.5,1115,4,307.0,25.0,4,2402,0,0,2,3892,520,86,2.0,7.0,1,1,1,7,0,0,0,0,0,0,0,0
152.85,3.4,0,4,403.7255102040816,15.0,1,1276,1,1,3,865,126,41,1.0,27.0,0,0,0,7,1,0,0,0,0,0,0,1
143.68,3.978268041237113,2958,2,215.0,18.0,0,1170,1,0,1,2474,336,179,1.0,0.0,1,0,0,6,2,0,0,0,0,1,0,0
186.87,4.8,6421,9,849.0,10.0,0,523,1,0,5,2035,291,90,3.0,28.0,0,0,0,1,9,0,0,0,1,0,0,0
163.41,2.7,361,1,20.0,23.0,3,764,0,0,3,257,18,9,2.0,12.0,0,0,0,5,3,1,1,0,0,0,0,0
197.41,4.0,0,5,462.0,33.0,2,1333,1,1,6,4106,489,245,0.0,22.0,1,0,0,7,6,0,0,0,0,1,0,1
276.25,5.0,0,5,283.0,21.0,1,2024,1,1,4,3398,402,122,0.0,12.0,1,0,0,9,6,0,1,0,0,0,0,0
247.93,4.3,4128,5,649.0,1.0,0,4000,1,1,6,2936,112,69,5.0,21.0,0,0,0,2,9,0,0,0,0,0,1,0
75.49,3.978268041237113,146,2,585.0,35.0,2,642,1,0,1,1995,209,111,0.0,9.0,0,0,0,7,9,0,1,0,0,0,0,0
274.08,4.7,4486,4,889.0,4.0,0,2215,0,1,3,2448,161,167,4.0,21.0,1,0,0,8,1,0,0,0,0,1,0,0
303.13,4.8,3657,5,705.0,11.0,0,1827,1,1,3,1009,68,32,3.0,11.988333333333333,0,0,0,5,5,0,0,0,0,0,0,1
204.3,4.1,2352,4,635.0,8.0,2,1113,1,1,3,3553,483,90,3.0,8.0,1,0,1,0,0,1,0,0,0,1,0,1
187.6,5.0,3348,3,275.0,20.0,0,2780,1,1,4,4255,60,299,3.0,11.988333333333333,1,0,0,1,4,0,0,1,0,0,0,0
227.46,4.3,1158,6,169.0,6.0,0,1268,1,0,1,1733,87,16,4.0,22.0,0,0,0,6,0,0,0,0,0,1,0,0
185.81,3.9,2948,1,187.0,12.0,1,1673,1,0,2,3140,225,69,1.0,14.0,0,0,0,9,0,0,0,0,0,0,0,1
233.34,3.7,324,1,277.0,23.0,4,5,1,0,2,2495,315,103,0.0,0.0,1,0,1,7,7,1,0,0,0,0,1,1
90.57,3.3,1275,4,20.0,22.0,1,5,0,1,2,2861,356,182,0.0,12.0,0,1,0,9,5,0,0,1,0,0,0,1
108.56,3.4,267,5,321.0,17.0,2,5,1,0,1,3345,433,144,1.0,1.0,1,0,0,3,3,0,0,0,0,1,0,0
195.77,3.7,402,2,397.0,15.0,2,5,0,1,4,1305,144,49,0.0,0.0,0,1,0,9,1,1,0,0,0,1,0,1
67.95,3.6,0,1,179.0,25.0,1,1249,0,0,1,507,41,11,2.0,11.988333333333333,1,0,0,8,5,0,0,0,1,0,0,0
126.15,5.0,2969,4,304.0,17.0,0,521,1,1,4,3029,310,182,2.0,12.0,0,0,0,5,9,0,1,0,0,0,0,0
139.85,3.9,0,3,394.0,22.0,1,1676,0,1,3,3585,313,136,2.0,20.0,1,0,0,3,9,1,0,0,0,0,1,1
103.03,3.8,80,3,439.0,7.0,0,1695,0,1,1,3081,419,33,2.0,20.0,0,0,0,8,0,1,0,1,0,0,0,1
134.17,3.978268041237113,181,5,20.0,11.0,0,2897,1,1,1,4771,523,295,1.0,12.0,1,0,1,3,9,0,0,0,0,0,1,0
77.12,5.0,1536,3,484.0,10.0,0,1484,0,0,2,3634,499,238,5.0,19.0,0,0,0,8,4,1,0,0,0,0,0,1
5.0,3.9,3511,3,305.0,16.0,0,993,1,0,1,1166,104,78,3.0,14.0,0,0,1,7,3,1,0,0,1,0,0,0
104.35,3.5,0,2,368.0,16.0,0,1886,0,0,1,708,85,55,2.0,17.0,0,1,0,6,4,0,0,0,0,0,0,0
225.41,4.5,706,2,216.0,27.0,2,161,0,1,1,1965,150,126,3.0,12.0,0,1,1,8,3,0,0,0,1,0,0,1
134.1,4.1,3171,1,840.0,2.0,2,457,1,1,4,2140,192,164,1.0,26.0,0,0,1,8,8,0,1,0,0,0,0,0
171.75,4.2,0,3,340.0,25.0,1,5,1,1,3,4795,478,153,4.0,0.0,0,0,0,1,1,0,1,0,0,0,0,0
199.93,4.2,1271,1,366.0,2.0,0,1900,1,1,5,3876,510,136,4.0,3.0,0,0,0,7,0,0,0,0,1,0,0,0
5.0,4.4,1465,3,397.0,1.0,0,2529,1,0,1,4722,464,136,1.0,10.0,0,0,0,7,8,0,0,1,0,0,0,1
148.45,4.1,2878,5,119.0,15.0,0,519,0,1,2,644,68,45,0.0,11.0,1,1,0,4,8,0,0,1,0,0,0,1
234.07,4.2,2272,8,793.0,7.0,0,4000,0,1,3,2360,96,120,3.0,10.0,1,0,0,8,1,0,1,0,0,0,0,0
147.06,4.3,1176,3,520.0,17.0,0,2467,1,1,5,4884,653,38,3.0,11.0,1,0,0,4,7,0,0,0,0,0,1,0
286.72,5.0,4351,3,475.0,13.0,0,3213,1,1,3,252,20,4,5.0,22.0,1,0,0,4,7,0,0,0,0,0,1,0
112.44,3.1,290,4,407.0,19.0,2,1006,1,1,3,4067,404,198,1.0,11.988333333333333,0,0,0,0,4,0,0,1,0,0,0,1
242.11,4.5,0,2,347.0,18.0,0,1350,0,1,3,1703,44,42,5.0,25.0,0,0,0,9,9,0,1,0,0,0,0,0
144.17,4.0,793,6,487.0,1.0,0,2558,1,1,3,1728,80,18,0.0,6.0,0,0,0,3,4,0,0,0,0,1,0,0
196.72,4.0,425,2,525.0,19.0,3,438,1,0,3,1919,94,90,2.0,11.0,1,0,1,9,5,1,0,0,0,0,0,1
240.8,5.0,2179,6,516.0,1.0,0,4000,1,1,5,1490,102,76,4.0,22.0,0,0,0,8,2,0,0,0,0,0,1,0
223.26,4.1,3464,2,528.0,21.0,1,2127,1,0,3,4268,431,293,2.0,7.0,0,0,1,7,5,0,0,1,0,0,0,0
136.92,3.8,536,7,570.0,12.0,0,3476,1,1,5,4203,265,331,2.0,10.0,0,0,0,5,3,0,0,0,0,0,0,0
213.35,4.0,0,5,547.0,13.0,0,1746,1,1,2,1190,96,49,1.0,0.0,1,0,1,8,7,1,0,0,1,0,0,1
190.82,4.1,5474,5,427.0,3.0,0,1228,1,1,6,2660,270,203,4.0,13.0,0,0,0,9,7,0,0,0,0,0,0,1
5.0,4.3,2071,3,183.0,23.0,4,2028,0,0,1,1982,233,128,1.0,8.0,0,0,0,3,7,0,0,1,0,0,0,1
235.73,3.6,0,4,402.0,35.0,0,1154,0,1,1,549,54,10,0.0,3.0,1,0,0,5,9,1,1,0,0,0,0,1
250.08,4.0,47,1,604.0,8.0,0,972,1,1,4,3159,375,239,5.0,2.0,1,0,0,7,3,0,0,0,0,0,1,0
331.73,4.1,2784,5,774.0,9.0,1,1296,1,1,5,976,28,21,1.0,6.0,0,0,0,3,1,0,0,1,0,0,0,0
174.4,4.1,4784,6,422.0,8.0,0,2881,1,1,2,3903,91,25,3.0,17.0,0,0,0,0,0,0,0,0,0,1,0,0
91.66,3.0,0,1,170.0,37.0,2,1850,1,0,4,3332,121,151,0.0,18.0,1,0,1,8,2,0,0,0,0,1,0,1
162.58,4.0,4,6,463.0,2.0,0,799,0,1,3,3171,98,69,2.0,0.0,1,0,0,1,5,0,0,1,0,0,0,1
247.13,4.5,0,6,550.0,5.0,1,1549,1,0,5,1577,63,60,2.0,22.0,0,0,0,0,8,0,0,0,0,0,1,0
198.11,5.0,4461,2,291.0,17.0,0,1521,0,1,1,3901,557,227,1.0,11.0,0,0,0,6,8,0,0,0,0,0,0,1
192.47,4.2,2205,5,156.0,3.0,0,1230,1,1,4,1709,207,109,3.0,12.0,0,0,0,1,1,0,0,0,1,0,0,0
249.42,4.3,5194,5,474.0,3.0,1,1659,1,1,2,576,48,44,4.0,26.0,0,0,0,9,4,0,1,0,0,0,0,1
159.05,4.0,288,3,385.0,24.0,0,1244,1,1,2,4637,55,90,0.0,2.0,0,0,0,9,2,0,0,0,1,0,0,1
256.26,4.6,1073,6,214.0,10.0,0,1417,1,0,3,1919,234,38,0.0,26.0,0,0,1,9,6,0,0,0,0,0,0,0
5.0,2.8,0,4,20.0,15.230456852791878,1,5,0,1,3,1012,113,42,2.0,6.0,0,1,0,7,4,1,0,0,0,0,0,1
222.94,4.3,2339,6,605.0,22.0,1,1801,0,0,4,4910,498,341,3.0,14.0,1,0,0,6,0,1,1,0,0,0,0,1
157.01,4.0,978,2,457.0,7.0,1,450,1,0,2,219,30,14,0.0,5.0,1,0,0,9,7,1,0,1,0,0,0,1
86.78,4.9,1403,3,419.0,29.0,0,2461,1,1,2,1741,177,97,3.0,15.0,0,1,1,5,6,0,1,0,0,0,0,1
98.95,4.3,1767,5,329.0,4.0,0,4000,1,0,4,484,15,32,1.6757142857142857,20.0,0,0,1,3,6,0,0,0,0,0,0,1
192.55,3.8,82,5,321.0,28.0,0,638,1,1,2,1653,100,17,0.0,14.0,0,0,0,9,6,1,0,1,0,0,0,1
299.74,4.2,0,3,274.0,30.0,0,1208,1,1,1,553,29,6,3.0,20.0,1,1,0,0,1,0,0,0,0,0,1,0
121.72,3.3,0,2,223.0,15.0,2,1460,0,1,2,528,69,17,1.0,14.0,0,0,0,7,5,0,0,0,0,1,0,1
84.83,4.4,0,4,122.0,18.0,0,2497,0,0,2,3261,141,57,1.0,16.0,0,0,1,3,0,0,0,0,0,0,0,0
15.19,3.2,2397,3,344.0,23.0,0,2176,1,1,5,4169,443,105,0.0,18.0,1,0,0,4,1,0,0,1,0,0,0,0
150.54,4.5,1145,3,316.0,13.0,0,276,0,0,2,1033,51,9,5.0,10.0,0,0,0,2,2,0,0,0,0,1,0,0
145.18,3.6,2147,4,500.0,26.0,0,802,1,1,1,4635,84,301,4.0,14.0,0,1,0,0,3,0,0,1,0,0,0,0
183.75,4.8,5555,4,400.0,34.0,0,2967,1,1,2,4973,578,229,0.0,13.0,0,0,0,5,0,0,0,0,0,0,1,0
253.53,3.5,2599,4,246.0,16.0,0,51,1,0,2,2489,192,192,2.0,4.0,1,0,0,2,2,0,1,0,0,0,0,1
60.8,4.1,2750,2,528.0,26.0,1,1648,0,0,2,3993,128,213,0.0,11.988333333333333,1,0,0,1,5,0,0,1,0,0,0,1
194.75,3.6,1250,2,20.0,5.0,2,5,0,1,2,4471,242,233,0.0,0.0,1,0,0,7,9,0,1,0,0,0,0,0
205.77,4.4,1732,3,72.0,1.0,0,1987,0,0,5,3180,398,182,0.0,17.0,0,0,0,8,4,0,0,1,0,0,0,0
206.62,3.9,2752,5,50.0,11.0,0,113,1,1,2,783,87,19,0.0,0.0,1,0,0,9,8,0,0,0,1,0,0,0
91.06,3.978268041237113,314,2,20.0,6.0,0,1593,1,0,1,446,32,19,0.0,7.0,0,0,0,9,6,0,0,0,0,1,0,1
188.78,3.3,321,4,305.0,14.0,0,2591,0,1,3,702,88,14,0.0,15.0,0,0,0,4,9,0,0,0,0,1,0,0
102.16,4.3,87,4,600.0,1.0,2,5,1,0,3,4448,598,99,0.0,10.0,0,0,1,8,5,0,0,0,0,1,0,0
149.43,4.3,2468,4,500.0,18.0,1,5,0,1,3,1001,69,11,2.0,11.0,1,1,0,6,1,0,0,1,0,0,0,0
184.0,4.7,252,2,568.0,7.0,1,765,1,0,2,656,15,44,2.0,7.0,0,1,0,1,7,0,1,0,0,0,0,0
84.76,3.7,0,4,745.0,1.0,2,1439,1,0,2,2266,254,163,1.0,2.0,1,0,1,9,3,1,0,1,0,0,0,1
134.25,2.9,1962,1,266.0,15.230456852791878,0,890,1,1,1,3855,356,285,3.0,13.0,1,0,0,3,4,1,0,0,0,1,0,1
156.09,4.5,2423,7,628.0,16.0,0,1098,0,0,1,4773,65,346,2.0,12.0,1,0,0,9,5,0,0,0,0,1,0,0
207.16,3.1,2409,4,346.0,27.0,1,3522,0,1,2,1686,239,86,2.0,18.0,0,0,0,4,3,0,1,0,0,0,0,1
181.94,3.6,0,4,403.7255102040816,8.0,0,1494,1,1,3,4468,453,194,1.6757142857142857,17.0,1,0,0,2,2,0,0,0,0,0,1,0
264.55,3.7,3494,5,385.0,13.0,1,1631,1,0,2,2525,372,109,2.0,15.0,0,0,0,2,1,0,0,0,0,1,0,0
182.11,4.4,185,1,48.0,3.0,0,2025,0,1,2,1659,51,26,2.0,10.0,0,0,0,0,9,0,0,0,0,1,0,1
185.67,4.1,684,5,721.0,27.0,2,2116,0,1,4,4898,665,172,1.0,15.0,0,1,0,0,9,0,0,0,0,0,1,1
344.08,4.7,472,3,123.0,3.0,2,1710,1,1,4,4135,472,276,1.0,6.0,1,0,0,4,9,0,0,0,0,1,0,0
247.27,3.7,3141,3,253.0,5.0,0,3612,1,1,6,1667,114,128,0.0,11.988333333333333,1,0,0,8,4,0,0,1,0,0,0,0
204.92,5.0,4213,1,1016.0,23.0,0,1242,1,0,1,4033,171,231,2.0,13.0,0,0,0,5,8,0,0,0,1,0,0,0
166.03,3.3,43,7,505.0,13.0,1,3058,1,1,3,1457,176,103,3.0,6.0,0,0,0,8,8,0,0,0,1,0,0,0
189.12,5.0,1912,3,760.0,13.0,0,1879,1,1,2,3524,426,134,1.0,17.0,1,0,0,8,3,0,0,0,1,0,0,1
139.55,4.0,3640,4,505.0,2.0,0,2903,1,0,3,2957,209,77,1.0,17.0,0,0,0,8,4,0,0,1,0,0,0,0
76.85,3.1,893,1,134.0,13.0,1,5,1,1,1,4985,391,337,0.0,9.0,0,0,0,7,2,0,0,0,1,0,0,1
238.41,3.8,3351,8,390.0,9.0,1,1766,0,1,3,2526,148,73,4.0,25.0,0,0,0,6,7,0,0,0,0,0,0,0
155.61,5.0,4564,8,312.0,22.0,0,2642,0,1,4,3408,78,175,4.0,16.0,0,0,0,2,1,0,0,1,0,0,0,0
213.41,5.0,3083,5,201.0,17.0,0,2981,1,1,4,1658,77,53,4.0,16.0,0,0,0,7,4,0,0,0,0,0,1,1
102.18,3.6,530,5,527.0,16.0,0,5,1,0,3,2893,291,213,3.0,5.0,0,0,0,6,9,0,0,0,1,0,0,1
70.36,3.1,0,4,185.0,23.0,1,5,1,0,4,3730,137,147,0.0,14.0,0,0,0,4,3,0,0,0,1,0,0,1
27.05,4.0,3662,1,604.0,5.0,0,1845,0,1,3,304,29,20,0.0,26.0,1,0,0,0,0,0,0,1,0,0,0,0
187.87,2.8,1465,6,40.0,1.0,2,2829,1,0,3,1530,158,69,3.0,1.0,0,0,0,7,9,1,0,0,0,0,0,1
83.91,4.4,1670,1,589.0,6.0,2,1202,1,1,1,2976,227,15,1.0,24.0,0,0,1,1,9,0,0,0,1,0,0,0
130.71,4.3,0,6,588.0,17.0,0,578,1,1,3,4919,607,72,1.0,23.0,0,0,0,4,8,0,0,0,0,1,0,0
127.99,3.8,3746,3,355.0,1.0,0,1615,1,1,3,1144,18,75,2.0,1.0,1,0,0,9,6,0,1,0,0,0,0,0
114.08,3.1,0,1,501.0,10.0,0,5,0,0,2,2925,77,81,0.0,0.0,0,0,0,0,0,1,0,1,0,0,0,1
79.62,3.6,0,2,86.0,19.0,1,550,1,0,3,1910,232,111,1.0,21.0,0,0,0,6,3,0,0,1,0,0,0,1
166.09,4.0,3635,2,545.0,9.0,0,1174,1,0,2,3168,459,98,2.0,14.0,0,1,0,1,5,0,0,0,0,0,1,0
189.27,4.6,4128,5,784.0,1.0,0,3208,1,1,4,2721,105,18,2.0,36.0,0,0,0,4,8,0,0,0,1,0,0,0
117.95,3.978268041237113,1568,4,397.0,20.0,3,1425,0,0,3,4238,593,41,2.0,11.0,0,0,0,1,3,0,1,0,0,0,0,0
132.42,3.6,97,4,403.7255102040816,26.0,1,2477,1,1,5,3701,238,66,1.0,1.0,0,1,1,3,3,0,0,1,0,0,0,0
207.62,4.7,1758,4,433.0,24.0,0,1386,1,1,4,3203,164,64,2.0,12.0,0,0,0,7,1,1,0,0,0,0,0,1
271.2,4.2,5108,2,502.0,29.0,0,2074,0,0,5,3959,453,69,4.0,17.0,0,0,0,3,9,0,1,0,0,0,0,0
127.75,3.4,357,2,302.0,8.0,0,592,0,1,3,3717,231,287,0.0,17.0,0,0,0,4,6,1,0,0,0,1,0,1
126.57,4.4,1708,1,470.0,8.0,2,515,0,1,4,2486,267,61,2.0,0.0,0,0,0,7,1,0,0,0,0,0,0,1
32.53,3.9,2317,5,432.0,12.0,1,5,1,0,2,1893,241,31,2.0,10.0,1,0,0,7,0,0,0,0,0,0,1,0
170.37,3.8,1473,5,754.0,1.0,2,1333,1,1,6,3149,467,109,1.0,16.0,0,0,0,9,1,1,0,0,0,0,1,1
66.02,3.8,2363,3,148.0,33.0,0,189,1,1,4,2344,128,164,0.0,11.0,1,0,0,2,8,0,0,0,0,0,0,1
41.58,4.9,248,3,269.0,7.0,1,891,1,1,3,3094,159,149,0.0,11.0,0,0,0,9,6,0,0,1,0,0,0,0
133.35,4.5,2640,2,412.0,22.0,1,326,0,1,3,1692,128,57,4.0,19.0,0,0,0,7,6,0,0,1,0,0,0,0
293.01,4.5,1896,6,482.0,1.0,2,1002,1,0,4,4731,125,155,0.0,5.0,1,0,0,3,1,0,0,0,1,0,0,0
131.57,4.0,0,1,443.0,15.0,2,279,1,1,2,4006,299,252,0.0,11.988333333333333,0,1,0,5,8,1,1,0,0,0,0,1
329.1,5.0,2283,4,544.0,2.0,1,853,1,1,2,4632,173,72,1.0,9.0,0,0,0,5,1,0,0,0,1,0,0,0
75.38,3.7,0,1,94.0,34.0,2,5,1,0,2,1519,193,85,1.0,6.0,0,0,1,8,2,0,1,0,0,0,0,1
199.59,4.4,876,5,181.0,13.0,1,5,1,1,3,2281,44,135,3.0,15.0,1,0,0,7,7,0,0,0,1,0,0,0
259.17,3.978268041237113,87,3,672.0,13.0,0,4000,1,0,4,1205,81,25,2.0,25.0,0,0,0,8,1,1,0,0,0,1,0,1
5.0,2.2,0,1,20.0,37.0,4,5,0,0,1,2158,88,132,0.0,6.0,0,0,0,5,5,0,0,0,1,0,0,0
354.08,5.0,4405,7,1013.0,1.0,0,2541,1,1,3,4098,354,145,3.0,20.0,0,0,0,3,6,0,1,0,0,0,0,0
5.0,3.6,0,3,505.0,36.0,1,2760,1,0,2,2088,59,111,0.0,12.0,0,0,0,0,0,0,0,0,0,0,1,0
219.83,4.3,3091,5,356.0,1.0,0,2639,1,1,3,1908,204,106,1.0,9.0,0,0,0,2,0,1,0,0,0,0,1,1
77.97,3.2,0,5,126.0,22.0,0,295,0,1,2,2785,69,24,0.0,0.0,0,0,0,4,1,1,0,0,0,0,0,1
82.41,3.9,0,2,427.0,29.0,3,1128,1,1,1,1390,25,13,1.0,9.0,0,0,1,7,9,1,0,0,0,1,0,1
222.87,4.1,715,5,396.0,17.0,3,845,1,1,3,3152,258,189,1.0,13.0,0,0,0,6,4,0,0,1,0,0,0,0
222.67,4.1,4543,6,674.0,20.0,1,2647,0,0,5,4752,198,62,1.0,7.0,0,0,1,7,0,0,0,1,0,0,0,1
242.94,4.4,8344,2,309.0,1.0,0,2120,1,1,4,2108,172,69,1.6757142857142857,14.0,0,0,0,1,5,0,1,0,0,0,0,0
25.8,3.978268041237113,0,3,328.0,10.0,1,1312,0,0,3,4784,501,126,2.0,10.0,0,0,0,7,3,0,0,0,0,0,1,1
106.49,2.7,2354,3,363.0,30.0,0,2167,1,0,2,4927,360,372,3.0,11.0,0,0,0,4,9,0,0,0,0,1,0,0
161.24,4.1,1310,5,395.0,6.0,2,985,1,0,4,140,14,6,1.0,11.988333333333333,1,0,0,7,4,0,0,0,1,0,0,0
51.6,2.5,0,1,87.0,5.0,4,5,0,1,2,2174,187,11,1.0,12.0,0,1,0,1,8,1,1,0,0,0,0,1
149.12,4.1,2224,3,125.0,5.0,0,736,0,1,2,4134,390,107,4.0,4.0,0,0,0,7,2,0,0,0,0,0,0,0
202.23,4.2,108,6,705.0,20.0,0,1726,1,0,3,1843,132,140,5.0,18.0,0,0,0,3,7,0,1,0,0,0,0,0
212.84,3.8,2302,1,134.0,30.0,0,241,0,1,2,2193,130,87,1.0,11.0,1,0,1,7,0,0,0,1,0,0,0,0
179.86,3.9,239,4,527.0,14.0,0,2290,1,1,5,3532,223,133,4.0,16.0,0,0,0,3,2,0,1,0,0,0,0,0
146.85,3.978268041237113,3553,1,439.0,17.0,1,315,0,0,4,1677,55,89,2.0,15.0,0,0,0,3,4,1,0,0,1,0,0,0
150.77,3.978268041237113,0,4,467.0,14.0,0,1108,1,1,3,2038,73,117,0.0,11.0,1,0,1,0,1,0,0,0,0,0,0,1
249.83,4.5,3485,5,510.0,5.0,0,3344,1,0,3,2616,265,101,1.0,29.0,1,0,1,6,1,0,0,0,0,0,1,0
202.42,4.0,2405,3,789.0,10.0,0,1433,1,0,5,895,88,22,2.0,16.0,0,0,0,6,3,0,1,0,0,0,0,0
141.32,4.1,4578,4,769.0,1.0,1,734,1,1,2,3609,346,230,2.0,11.988333333333333,0,0,0,9,4,0,0,0,1,0,0,0
147.13,4.5,3520,3,334.0,7.0,1,3400,1,0,2,2301,41,177,1.0,0.0,1,0,0,4,7,0,0,1,0,0,0,0
176.2,3.6,2286,5,591.0,20.0,0,1208,0,1,4,2222,267,80,3.0,3.0,0,0,0,2,2,1,0,0,0,0,0,1
129.7,3.4,0,1,305.0,12.0,1,2812,1,1,2,99,6,4,3.0,5.0,0,0,1,9,9,0,0,0,0,0,0,0
287.58,4.9,3355,5,573.0,11.0,0,4000,1,0,2,937,112,6,2.0,3.0,0,1,0,7,9,0,1,0,0,0,0,0
55.99,3.3,87,1,621.0,23.0,0,2374,1,1,1,4469,334,124,4.0,10.0,0,1,0,3,9,0,0,0,0,0,1,0
266.7,4.6,2196,4,106.0,7.0,2,201,1,0,6,778,58,60,2.0,11.0,0,0,0,4,7,1,0,1,0,0,0,1
106.91,4.7,0,6,589.0,6.0,1,2936,1,1,5,3028,160,154,0.0,11.0,0,0,0,7,7,0,0,0,1,0,0,0
116.19,3.5,0,1,552.0,19.0,2,558,0,1,1,1214,26,41,0.0,5.0,0,0,0,2,3,0,1,0,0,0,0,0
109.09,3.978268041237113,2802,3,613.0,13.0,2,87,0,1,2,2488,361,75,1.0,19.0,0,0,0,5,5,0,0,0,0,0,0,0
262.07,5.0,4940,2,569.0,5.0,0,3199,1,1,2,1781,174,138,1.0,13.0,0,0,0,4,5,0,0,0,0,0,1,0
90.19,4.0,2264,3,94.0,11.0,0,2074,1,1,1,3312,360,51,0.0,0.0,0,0,0,6,0,0,0,0,1,0,0,1
174.83,3.978268041237113,1911,4,123.0,21.0,1,890,1,0,2,1674,148,11,2.0,25.0,1,0,0,6,9,0,0,0,0,1,0,0
95.83,3.5,2379,6,414.0,16.0,1,1910,0,1,4,4235,122,89,3.0,24.0,0,0,1,5,7,0,0,0,0,1,0,0
185.62,4.6,2647,5,190.0,6.0,1,1735,1,0,5,3307,469,256,2.0,23.0,0,0,0,1,7,0,0,0,1,0,0,0
185.98,4.1,2977,5,564.0,14.0,0,671,1,1,4,4358,510,236,1.6757142857142857,17.0,0,0,0,3,8,1,0,0,1,0,0,1
189.23,3.8,5175,5,715.0,4.0,0,2697,1,0,4,4784,573,140,1.0,17.0,0,0,0,5,8,0,0,0,0,0,0,0
216.42,3.7,145,3,40.0,21.0,0,2248,0,1,1,1978,54,35,1.0,8.0,0,0,0,5,5,0,0,0,0,0,0,0
52.23,3.9,1879,7,76.0,26.0,1,2794,0,1,4,857,87,25,2.0,15.0,0,0,1,5,0,0,0,0,0,1,0,0
39.0,3.5,0,3,374.0,24.0,3,419,1,0,4,1452,144,99,2.0,13.0,1,0,0,2,3,0,1,0,0,0,0,0
182.89,3.9,1878,5,696.0,1.0,0,782,1,1,1,2904,153,193,1.0,16.0,1,0,0,8,2,0,0,0,0,0,1,0
150.64,4.3,3965,4,494.0,13.0,2,1621,1,1,3,4991,134,203,3.0,25.0,0,0,0,8,6,0,0,0,0,0,1,0
244.45,3.0,2756,1,195.0,16.0,1,5,0,1,5,4582,626,314,2.0,2.0,0,0,0,4,8,0,1,0,0,0,0,0
173.41,4.4,1482,2,235.0,4.0,1,3101,0,1,3,2851,309,25,1.0,17.0,0,0,1,3,7,0,0,0,0,0,1,0
93.12,4.1,1630,3,386.0,15.230456852791878,0,3691,1,1,3,95,10,3,2.0,14.0,0,0,0,7,8,0,0,0,0,1,0,0
201.41,3.9,0,9,747.0,13.0,0,639,1,1,3,2937,36,74,3.0,2.0,0,0,0,2,2,0,0,1,0,0,0,0
270.66,4.0,2202,1,36.0,1.0,2,1333,0,0,3,4543,242,207,2.0,14.0,0,1,0,9,2,0,0,0,0,0,1,0
5.0,3.5,0,5,107.0,16.0,1,988,1,1,1,3148,358,87,2.0,11.988333333333333,0,0,0,0,0,1,1,0,0,0,0,1
228.43,4.7,0,2,277.0,11.0,0,1763,1,0,1,2022,293,102,5.0,4.0,0,0,0,4,4,0,0,0,1,0,0,0
5.0,3.3,3020,2,226.0,5.0,0,169,1,1,1,2862,64,192,0.0,10.0,0,1,0,2,8,0,0,0,0,0,0,1
100.42,3.7,2378,7,409.0,28.0,0,1231,0,0,1,4160,324,280,1.0,12.0,0,0,0,9,8,0,1,0,0,0,0,0
121.28,3.9,2900,1,582.0,34.0,0,1010,1,0,3,4519,206,214,1.0,12.0,0,0,1,0,8,0,0,0,1,0,0,1
370.67,4.8,4914,8,419.0,13.0,1,185,1,1,5,3869,43,188,3.0,22.0,0,0,0,8,9,0,0,0,0,0,0,0
260.2,3.3,0,2,292.0,1.0,2,2529,0,1,2,3736,258,132,1.6757142857142857,25.0,0,0,0,6,7,0,0,0,1,0,0,0
231.74,4.3,0,4,659.0,12.0,1,2170,0,0,3,3943,207,251,0.0,2.0,0,0,0,4,8,0,0,0,0,1,0,0
90.43,3.3,2268,1,311.0,29.0,1,1131,0,1,2,986,45,39,0.0,12.0,0,0,1,8,5,1,0,0,0,0,0,1
190.38,3.5,1400,2,156.0,14.0,0,3801,1,1,3,3420,489,96,2.0,23.0,0,0,0,0,4,0,0,0,1,0,0,0
144.79,3.9,1768,7,175.0,16.0,0,1866,1,1,4,3295,378,146,2.0,0.0,0,0,0,6,6,1,0,0,1,0,0,0
67.0,3.978268041237113,9,4,487.0,8.0,1,2671,1,1,2,4919,220,64,3.0,0.0,1,0,0,5,9,0,0,1,0,0,0,0
194.22,3.4,1985,3,383.0,18.0,0,3127,0,1,4,3597,344,80,3.0,19.0,1,0,0,5,1,0,1,0,0,0,0,0
314.54,3.7,2841,3,681.0,12.0,0,2226,1,1,4,1333,67,39,2.0,27.0,0,0,0,0,1,0,0,1,0,0,0,0
244.78,4.6,0,4,355.0,5.0,0,1590,1,1,3,3810,53,249,3.0,8.0,0,0,0,9,5,0,1,0,0,0,0,0
213.2,3.9,2562,3,263.0,7.0,0,5,0,1,4,273,28,16,1.0,5.0,0,0,0,1,5,0,0,0,1,0,0,0
244.99,4.5,648,4,859.0,20.0,1,1085,1,0,3,3072,150,98,2.0,16.0,0,0,0,3,9,0,0,1,0,0,0,0
22.55,3.5,0,1,171.0,9.0,1,2055,1,1,2,4102,405,215,3.0,11.0,0,0,0,8,8,0,1,0,0,0,0,0
216.82,3.8,3283,3,683.0,1.0,1,4000,1,1,2,3615,402,204,2.0,20.0,0,0,0,8,6,1,0,0,1,0,0,1
41.2,3.978268041237113,2505,4,614.0,3.0,0,2458,0,1,4,2773,98,30,5.0,2.0,0,0,0,0,3,0,1,0,0,0,0,0
179.04,4.6,1214,7,628.0,5.0,0,1302,1,1,4,3700,548,26,2.0,18.0,0,0,0,4,4,0,0,1,0,0,0,0
89.47,3.5,0,1,259.0,22.0,2,1439,1,1,1,3976,320,189,2.0,7.0,1,0,1,3,7,0,0,0,1,0,0,0
129.25,4.3,4457,3,147.0,4.0,0,2005,0,1,2,4401,455,260,5.0,20.0,1,1,0,4,5,0,0,0,0,1,0,0
5.0,3.8,0,1,171.0,16.0,1,1361,0,0,2,1200,174,40,0.0,4.0,0,0,0,8,3,1,0,0,0,0,1,1
222.4,4.5,615,4,661.0,3.0,0,2471,1,0,3,2135,135,59,0.0,16.0,0,1,0,4,8,0,1,0,0,0,0,0
180.26,4.6,1611,1,392.0,1.0,0,2842,1,1,3,2438,315,60,0.0,14.0,1,0,1,7,5,0,0,0,0,0,0,1
223.64,5.0,3949,6,830.0,12.0,1,4000,1,1,3,2498,120,130,3.0,16.0,0,0,0,9,1,0,1,0,0,0,0,0
234.82,4.2,168,9,251.0,19.0,0,1258,1,1,2,2752,106,146,2.0,10.0,1,1,0,5,7,0,1,0,0,0,0,1
52.18,4.3,1604,6,402.0,26.0,0,1422,1,0,3,1815,250,85,2.0,11.0,1,0,0,7,4,1,0,0,0,0,0,0
148.67,3.9,0,1,20.0,1.0,3,1818,0,0,3,462,42,11,0.0,11.0,0,0,1,1,6,0,0,0,0,0,0,1
75.15,3.3,0,3,516.0,25.0,0,5,1,1,1,3003,111,62,2.0,12.0,0,1,0,2,5,0,0,1,0,0,0,1
29.76,4.6,0,2,163.0,17.0,1,1067,0,0,1,768,46,25,1.0,4.0,1,0,0,6,8,0,1,0,0,0,0,0
209.34,4.1,430,4,20.0,46.0,2,434,1,0,2,4482,428,307,1.0,0.0,0,0,0,9,5,0,0,1,0,0,0,0
157.69,4.1,1932,4,476.0,8.0,1,4000,1,1,3,2864,122,37,1.6757142857142857,18.0,1,0,0,8,1,0,0,0,0,1,0,0
216.36,4.1,0,5,654.0,1.0,0,2654,1,0,2,2254,225,173,5.0,23.0,0,0,0,9,1,0,0,1,0,0,0,0
78.9,3.6,2547,4,288.0,19.0,1,2501,1,1,3,4425,555,279,3.0,7.0,0,0,0,6,8,0,1,0,0,0,0,0
172.2,4.5,4831,1,328.0,32.0,2,1989,0,1,1,2409,273,118,1.0,0.0,0,0,1,2,1,0,0,0,0,1,0,0
215.79,4.5,2070,2,75.0,22.0,3,3133,1,1,2,2046,275,125,3.0,6.0,0,0,0,3,8,0,0,0,0,1,0,0
120.06,4.4,5974,5,236.0,5.0,0,1225,1,1,5,2879,257,213,0.0,19.0,0,0,0,6,8,0,0,1,0,0,0,0
19.57,4.1,2024,1,376.0,13.0,1,5,1,1,2,2669,181,151,0.0,12.0,1,1,0,5,3,0,1,0,0,0,0,0
81.8,3.8,1657,1,110.0,11.0,1,458,0,1,3,1702,220,90,0.0,0.0,0,0,0,0,6,1,1,0,0,0,0,1
194.44,3.2,0,3,522.0,23.0,2,172,1,1,3,542,19,23,1.0,1.0,1,0,0,9,5,0,0,0,0,0,0,1
53.37,3.4,794,4,377.0,22.0,0,2692,1,0,2,3732,249,59,1.0,6.0,1,0,0,9,5,0,0,0,0,1,0,1
186.96,3.9,2318,3,576.0,11.0,2,1505,1,1,6,1295,52,45,1.0,20.0,0,0,0,7,3,0,1,0,0,0,0,0
252.64,5.0,2124,7,985.0,1.0,0,3456,1,0,5,4852,134,309,5.0,27.0,0,0,0,1,1,0,0,1,0,0,0,0
230.64,4.7,2901,4,694.0,17.0,1,231,0,0,2,4004,176,191,0.0,23.0,0,1,1,2,6,0,0,0,1,0,0,0
165.68,3.0,74,4,124.0,23.0,1,2201,1,0,3,3399,380,192,2.0,8.0,0,1,0,6,4,1,1,0,0,0,0,1
91.79,4.0,0,1,338.0,33.0,2,5,0,1,1,4970,707,32,0.0,11.0,0,0,1,8,8,0,1,0,0,0,0,1
233.07,3.6,2870,1,226.0,37.0,1,580,0,1,3,3649,94,144,0.0,18.0,0,0,1,8,8,0,0,0,0,1,0,1
41.68,2.9,0,8,404.0,11.0,0,123,1,1,4,579,16,38,1.0,21.0,0,0,0,9,9,1,0,0,0,0,0,1
171.59,3.8,2921,6,514.0,6.0,0,2128,1,0,2,1434,64,64,2.0,13.0,0,0,0,8,4,1,0,0,1,0,0,1
150.03,4.3,872,4,447.0,25.0,0,24,1,1,2,3517,414,197,0.0,1.0,0,0,0,3,7,0,0,0,1,0,0,0
203.84,4.6,1923,5,707.0,2.0,2,1750,1,1,4,2719,201,144,1.0,13.0,0,0,0,8,1,1,0,0,0,1,0,0
217.72,4.1,4264,1,652.0,25.0,2,3424,1,0,4,1842,195,49,1.6757142857142857,5.0,1,0,0,8,2,1,0,1,0,0,0,1
5.0,3.5,0,3,349.0,33.0,2,1238,0,1,1,3724,494,234,1.0,2.0,1,1,1,8,3,0,0,0,0,1,0,0
83.21,3.7,916,4,118.0,24.0,2,1288,0,0,3,581,48,45,2.0,5.0,1,0,1,5,3,1,0,1,0,0,0,1
96.25,3.978268041237113,695,4,145.0,18.0,0,1121,1,1,3,4340,190,34,2.0,2.0,0,0,1,9,9,0,0,0,0,0,0,0
155.76,4.1,1970,4,430.0,19.0,1,1720,1,1,3,2951,330,146,3.0,11.988333333333333,0,0,0,0,1,1,1,0,0,0,0,1
81.34,4.0,1186,5,107.0,17.0,0,535,1,1,4,1349,93,81,0.0,10.0,1,0,0,3,6,0,1,0,0,0,0,0
118.04,3.9,291,3,124.0,29.0,2,1928,1,0,2,3035,297,162,2.0,8.0,0,1,0,4,0,1,0,0,1,0,0,1
225.58,2.7,1084,3,336.0,8.0,0,1424,1,0,1,550,75,41,0.0,1.0,0,0,0,3,1,1,1,0,0,0,0,1
167.35,4.2,287,3,497.0,25.0,1,2082,0,0,1,4241,252,182,1.0,16.0,0,0,0,8,9,0,1,0,0,0,0,0
212.05,4.0,3316,3,287.0,33.0,1,1028,1,1,1,1736,192,60,4.0,4.0,0,0,1,6,5,0,0,0,0,0,0,0
179.8,4.0,1331,2,146.0,17.0,0,1832,0,1,1,3041,249,79,2.0,7.0,1,0,0,2,7,0,0,0,1,0,0,0
250.05,3.7,0,4,345.0,27.0,1,3301,1,1,3,1102,35,40,2.0,0.0,1,0,0,2,1,0,0,1,0,0,0,1
379.68,4.4,3974,4,632.0,30.0,3,2893,1,0,3,605,26,32,0.0,0.0,0,0,0,9,2,0,1,0,0,0,0,0
162.05,4.4,133,4,414.0,15.230456852791878,0,1300,1,1,2,615,72,27,2.0,17.0,0,1,0,4,1,1,1,0,0,0,0,1
80.01,4.1,1685,5,420.0,1.0,0,1881,0,0,1,2553,363,13,1.0,5.0,0,0,0,3,9,0,0,0,0,0,0,1
5.0,2.8,0,1,240.0,26.0,1,499,0,1,1,3455,414,67,0.0,7.0,1,1,0,8,0,1,1,0,0,0,0,1
110.19,4.3,92,3,259.0,1.0,2,713,1,0,3,3146,400,68,2.0,11.0,1,0,0,7,5,0,0,1,0,0,0,0
137.81,3.6,0,4,728.0,4.0,0,1909,1,1,1,2131,266,125,2.0,9.0,0,0,0,9,5,1,0,0,0,0,1,1
227.54,3.978268041237113,0,3,436.0,7.0,2,2203,1,1,6,4107,299,303,3.0,17.0,1,0,0,3,1,0,0,0,0,1,0,0
326.28,4.5,4356,1,510.0,1.0,0,1933,1,0,1,3537,316,229,4.0,15.0,0,0,0,8,9,0,1,0,0,0,0,0
232.97,3.5,3061,4,143.0,15.0,2,1938,1,0,3,3979,564,34,3.0,13.0,0,0,0,2,2,1,0,0,0,0,0,1
260.77,3.3,405,3,56.0,32.0,0,1986,0,1,5,2246,267,146,2.0,10.0,0,1,1,5,8,0,0,0,0,1,0,0
374.69,3.3,0,3,609.0,7.0,3,3400,0,1,2,1331,88,26,1.0,17.0,0,0,0,4,0,0,0,0,0,0,1,0
220.95,4.0,843,3,163.0,15.0,1,1863,1,0,5,3067,84,213,1.0,5.0,0,0,0,8,7,1,0,1,0,0,0,1
233.54,3.5,3036,4,628.0,6.0,0,5,1,1,1,3291,92,235,1.0,15.0,0,1,0,5,6,0,0,0,0,0,1,1
103.67,3.8,1257,6,449.0,1.0,0,1488,0,1,1,4576,472,142,1.0,4.0,1,0,0,7,2,0,0,1,0,0,0,0
125.52,4.3,1680,6,236.0,5.0,0,2086,1,1,5,930,56,67,1.0,0.0,0,0,0,0,0,0,0,0,0,0,0,1
139.37,3.2,1925,1,175.0,25.0,1,995,0,1,2,4475,511,77,2.0,0.0,1,0,0,3,9,0,0,1,0,0,0,1
104.92,4.1,3189,1,164.0,26.0,3,5,1,0,3,773,84,7,0.0,14.0,0,0,0,5,8,1,0,0,0,0,1,1
105.93,4.0,1910,5,250.0,22.0,0,1509,0,0,2,1735,87,129,1.0,9.0,1,0,0,2,3,0,0,1,0,0,0,0
61.92,5.0,67,5,493.0,16.0,1,1496,1,0,3,2632,84,134,1.0,0.0,1,1,0,5,3,0,0,0,0,0,0,1
211.32,3.3,2232,3,583.0,7.0,0,887,0,0,1,1435,18,110,1.0,5.0,0,0,0,2,1,0,0,0,1,0,0,1
58.83,3.6,0,1,377.0,37.0,1,1012,1,1,3,2835,263,158,2.0,11.988333333333333,0,0,0,5,0,0,0,0,1,0,0,1
300.11,4.7,5606,9,871.0,6.0,0,3620,0,1,4,742,20,34,2.0,22.0,0,0,1,4,2,0,0,0,1,0,0,0
234.52,4.4,3783,5,575.0,14.0,0,1291,1,1,3,2805,265,54,2.0,26.0,1,1,0,3,7,0,0,0,0,0,1,0
150.3,4.8,0,5,528.0,19.0,0,75,1,1,3,4601,163,42,2.0,11.0,0,0,0,3,8,0,1,0,0,0,0,1
221.27,2.7,0,4,447.0,2.0,1,1056,0,1,2,726,52,24,2.0,6.0,1,0,0,5,4,0,0,0,0,0,0,0
239.93,3.1,2522,3,210.0,20.0,1,921,1,1,2,139,18,2,2.0,13.0,1,0,0,5,8,0,0,0,0,0,0,0
186.77,4.4,4524,2,496.0,33.0,0,1838,0,1,4,2977,352,197,2.0,13.0,0,0,0,5,3,0,1,0,0,0,0,0
76.57,3.2,0,6,139.0,31.0,2,5,1,1,1,2540,253,63,1.0,0.0,0,0,0,9,0,1,1,0,0,0,0,1
124.59,4.3,847,5,490.0,20.0,2,304,0,1,2,3145,189,223,4.0,22.0,0,0,1,0,9,0,0,1,0,0,0,0
219.03,5.0,3511,5,534.0,1.0,0,1066,0,1,5,2561,27,103,2.0,17.0,1,0,0,7,6,0,0,0,0,0,0,1
95.84,4.1,4468,2,20.0,17.0,0,5,1,0,3,3183,124,182,0.0,0.0,0,1,0,9,1,0,1,0,0,0,0,1
60.24,3.7,2149,3,582.0,7.0,0,2127,1,1,3,1643,16,67,3.0,5.0,0,0,0,0,4,0,0,0,0,0,0,0
163.95,3.5,1537,6,101.0,19.0,2,1157,1,0,4,2767,375,159,0.0,30.0,0,0,0,7,1,0,0,1,0,0,0,0
259.67,3.8,2247,3,367.0,1.0,0,2658,0,0,4,1733,54,34,1.0,26.0,0,0,0,3,7,0,0,0,0,1,0,1
225.32,4.2,3739,9,480.0,1.0,0,3449,1,0,5,4341,380,227,0.0,16.0,0,0,1,3,8,0,1,0,0,0,0,0
166.25,4.6,904,7,133.0,17.0,2,430,1,0,1,3148,333,153,0.0,21.0,0,0,0,7,3,1,0,0,0,1,0,1
145.12,4.1,1201,1,513.0,12.0,0,2612,1,1,1,3174,283,158,2.0,18.0,0,0,0,0,9,0,0,0,0,0,1,0
103.88,3.2,2589,2,203.0,11.0,0,83,1,0,2,1867,167,25,3.0,8.0,1,0,1,6,6,0,0,0,0,1,0,0
349.39,3.7,0,5,355.0,1.0,0,967,1,0,3,1116,14,63,3.0,21.0,0,0,0,2,2,0,0,0,1,0,0,0
234.67,4.7,2292,3,448.0,15.0,0,2648,1,1,3,79,3,5,1.0,12.0,0,1,0,8,7,0,0,0,1,0,0,0
31.27,3.4,0,2,20.0,14.0,4,338,1,0,1,2354,259,90,2.0,11.988333333333333,0,0,1,1,9,1,0,0,0,0,1,1
111.7,5.0,2365,6,668.0,6.0,0,3842,1,1,5,2142,157,132,5.0,21.0,0,0,0,9,2,0,1,0,0,0,0,0
152.33,2.4,1154,5,929.0,15.0,0,286,0,0,1,2801,221,219,1.0,0.0,0,0,1,4,6,0,0,0,1,0,0,0
158.97,4.1,2873,5,266.0,26.0,2,2339,0,1,4,4150,51,297,0.0,11.0,0,0,0,0,0,0,0,0,0,0,0,0
116.46,3.8,244,5,431.0,31.0,0,5,1,1,3,727,23,50,1.0,0.0,0,1,0,1,9,1,0,1,0,0,0,1
158.18,4.5,2998,4,376.0,37.0,2,5,1,1,1,4780,360,25,1.0,16.0,1,1,1,6,8,1,0,0,1,0,0,1
211.48,4.3,257,4,643.0,18.0,2,1673,1,1,5,2245,187,101,2.0,16.0,0,0,0,1,9,1,0,0,0,0,1,1
272.2,4.9,354,8,380.0,1.0,0,2665,1,1,2,965,99,50,3.0,9.0,1,0,0,7,6,0,1,0,0,0,0,1
172.71,4.3,4458,5,735.0,5.0,1,3239,1,1,1,1023,111,49,2.0,28.0,1,0,0,6,0,1,0,0,1,0,0,0
266.02,3.978268041237113,5667,5,726.0,1.0,0,2594,1,1,3,3674,73,211,3.0,31.0,1,0,0,7,8,0,0,1,0,0,0,0
142.53,4.5,2503,4,502.0,35.0,0,2765,0,0,3,643,22,21,1.0,7.0,0,0,0,1,9,0,0,0,0,0,1,0
226.69,4.6,261,4,462.0,16.0,0,2239,1,1,5,608,40,40,1.6757142857142857,19.0,0,0,0,8,6,0,0,0,0,0,1,0
101.22,4.2,0,4,220.0,24.0,0,1666,1,1,4,4999,602,147,0.0,12.0,0,0,0,1,0,0,0,1,0,0,0,0
198.49,3.9,0,1,469.0,10.0,3,5,0,1,2,3358,357,65,0.0,0.0,1,1,0,1,4,1,0,0,0,1,0,1
5.0,3.6,1295,4,716.0,34.0,4,2965,1,1,1,4796,492,367,1.0,7.0,1,0,0,5,0,0,0,0,0,0,0,1
200.2,4.2,5886,5,860.0,4.0,0,1561,1,1,1,4349,219,141,5.0,19.0,0,0,0,0,8,0,0,1,0,0,0,0
182.56,3.978268041237113,1461,4,427.0,15.0,0,1137,1,1,3,3223,223,29,0.0,9.0,0,0,0,9,6,0,1,0,0,0,0,0
163.21,3.2,5189,1,380.0,15.0,1,2158,1,1,1,4122,188,23,0.0,16.0,0,0,0,9,6,0,0,0,0,1,0,1
58.3,4.1,0,7,523.0,6.0,0,3181,1,1,4,4762,378,161,0.0,1.0,0,0,0,3,8,0,0,1,0,0,0,0
207.15,3.1,2100,4,334.0,1.0,1,2451,1,0,1,512,15,2,0.0,0.0,0,0,1,7,5,0,1,0,0,0,0,1
194.73,4.2,4183,5,386.0,1.0,0,2488,1,1,3,3226,173,137,1.0,32.0,0,0,0,9,1,0,0,1,0,0,0,0
194.32,4.7,3040,4,238.0,1.0,0,235,1,1,3,4283,239,273,3.0,31.0,1,0,0,6,8,1,0,1,0,0,0,1
345.66,4.6,2733,6,438.0,11.0,0,2194,1,1,4,2688,354,99,2.0,20.0,0,0,0,8,1,0,0,0,0,0,0,0
123.89,5.0,3443,2,562.0,15.0,3,5,1,1,2,313,12,15,3.0,17.0,0,0,0,3,9,0,0,0,0,1,0,1
45.38,3.7,452,4,462.0,15.0,0,3560,1,0,6,932,129,40,4.0,11.0,0,0,0,5,5,0,0,0,0,0,1,1
124.3,4.0,2478,3,158.0,2.0,0,977,0,1,2,3819,175,230,2.0,18.0,1,0,0,6,9,0,0,0,0,1,0,1
241.44,4.1,1945,4,569.0,11.0,0,1129,0,0,5,2785,321,152,0.0,15.0,1,0,0,4,8,0,0,1,0,0,0,1
55.09,3.3,0,4,59.0,16.0,0,1087,0,0,1,2933,71,208,2.0,2.0,0,1,0,3,5,0,0,0,1,0,0,1
199.11,4.9,4749,4,256.0,10.0,0,1354,0,1,3,1473,186,85,3.0,1.0,0,0,0,5,0,0,0,0,0,1,0,0
228.36,4.5,3380,7,565.0,1.0,0,2697,1,0,4,3443,425,23,3.0,22.0,0,0,0,1,6,1,0,0,0,1,0,0
182.34,5.0,1998,7,616.0,1.0,0,551,1,1,6,1817,200,85,1.0,31.0,1,0,0,0,2,0,0,1,0,0,0,0
88.99,3.4,3545,3,771.0,8.0,0,3191,1,1,2,1700,204,77,2.0,12.0,0,0,0,7,9,0,0,0,0,1,0,0
146.68,4.7,0,5,110.0,11.0,2,1149,1,0,5,837,97,23,2.0,16.0,0,1,0,7,8,1,0,0,1,0,0,1
193.17,4.8,1060,8,477.0,16.0,0,2589,1,0,1,1817,168,53,1.0,23.0,0,0,0,2,7,0,0,0,0,1,0,0
110.88,2.9,5339,1,538.0,1.0,0,5,1,1,1,511,21,34,1.0,28.0,1,0,1,5,3,0,0,0,0,0,0,0
234.4,3.8,2875,4,540.0,17.0,0,5,0,0,1,1047,81,73,0.0,0.0,1,0,0,3,4,1,0,1,0,0,0,1
94.98,4.0,2956,2,323.0,12.0,0,2326,0,1,2,3696,78,116,0.0,29.0,0,0,0,4,8,0,0,1,0,0,0,1
177.68,3.5,1015,5,267.0,19.0,2,1382,1,0,1,3696,515,156,3.0,8.0,0,0,0,2,8,0,0,0,0,1,0,0
254.0,4.7,3140,2,119.0,17.0,0,2444,1,1,3,602,85,9,3.0,29.0,0,0,0,6,6,0,0,0,0,0,0,0
118.98,3.7,4052,5,240.0,35.0,1,1053,1,0,2,1361,198,38,1.0,15.0,1,0,0,4,9,1,0,0,1,0,0,1
213.51,3.978268041237113,2006,4,327.0,20.0,0,536,1,1,3,3085,139,156,2.0,18.0,0,0,0,6,8,0,0,0,1,0,0,0
248.59,3.9,3652,2,403.7255102040816,18.0,0,1946,1,1,5,3623,402,20,2.0,23.0,1,1,0,4,2,0,0,0,0,0,1,0
115.47,3.5,4230,6,164.0,25.0,0,2160,1,0,4,982,131,23,2.0,19.0,0,0,0,7,2,0,0,0,0,0,1,0
136.3,4.1,1389,2,469.0,26.0,3,973,0,1,1,2372,38,37,0.0,0.0,1,1,1,8,3,1,0,1,0,0,0,1
102.3,5.0,2806,4,647.0,12.0,0,782,1,1,1,4821,212,293,3.0,7.0,0,0,0,3,7,0,0,0,0,1,0,0
204.99,3.3,0,1,20.0,22.0,0,1432,1,0,1,4129,78,54,2.0,11.0,0,0,0,4,3,0,0,0,0,1,0,1
297.64,4.8,2053,5,543.0,17.0,0,5,1,1,4,1099,161,23,3.0,19.0,1,0,0,9,8,1,0,0,0,0,0,1
51.61,2.8,0,3,268.0,46.0,0,120,1,0,2,905,24,7,1.0,0.0,0,0,0,1,6,1,0,0,1,0,0,1
171.88,3.7,4111,1,396.0,1.0,0,1616,1,1,2,1426,110,86,1.0,16.0,0,0,0,8,5,0,0,1,0,0,0,0
97.12,3.2,0,1,29.0,31.0,0,849,0,1,1,2083,188,25,1.0,0.0,1,0,1,3,7,1,0,1,0,0,0,1
273.06,4.5,4092,2,598.0,23.0,1,2991,0,1,1,2364,326,74,2.0,9.0,1,0,0,2,5,1,0,0,1,0,0,1
185.39,3.7,1198,5,161.0,19.0,1,1380,0,0,1,1444,59,67,0.0,7.0,1,1,0,8,3,1,1,0,0,0,0,0
83.54,3.2,48,4,104.0,23.0,1,1436,1,1,1,4300,62,201,1.6757142857142857,13.0,0,0,0,6,2,0,0,1,0,0,0,0
152.86,3.978268041237113,2023,4,235.0,32.0,1,1111,1,1,2,1110,63,31,3.0,14.0,0,0,0,6,8,1,0,1,0,0,0,1
27.0,3.8,964,4,311.0,26.0,2,442,0,1,1,2693,60,79,2.0,0.0,0,1,0,7,9,0,0,0,0,1,0,0
5.0,3.5,0,1,420.0,23.0,1,158,1,1,3,4489,333,235,0.0,28.0,1,0,1,0,9,0,0,1,0,0,0,1
338.69,3.8,3672,4,411.0,14.0,1,3048,1,1,3,4362,317,226,5.0,0.0,1,0,0,2,3,0,0,1,0,0,0,0
286.38,3.2,1943,4,636.0,15.0,0,542,1,1,2,620,57,42,0.0,15.0,0,0,0,6,7,0,0,1,0,0,0,0
5.0,3.1,2557,2,106.0,23.0,0,5,0,0,1,4197,197,309,2.0,10.0,0,1,1,2,8,1,1,0,0,0,0,1
170.92,4.0,3569,5,161.0,25.0,4,1613,1,0,3,2419,130,178,1.6757142857142857,31.0,0,1,0,3,8,1,1,0,0,0,0,1
5.0,4.1,218,4,284.0,11.0,0,1857,1,1,3,562,69,29,1.0,23.0,0,0,0,4,5,1,0,0,1,0,0,1
5.0,3.1,0,2,182.0,29.0,0,5,1,0,1,3067,71,92,0.0,0.0,0,0,0,6,5,1,0,1,0,0,0,1
166.28,4.3,6313,6,676.0,1.0,0,3668,1,1,2,2799,164,127,1.6757142857142857,21.0,0,0,0,0,7,0,0,0,0,0,0,0
78.62,2.5,0,4,65.0,15.0,2,1819,0,0,3,1317,156,44,0.0,0.0,1,0,0,2,7,0,0,0,0,1,0,1
5.0,3.3,0,1,405.0,32.0,0,1428,1,0,1,1278,43,77,1.0,7.0,1,0,0,3,7,1,0,1,0,0,0,1
187.51,4.5,0,5,185.0,10.0,0,1975,1,1,3,2753,238,165,2.0,18.0,0,0,0,1,0,0,0,1,0,0,0,0
245.1,4.6,2852,3,734.0,13.0,2,1546,1,1,4,1293,165,44,1.0,16.0,1,0,0,8,0,0,0,0,0,0,1,0
201.74,3.5,1427,4,482.0,15.0,1,24,0,1,3,3187,99,180,1.0,6.0,0,0,1,8,6,0,0,0,1,0,0,0
131.92,4.5,0,2,435.0,16.0,0,2166,0,1,3,1028,85,78,2.0,16.0,1,0,0,8,5,0,0,0,0,0,1,1
137.91,4.4,1122,4,280.0,19.0,0,2165,0,0,2,3385,227,34,0.0,12.0,0,0,0,4,0,0,0,1,0,0,0,0
257.05,5.0,241,2,318.0,23.0,0,1027,1,1,4,867,23,15,5.0,22.0,0,0,0,2,9,0,0,0,1,0,0,1
188.06,3.3,0,3,389.0,22.0,0,5,1,0,2,4636,488,131,1.0,19.0,0,0,0,8,6,1,0,0,0,0,1,1
112.38,4.3,918,4,101.0,23.0,2,5,1,0,1,3120,116,189,0.0,0.0,0,0,0,0,9,0,1,0,0,0,0,0
206.2,3.7,3264,4,706.0,18.0,0,452,1,0,2,1175,86,86,1.6757142857142857,18.0,0,0,0,2,9,0,0,0,0,1,0,0
133.59,4.8,1820,5,289.0,1.0,1,2262,0,0,3,2770,404,205,2.0,7.0,0,0,0,5,1,0,1,0,0,0,0,1
121.74,3.2,0,1,277.0,20.0,3,665,1,1,2,4312,147,280,4.0,5.0,1,1,0,5,3,1,0,1,0,0,0,1
156.97,4.6,0,2,615.0,17.0,1,40,1,1,1,4348,508,210,4.0,4.0,1,0,0,5,8,0,0,1,0,0,0,0
172.4,4.3,1302,4,875.0,27.0,2,479,1,0,3,4385,537,132,3.0,14.0,0,0,0,2,0,0,0,0,0,0,1,0
101.47,4.0,738,6,458.0,31.0,3,1987,0,1,1,4614,510,148,0.0,0.0,0,1,0,8,4,0,0,0,1,0,0,1
147.68,4.1,3919,1,373.0,20.0,0,2397,1,1,1,3012,76,28,0.0,12.0,1,0,0,3,9,0,0,1,0,0,0,0
262.28,3.6,619,3,403.7255102040816,36.0,2,144,0,1,2,3596,144,123,1.0,3.0,1,0,1,1,8,1,1,0,0,0,0,1
114.84,3.978268041237113,6575,4,664.0,1.0,2,3257,1,1,4,3701,293,165,4.0,9.0,1,0,0,7,8,0,0,0,0,1,0,0
158.12,4.2,2668,5,281.0,9.0,1,1055,1,0,4,2248,202,158,1.0,6.0,0,1,0,0,3,1,0,0,0,1,0,0
43.4,3.0,0,4,107.0,33.0,1,644,0,0,1,4541,432,134,0.0,11.988333333333333,0,0,0,4,9,1,0,0,0,0,0,1
28.95,3.4,1574,4,645.0,25.0,0,5,0,1,2,2138,318,93,1.0,0.0,1,1,1,2,6,0,0,1,0,0,0,0
255.06,4.4,2200,5,608.0,18.0,0,2027,1,1,2,4713,572,341,2.0,16.0,0,0,0,6,1,0,0,0,0,0,1,1
58.86,3.8,0,1,444.0,19.0,0,5,0,0,1,3290,100,128,1.0,12.0,0,1,0,1,9,0,0,0,1,0,0,0
5.0,2.7,2319,4,344.0,5.0,0,5,0,0,2,2868,283,117,4.0,12.0,0,0,0,8,7,0,0,0,0,1,0,0
181.84,3.4,3286,6,897.0,9.0,0,1643,1,1,4,1245,90,71,5.0,16.0,0,0,0,1,0,0,0,0,0,0,1,1
26.36,2.8,830,3,140.0,40.0,1,5,1,0,1,3334,401,125,0.0,1.0,0,0,0,9,2,1,0,0,0,0,1,1
88.26,4.0,76,3,199.0,1.0,1,1567,0,1,3,731,99,32,0.0,15.0,0,0,0,9,5,1,0,0,1,0,0,1
164.97,4.9,4379,9,1065.0,1.0,0,4000,1,0,4,3271,36,80,4.0,14.0,0,0,1,6,3,0,0,1,0,0,0,0
104.53,4.2,3180,2,1038.0,30.0,0,5,1,1,4,4460,114,113,4.0,16.0,0,0,0,2,2,1,0,1,0,0,0,1
205.9,3.978268041237113,671,2,781.0,16.0,1,1465,1,0,3,1235,54,69,2.0,15.0,0,0,1,3,3,0,0,0,0,0,1,0
12.8,4.1,0,1,303.0,24.0,1,5,1,1,1,2869,426,126,1.0,0.0,1,0,0,7,0,0,0,0,1,0,0,0
103.2,4.6,608,1,418.0,13.0,2,124,1,1,2,2662,56,23,4.0,13.0,1,1,0,0,6,0,1,0,0,0,0,0
5.0,4.9,1876,1,403.7255102040816,23.0,1,571,0,1,2,4351,358,266,0.0,10.0,0,0,1,1,2,0,0,0,0,1,0,1
68.66,3.8,0,1,97.0,45.0,4,5,1,1,1,3519,134,213,0.0,5.0,0,0,0,7,4,0,0,0,1,0,0,1
94.79,3.4,461,1,344.0,37.0,3,5,1,1,1,4049,306,155,0.0,11.988333333333333,0,1,0,7,6,1,0,0,1,0,0,1
5.0,2.9,752,1,403.7255102040816,16.0,2,5,0,1,1,1801,131,106,0.0,0.0,1,0,0,3,9,0,0,1,0,0,0,1
5.0,4.6,0,2,114.0,18.0,3,1424,1,1,2,1021,66,31,0.0,15.0,1,1,1,9,2,0,0,0,0,0,1,1
56.06,3.6,0,3,393.0,29.0,2,703,0,0,1,366,49,18,1.0,15.0,0,0,0,8,6,0,0,1,0,0,0,1
297.84,4.0,1418,4,528.0,15.230456852791878,2,1293,1,1,3,403,53,24,2.0,26.0,0,0,0,9,8,0,0,0,0,1,0,0
115.59,3.7,1948,3,385.0,23.0,1,622,0,1,2,640,26,24,1.0,16.0,0,1,0,0,5,1,0,1,0,0,0,1
249.86,3.978268041237113,0,8,358.0,13.0,0,1192,0,1,3,4904,566,126,3.0,20.0,0,0,0,3,2,0,0,0,1,0,0,0
134.32,4.2,2789,7,485.0,25.0,1,1117,1,0,1,2654,29,43,0.0,6.0,1,0,0,8,7,0,0,0,0,1,0,0
5.0,4.6,512,2,300.0,1.0,1,941,1,0,2,2483,133,107,1.0,16.0,1,1,0,9,1,1,0,0,1,0,0,1
87.42,3.8,1461,5,209.0,5.0,0,3119,0,1,3,492,30,7,0.0,9.0,0,0,1,3,0,0,0,0,1,0,0,0
168.1,3.9,0,4,304.0,30.0,2,85,1,1,4,691,49,11,0.0,13.0,0,0,0,7,8,0,0,1,0,0,0,0
40.99,4.2,3041,3,228.0,20.0,2,2126,1,1,1,1261,35,64,1.0,2.0,0,0,1,5,9,1,0,0,0,0,1,1
158.63,4.6,1600,7,207.0,16.0,0,1924,0,1,1,1655,122,113,3.0,8.0,0,0,0,4,3,0,1,0,0,0,0,0
173.1,4.0,1155,1,754.0,3.0,0,931,1,1,2,3379,291,246,3.0,10.0,0,0,0,9,9,0,0,0,0,1,0,1
177.29,4.4,3255,5,418.0,13.0,0,2437,1,0,2,1406,29,65,3.0,12.0,0,0,0,5,0,0,0,0,0,1,0,0
124.39,4.0,616,4,300.0,19.0,0,2212,0,1,1,2790,294,168,3.0,13.0,1,1,0,2,2,0,0,1,0,0,0,0
191.39,3.3,0,2,20.0,21.0,1,770,0,0,2,4434,402,157,4.0,10.0,0,1,1,0,8,0,0,0,0,0,1,0
108.16,3.2,0,1,216.0,5.0,3,204,0,0,1,518,65,19,1.0,4.0,0,0,1,2,0,1,0,1,0,0,0,1
53.38,3.7,1408,4,146.0,12.0,2,291,1,0,3,2570,68,70,0.0,15.0,0,0,0,0,8,0,0,1,0,0,0,0
54.04,4.1,0,5,557.0,39.0,1,1734,0,1,1,232,30,5,0.0,11.988333333333333,0,0,0,0,1,0,0,1,0,0,0,0
114.3,3.6,289,1,140.0,32.0,1,793,0,0,2,4493,95,233,0.0,14.0,0,0,0,6,2,0,0,0,1,0,0,1
140.63,4.2,2649,3,332.0,12.0,0,2245,1,0,4,4135,277,222,2.0,23.0,1,0,0,8,0,1,0,0,0,0,1,0
204.15,3.6,0,2,500.0,7.0,0,877,1,1,3,2901,219,25,1.0,11.988333333333333,1,0,0,0,1,0,0,0,0,0,0,1
179.48,3.9,3956,4,765.0,2.0,0,1849,1,1,1,1657,103,118,3.0,9.0,1,0,0,6,1,1,0,0,0,1,0,1
212.08,4.4,1108,7,565.0,7.0,0,3837,0,1,3,1048,88,77,5.0,18.0,0,0,0,0,9,0,1,0,0,0,0,0
25.77,4.5,2910,4,652.0,19.0,0,1088,1,1,1,420,55,10,0.0,0.0,0,0,0,6,5,0,0,0,1,0,0,0
116.72,3.8,3336,4,579.0,15.230456852791878,0,58,1,0,6,3545,165,261,4.0,9.0,0,0,1,8,8,1,0,1,0,0,0,1
308.14,5.0,4227,4,466.0,9.0,3,1266,1,1,1,3557,409,270,2.0,16.0,0,0,0,0,8,0,0,0,0,0,0,0
239.58,3.6,484,4,540.0,13.0,0,1006,1,1,3,3723,519,62,0.0,17.0,0,0,0,1,4,0,1,0,0,0,0,0
56.75,5.0,0,3,414.0,14.0,1,1491,1,0,2,2165,186,125,3.0,11.988333333333333,0,0,0,6,5,0,0,1,0,0,0,0
163.95,4.0,1909,5,418.0,10.0,0,1867,1,1,3,2778,147,213,2.0,3.0,1,0,0,2,2,1,1,0,0,0,0,1
5.0,3.8,1262,1,313.0,25.0,2,5,0,0,4,3459,253,254,1.0,5.0,1,0,0,6,1,0,0,0,1,0,0,1
160.92,4.1,2420,1,141.0,16.0,0,2170,1,1,1,4331,75,87,0.0,0.0,0,0,0,0,2,0,1,0,0,0,0,1
290.51,4.3,5168,3,405.0,4.0,0,3540,1,1,2,4038,305,187,0.0,12.0,1,0,0,9,2,0,0,0,0,0,1,0
187.41,4.2,448,6,366.0,10.0,0,3141,1,0,1,995,124,5,1.0,9.0,0,0,0,9,9,0,0,0,1,0,0,1
106.01,3.2,1345,1,144.0,9.0,1,808,0,1,1,444,12,5,4.0,33.0,0,1,0,4,5,1,0,1,0,0,0,0
18.58,3.3,2835,3,575.0,23.0,2,5,1,0,4,1804,177,114,2.0,18.0,1,0,0,6,2,1,0,0,0,1,0,1
155.98,3.1,1545,1,224.0,27.0,1,1573,0,1,1,4356,174,67,2.0,26.0,0,0,0,1,3,1,0,0,0,1,0,0
188.59,4.5,3606,5,102.0,1.0,0,1872,1,1,5,3255,305,232,1.0,19.0,0,0,0,7,9,0,0,0,1,0,0,0
171.56,4.0,505,5,523.0,28.0,0,1106,1,0,3,433,62,2,1.0,17.0,0,0,0,3,1,0,0,1,0,0,0,0
146.95,3.4,251,4,363.0,13.0,0,1729,1,1,2,3772,496,290,2.0,4.0,1,0,0,4,6,0,0,0,1,0,0,0
178.24,4.3,1137,2,566.0,20.0,1,615,1,1,3,2715,349,96,2.0,19.0,1,1,0,1,4,0,1,0,0,0,0,0
162.24,4.4,3331,2,344.0,25.0,0,5,1,0,3,3266,121,256,2.0,16.0,1,0,0,0,9,0,0,0,1,0,0,1
99.24,3.9,0,1,20.0,1.0,0,734,0,0,1,1384,76,101,3.0,0.0,0,1,0,3,2,0,1,0,0,0,0,1
274.7,4.1,1499,4,865.0,17.0,1,2014,1,0,5,4431,181,203,1.0,24.0,0,0,0,2,7,0,0,1,0,0,0,1
5.0,3.3,423,1,20.0,31.0,2,5,0,0,1,2695,85,117,0.0,0.0,0,1,1,4,2,0,0,1,0,0,0,1
5.0,2.0,1330,4,204.0,29.0,1,5,1,1,1,3243,356,101,0.0,3.0,0,0,0,0,6,0,0,0,1,0,0,0
237.7,4.1,1307,3,562.0,1.0,0,2038,1,1,5,3711,284,62,3.0,11.988333333333333,0,0,0,4,2,0,0,0,1,0,0,0
113.93,3.0,1340,3,453.0,20.0,0,2526,1,0,1,4711,352,324,1.0,2.0,0,1,1,7,2,1,0,0,0,0,1,1
172.27,3.5,1645,2,543.0,1.0,0,1210,0,1,2,696,32,43,0.0,15.0,0,0,0,9,6,1,0,0,0,0,0,1
114.42,4.5,102,1,142.0,11.0,0,5,1,1,4,4543,564,131,2.0,1.0,0,0,0,6,2,0,0,0,1,0,0,0
160.33,5.0,1332,6,630.0,15.0,3,2762,1,1,2,1398,122,85,2.0,15.0,1,0,0,0,2,0,0,0,0,0,0,0
127.16,3.5,4811,5,362.0,1.0,0,455,1,0,3,2162,69,67,4.0,7.0,0,0,0,3,2,0,0,0,1,0,0,1
132.78,3.6,1443,6,218.0,15.0,0,2528,0,0,4,1792,146,42,2.0,5.0,0,0,0,5,3,0,0,0,0,0,0,0
233.36,4.9,4499,3,551.0,13.0,2,3281,1,1,5,896,22,17,5.0,22.0,0,1,0,9,2,0,0,0,0,0,1,0
65.09,3.2,0,1,692.0,24.0,2,488,0,1,3,1679,75,15,3.0,6.0,0,0,1,1,6,0,0,0,0,0,1,1
288.97,4.4,1591,3,279.0,14.0,0,3026,1,1,5,1476,185,34,1.0,24.0,0,1,1,2,3,0,0,0,1,0,0,0
164.93,3.8,1382,1,321.0,20.0,0,355,0,0,2,2297,80,126,0.0,11.988333333333333,0,0,0,3,7,1,0,0,0,0,0,1
175.41,4.4,1758,5,671.0,1.0,0,2344,0,1,3,2211,246,70,3.0,23.0,0,0,0,4,2,0,0,0,1,0,0,0
5.0,3.8,0,1,236.0,22.0,3,173,0,1,1,3385,317,156,0.0,9.0,0,0,0,0,6,0,0,0,0,0,1,0
173.94,3.1,1164,4,452.0,5.0,0,1807,1,1,2,4003,391,264,3.0,19.0,0,1,0,4,2,1,0,1,0,0,0,1
225.35,5.0,6497,8,497.0,25.0,0,1481,1,1,2,769,24,36,3.0,28.0,0,0,0,6,5,0,0,0,0,0,0,0
256.78,4.5,4602,6,423.0,4.0,1,200,1,0,1,4347,557,312,2.0,9.0,0,0,0,6,7,1,1,0,0,0,0,1
138.07,3.3,2105,5,488.0,1.0,1,1230,0,1,1,4150,64,214,0.0,5.0,0,1,0,6,8,0,0,1,0,0,0,0
116.76,4.1,3539,4,778.0,14.0,0,2123,1,0,3,1382,25,102,0.0,7.0,1,0,0,2,2,0,0,1,0,0,0,0
35.69,3.2,853,4,20.0,50.0,2,196,1,1,2,477,63,20,1.0,0.0,1,1,0,7,1,0,1,0,0,0,0,1
235.01,5.0,4429,4,295.0,8.0,0,3264,1,0,4,3580,512,50,4.0,10.0,1,0,0,8,3,0,1,0,0,0,0,0
216.54,4.5,1418,4,265.0,7.0,0,660,0,1,5,774,20,37,0.0,16.0,0,0,0,9,5,0,0,0,1,0,0,0
332.76,3.978268041237113,3401,2,369.0,8.0,1,1675,0,1,4,4246,531,183,3.0,10.0,0,0,0,3,8,0,0,0,0,0,1,0
235.31,4.4,1731,6,306.0,3.0,1,634,1,1,2,271,38,9,2.0,14.0,1,0,0,3,2,0,0,1,0,0,0,0
125.43,3.9,2716,3,79.0,22.0,0,5,1,0,1,3631,315,65,3.0,11.988333333333333,1,0,0,2,9,0,0,0,0,1,0,1
149.51,4.2,2556,5,893.0,24.0,0,2220,1,1,2,2580,286,197,2.0,28.0,0,0,1,3,4,0,0,0,0,0,0,1
110.76,4.2,3003,2,283.0,27.0,2,5,1,1,1,65,1,3,2.0,21.0,0,0,0,1,4,0,0,1,0,0,0,0
216.47,3.7,2681,4,513.0,7.0,1,1180,1,0,4,3430,492,176,1.0,8.0,1,0,0,2,7,0,0,0,1,0,0,0
204.31,5.0,6738,6,661.0,4.0,0,1679,1,0,4,228,7,16,3.0,21.0,0,0,0,3,0,0,0,0,1,0,0,0
135.4,4.4,3806,5,617.0,1.0,0,4000,1,1,3,4647,572,33,2.0,22.0,1,0,0,4,8,0,0,1,0,0,0,0
155.12,4.6,5818,4,456.0,23.0,1,2390,1,1,3,924,88,73,1.0,13.0,0,0,1,5,2,1,1,0,0,0,0,1
208.27,3.6,3532,4,273.0,4.0,1,684,1,1,2,446,25,8,3.0,13.0,0,0,0,2,6,0,0,0,0,0,1,0
307.62,4.1,1033,7,568.0,13.0,0,1982,1,0,1,611,54,23,3.0,18.0,1,0,0,4,0,0,0,0,0,0,0,0
280.71,4.2,5524,9,822.0,6.0,0,3422,1,1,3,2853,69,59,1.0,32.0,1,0,0,8,3,0,0,0,1,0,0,1
175.53,3.6,0,4,383.0,18.0,0,1831,0,0,3,1839,229,137,4.0,23.0,1,0,0,8,9,0,1,0,0,0,0,1
200.23,3.978268041237113,3742,4,104.0,28.0,0,874,1,1,1,4972,653,244,1.0,0.0,0,0,1,7,3,0,0,1,0,0,0,0
217.2,3.8,3178,5,594.0,1.0,2,3195,1,1,1,1308,57,16,3.0,18.0,1,0,0,3,5,0,0,1,0,0,0,1
121.38,3.8,0,6,531.0,20.0,2,1167,1,0,3,2565,51,43,2.0,10.0,1,0,0,2,0,0,0,0,0,1,0,0
242.79,4.5,2131,4,349.0,20.0,2,2610,1,0,3,1670,92,72,1.6757142857142857,15.0,0,0,0,0,9,0,0,0,0,0,1,0
259.57,5.0,2815,7,548.0,1.0,0,1854,1,1,5,4669,118,246,4.0,13.0,0,0,0,8,3,0,0,0,1,0,0,0
79.19,4.0,1297,4,257.0,22.0,1,2981,0,0,3,3023,358,70,0.0,7.0,0,0,1,9,2,1,0,0,1,0,0,1
152.28,4.6,0,3,525.0,1.0,1,1656,0,1,2,3544,76,131,0.0,9.0,1,0,0,9,8,0,0,0,1,0,0,0
311.54,4.9,3583,4,249.0,1.0,0,2791,0,1,1,3497,65,135,2.0,10.0,0,0,0,1,3,0,0,1,0,0,0,0
212.71,3.6,3550,4,717.0,8.0,0,3663,1,1,3,4207,382,268,1.0,36.0,0,0,0,3,3,0,0,0,0,0,0,1
5.0,3.3,0,3,93.0,20.0,3,586,1,0,2,986,57,18,0.0,19.0,0,0,0,0,2,0,1,0,0,0,0,1
190.38,5.0,1814,4,605.0,12.0,0,1750,1,1,4,2702,111,189,1.0,11.0,0,0,0,1,5,0,0,1,0,0,0,0
152.2,3.9,3014,2,401.0,21.0,1,795,0,1,2,1999,226,91,0.0,18.0,0,0,0,7,0,1,0,0,1,0,0,1
110.82,2.9,0,1,235.0,41.0,2,1625,1,1,1,2777,48,184,1.0,9.0,0,1,0,4,1,0,0,0,1,0,0,1
119.67,3.978268041237113,1153,7,20.0,24.0,0,1697,1,0,3,712,71,52,0.0,11.0,0,0,0,1,8,0,0,0,0,1,0,0
130.04,4.1,0,4,450.0,40.0,2,163,0,1,1,305,45,22,0.0,7.0,0,0,1,9,2,0,0,0,0,0,0,1
196.23,4.6,1932,8,540.0,8.0,0,874,1,1,2,1051,42,7,0.0,29.0,1,0,0,9,5,0,0,0,1,0,0,0
216.14,4.0,2344,3,213.0,2.0,0,246,1,1,3,1131,113,74,4.0,0.0,0,0,0,3,9,0,0,0,0,1,0,1
104.38,3.9,4140,5,403.7255102040816,26.0,0,1362,1,0,1,4514,301,138,3.0,1.0,1,1,0,8,9,0,0,0,0,0,1,0
113.45,3.8,1654,5,186.0,30.0,1,5,1,0,1,769,33,16,0.0,0.0,0,0,0,3,4,0,0,0,0,0,1,1
93.57,5.0,1416,7,378.0,17.0,0,994,1,1,3,3070,249,190,5.0,0.0,0,0,0,0,1,0,0,0,1,0,0,1
178.13,4.3,3505,5,374.0,6.0,0,2766,1,1,2,1526,32,60,5.0,24.0,0,0,0,1,2,1,1,0,0,0,0,0
64.42,3.5,3395,2,415.0,18.0,0,2024,0,0,1,4293,597,342,2.0,22.0,0,0,0,0,1,0,0,0,0,1,0,0
14.47,3.3,1793,5,95.0,17.0,1,928,1,1,4,4400,152,118,0.0,10.0,0,0,0,4,0,0,0,0,1,0,0,0
128.77,4.4,2223,5,359.0,9.0,0,1286,1,1,6,1546,72,40,2.0,24.0,0,0,0,2,1,0,0,1,0,0,0,0
148.87,4.2,0,2,664.0,12.0,1,1638,1,1,3,1845,160,131,4.0,4.0,1,1,0,2,6,0,0,0,0,0,1,0
58.81,3.4,2045,1,385.0,33.0,0,834,0,1,1,4107,92,122,2.0,10.0,1,1,1,7,1,0,0,0,0,0,0,1
38.31,3.0,180,1,270.0,31.0,2,1509,0,1,1,3039,242,21,0.0,7.0,0,0,0,8,3,0,0,0,0,1,0,0
117.91,3.9,0,5,664.0,17.0,1,2967,1,1,3,4413,108,153,0.0,13.0,0,0,0,2,4,0,0,0,0,1,0,0
146.71,4.4,1848,4,371.0,25.0,1,1538,0,0,5,2337,34,176,1.0,19.0,1,0,0,4,8,0,1,0,0,0,0,0
206.31,4.3,0,8,791.0,1.0,0,995,0,1,6,1081,133,63,2.0,20.0,0,0,0,6,0,0,0,0,1,0,0,0
135.67,3.7,408,4,151.0,23.0,0,5,1,0,1,2566,287,195,0.0,3.0,0,1,0,0,6,0,0,1,0,0,0,0
53.3,3.8,173,5,325.0,22.0,2,2330,1,1,2,600,66,8,3.0,11.0,0,0,0,8,3,0,0,0,0,0,0,0
152.66,4.5,142,1,227.0,18.0,0,357,1,1,5,3271,143,47,3.0,1.0,0,0,0,8,8,1,0,1,0,0,0,1
184.81,3.8,1845,6,356.0,24.0,0,200,1,0,2,405,12,19,0.0,11.988333333333333,1,0,1,1,8,0,0,0,0,1,0,0
194.13,3.8,1190,4,372.0,11.0,0,5,1,1,2,2890,327,84,3.0,14.0,0,0,0,6,6,0,1,0,0,0,0,0
156.64,4.0,0,6,547.0,10.0,0,2568,1,1,4,574,66,40,2.0,26.0,0,0,0,6,8,0,0,0,0,0,0,0
97.37,4.3,1023,5,815.0,1.0,0,3083,1,1,4,3035,42,239,4.0,15.0,0,0,0,4,1,0,0,0,1,0,0,0
145.39,4.0,0,3,375.0,15.0,1,1271,1,1,2,435,13,23,1.0,8.0,0,0,1,5,5,0,0,0,1,0,0,0
245.53,4.1,0,3,358.0,20.0,2,5,1,1,2,3295,119,250,0.0,28.0,1,0,0,2,7,0,0,1,0,0,0,0
86.87,3.978268041237113,0,5,492.0,20.0,1,5,1,0,1,3144,348,20,5.0,9.0,1,0,0,9,2,0,0,1,0,0,0,0
112.12,4.6,270,6,376.0,6.0,1,1914,1,0,4,4718,465,327,0.0,19.0,0,1,1,7,5,0,0,0,1,0,0,1
232.22,3.9,4797,6,288.0,1.0,0,1190,1,0,2,4393,453,74,2.0,30.0,0,0,0,9,6,0,0,0,0,0,1,0
136.38,4.1,494,4,516.0,26.0,0,5,1,1,2,350,8,7,3.0,17.0,0,0,1,5,4,1,0,0,0,1,0,1
5.0,3.4,889,3,244.0,28.0,0,424,1,0,1,1952,70,31,0.0,8.0,1,0,0,5,5,1,0,0,1,0,0,1
67.78,4.1,1733,3,403.7255102040816,15.0,0,1494,1,0,2,554,39,17,1.0,6.0,1,0,0,1,3,0,0,0,1,0,0,1
198.67,4.8,3961,8,1039.0,1.0,1,3060,1,1,3,2835,323,144,5.0,1.0,0,1,0,9,0,0,0,0,0,0,1,0
73.92,3.0,0,3,392.0,23.0,1,1625,0,0,1,1600,92,29,1.0,29.0,1,0,0,1,5,0,0,0,0,0,0,1
253.84,4.3,1367,8,1122.0,11.0,0,1291,1,1,1,3856,101,219,3.0,36.0,0,0,0,3,5,0,1,0,0,0,0,0
252.94,5.0,5602,5,524.0,14.0,0,2043,0,1,3,1291,129,15,4.0,28.0,0,0,0,7,8,0,0,0,1,0,0,0
79.14,3.9,723,5,388.0,20.0,2,396,0,1,3,4420,227,212,1.0,10.0,0,0,0,1,6,0,0,1,0,0,0,1
128.84,4.0,401,1,462.0,35.0,1,1422,0,0,3,978,54,7,0.0,2.0,1,0,0,3,8,0,0,0,1,0,0,0
173.28,3.5,1664,4,356.0,38.0,1,1479,1,0,3,3930,46,159,2.0,10.0,0,0,0,3,0,1,0,1,0,0,0,0
260.92,4.6,0,6,252.0,18.0,1,3716,1,1,4,226,33,11,4.0,3.0,1,0,0,0,8,1,0,1,0,0,0,0
109.8,4.9,3379,2,496.0,4.0,0,1981,1,1,1,3916,164,51,4.0,0.0,0,0,0,8,0,0,0,0,1,0,0,0
129.67,4.5,3630,4,678.0,1.0,2,2615,0,0,2,1405,190,24,2.0,10.0,0,0,0,0,4,0,0,1,0,0,0,1
222.1,3.7,1680,3,924.0,11.0,0,1783,1,1,2,4413,241,241,2.0,13.0,1,0,1,1,8,0,0,0,1,0,0,0
171.55,2.9,2796,4,537.0,19.0,0,2075,0,1,4,3451,302,59,2.0,0.0,0,0,0,0,3,0,0,0,1,0,0,1
286.63,4.1,0,5,550.0,7.0,0,417,1,1,2,704,104,53,2.0,20.0,1,0,0,8,1,1,0,0,0,0,1,1
214.78,4.4,2029,7,317.0,11.0,1,4000,0,1,6,3126,316,76,3.0,19.0,0,0,0,4,1,0,0,0,0,0,1,0
244.15,3.9,2653,3,352.0,25.0,1,812,0,1,3,2737,143,24,1.0,9.0,0,0,1,7,5,0,1,0,0,0,0,0
202.68,3.9,419,3,512.0,26.0,0,3193,0,1,4,1028,131,46,5.0,13.0,1,0,0,8,1,1,0,0,0,0,0,1
346.64,4.2,1298,4,403.7255102040816,1.0,0,1259,1,1,3,1432,175,49,3.0,10.0,0,1,0,0,9,0,1,0,0,0,0,0
113.75,4.7,0,3,300.0,1.0,0,738,1,1,3,1147,96,27,0.0,10.0,0,0,0,4,1,0,0,0,0,0,0,0
58.14,3.8,0,1,433.0,21.0,1,2480,1,0,1,781,55,54,1.0,0.0,0,0,1,1,4,0,0,0,1,0,0,1
326.79,4.0,462,3,477.0,15.0,0,1026,1,1,4,3198,193,69,1.0,15.0,1,0,0,2,2,1,0,1,0,0,0,1
70.94,4.2,0,4,359.0,12.0,1,1716,1,1,2,2224,277,144,2.0,11.988333333333333,0,0,1,8,3,1,0,1,0,0,0,1
70.94,4.4,2803,5,579.0,1.0,0,1434,0,0,2,1570,172,115,1.0,11.988333333333333,0,0,0,4,5,0,1,0,0,0,0,0
138.57,4.3,844,7,499.0,20.0,1,1863,0,0,2,3735,249,192,4.0,0.0,1,0,0,8,1,0,0,0,1,0,0,0
64.32,4.3,2978,6,605.0,18.0,2,2312,1,0,5,1956,280,101,1.0,25.0,0,0,0,2,2,0,0,0,0,1,0,0
255.95,4.7,417,4,794.0,1.0,0,5,1,1,2,542,79,12,2.0,17.0,1,0,0,2,4,0,0,0,0,1,0,0
5.0,3.9,0,5,304.0,15.0,1,5,0,1,1,3238,360,74,3.0,6.0,0,0,1,6,3,0,0,0,1,0,0,0
139.34,4.0,1613,6,356.0,16.0,1,1453,1,1,2,3643,189,49,3.0,14.0,0,0,1,6,1,0,0,0,0,1,0,1
106.38,4.9,522,4,664.0,21.0,0,800,1,0,2,2481,298,111,5.0,11.988333333333333,1,0,0,7,5,1,0,0,0,0,0,1
228.7,4.5,4752,1,461.0,12.0,0,2434,1,0,4,4095,309,107,3.0,25.0,0,0,0,8,6,0,0,0,1,0,0,0
183.21,3.3,74,4,370.0,34.0,1,2043,0,0,1,3892,198,72,1.0,13.0,0,0,1,0,2,0,0,0,0,0,1,1
135.25,3.9,4356,2,445.0,17.0,0,576,0,1,3,3331,101,175,1.0,8.0,0,0,1,9,6,0,0,0,0,1,0,0
145.69,3.8,1986,1,398.0,25.0,2,5,1,0,1,4612,308,82,0.0,3.0,0,0,1,2,5,0,0,0,1,0,0,1
125.65,3.6,0,3,295.0,17.0,0,5,1,1,2,1313,153,100,0.0,17.0,1,0,0,5,9,1,0,0,0,0,1,1
181.96,5.0,532,3,408.0,6.0,3,1470,0,1,3,1470,115,80,5.0,21.0,0,0,0,2,1,0,0,0,0,0,0,0
188.99,4.0,2024,3,588.0,3.0,0,1246,0,1,3,453,25,18,2.0,13.0,0,0,0,7,8,0,0,1,0,0,0,0
92.63,3.978268041237113,3761,2,419.0,21.0,2,1042,1,0,4,3673,57,98,1.6757142857142857,6.0,0,0,0,1,6,1,0,0,0,1,0,1
178.78,4.1,7744,3,488.0,12.0,0,3658,1,1,4,3212,203,39,5.0,13.0,0,1,0,1,4,0,0,0,0,0,0,0
197.81,3.1,2483,1,550.0,13.0,0,1754,1,1,3,4887,531,328,3.0,17.0,0,1,0,5,6,0,1,0,0,0,0,0
228.13,3.8,1159,2,196.0,21.0,0,2027,1,1,3,2819,271,154,4.0,13.0,1,1,0,3,3,0,1,0,0,0,0,0
463.68,3.5,3600,6,402.0,3.0,1,2602,1,1,2,2382,177,62,5.0,20.0,0,1,0,9,2,0,0,0,0,0,0,1
112.64,4.1,2836,1,183.0,17.0,1,2080,1,1,3,79,5,2,2.0,7.0,0,1,0,1,2,0,0,1,0,0,0,0
164.4,4.0,660,1,20.0,33.0,0,599,1,0,1,4420,611,122,0.0,9.0,0,0,0,7,6,0,0,1,0,0,0,1
102.23,4.3,1466,3,519.0,4.0,3,1564,1,1,3,3769,224,110,0.0,9.0,0,0,0,3,0,0,0,1,0,0,0,0
279.2,4.6,6262,5,842.0,2.0,0,3525,1,1,4,200,5,13,4.0,30.0,0,0,0,5,1,0,0,0,0,1,0,0
105.32,2.6,77,3,35.0,35.0,3,1047,0,0,1,3748,334,273,2.0,2.0,0,1,1,0,7,0,0,0,1,0,0,0
5.0,3.1,1914,1,20.0,29.0,2,5,1,0,1,4961,90,211,2.0,11.988333333333333,1,0,0,5,3,0,0,1,0,0,0,1
56.17,4.1,3701,2,275.0,26.0,0,228,1,1,2,2375,38,180,2.0,18.0,0,0,0,4,6,0,0,0,0,0,0,0
212.95,4.3,2061,1,273.0,14.0,0,2889,0,0,1,3033,290,174,2.0,12.0,0,0,0,6,4,0,0,0,1,0,0,0
71.73,4.1,2079,4,162.0,20.0,3,239,1,0,2,3869,518,117,1.0,10.0,1,0,0,6,1,0,0,0,0,0,1,0
208.03,3.978268041237113,639,3,367.0,24.0,1,5,0,0,2,4364,120,235,0.0,9.0,0,0,0,0,9,0,0,0,1,0,0,1
15.25,4.1,0,1,417.0,4.0,0,1340,1,1,3,1541,192,106,3.0,21.0,0,0,0,6,4,0,0,0,0,0,1,0
5.0,3.2,1290,3,313.0,24.0,1,2795,1,0,1,3384,54,199,0.0,0.0,0,0,1,5,7,0,0,0,0,0,0,1
166.0,3.5,285,2,85.0,22.0,0,678,1,0,3,934,74,59,0.0,12.0,0,0,1,4,9,1,0,0,0,0,1,1
210.74,4.9,1588,8,801.0,1.0,0,3980,1,1,4,376,37,3,1.0,11.988333333333333,1,0,0,4,5,0,0,0,1,0,0,0
29.82,2.5,816,4,129.0,12.0,2,3066,1,0,1,872,115,28,1.0,3.0,1,0,1,2,4,1,1,0,0,0,0,1
181.78,4.2,809,6,549.0,19.0,0,2468,1,1,3,50,4,1,5.0,17.0,1,0,0,4,4,0,0,0,0,0,0,0
48.08,3.2,1747,1,345.0,34.0,1,1468,1,1,2,3947,566,56,2.0,0.0,1,0,0,8,7,1,1,0,0,0,0,1
204.62,4.4,3702,5,454.0,6.0,0,1943,1,0,3,1567,162,76,2.0,7.0,0,0,0,0,0,0,0,0,1,0,0,0
55.83,4.4,3191,1,173.0,26.0,1,379,0,1,4,435,6,31,3.0,8.0,0,0,0,6,9,0,1,0,0,0,0,0
145.08,3.3,3118,5,835.0,1.0,0,1736,1,1,1,2961,120,164,1.6757142857142857,0.0,0,0,0,0,2,0,0,0,0,1,0,0
99.53,4.1,4757,5,535.0,12.0,1,1906,1,0,2,838,106,34,1.0,27.0,0,0,0,0,6,0,0,0,0,0,0,0
69.9,3.978268041237113,0,5,314.0,11.0,2,2418,0,1,4,1255,68,31,0.0,12.0,1,0,0,5,8,0,1,0,0,0,0,1
224.43,3.6,5156,1,416.0,1.0,0,377,1,1,3,343,45,2,2.0,0.0,0,0,0,8,4,0,0,0,0,1,0,1
194.0,4.4,1068,5,118.0,16.0,0,903,1,0,2,4587,315,353,0.0,5.0,0,0,0,6,1,0,0,1,0,0,0,0
5.0,3.7,2391,1,412.0,28.0,4,5,1,1,2,3466,374,107,2.0,11.988333333333333,0,1,0,9,8,0,0,0,0,0,0,1
112.18,3.9,5571,6,527.0,32.0,1,184,1,1,3,465,33,28,2.0,11.988333333333333,1,0,0,5,3,0,0,0,0,0,0,0
147.37,4.6,3001,3,522.0,33.0,1,958,1,0,3,2579,262,104,1.0,12.0,1,1,0,2,0,0,0,1,0,0,0,1
205.97,3.6,1091,3,409.0,1.0,0,3035,1,1,4,3934,553,189,5.0,31.0,1,0,0,1,7,0,0,1,0,0,0,0
54.89,3.7,2371,4,273.0,1.0,2,586,1,1,2,3301,82,238,2.0,17.0,0,0,0,3,3,0,0,1,0,0,0,0
185.33,4.1,0,4,264.0,26.0,1,1074,1,0,1,3583,340,264,3.0,15.0,0,0,0,0,6,0,0,0,0,1,0,0
5.0,3.0,3006,3,667.0,19.0,3,448,1,0,2,126,12,7,0.0,5.0,0,0,0,4,3,0,1,0,0,0,0,0
162.64,4.0,2526,1,888.0,23.0,0,1701,1,1,4,2758,88,216,2.0,26.0,0,0,0,5,8,0,0,0,1,0,0,0
52.34,3.5,0,1,95.0,15.230456852791878,2,620,0,0,4,1601,224,18,0.0,11.988333333333333,0,0,1,1,4,1,1,0,0,0,0,1
108.46,4.5,1952,7,670.0,22.0,1,2104,1,1,4,1325,191,17,3.0,22.0,0,0,0,2,0,0,0,0,0,0,1,0
83.36,4.2,779,1,303.0,19.0,0,1802,0,0,3,3019,224,139,0.0,14.0,0,1,1,3,6,0,1,0,0,0,0,1
5.0,4.0,1819,3,309.0,17.0,1,774,1,1,3,3651,400,110,0.0,0.0,0,0,0,7,9,0,0,0,1,0,0,1
109.29,4.9,0,1,222.0,10.0,0,54,0,1,1,843,47,15,0.0,1.0,0,1,0,3,1,1,1,0,0,0,0,1
135.07,3.6,149,4,433.0,32.0,2,2740,0,1,2,3053,369,163,1.0,10.0,0,1,0,0,5,0,0,0,1,0,0,0
164.63,3.7,4988,2,348.0,12.0,0,2151,1,1,2,268,16,16,2.0,9.0,0,0,0,5,3,0,0,0,0,0,1,0
123.53,3.6,1090,3,387.0,21.0,1,142,0,1,1,3142,61,93,1.0,7.0,1,0,0,2,6,0,0,0,0,0,1,1
12.04,3.4,98,2,20.0,16.0,2,840,1,1,2,3761,424,264,1.0,0.0,0,0,0,0,6,1,0,1,0,0,0,0
208.76,4.0,4285,6,854.0,14.0,0,1200,1,0,4,1825,19,29,1.0,12.0,1,0,0,5,1,0,1,0,0,0,0,0
110.03,3.8,0,2,403.7255102040816,1.0,2,533,0,1,1,616,31,26,2.0,14.0,0,0,0,6,0,0,0,1,0,0,0,1
215.99,3.6,972,4,328.0,38.0,1,1361,1,1,1,2328,75,71,0.0,15.0,0,0,1,2,6,0,0,0,0,0,1,1
74.46,4.1,3768,4,403.7255102040816,22.0,0,5,1,1,3,1930,46,116,5.0,3.0,0,0,0,8,9,1,0,1,0,0,0,1
312.38,4.5,3185,4,349.0,15.0,0,734,1,1,6,4485,654,47,3.0,9.0,0,0,0,0,5,0,0,0,0,0,0,0
136.27,3.9,2608,5,601.0,12.0,1,150,1,1,4,981,117,25,2.0,14.0,0,0,0,9,6,0,0,0,0,0,0,0
189.32,4.3,0,4,375.0,26.0,1,2317,1,0,5,2471,234,17,1.0,14.0,1,0,0,4,7,0,1,0,0,0,0,0
128.28,3.4,0,1,340.0,25.0,1,2472,0,1,2,820,103,10,0.0,2.0,0,0,0,4,6,1,0,0,1,0,0,1
187.48,4.4,1085,3,462.0,3.0,0,1995,1,0,3,2138,148,121,2.0,14.0,1,0,0,5,8,0,0,0,0,0,1,1
215.14,4.6,0,10,948.0,1.0,0,1103,1,1,2,3244,90,188,4.0,16.0,0,0,0,0,7,0,0,1,0,0,0,0
183.48,4.5,4339,3,772.0,11.0,0,2254,1,1,4,2667,350,15,2.0,19.0,0,0,0,4,5,0,0,0,1,0,0,0
60.55,3.5,3884,1,487.0,1.0,0,1213,0,0,3,2192,52,130,0.0,12.0,1,1,1,0,4,1,0,0,0,0,0,1
200.76,3.8,2650,4,257.0,18.0,1,5,1,1,1,1793,50,88,2.0,28.0,1,1,0,1,8,0,0,0,1,0,0,1
45.69,3.6,1156,3,95.0,27.0,1,1623,1,1,2,2162,196,84,0.0,13.0,0,0,0,0,6,0,0,0,0,0,1,0
243.8,3.7,2463,5,673.0,4.0,2,388,1,0,3,1552,200,54,1.0,9.0,0,0,0,7,7,0,0,0,0,0,0,0
162.02,3.8,1305,1,471.0,12.0,0,445,1,0,1,2397,82,99,3.0,4.0,1,0,0,1,9,1,0,1,0,0,0,1
113.89,2.9,0,3,125.0,32.0,1,5,1,0,2,3967,134,35,0.0,0.0,0,0,0,2,5,0,0,0,0,0,0,1
109.31,4.4,3624,3,263.0,21.0,1,1745,1,0,1,2620,327,186,3.0,19.0,1,0,0,6,5,0,0,0,0,1,0,0
5.0,3.4,832,2,291.0,44.0,1,5,1,1,1,3177,265,77,0.0,13.0,0,1,0,7,2,1,0,0,0,1,0,1
227.54,4.3,2747,1,429.0,1.0,0,3457,1,1,2,2998,276,92,1.6757142857142857,23.0,0,1,0,8,5,0,1,0,0,0,0,0
197.93,4.2,2445,7,426.0,11.0,0,1860,1,1,5,2489,87,66,4.0,15.0,0,0,0,6,1,1,0,0,0,0,0,1
223.48,2.9,0,4,128.0,32.0,2,924,0,0,3,1174,21,47,0.0,11.0,0,1,1,0,8,0,0,0,0,0,0,0
169.71,3.978268041237113,932,4,420.0,31.0,2,850,1,1,5,747,84,47,3.0,22.0,0,1,0,9,5,0,1,0,0,0,0,0
184.95,3.4,88,1,330.0,17.0,1,319,1,0,2,4661,654,51,1.0,16.0,0,0,0,0,8,0,0,1,0,0,0,1
197.33,4.0,1605,2,602.0,22.0,1,629,1,0,3,1079,110,38,4.0,6.0,0,0,0,3,8,0,0,0,0,0,1,0
200.28,4.2,3837,1,669.0,1.0,2,5,1,1,2,2414,241,169,2.0,0.0,1,0,1,8,8,0,0,0,1,0,0,0
112.73,3.3,990,3,105.0,21.0,3,936,1,0,2,1574,169,118,0.0,17.0,0,0,0,4,9,1,0,0,1,0,0,1
5.0,3.3,2390,4,533.0,19.0,4,1192,1,0,1,3230,143,254,0.0,14.0,1,0,0,4,2,0,0,0,0,0,0,1
226.78,5.0,942,5,560.0,8.0,0,3384,1,1,3,4591,142,42,3.0,13.0,0,0,0,9,8,1,0,0,0,1,0,0
5.0,2.1,0,3,20.0,44.0,2,5,1,0,1,1295,132,73,0.0,0.0,1,0,1,6,2,1,0,1,0,0,0,1
93.7,3.1,1780,4,364.0,22.0,2,1736,1,0,2,4056,109,244,0.0,0.0,1,1,1,7,0,0,1,0,0,0,0,1
163.06,4.2,1362,4,227.0,8.0,0,3493,1,1,2,2893,198,41,3.0,19.0,0,0,1,7,1,1,0,1,0,0,0,1
143.29,4.1,1118,1,775.0,20.0,3,2735,1,0,4,4904,473,157,2.0,20.0,0,0,0,8,1,1,0,0,0,0,0,1
235.5,4.7,0,6,266.0,7.0,3,2673,1,1,2,4606,557,258,2.0,20.0,0,0,0,0,0,0,0,1,0,0,0,0
49.04,3.8,0,2,20.0,34.0,1,751,1,1,2,3092,196,153,0.0,1.0,0,1,0,5,0,0,0,0,0,0,0,1
155.46,4.6,3541,5,525.0,16.0,1,3016,0,1,3,3716,80,161,4.0,11.0,1,0,0,9,3,0,0,1,0,0,0,0
191.21,5.0,2611,7,115.0,3.0,0,751,0,0,4,3686,171,137,3.0,13.0,0,1,0,3,5,1,1,0,0,0,0,1
178.33,4.7,3549,6,503.0,15.230456852791878,1,5,1,1,2,1868,259,123,0.0,1.0,0,0,0,9,7,0,0,0,0,0,1,1
144.94,3.7,3400,1,42.0,18.0,0,25,0,1,2,1875,135,143,0.0,16.0,0,0,0,5,1,0,0,1,0,0,0,1
174.13,4.1,3185,1,481.0,22.0,1,1096,0,1,1,2834,337,32,0.0,0.0,0,1,0,2,2,0,0,0,0,0,1,0
207.87,4.7,1602,6,871.0,9.0,1,915,1,1,4,2390,188,77,5.0,7.0,0,0,0,0,6,0,0,0,0,0,1,0
205.71,5.0,2489,3,120.0,10.0,0,2828,1,1,4,1060,112,38,2.0,27.0,1,0,0,2,0,0,0,0,0,1,0,0
6.0,3.978268041237113,0,1,543.0,16.0,1,969,1,0,1,509,51,21,0.0,9.0,0,0,0,9,5,0,0,1,0,0,0,1
81.44,3.9,1758,1,163.0,31.0,3,5,0,0,2,3645,521,212,0.0,3.0,0,0,0,4,2,0,0,1,0,0,0,0
196.48,3.8,1350,1,115.0,23.0,2,1669,0,1,1,3271,348,199,1.0,4.0,1,0,1,0,2,0,0,0,0,0,1,0
210.85,4.9,2104,6,739.0,6.0,0,185,1,1,3,3441,436,77,2.0,16.0,1,0,0,4,1,0,0,0,1,0,0,0
86.23,3.6,4198,5,723.0,9.0,1,1780,1,0,1,3140,189,37,1.0,11.988333333333333,0,0,1,2,0,0,0,0,0,1,0,0
60.73,4.1,0,1,100.0,22.0,1,5,0,0,2,534,16,33,0.0,0.0,1,0,0,1,1,0,1,0,0,0,0,0
118.15,3.8,1381,6,777.0,5.0,0,2582,1,0,4,4068,140,229,4.0,25.0,0,0,0,7,7,0,0,0,0,1,0,0
223.35,4.0,0,2,403.7255102040816,31.0,1,359,0,0,3,4994,657,150,0.0,0.0,0,0,1,6,1,1,0,0,0,0,0,1
161.88,3.9,3616,5,269.0,3.0,0,1925,1,0,4,4351,550,213,3.0,3.0,1,0,0,2,9,0,0,0,0,0,0,1
163.48,3.9,0,3,507.0,21.0,2,2224,1,1,1,1382,156,89,2.0,1.0,0,1,0,6,2,0,1,0,0,0,0,1
20.93,5.0,0,1,566.0,5.0,0,335,1,1,1,3164,103,189,2.0,34.0,0,0,0,0,6,0,0,0,1,0,0,1
193.56,3.5,1557,1,307.0,29.0,1,499,1,1,1,4631,213,324,1.0,8.0,1,1,1,6,3,1,0,0,0,0,1,1
212.55,3.6,168,4,479.0,15.0,1,2046,0,1,5,3051,58,16,0.0,11.0,0,0,0,2,3,0,0,1,0,0,0,1
74.67,3.7,0,4,239.0,24.0,1,5,0,0,1,612,7,23,0.0,9.0,0,0,0,1,2,1,0,0,0,0,1,1
330.75,4.4,176,4,255.0,14.0,0,909,1,1,3,1122,136,21,0.0,26.0,1,0,0,1,7,0,0,1,0,0,0,1
36.87,2.8,0,1,452.0,38.0,2,2034,1,0,1,3990,120,24,0.0,7.0,1,0,0,4,4,1,0,0,1,0,0,1
263.88,4.7,3051,4,387.0,12.0,0,2501,1,1,6,2862,235,59,4.0,16.0,0,0,0,7,9,0,0,0,1,0,0,0
110.2,4.0,696,1,20.0,15.230456852791878,3,1129,0,1,1,4237,270,230,0.0,0.0,0,0,0,3,8,1,0,0,1,0,0,1
222.15,4.1,2523,1,20.0,31.0,0,3754,1,0,3,4169,318,290,3.0,25.0,0,0,0,3,4,1,0,0,0,1,0,1
130.6,3.1,0,3,183.0,8.0,1,5,1,0,2,1514,155,22,4.0,5.0,0,0,0,8,0,0,0,0,0,1,0,1
113.72,4.4,2602,5,273.0,3.0,0,3545,1,1,3,2298,222,44,1.0,36.0,0,0,1,8,8,0,0,0,0,0,1,0
146.6,4.1,844,7,331.0,25.0,0,1174,0,1,4,1729,227,111,3.0,11.988333333333333,1,0,0,6,7,0,1,0,0,0,0,1
349.82,5.0,6004,5,668.0,1.0,0,3234,1,1,3,4898,482,90,5.0,32.0,1,0,0,0,4,0,0,0,1,0,0,0
47.84,3.6,1356,5,453.0,32.0,3,900,0,0,2,4675,691,266,0.0,3.0,0,1,0,8,0,0,0,1,0,0,0,0
165.92,4.6,822,1,289.0,22.0,2,2313,0,0,1,3785,114,102,1.0,0.0,0,1,0,2,1,0,0,1,0,0,0,0
330.43,4.7,2667,3,602.0,3.0,1,1906,1,1,4,1128,60,45,2.0,19.0,0,0,0,3,5,0,0,0,0,0,1,0
205.06,4.6,1719,4,512.0,21.0,0,2827,1,1,2,1920,264,27,2.0,5.0,0,0,0,6,1,0,0,0,0,0,1,0
71.11,4.7,2866,5,528.0,24.0,0,2540,1,1,5,647,78,29,5.0,12.0,0,1,0,4,2,0,0,0,0,0,0,0
91.24,3.3,0,1,20.0,12.0,3,5,1,0,1,3299,106,103,0.0,1.0,0,1,0,8,0,0,0,1,0,0,0,1
206.37,5.0,2234,6,406.0,4.0,1,1983,1,1,2,3668,66,148,5.0,28.0,1,1,0,3,8,1,0,0,0,0,1,0
262.31,4.0,813,5,379.0,8.0,0,2051,1,1,3,4133,606,74,3.0,28.0,0,0,0,1,2,0,0,0,1,0,0,0
115.25,4.1,1271,5,569.0,25.0,0,227,1,1,2,405,22,18,0.0,15.0,0,0,0,2,1,0,0,0,1,0,0,1
9.5,3.7,0,1,20.0,10.0,0,861,1,0,1,4113,573,142,0.0,11.0,1,0,0,8,5,0,0,0,1,0,0,0
174.15,3.8,1184,2,325.0,3.0,0,1715,1,1,4,3972,504,148,2.0,14.0,0,0,0,2,5,0,0,0,0,1,0,0
201.04,4.2,485,4,691.0,11.0,2,855,1,0,1,225,9,12,2.0,11.988333333333333,0,1,1,6,3,0,0,0,0,0,1,0
174.22,4.8,3534,7,468.0,3.0,0,2796,1,0,3,3327,162,265,4.0,13.0,0,0,0,2,4,0,0,0,1,0,0,0
102.9,4.3,2459,5,397.0,1.0,0,3866,0,1,4,4162,78,59,0.0,17.0,1,0,0,0,2,0,0,0,0,1,0,0
5.0,3.9,0,1,23.0,29.0,1,5,0,0,1,151,17,6,0.0,0.0,0,1,0,7,8,1,1,0,0,0,0,1
176.89,3.8,0,2,20.0,15.0,2,889,0,0,1,2373,211,37,0.0,0.0,0,0,0,1,7,1,0,0,0,1,0,1
135.16,3.4,0,1,77.0,11.0,0,1284,0,0,1,1572,60,15,4.0,12.0,1,0,0,8,5,0,0,0,0,1,0,1
203.3,5.0,1549,6,693.0,6.0,0,2949,1,1,2,2669,138,35,0.0,6.0,1,0,1,1,2,0,1,0,0,0,0,0
180.18,3.6,3476,3,621.0,1.0,0,592,0,1,4,4999,717,120,2.0,14.0,1,0,0,2,6,0,0,1,0,0,0,0
241.73,4.0,1243,4,321.0,33.0,1,2181,1,1,2,2134,210,152,1.0,14.0,0,0,0,2,6,1,0,0,0,0,1,1
39.2,4.7,2015,3,60.0,17.0,0,685,1,1,3,1726,101,136,2.0,29.0,0,0,0,0,2,1,1,0,0,0,0,0
49.99,3.8,0,1,149.0,19.0,1,404,1,0,1,3072,76,143,0.0,17.0,0,1,1,3,2,0,0,0,0,1,0,1
130.87,2.7,2797,5,582.0,13.0,0,1841,1,1,1,4443,123,35,1.0,31.0,0,0,0,9,0,0,1,0,0,0,0,0
158.42,3.3,313,4,630.0,16.0,1,886,1,1,2,127,13,0,3.0,13.0,0,0,0,9,3,0,0,0,0,0,1,1
206.34,2.6,0,3,55.0,15.230456852791878,0,1245,0,1,3,4274,454,75,4.0,12.0,0,0,0,8,2,0,0,0,0,0,1,0
73.07,4.2,719,2,604.0,13.0,0,1955,0,1,2,523,19,7,1.0,7.0,0,0,0,0,9,0,0,1,0,0,0,0
256.16,4.8,2323,4,158.0,1.0,0,1981,0,1,1,4608,389,50,2.0,22.0,0,0,0,8,3,0,0,0,0,0,0,0
7.62,2.9,0,1,27.0,26.0,3,5,0,0,1,375,21,8,0.0,0.0,0,1,1,3,0,0,0,1,0,0,0,1
117.48,3.7,833,1,20.0,13.0,1,115,0,0,2,487,14,23,1.0,5.0,1,1,1,0,3,0,0,0,0,0,0,1
311.95,5.0,4777,5,419.0,1.0,0,1306,1,0,1,3557,264,220,1.0,33.0,0,0,0,6,9,0,0,0,1,0,0,0
298.91,4.2,1640,5,420.0,8.0,0,1827,1,0,1,4997,504,391,3.0,27.0,1,0,0,4,2,0,0,0,0,1,0,0
187.92,3.7,0,4,205.0,18.0,1,1776,0,0,1,3730,160,69,0.0,8.0,0,0,0,5,4,0,1,0,0,0,0,1
205.22,4.1,639,4,328.0,1.0,0,2153,1,1,1,2733,47,50,2.0,13.0,0,0,0,5,2,0,0,1,0,0,0,1
63.24,2.7,0,5,269.0,15.0,2,1149,1,1,4,1284,79,6,3.0,0.0,0,1,0,8,5,0,0,0,1,0,0,0
121.19,3.4,95,3,378.0,15.0,0,1424,1,1,3,283,9,7,3.0,19.0,0,0,0,4,1,0,0,0,0,0,1,1
155.32,3.6,3249,3,416.0,1.0,2,1132,0,1,4,2857,33,16,1.0,2.0,0,0,0,8,4,0,1,0,0,0,0,0
125.82,3.8,2289,5,710.0,13.0,0,3267,1,0,4,1561,29,97,2.0,11.988333333333333,0,0,0,1,6,0,0,0,0,0,0,0
57.01,4.3,336,1,42.0,37.0,3,1911,0,0,3,89,6,0,4.0,8.0,0,1,0,8,0,0,0,0,0,0,0,0
223.77,4.6,0,4,275.0,8.0,3,168,1,1,3,4805,656,65,0.0,3.0,1,0,0,2,4,0,1,0,0,0,0,0
273.99,4.5,755,6,560.0,16.0,0,5,1,1,5,353,24,26,3.0,14.0,0,0,0,4,6,0,1,0,0,0,0,0
242.56,4.3,4790,6,705.0,1.0,0,3754,1,1,4,2343,336,88,3.0,25.0,0,0,0,7,8,0,0,1,0,0,0,0
236.78,4.8,2939,2,578.0,9.0,0,656,1,1,6,633,46,17,3.0,6.0,1,0,0,2,4,0,0,0,1,0,0,0
76.21,3.8,853,1,446.0,15.0,1,2057,0,0,1,4173,55,198,0.0,14.0,0,0,1,3,5,1,1,0,0,0,0,1
75.59,3.8,1953,3,265.0,5.0,0,2975,1,1,2,497,38,14,2.0,9.0,1,0,0,2,9,1,0,1,0,0,0,1
151.33,4.4,1288,5,709.0,13.0,0,500,0,1,3,3737,105,266,2.0,19.0,1,0,0,2,3,0,0,0,1,0,0,1
150.69,3.8,4291,3,509.0,3.0,0,2964,1,1,4,2270,183,64,0.0,14.0,0,0,1,4,3,1,0,0,1,0,0,1
57.72,3.9,0,4,305.0,13.0,3,545,1,1,1,559,29,42,2.0,15.0,0,0,0,8,5,0,0,0,0,0,1,1
168.16,3.7,1079,1,565.0,5.0,2,1865,1,1,1,100,6,3,4.0,8.0,0,0,0,6,8,0,0,0,1,0,0,0
286.99,4.2,1317,4,693.0,1.0,1,1391,1,1,4,181,17,13,3.0,5.0,1,0,0,3,5,0,0,1,0,0,0,0
231.76,4.2,5610,4,457.0,26.0,0,2334,1,0,3,3330,225,240,4.0,10.0,0,0,0,9,9,0,0,0,1,0,0,0
250.54,4.7,749,6,668.0,3.0,0,195,1,0,3,198,20,3,4.0,23.0,1,0,0,8,8,0,1,0,0,0,0,0
96.76,3.6,4091,4,284.0,1.0,1,2623,1,1,3,4751,171,180,4.0,8.0,0,1,0,5,0,0,0,0,0,0,0,0
72.0,4.3,0,1,404.0,11.0,1,122,1,1,1,1154,169,27,3.0,7.0,1,0,1,0,1,0,0,0,0,0,0,0
236.37,4.0,840,2,664.0,13.0,0,3318,1,1,2,3725,400,99,3.0,13.0,0,0,0,4,9,0,0,0,1,0,0,0
127.52,3.3,641,3,922.0,13.0,2,2273,1,1,1,1897,144,85,1.0,13.0,0,0,0,1,9,0,0,1,0,0,0,0
117.38,4.5,147,5,455.0,5.0,0,1900,0,0,5,3267,288,23,4.0,26.0,1,1,0,2,9,0,0,1,0,0,0,0
5.0,3.3,0,1,109.0,31.0,1,5,0,1,2,3956,398,255,0.0,4.0,0,0,0,1,4,1,0,0,0,0,0,1
171.55,4.7,446,4,121.0,6.0,0,1475,1,1,1,1743,17,91,3.0,18.0,0,1,0,5,1,0,0,0,0,0,1,0
81.8,4.0,3872,4,637.0,15.230456852791878,0,2052,1,1,3,2589,89,38,4.0,18.0,1,0,1,5,3,1,0,0,0,1,0,1
254.53,4.2,3461,7,160.0,13.0,0,1187,1,1,3,1358,202,76,3.0,17.0,0,0,0,0,5,0,0,0,1,0,0,0
89.02,3.9,1685,1,20.0,33.0,4,5,1,1,4,492,21,26,0.0,0.0,0,1,1,1,5,0,1,0,0,0,0,1
266.16,3.7,4281,7,482.0,1.0,0,3044,1,1,3,4172,322,101,1.6757142857142857,11.0,1,0,0,4,7,0,0,1,0,0,0,1
139.77,3.7,4688,7,405.0,23.0,2,1519,1,1,1,4753,325,25,0.0,7.0,0,0,1,6,8,0,0,0,0,0,0,0
117.01,3.4,1655,3,507.0,9.0,1,1112,0,1,1,2463,167,142,0.0,9.0,0,0,0,7,5,0,0,0,1,0,0,1
66.06,4.1,3196,6,504.0,19.0,0,4000,0,1,2,4728,305,274,3.0,3.0,0,0,0,4,7,0,0,1,0,0,0,0
121.18,4.3,3888,5,651.0,28.0,1,5,1,1,2,4979,253,117,1.0,22.0,0,0,0,8,8,0,0,0,0,1,0,1
185.89,3.6,0,5,328.0,24.0,1,1386,1,1,4,508,9,8,2.0,23.0,1,0,1,6,6,0,0,0,1,0,0,0
115.86,4.7,2967,4,595.0,7.0,2,2454,1,1,5,4513,441,234,1.0,10.0,0,0,0,7,4,0,0,0,0,0,0,0
130.85,4.5,3318,2,547.0,1.0,0,766,1,1,4,2632,233,52,0.0,11.0,1,0,0,6,7,0,0,0,1,0,0,0
119.69,3.0,59,5,502.0,25.0,2,805,0,0,2,1220,113,8,1.0,1.0,0,1,0,2,3,1,0,0,0,0,0,1
79.51,3.9,320,2,650.0,27.0,1,1702,1,0,3,4097,68,231,1.0,11.988333333333333,1,0,0,7,2,0,0,0,1,0,0,1
210.31,4.8,142,5,380.0,21.0,0,2298,1,0,6,1552,18,74,2.0,14.0,0,0,0,0,2,0,0,0,0,0,1,0
160.46,4.8,356,6,344.0,24.0,1,524,1,1,2,3063,397,57,0.0,21.0,0,1,0,8,1,1,0,0,1,0,0,1
125.09,2.6,0,4,244.0,14.0,1,860,1,1,4,2513,242,26,0.0,0.0,0,0,1,0,3,1,0,0,0,0,0,1
5.0,3.6,0,2,236.0,39.0,0,5,0,0,1,1342,42,63,2.0,0.0,0,1,1,2,7,0,0,0,1,0,0,1
118.67,3.3,0,1,20.0,48.0,5,775,0,1,1,4971,217,222,0.0,0.0,1,0,1,8,7,0,0,0,0,0,1,1
171.34,3.978268041237113,0,1,297.0,40.0,1,5,1,1,2,3828,389,78,1.0,14.0,0,0,0,6,7,0,0,0,0,0,0,0
206.71,4.2,4802,7,299.0,1.0,0,2722,1,1,2,628,63,36,1.6757142857142857,13.0,1,0,0,5,2,0,0,1,0,0,0,0
143.98,3.8,0,2,592.0,16.0,2,968,0,1,1,1799,220,74,0.0,17.0,0,0,0,8,7,0,0,0,0,0,1,0
108.29,4.2,752,3,431.0,1.0,2,1017,0,1,2,3918,480,194,0.0,19.0,0,0,0,1,6,1,1,0,0,0,0,1
112.22,3.8,2935,7,201.0,17.0,0,1852,0,0,5,3448,437,195,2.0,15.0,0,0,0,9,6,1,0,0,0,1,0,1
299.18,4.7,967,5,744.0,6.0,1,2207,1,0,3,1194,68,13,4.0,0.0,0,0,0,9,0,0,0,0,0,0,1,0
177.58,3.1,0,2,76.0,15.230456852791878,0,738,0,1,3,1128,38,49,2.0,10.0,0,1,0,2,3,0,0,0,1,0,0,0
143.29,4.5,4409,2,567.0,1.0,2,2959,0,1,1,1683,241,77,2.0,20.0,1,0,0,9,1,0,1,0,0,0,0,0
140.15,3.9,2854,8,551.0,9.0,1,2134,0,1,4,168,2,3,0.0,3.0,1,0,0,0,8,0,0,0,0,0,1,0
183.29,3.9,0,1,309.0,12.0,0,1274,1,0,1,1587,59,91,1.0,10.0,1,0,0,4,1,0,0,0,0,1,0,1
153.68,3.978268041237113,3408,1,685.0,8.0,0,4000,1,1,5,2276,205,123,3.0,24.0,0,0,0,6,2,0,0,0,0,1,0,0
247.96,3.6,866,3,160.0,11.0,1,1283,1,1,3,1209,56,92,0.0,18.0,0,0,0,8,9,0,0,0,0,0,0,0
137.98,3.2,969,2,380.0,27.0,0,1504,1,0,4,4344,473,70,0.0,25.0,0,0,0,7,9,0,0,0,0,1,0,0
174.97,4.2,0,3,568.0,8.0,0,2322,1,1,4,2794,239,146,1.6757142857142857,12.0,0,1,0,1,9,0,0,1,0,0,0,1
42.21,4.2,1254,2,20.0,35.0,0,90,1,0,2,1545,141,37,0.0,8.0,0,1,0,3,6,1,1,0,0,0,0,1
91.34,3.9,3450,2,129.0,10.0,1,634,0,1,2,1505,171,119,3.0,10.0,0,0,0,7,5,0,0,0,0,1,0,1
164.86,3.3,0,4,158.0,13.0,1,1747,1,0,1,1935,150,63,3.0,9.0,0,0,0,6,1,1,0,0,1,0,0,1
167.22,2.9,1781,3,86.0,21.0,2,2583,1,1,1,4131,234,210,0.0,0.0,0,0,1,7,3,0,0,1,0,0,0,0
105.69,3.7,380,3,155.0,10.0,2,433,0,1,1,88,12,6,0.0,11.988333333333333,0,1,0,3,3,0,1,0,0,0,0,0
222.64,4.2,500,4,443.0,18.0,1,1867,1,1,1,3757,207,143,3.0,17.0,1,1,0,9,3,0,0,0,0,1,0,0
176.9,5.0,8047,7,434.0,1.0,0,4000,1,1,4,3313,347,170,5.0,24.0,0,0,0,6,1,0,1,0,0,0,0,0
237.54,3.5,150,2,166.0,20.0,5,1328,0,0,1,855,110,51,0.0,0.0,0,1,0,4,9,0,0,1,0,0,0,0
130.94,3.3,0,3,403.7255102040816,13.0,2,22,0,1,3,2837,374,36,1.0,12.0,0,1,0,0,7,0,0,0,0,1,0,0
222.9,3.978268041237113,424,6,547.0,30.0,1,50,1,1,2,4005,439,135,1.0,6.0,1,0,0,8,8,0,0,0,1,0,0,0
142.33,4.5,2707,2,198.0,1.0,0,216,0,1,1,3001,235,229,3.0,18.0,1,0,0,8,7,0,0,1,0,0,0,0
155.33,3.7,613,4,401.0,24.0,2,1193,1,0,1,4549,126,26,0.0,4.0,0,0,0,5,4,0,0,1,0,0,0,1
216.02,3.9,3293,1,678.0,20.0,0,2595,1,0,2,4910,78,145,5.0,6.0,1,0,0,7,9,0,0,0,0,1,0,0
204.39,4.6,2377,7,860.0,1.0,0,3565,1,1,6,4515,123,84,3.0,11.988333333333333,0,0,0,4,6,0,0,1,0,0,0,0
5.0,4.5,1775,3,357.0,29.0,0,1618,0,1,2,2309,225,40,2.0,6.0,0,0,1,9,9,0,1,0,0,0,0,0
60.56,4.8,3333,4,363.0,15.230456852791878,1,1787,1,0,3,1264,66,28,1.0,9.0,1,0,0,5,3,0,0,0,1,0,0,0
73.03,4.9,3707,2,377.0,16.0,0,2109,0,1,3,787,66,47,0.0,0.0,0,0,0,7,4,0,0,1,0,0,0,0
108.67,2.6,0,1,256.0,30.0,2,1139,0,0,1,298,33,16,0.0,0.0,0,0,0,6,6,0,1,0,0,0,0,1
75.39,2.5,0,1,781.0,25.0,2,803,1,0,1,3460,379,263,1.0,15.0,0,1,0,0,5,1,0,0,1,0,0,1
125.4,4.0,1976,4,324.0,31.0,2,2592,0,1,3,192,21,2,2.0,6.0,0,1,0,1,8,1,1,0,0,0,0,1
264.5,3.9,2102,4,581.0,7.0,0,108,1,1,2,3403,253,135,1.0,19.0,0,0,0,8,4,1,0,0,1,0,0,1
5.0,4.2,2144,5,799.0,15.0,0,1780,0,1,1,2270,136,106,1.0,12.0,1,0,0,7,6,0,0,1,0,0,0,0
103.06,3.8,3761,4,594.0,15.230456852791878,0,2364,1,0,2,2651,277,208,5.0,10.0,0,0,0,7,1,0,0,0,0,0,1,0
147.01,4.0,2429,4,384.0,24.0,0,1152,1,1,4,782,48,51,3.0,17.0,1,0,0,6,0,0,0,1,0,0,0,1
192.27,4.0,930,6,330.0,29.0,1,1062,1,0,4,1951,255,147,2.0,11.0,0,0,0,5,7,0,1,0,0,0,0,0
5.0,3.8,4456,4,473.0,1.0,3,5,0,1,6,693,92,39,1.0,8.0,1,0,0,2,6,1,1,0,0,0,0,1
319.83,4.4,2661,8,562.0,1.0,0,905,1,0,5,4172,572,318,3.0,12.0,0,0,0,9,8,0,0,1,0,0,0,0
153.41,4.6,4575,3,20.0,22.0,1,2109,1,1,2,2349,82,57,3.0,11.0,1,0,0,1,2,1,0,1,0,0,0,0
230.44,3.3,256,6,216.0,1.0,0,2329,0,1,4,4293,212,104,5.0,19.0,1,0,1,0,4,0,0,0,1,0,0,0
127.4,4.0,569,9,744.0,1.0,0,2124,0,1,4,3929,72,58,2.0,14.0,0,0,0,7,5,0,0,1,0,0,0,0
131.38,4.6,0,1,391.0,12.0,0,2233,0,1,2,91,9,3,2.0,13.0,1,0,0,0,5,0,0,1,0,0,0,1
299.93,4.1,2728,3,200.0,1.0,2,2580,1,1,3,524,24,32,4.0,13.0,1,0,0,9,1,0,0,1,0,0,0,0
201.04,5.0,2707,4,968.0,1.0,0,2235,1,1,6,4022,151,84,5.0,21.0,0,0,0,2,1,0,0,0,0,0,1,0
221.22,5.0,1008,4,972.0,1.0,0,3040,1,1,4,542,18,42,4.0,8.0,1,0,0,9,4,0,0,1,0,0,0,0
5.0,2.8,0,1,272.0,25.0,2,212,0,0,2,1255,41,41,1.6757142857142857,1.0,1,0,0,3,2,1,0,0,1,0,0,1
172.14,3.9,3036,2,720.0,26.0,0,2562,1,0,2,1167,117,68,3.0,3.0,0,0,0,7,6,0,0,0,1,0,0,1
202.99,3.5,945,6,151.0,3.0,0,1573,1,1,3,3710,446,280,5.0,10.0,0,0,0,4,1,0,0,0,0,0,1,0
93.32,4.4,0,3,362.0,27.0,1,5,1,1,4,1108,29,53,2.0,15.0,1,1,1,5,8,0,1,0,0,0,0,1
290.36,3.8,2166,6,621.0,9.0,0,438,1,0,2,3833,297,40,1.0,5.0,0,0,0,0,6,0,1,0,0,0,0,1
236.07,4.7,1596,2,395.0,24.0,1,3154,1,1,4,243,11,6,1.0,1.0,1,0,1,2,6,1,0,0,0,0,1,1
98.35,4.4,0,3,69.0,17.0,1,402,0,1,2,2986,322,207,1.0,3.0,1,1,0,3,3,0,0,0,0,0,0,1
35.87,4.2,0,1,277.0,24.0,3,51,0,1,3,3534,293,30,0.0,14.0,0,0,0,0,6,0,0,0,1,0,0,0
123.07,3.4,0,2,219.0,29.0,3,595,0,0,1,3753,203,136,1.0,0.0,1,0,1,7,0,0,0,0,1,0,0,1
157.21,4.6,4631,3,816.0,25.0,2,2214,1,1,6,2513,29,95,2.0,7.0,0,0,0,3,6,0,0,1,0,0,0,1
122.45,4.0,3155,1,20.0,19.0,0,2722,1,1,4,1611,158,58,1.0,21.0,0,0,0,9,1,0,1,0,0,0,0,1
103.52,4.6,1673,4,832.0,23.0,2,3661,1,1,5,4997,84,106,1.0,4.0,0,0,0,2,3,1,0,0,1,0,0,1
236.78,4.3,1470,3,69.0,29.0,0,1606,1,0,3,4139,506,60,4.0,15.0,0,0,0,9,2,0,0,1,0,0,0,1
84.0,4.3,70,1,315.0,3.0,1,2542,1,0,2,2197,249,92,3.0,17.0,0,0,0,3,7,1,0,1,0,0,0,1
250.7,3.6,585,7,200.0,35.0,1,1463,1,0,2,4808,689,179,0.0,0.0,0,0,0,9,1,0,0,0,0,0,0,0
182.31,5.0,2667,7,754.0,2.0,0,2746,0,1,6,2317,291,62,5.0,21.0,0,0,0,0,5,0,0,0,0,0,1,0
69.73,3.5,0,1,281.0,13.0,0,2175,1,1,2,1684,218,133,2.0,0.0,0,0,0,7,1,1,0,0,0,1,0,1
293.72,3.6,0,3,631.0,2.0,2,3482,0,0,2,2770,106,190,0.0,16.0,0,0,0,2,5,0,0,1,0,0,0,1
171.28,3.5,3895,3,416.0,1.0,0,2087,1,1,5,3228,79,101,1.0,33.0,1,0,0,6,8,0,1,0,0,0,0,0
79.0,3.4,582,4,455.0,1.0,0,1099,1,1,4,2138,107,108,3.0,3.0,0,0,1,8,2,0,0,0,0,0,0,0
249.72,4.2,3313,5,239.0,1.0,0,825,1,0,5,2860,80,72,1.0,9.0,0,0,0,4,3,0,0,0,0,1,0,0
159.19,3.978268041237113,2850,2,649.0,15.230456852791878,0,2295,1,1,1,1021,117,57,0.0,14.0,0,0,0,6,2,0,1,0,0,0,0,1
137.33,4.5,0,6,571.0,2.0,1,3697,1,0,5,2138,69,127,2.0,0.0,0,0,0,2,5,1,0,0,0,0,0,0
177.4,4.2,5327,6,573.0,26.0,0,3480,1,1,2,145,5,1,4.0,14.0,1,0,0,7,2,0,0,0,1,0,0,0
150.22,3.6,0,4,581.0,22.0,0,1235,0,1,1,1540,18,80,1.0,0.0,0,0,0,7,7,1,0,1,0,0,0,1
208.46,4.0,552,6,299.0,15.230456852791878,0,724,0,0,2,1405,197,77,0.0,11.0,0,0,0,8,4,0,0,0,0,0,0,1
172.9,2.9,300,4,145.0,32.0,2,5,1,0,1,3842,390,200,3.0,19.0,0,0,1,8,2,1,0,1,0,0,0,0
196.06,5.0,383,5,209.0,18.0,0,3417,0,0,1,1346,171,35,1.0,19.0,1,1,0,3,1,0,0,0,0,1,0,0
59.62,4.4,0,4,390.0,16.0,1,1916,0,1,3,1887,124,66,1.0,11.0,0,0,0,3,6,0,0,0,1,0,0,0
63.32,3.9,4358,7,504.0,8.0,0,759,1,1,5,4071,345,84,2.0,19.0,0,0,0,9,1,0,0,0,0,0,1,0
116.23,3.5,1830,4,354.0,6.0,0,2092,1,0,2,1562,89,40,2.0,21.0,0,0,0,7,7,0,0,0,0,0,0,0
150.22,5.0,1242,4,589.0,11.0,0,1589,1,0,3,3875,463,101,1.0,16.0,1,1,0,3,4,0,1,0,0,0,0,0
58.74,3.2,1550,3,20.0,28.0,2,466,1,0,2,2922,72,174,1.0,9.0,0,0,1,3,9,0,0,0,1,0,0,1
77.22,3.9,2122,3,212.0,22.0,1,3228,1,1,2,2344,34,110,1.0,7.0,0,1,1,4,7,0,0,0,0,0,1,0
93.61,4.1,833,3,681.0,2.0,2,655,1,1,4,355,16,21,2.0,5.0,1,0,0,8,6,0,0,0,0,0,1,1
116.42,4.4,5849,5,717.0,1.0,0,2164,1,1,2,1043,64,53,2.0,17.0,0,1,0,5,7,0,0,0,0,1,0,0
259.62,5.0,4361,5,537.0,11.0,0,4000,1,1,5,4454,376,249,5.0,14.0,0,0,0,3,0,0,0,0,1,0,0,0
285.4,4.6,4517,5,450.0,3.0,0,2907,0,1,3,2617,191,111,1.6757142857142857,16.0,0,0,0,4,0,0,0,0,0,1,0,0
51.29,2.7,0,6,145.0,21.0,0,451,0,1,2,1084,92,9,2.0,4.0,0,0,0,6,7,1,0,0,0,0,0,1
232.72,4.5,1726,5,406.0,2.0,2,334,0,1,3,4787,484,97,1.0,11.0,0,0,0,6,6,0,0,0,0,0,0,0
188.8,3.4,3516,3,222.0,4.0,1,2317,1,1,2,1448,188,84,0.0,21.0,0,0,0,3,8,0,0,0,0,0,1,0
97.73,3.8,741,3,367.0,34.0,2,1609,0,1,1,2509,85,63,4.0,7.0,1,1,0,2,7,1,0,1,0,0,0,1
98.7,4.2,338,6,471.0,9.0,0,5,0,0,1,3211,279,44,4.0,23.0,1,0,0,4,0,0,0,0,0,0,0,0
127.26,3.4,870,5,45.0,43.0,2,2210,1,1,1,328,9,5,2.0,7.0,1,0,0,0,8,0,0,0,0,1,0,1
205.97,4.0,0,4,500.0,18.0,0,3124,1,1,1,1456,49,113,1.0,13.0,0,0,1,9,4,1,0,1,0,0,0,1
5.0,3.6,0,1,47.0,48.0,0,5,1,0,1,4044,324,159,0.0,9.0,1,1,0,0,3,0,0,0,1,0,0,0
139.9,3.0,235,2,306.0,29.0,0,1786,0,1,2,885,63,18,0.0,0.0,0,0,0,9,4,0,0,0,0,0,0,0
195.98,5.0,1606,5,491.0,7.0,0,3668,0,0,3,1507,145,57,4.0,19.0,0,0,0,8,8,0,0,0,0,0,1,0
157.4,4.0,378,4,33.0,11.0,1,1102,0,1,3,3451,488,97,0.0,16.0,1,0,0,6,0,0,1,0,0,0,0,0
95.0,3.8,678,6,685.0,11.0,0,2817,0,1,2,365,6,18,0.0,1.0,0,0,0,9,8,1,0,0,1,0,0,0
289.9,3.9,649,6,183.0,16.0,0,1909,1,1,1,1636,36,119,0.0,14.0,0,0,0,7,2,0,0,0,0,0,1,0
95.24,2.9,1154,6,403.7255102040816,20.0,2,203,1,1,4,4755,244,198,1.0,20.0,1,0,1,5,2,0,0,0,0,0,1,0
131.93,3.7,2220,5,425.0,6.0,0,605,1,1,1,2513,201,39,2.0,14.0,0,0,0,0,4,0,0,1,0,0,0,0
130.08,4.6,783,3,197.0,6.0,0,2824,1,0,3,3038,150,55,2.0,18.0,0,1,0,2,1,0,0,0,1,0,0,0
111.55,5.0,701,1,644.0,5.0,0,3051,1,0,5,3925,524,161,1.0,10.0,1,0,0,1,5,0,0,0,0,1,0,0
195.97,5.0,0,4,218.0,11.0,2,1557,0,1,2,634,41,6,0.0,2.0,1,0,0,0,6,0,0,0,1,0,0,0
80.02,5.0,4493,1,290.0,12.0,1,1469,1,0,3,2494,167,88,3.0,0.0,0,0,0,5,1,0,0,0,1,0,0,0
258.65,3.8,462,4,245.0,5.0,0,1394,1,1,2,896,11,60,3.0,13.0,0,0,0,1,2,0,1,0,0,0,0,1
145.65,3.978268041237113,641,1,462.0,33.0,2,1200,0,1,1,2643,80,130,0.0,28.0,1,0,0,2,9,1,0,0,0,1,0,1
5.0,3.5,0,1,246.0,20.0,1,1041,0,0,1,3205,80,149,1.0,2.0,0,1,0,8,2,0,0,0,0,0,1,0
188.28,3.7,0,2,252.0,6.0,0,1491,0,1,3,3911,167,182,1.0,1.0,0,0,0,6,0,0,0,0,0,1,0,0
348.9,4.6,6599,4,470.0,1.0,0,2623,1,1,5,4946,387,360,1.6757142857142857,24.0,1,0,0,0,5,0,0,0,0,0,0,0
276.68,3.6,1640,5,392.0,22.0,0,1614,1,1,6,55,6,1,1.0,12.0,0,0,0,4,7,1,0,1,0,0,0,1
185.9,3.5,1910,6,495.0,27.0,3,1886,0,1,5,4028,304,54,1.0,13.0,1,0,1,1,9,1,0,1,0,0,0,1
192.72,4.6,1726,5,788.0,11.0,0,2754,1,1,3,2459,190,175,3.0,15.0,1,0,1,0,6,0,0,0,0,1,0,0
5.0,3.3,0,4,81.0,26.0,0,416,1,0,1,3679,391,286,0.0,17.0,0,1,0,6,2,0,0,1,0,0,0,1
47.25,3.9,0,1,20.0,23.0,4,696,1,1,1,3933,121,151,3.0,1.0,0,0,0,4,8,0,0,1,0,0,0,1
180.04,4.8,4112,6,763.0,8.0,0,2172,1,1,5,3725,552,198,4.0,18.0,0,0,0,2,9,0,0,0,0,1,0,0
211.24,5.0,3230,6,390.0,2.0,1,2851,1,1,2,1609,45,90,2.0,15.0,1,0,1,9,7,0,1,0,0,0,0,0
127.78,4.3,0,4,286.0,29.0,1,5,0,1,4,1449,126,73,1.0,0.0,0,0,0,2,3,0,0,0,1,0,0,0
49.48,3.6,986,4,421.0,4.0,0,1793,1,0,2,161,18,8,2.0,10.0,1,0,0,1,5,0,0,0,0,0,0,1
145.6,4.1,1479,3,611.0,4.0,0,413,1,1,6,2792,259,141,4.0,22.0,0,0,0,5,7,0,0,0,0,1,0,0
196.72,4.6,3789,7,510.0,1.0,0,1734,1,0,1,3854,276,279,2.0,12.0,1,0,0,5,1,0,0,1,0,0,0,0
12.68,4.8,0,2,106.0,40.0,1,5,1,0,1,1638,55,97,1.0,4.0,0,1,0,8,7,0,0,0,0,1,0,0
5.0,3.1,1853,1,318.0,34.0,4,5,1,1,2,504,64,5,0.0,10.0,1,1,1,1,4,0,1,0,0,0,0,0
198.58,4.4,4576,3,291.0,1.0,0,4000,1,1,3,1450,100,7,1.0,5.0,0,1,0,8,0,1,0,0,0,0,1,1
158.79,3.2,0,2,218.0,17.0,1,5,1,0,4,4662,419,166,2.0,24.0,0,0,0,4,0,0,1,0,0,0,0,0
265.12,4.5,3169,4,629.0,12.0,0,3450,1,0,4,988,39,45,1.6757142857142857,19.0,1,0,0,0,7,1,0,0,0,0,1,0
5.0,2.4,0,4,20.0,19.0,0,5,1,0,1,898,83,29,1.0,4.0,1,1,0,7,9,1,0,0,1,0,0,1
286.33,5.0,5846,6,1020.0,3.0,0,3343,1,1,3,2207,157,65,2.0,3.0,0,0,0,6,7,0,0,0,1,0,0,0
49.63,3.9,963,1,540.0,17.0,0,1883,1,0,1,3300,63,118,1.0,2.0,0,1,0,4,3,0,0,0,0,0,0,0
253.69,4.9,1295,4,513.0,12.0,0,3599,1,1,2,4693,304,132,3.0,22.0,0,0,0,7,5,0,0,0,0,0,1,0
183.92,4.7,590,3,508.0,13.0,1,815,0,0,3,2061,98,116,1.0,9.0,1,0,0,6,7,0,0,0,1,0,0,0
287.06,4.1,1944,7,696.0,3.0,0,2079,1,1,1,3065,337,60,3.0,32.0,1,0,0,3,2,0,1,0,0,0,0,1
283.32,4.2,2726,5,212.0,11.0,0,713,1,1,4,4460,460,200,3.0,21.0,0,0,0,8,4,0,0,0,0,0,0,0
40.99,3.7,1252,1,20.0,36.0,1,5,1,0,3,1519,203,43,3.0,2.0,0,0,1,3,4,1,0,0,0,0,0,1
199.29,4.0,3809,4,181.0,8.0,0,454,0,1,2,4575,332,241,2.0,20.0,0,0,0,8,1,1,1,0,0,0,0,1
180.32,4.5,3957,6,840.0,15.230456852791878,0,2086,0,1,2,2115,262,146,2.0,15.0,0,0,0,0,1,0,0,0,1,0,0,0
131.66,4.0,635,8,320.0,29.0,0,777,1,0,4,843,32,62,4.0,5.0,1,0,1,5,2,0,1,0,0,0,0,0
355.14,5.0,1183,7,543.0,12.0,0,3394,1,1,5,1163,123,72,3.0,13.0,0,0,0,0,0,0,0,0,1,0,0,0
153.25,3.8,0,3,499.0,1.0,2,2686,0,0,3,73,1,2,3.0,6.0,0,0,1,0,8,0,1,0,0,0,0,0
47.47,4.0,922,2,246.0,39.0,1,5,0,0,1,3127,88,110,0.0,9.0,0,0,1,4,1,0,0,0,0,0,1,1
64.95,3.3,0,4,41.0,18.0,1,5,1,1,2,1308,144,87,0.0,0.0,0,0,0,6,6,0,1,0,0,0,0,1
29.92,4.2,644,3,20.0,17.0,1,209,1,0,1,1477,142,18,1.0,1.0,0,0,1,6,5,1,0,0,0,0,1,1
190.73,3.8,0,3,119.0,22.0,1,953,0,1,1,1778,161,53,0.0,9.0,1,0,0,3,7,0,0,0,1,0,0,0
120.2,3.3,4490,4,246.0,26.0,2,1461,0,0,2,4985,487,43,3.0,16.0,1,0,0,6,1,0,0,0,0,0,0,1
194.67,4.5,3082,5,512.0,12.0,1,1984,1,0,2,4630,135,210,1.0,18.0,1,0,0,5,0,0,0,0,1,0,0,0
129.4,4.0,3620,3,788.0,10.0,0,3254,1,0,1,282,13,6,2.0,0.0,0,0,0,4,8,0,0,0,0,0,0,1
155.41,4.0,1321,4,664.0,27.0,0,5,0,1,3,227,2,12,0.0,7.0,0,1,0,7,1,1,0,0,0,0,1,0
86.24,4.2,2409,1,778.0,13.0,0,2506,1,0,5,4913,572,67,2.0,4.0,1,0,0,0,3,0,1,0,0,0,0,0
163.64,3.9,1247,1,341.0,7.0,0,823,1,0,1,736,35,46,1.0,16.0,0,0,1,5,5,0,0,0,0,1,0,0
234.14,4.8,1909,4,634.0,1.0,0,3979,0,1,4,4698,554,63,1.0,12.0,1,0,0,0,5,0,0,0,1,0,0,0
273.24,4.5,5182,8,721.0,10.0,0,4000,1,1,4,2056,220,56,4.0,23.0,0,0,0,2,0,0,0,0,1,0,0,0
63.84,3.4,0,4,20.0,26.0,1,2156,1,1,1,598,20,31,2.0,9.0,0,0,0,4,9,0,0,1,0,0,0,1
160.81,4.9,3208,4,575.0,11.0,0,2906,0,1,5,1534,165,43,2.0,26.0,1,0,0,4,8,0,0,1,0,0,0,1
5.0,4.1,3065,5,167.0,6.0,2,1077,1,0,1,1605,146,43,3.0,4.0,0,1,0,1,9,0,0,1,0,0,0,1
103.56,3.7,0,4,116.0,2.0,2,2096,0,1,1,1811,118,90,0.0,8.0,0,0,0,8,6,0,0,0,0,1,0,1
117.2,4.7,3863,4,664.0,12.0,1,2393,1,0,3,1944,223,148,5.0,11.988333333333333,0,0,1,9,7,0,0,0,1,0,0,0
317.93,4.9,4647,8,564.0,15.0,0,641,1,1,5,1437,175,64,3.0,19.0,0,0,0,5,2,0,0,0,0,0,1,0
169.85,4.1,838,3,303.0,18.0,3,1214,1,1,4,4524,393,241,3.0,17.0,0,0,0,4,2,1,0,1,0,0,0,1
137.67,4.5,3757,9,902.0,27.0,0,2853,1,1,3,4683,131,153,1.0,13.0,0,0,0,5,8,0,0,0,0,0,1,1
99.82,3.5,1725,1,197.0,16.0,1,1337,1,1,4,2468,273,163,1.0,6.0,1,0,0,3,9,0,0,0,0,0,0,1
56.11,2.6,0,2,128.0,30.0,4,492,0,1,1,898,29,8,0.0,7.0,0,1,0,1,5,1,0,0,0,0,0,1
132.84,3.8,2514,4,558.0,25.0,2,1463,1,1,4,4702,420,30,0.0,3.0,0,0,0,8,0,0,0,1,0,0,0,0
313.93,5.0,4956,6,379.0,14.0,0,2999,1,1,4,4491,601,204,1.0,28.0,0,0,0,1,5,0,0,0,0,0,0,0
173.56,3.4,0,2,20.0,8.0,0,2324,1,1,3,1934,35,22,0.0,19.0,0,1,1,0,1,0,0,0,0,0,1,0
144.61,3.6,770,6,612.0,14.0,0,2998,1,1,1,2776,45,26,0.0,9.0,0,0,1,0,5,0,0,1,0,0,0,0
220.14,3.978268041237113,0,2,540.0,14.0,3,1011,1,0,1,437,31,26,1.0,5.0,0,0,0,4,9,1,1,0,0,0,0,1
204.75,3.9,0,3,532.0,13.0,1,3209,1,1,4,1043,108,53,0.0,7.0,0,0,0,6,3,1,0,1,0,0,0,1
93.09,4.5,1424,3,529.0,26.0,2,1011,1,0,1,1380,48,36,0.0,0.0,0,0,0,1,3,0,0,0,1,0,0,0
266.98,5.0,3641,5,708.0,11.0,0,3059,1,0,2,2947,80,25,3.0,25.0,0,0,0,5,7,1,0,0,0,0,1,1
219.81,4.3,1834,2,741.0,8.0,1,3242,1,1,3,1215,66,44,2.0,21.0,0,0,0,7,5,0,0,1,0,0,0,0
147.94,3.1,714,2,192.0,12.0,2,5,0,1,1,1297,159,22,2.0,29.0,0,0,0,8,6,0,0,0,0,0,0,1
252.07,4.7,1860,3,571.0,11.0,0,3631,1,1,4,573,33,11,5.0,15.0,0,0,0,8,0,0,0,0,0,1,0,0
300.73,3.4,2014,4,410.0,28.0,0,658,1,0,1,2003,75,37,0.0,10.0,1,0,0,5,9,1,0,1,0,0,0,1
224.9,4.6,3247,6,290.0,1.0,0,1843,1,1,1,1375,190,80,1.0,7.0,1,0,0,5,1,0,0,1,0,0,0,1
73.78,3.5,4443,1,370.0,17.0,1,5,1,0,3,4452,586,331,4.0,3.0,0,1,0,5,3,0,0,0,0,1,0,1
184.78,4.2,3857,4,693.0,11.0,1,926,0,1,2,4647,485,213,5.0,18.0,0,1,1,4,7,0,0,0,0,0,1,0
166.56,4.3,2358,7,283.0,5.0,2,3142,0,1,3,2682,216,208,0.0,11.0,1,0,0,1,5,0,0,0,0,1,0,0
86.65,4.1,800,2,366.0,21.0,1,193,1,1,3,4167,431,155,0.0,1.0,0,0,0,1,5,1,0,0,0,0,1,1
56.46,3.7,2815,3,600.0,10.0,2,1214,1,1,1,1360,167,87,2.0,19.0,1,0,0,5,8,0,0,0,0,1,0,1
164.87,4.0,4158,5,404.0,28.0,0,1859,1,1,2,3994,526,128,0.0,8.0,0,0,0,4,9,0,0,0,0,0,1,0
5.0,3.5,280,4,47.0,34.0,2,913,1,0,2,4384,569,43,0.0,16.0,1,0,0,0,5,0,1,0,0,0,0,1
244.98,4.3,3378,7,853.0,3.0,0,1680,1,1,3,532,62,35,1.0,9.0,0,0,0,9,7,1,0,1,0,0,0,1
229.06,4.8,2753,3,748.0,18.0,0,2099,1,1,3,1315,54,67,1.0,17.0,0,0,0,5,3,0,0,1,0,0,0,0
192.91,3.5,4273,4,503.0,6.0,1,2236,1,0,4,1080,132,17,1.0,4.0,1,0,0,4,0,0,0,0,1,0,0,1
121.52,3.3,2781,3,548.0,15.0,0,1414,1,1,3,2966,317,127,1.0,2.0,0,0,0,2,5,0,0,1,0,0,0,1
123.78,4.6,2670,4,424.0,3.0,0,5,0,1,5,4203,419,174,3.0,14.0,1,0,0,1,5,0,0,0,0,0,0,0
356.54,4.8,2852,7,657.0,9.0,0,2936,1,1,1,4186,405,98,5.0,19.0,1,0,0,1,9,0,0,0,0,0,0,0
200.33,4.7,1438,5,371.0,19.0,0,3182,0,0,2,904,26,4,0.0,35.0,0,1,0,0,7,1,0,1,0,0,0,1
162.46,3.3,0,2,755.0,6.0,0,689,0,1,2,1941,167,70,1.0,10.0,1,0,1,6,6,0,0,0,0,1,0,0
148.05,4.0,3864,3,577.0,1.0,1,2322,1,1,1,2215,51,85,2.0,13.0,0,0,0,7,9,0,0,0,1,0,0,0
251.76,4.0,1074,4,609.0,1.0,2,1176,1,0,5,2633,112,143,0.0,6.0,0,0,1,5,6,0,0,0,1,0,0,1
200.14,3.978268041237113,1420,3,341.0,18.0,1,3237,0,0,4,2920,389,108,0.0,11.988333333333333,0,0,0,2,5,0,0,1,0,0,0,0
254.1,5.0,927,5,206.0,5.0,0,2389,1,1,2,4342,556,297,2.0,11.0,0,0,0,7,4,0,0,1,0,0,0,0
154.88,2.7,0,6,217.0,2.0,0,1965,0,1,1,3784,209,198,0.0,18.0,0,0,0,2,3,0,1,0,0,0,0,0
264.74,4.3,0,3,658.0,5.0,2,567,1,1,1,3403,433,188,2.0,21.0,0,0,0,8,4,0,0,0,0,0,1,0
73.52,3.2,2103,5,20.0,22.0,1,54,1,1,1,4488,530,140,0.0,19.0,0,0,0,3,6,0,0,0,0,0,1,0
153.23,3.8,576,2,331.0,28.0,1,5,1,1,2,3900,541,299,0.0,0.0,1,0,0,3,9,0,0,0,1,0,0,0
72.49,3.978268041237113,0,1,425.0,21.0,3,2082,1,0,1,523,10,26,1.0,2.0,0,0,0,4,0,0,0,0,0,0,1,0
117.96,3.5,0,4,403.7255102040816,38.0,2,80,1,0,3,1163,59,41,1.0,7.0,1,0,0,8,0,1,1,0,0,0,0,0
115.39,3.1,2790,1,317.0,1.0,1,2677,1,1,3,328,41,1,3.0,20.0,0,0,1,1,7,0,0,0,0,0,1,0
296.74,3.2,1578,8,643.0,14.0,1,1924,1,1,2,3325,480,85,0.0,16.0,0,1,0,4,5,0,0,0,1,0,0,0
313.89,4.8,2639,3,725.0,1.0,0,1832,1,1,4,738,19,8,1.0,21.0,1,1,0,0,5,0,0,0,0,0,1,0
87.05,3.1,0,3,233.0,28.0,1,1262,0,1,1,3281,177,90,0.0,0.0,1,1,0,0,6,1,1,0,0,0,0,1
86.46,3.4,0,5,196.0,22.0,1,917,1,1,3,4280,203,283,3.0,23.0,0,0,0,1,8,0,0,1,0,0,0,1
281.75,4.2,1229,4,843.0,17.0,0,2343,1,1,2,2378,61,48,1.0,26.0,0,1,0,2,3,0,0,1,0,0,0,1
180.1,4.1,4161,1,399.0,16.0,3,1834,0,1,5,1253,171,33,0.0,11.988333333333333,1,1,0,8,1,0,0,1,0,0,0,1
172.52,3.8,1981,8,455.0,25.0,0,2241,1,1,4,1571,77,63,2.0,11.988333333333333,0,0,0,9,5,0,0,0,1,0,0,0
11.19,3.1,536,1,20.0,35.0,0,5,0,1,1,2008,94,141,0.0,4.0,1,0,0,2,2,0,0,0,1,0,0,0
111.37,4.5,744,4,745.0,2.0,1,2491,1,1,4,3819,225,156,4.0,15.0,1,0,0,8,2,0,1,0,0,0,0,0
85.32,4.0,2122,2,246.0,31.0,0,5,1,0,3,3289,446,73,0.0,28.0,0,0,1,1,6,1,0,0,1,0,0,1
206.37,3.1,0,1,209.0,24.0,1,1924,1,0,4,3869,333,288,1.0,0.0,0,0,0,1,7,0,0,0,1,0,0,0
155.69,4.5,1280,2,599.0,3.0,0,3879,1,1,3,1557,119,86,1.0,20.0,1,0,0,5,5,0,0,1,0,0,0,1
174.51,5.0,5182,7,985.0,1.0,0,2859,1,1,5,3604,213,51,3.0,23.0,1,0,0,5,9,1,0,1,0,0,0,1
289.14,4.2,4067,6,389.0,3.0,0,1271,1,1,5,3623,149,46,0.0,9.0,1,0,0,0,9,0,0,0,1,0,0,0
34.19,3.6,2739,1,20.0,21.0,3,1737,1,0,2,3541,228,265,1.0,10.0,0,0,0,0,3,0,0,0,0,0,0,0
213.31,3.3,500,5,190.0,20.0,0,1855,0,0,1,2796,72,30,1.0,12.0,1,1,0,2,4,1,0,0,1,0,0,1
227.37,4.3,0,4,430.0,22.0,0,1171,1,1,2,4872,216,81,2.0,11.0,1,0,0,7,2,0,0,0,0,1,0,0
243.7,4.3,4361,3,833.0,7.0,0,2906,1,0,2,496,43,32,4.0,12.0,0,0,0,6,8,0,1,0,0,0,0,0
172.46,4.4,0,3,435.0,27.0,2,2701,1,1,4,2441,251,44,2.0,25.0,1,0,0,8,5,0,0,0,1,0,0,0
156.41,3.5,0,1,380.0,23.0,3,5,0,1,4,1928,32,66,0.0,0.0,0,1,0,6,8,0,0,0,0,1,0,1
62.92,4.1,814,5,455.0,8.0,1,3420,1,1,2,204,5,7,2.0,0.0,1,1,0,1,5,0,0,0,1,0,0,0
111.98,4.0,4752,4,559.0,20.0,0,912,1,1,3,1029,59,60,3.0,12.0,1,1,0,6,4,1,1,0,0,0,0,0
90.12,4.2,136,5,516.0,16.0,0,1411,1,1,6,906,26,61,4.0,19.0,0,0,0,3,1,0,0,0,1,0,0,0
170.74,3.6,3161,7,278.0,5.0,0,2806,0,0,2,2132,104,83,0.0,15.0,1,0,1,2,7,0,0,1,0,0,0,0
129.24,3.9,342,4,457.0,9.0,2,451,1,1,4,1324,31,102,3.0,4.0,0,0,0,6,1,0,0,1,0,0,0,1
117.58,3.4,672,3,20.0,18.0,1,3132,1,0,1,4144,388,103,2.0,8.0,1,0,0,7,7,1,0,0,1,0,0,1
216.77,3.5,1785,4,555.0,6.0,1,1669,1,1,1,4714,304,25,2.0,16.0,0,1,0,4,4,0,0,0,0,0,0,0
68.52,4.1,48,1,597.0,20.0,2,476,1,0,3,2064,95,161,0.0,0.0,0,0,0,3,4,0,0,0,0,1,0,1
214.04,3.8,0,5,452.0,27.0,0,2633,1,1,3,4154,164,190,4.0,0.0,1,0,0,9,0,0,0,0,0,1,0,1
105.78,4.4,1611,6,517.0,17.0,0,3052,1,0,6,4910,90,163,2.0,23.0,0,0,0,4,2,0,0,0,0,0,1,0
270.57,3.1,0,1,309.0,17.0,0,783,1,1,1,2861,266,102,0.0,14.0,1,0,1,6,2,0,0,1,0,0,0,1
108.93,4.4,0,4,211.0,11.0,0,2475,1,1,1,1863,101,70,0.0,0.0,1,0,0,3,6,0,0,1,0,0,0,1
43.96,3.3,0,1,20.0,42.0,3,779,1,1,2,817,106,54,0.0,12.0,1,0,0,1,0,1,0,0,0,0,0,1
275.62,3.9,1110,3,324.0,1.0,2,997,1,1,4,1254,44,48,1.0,13.0,0,0,1,7,5,0,1,0,0,0,0,0
197.86,4.3,1724,5,53.0,5.0,0,275,1,1,2,3070,425,170,0.0,0.0,1,0,0,1,6,0,0,0,0,0,1,1
172.77,3.6,2805,3,66.0,22.0,0,3496,0,1,3,3321,278,227,2.0,11.0,0,1,0,8,9,0,0,0,1,0,0,0
185.76,4.3,2889,6,726.0,1.0,0,1675,0,0,4,4615,257,57,5.0,30.0,1,0,0,5,2,0,0,0,0,0,0,0
284.33,4.8,5043,6,913.0,2.0,0,134,1,1,4,1331,132,88,4.0,24.0,0,0,0,1,6,0,0,0,0,0,1,0
101.86,4.4,48,7,711.0,7.0,1,2899,1,1,2,2970,174,57,2.0,13.0,0,0,1,9,1,0,0,0,1,0,0,1
18.09,4.6,0,3,250.0,23.0,1,5,0,1,1,1714,192,47,1.0,9.0,1,0,0,5,6,0,1,0,0,0,0,1
130.8,4.7,6021,4,535.0,5.0,0,3871,1,0,5,3131,356,76,4.0,7.0,0,0,0,3,3,0,1,0,0,0,0,0
5.0,3.3,588,1,510.0,3.0,2,751,1,1,2,4459,105,302,4.0,14.0,0,0,0,3,0,0,0,0,0,0,1,0
82.32,4.5,4682,2,797.0,12.0,0,5,1,1,4,1421,212,13,0.0,0.0,0,0,0,7,6,0,0,1,0,0,0,1
166.94,4.5,0,6,298.0,19.0,1,607,0,0,3,1547,231,46,0.0,13.0,1,0,0,1,4,0,0,0,0,0,1,0
111.9,3.2,0,1,132.0,34.0,3,5,1,0,3,4406,146,289,0.0,10.0,0,1,0,6,6,0,0,0,1,0,0,1
144.93,4.0,1459,4,73.0,25.0,1,2935,1,1,4,4389,578,302,2.0,16.0,0,0,0,4,7,0,0,1,0,0,0,0
350.02,4.7,1277,7,555.0,1.0,0,2925,1,1,4,4628,546,218,1.6757142857142857,11.988333333333333,1,0,0,1,7,0,1,0,0,0,0,0
155.95,4.5,1563,6,142.0,12.0,2,1938,1,1,4,3748,129,109,1.0,11.0,0,0,0,4,7,0,1,0,0,0,0,0
229.8,4.3,4513,6,644.0,1.0,2,387,0,1,2,3261,380,54,3.0,14.0,0,0,0,9,5,0,0,0,1,0,0,0
46.82,4.4,3786,3,438.0,17.0,0,2159,1,0,3,3185,477,241,3.0,22.0,1,1,0,0,0,0,0,0,1,0,0,0
133.06,3.1,391,1,231.0,43.0,1,643,0,1,1,875,12,56,0.0,0.0,0,0,0,3,2,0,0,0,0,1,0,1
41.34,3.7,1381,3,318.0,7.0,0,27,1,1,1,3627,348,34,0.0,25.0,0,0,1,2,7,1,1,0,0,0,0,1
34.31,3.7,0,3,567.0,23.0,3,5,0,0,2,1842,220,63,0.0,8.0,0,0,0,5,3,1,1,0,0,0,0,1
77.41,3.3,0,5,345.0,16.0,2,5,1,0,1,4791,358,177,2.0,4.0,0,0,0,1,8,0,0,0,0,0,0,1
133.17,3.4,2567,4,435.0,32.0,0,515,0,1,1,4113,541,212,0.0,15.0,0,0,0,0,7,0,0,1,0,0,0,0
135.01,4.6,3273,3,363.0,13.0,1,1362,1,1,1,3044,320,197,1.0,9.0,1,0,0,4,0,0,0,1,0,0,0,0
207.35,2.7,977,3,177.0,15.0,1,638,0,1,3,1508,158,39,1.0,11.988333333333333,0,1,0,6,3,0,0,0,0,1,0,1
264.1,3.9,337,2,546.0,7.0,1,2405,1,0,3,3497,293,120,5.0,18.0,1,0,0,1,4,0,0,1,0,0,0,0
103.47,3.7,0,1,324.0,20.0,0,5,1,0,2,927,78,33,2.0,18.0,0,0,1,5,5,0,0,0,0,0,0,1
201.27,3.2,1165,3,246.0,20.0,0,322,0,1,2,3135,39,94,3.0,11.988333333333333,0,0,0,9,1,1,0,0,1,0,0,1
118.97,4.5,1240,2,556.0,18.0,3,1182,0,0,2,3475,42,25,1.0,12.0,1,1,0,8,6,0,1,0,0,0,0,0
5.0,4.2,2089,2,591.0,8.0,1,373,1,0,2,3334,249,96,1.0,13.0,0,0,0,6,3,1,0,0,0,0,0,1
298.22,3.8,2540,1,219.0,21.0,0,67,1,0,3,3848,185,143,0.0,12.0,0,1,0,8,7,0,0,1,0,0,0,0
67.8,3.5,0,3,108.0,30.0,2,385,0,1,1,2755,280,72,1.6757142857142857,11.988333333333333,1,1,1,1,0,0,0,1,0,0,0,0
240.14,4.4,4775,4,506.0,2.0,1,2324,1,0,4,888,87,34,3.0,23.0,1,0,0,0,9,0,0,1,0,0,0,1
230.98,5.0,2859,8,498.0,1.0,1,2309,1,0,5,1647,196,80,2.0,11.0,0,1,0,5,5,0,0,1,0,0,0,0
143.21,3.5,788,3,382.0,8.0,0,2471,1,1,1,1842,230,130,3.0,14.0,0,0,1,2,7,1,0,0,0,0,0,1
35.77,3.8,0,4,77.0,10.0,2,399,1,1,3,251,3,5,2.0,0.0,1,0,1,5,0,1,0,0,0,1,0,0
82.31,4.3,252,5,348.0,1.0,0,2039,0,1,2,1744,42,57,4.0,21.0,0,0,0,8,8,0,0,0,0,0,0,1
134.15,4.7,744,2,515.0,1.0,0,1207,0,1,3,1797,35,25,0.0,10.0,0,0,0,5,0,0,1,0,0,0,0,0
34.73,3.1,528,1,255.0,23.0,1,2354,0,1,2,1624,235,95,1.0,12.0,0,1,0,4,1,0,0,0,1,0,0,1
182.41,4.9,333,2,461.0,9.0,1,2423,1,1,3,2753,273,70,0.0,8.0,0,0,0,3,6,0,0,0,0,0,1,0
176.83,4.7,3849,4,294.0,11.0,0,2780,1,1,2,1147,134,63,3.0,12.0,0,0,0,0,2,0,0,1,0,0,0,0
102.53,4.3,7593,1,802.0,6.0,0,2321,1,1,4,1997,25,108,2.0,22.0,0,0,1,5,4,0,0,0,1,0,0,0
129.54,3.9,2542,2,349.0,20.0,2,1337,0,1,2,4259,627,130,0.0,0.0,1,0,0,4,6,0,0,1,0,0,0,0
106.02,4.4,3194,7,351.0,1.0,0,1026,1,1,1,1193,69,39,2.0,0.0,0,0,0,7,2,0,0,1,0,0,0,1
111.11,3.0,1088,5,168.0,21.0,0,1224,1,1,2,275,22,15,2.0,23.0,1,0,0,5,3,0,0,1,0,0,0,0
166.89,5.0,2328,2,254.0,33.0,1,1971,1,1,1,840,105,18,0.0,8.0,0,0,0,0,9,0,0,1,0,0,0,1
252.23,3.9,412,6,731.0,20.0,0,2663,1,0,4,418,9,31,4.0,11.0,1,0,0,8,1,0,0,0,1,0,0,0
139.29,4.8,1825,3,311.0,1.0,0,2718,0,1,3,446,63,34,2.0,24.0,1,1,0,3,8,0,0,0,0,0,0,0
214.72,4.9,6997,6,855.0,18.0,0,2994,1,1,2,2419,99,66,4.0,21.0,1,0,0,6,7,0,0,0,1,0,0,0
116.28,3.5,1220,1,284.0,15.0,0,939,0,1,5,2501,75,181,0.0,0.0,0,0,0,4,9,1,1,0,0,0,0,1
96.42,5.0,582,4,667.0,17.0,0,1510,1,0,3,1031,57,21,1.0,21.0,0,0,0,8,0,0,0,0,0,0,0,0
92.65,4.4,2633,4,345.0,1.0,0,84,1,1,1,525,60,22,3.0,6.0,0,0,1,8,8,1,1,0,0,0,0,1
97.43,2.2,856,2,179.0,31.0,3,1798,1,1,1,2171,118,53,0.0,0.0,1,0,1,5,1,1,0,0,1,0,0,1
111.72,4.0,1354,4,163.0,12.0,1,1526,0,0,2,1177,91,56,2.0,8.0,0,0,1,2,1,0,0,0,0,0,1,0
90.37,3.9,3052,5,538.0,25.0,0,1909,1,1,3,4954,441,37,1.0,8.0,0,0,0,9,5,0,0,0,0,0,1,1
72.63,3.1,4433,4,459.0,13.0,0,1948,0,1,1,2779,151,180,1.0,19.0,1,0,1,4,7,0,0,1,0,0,0,0
203.28,4.2,0,6,386.0,15.0,0,116,1,0,3,1613,225,65,0.0,13.0,0,0,0,5,9,0,1,0,0,0,0,1
141.18,4.2,3521,9,163.0,28.0,0,1510,1,1,3,2043,306,89,2.0,36.0,0,0,0,2,4,0,0,1,0,0,0,0
103.5,4.0,647,4,345.0,24.0,1,2125,1,0,1,1225,158,18,0.0,7.0,0,1,1,8,5,0,0,1,0,0,0,1
149.91,4.4,4977,6,443.0,11.0,1,1949,0,1,3,397,49,2,4.0,10.0,1,0,0,7,6,1,0,0,1,0,0,1
221.69,4.2,1251,2,602.0,29.0,0,224,1,1,1,1100,151,60,2.0,12.0,1,0,0,6,2,1,0,0,0,1,0,1
100.4,3.9,1883,8,835.0,1.0,0,1497,1,1,1,874,105,19,1.0,13.0,1,0,0,5,2,1,0,0,0,0,1,1
242.7,5.0,5381,6,779.0,1.0,0,3214,1,1,1,3164,100,245,1.0,6.0,0,0,0,9,7,0,0,1,0,0,0,0
90.49,3.2,3654,3,539.0,18.0,0,2906,1,1,2,539,28,7,2.0,14.0,0,1,0,5,1,0,1,0,0,0,0,0
244.79,3.7,4443,5,695.0,8.0,0,2041,1,1,5,821,22,22,4.0,23.0,0,0,0,6,9,0,0,1,0,0,0,1
140.58,3.8,1491,3,220.0,28.0,1,1624,1,0,2,4238,282,300,0.0,2.0,1,0,0,9,3,1,0,0,0,0,0,1
169.88,3.6,1215,1,119.0,15.0,1,1894,1,0,2,2454,193,131,1.0,3.0,0,0,0,3,2,0,1,0,0,0,0,0
181.77,3.8,3007,1,129.0,11.0,2,3317,1,1,2,4042,69,292,4.0,21.0,0,0,0,6,4,0,0,0,0,0,1,0
235.97,4.3,1015,1,55.0,15.0,1,3051,1,1,4,813,100,17,0.0,11.0,0,0,0,7,2,0,1,0,0,0,0,0
196.4,4.3,1061,1,403.7255102040816,24.0,1,1628,1,0,1,1059,146,25,3.0,8.0,0,0,1,2,7,0,0,0,0,1,0,1
261.33,4.6,2393,1,593.0,1.0,2,2213,1,1,3,3507,68,71,2.0,16.0,0,0,1,4,2,0,1,0,0,0,0,1
200.52,4.9,2851,7,563.0,1.0,0,3074,0,1,3,891,128,40,3.0,20.0,0,0,0,5,9,0,0,0,0,1,0,0
168.36,4.2,3542,4,55.0,14.0,1,486,1,1,2,1812,125,87,0.0,3.0,0,0,0,0,4,0,0,0,1,0,0,0
44.42,3.7,1074,2,147.0,28.0,0,2108,1,0,1,4370,621,27,1.0,0.0,0,0,0,4,6,0,0,0,1,0,0,1
205.05,4.4,1410,1,553.0,7.0,0,883,0,1,3,3205,428,139,2.0,15.0,0,0,1,2,3,0,0,0,0,1,0,0
219.22,3.8,2120,5,556.0,10.0,2,1815,0,1,4,2487,270,103,1.0,21.0,0,0,0,1,0,0,1,0,0,0,0,0
162.15,3.4,0,6,619.0,32.0,2,1740,0,0,1,3577,282,82,0.0,2.0,0,0,1,2,4,1,0,0,0,0,0,1
96.32,2.8,0,2,266.0,30.0,3,348,1,0,1,4874,309,130,1.0,6.0,0,0,0,6,1,0,1,0,0,0,0,0
118.8,3.9,4427,2,280.0,24.0,0,1164,0,0,6,3609,280,81,1.0,17.0,0,0,0,8,5,0,0,1,0,0,0,1
5.0,3.9,0,4,136.0,17.0,2,902,0,0,2,3464,497,262,1.0,15.0,1,0,0,6,9,0,0,1,0,0,0,0
57.85,3.6,2859,2,629.0,27.0,1,1345,0,0,3,855,78,39,3.0,3.0,0,0,1,0,6,0,1,0,0,0,0,0
177.38,3.6,3566,3,525.0,11.0,0,5,0,0,3,909,36,48,1.0,6.0,0,1,1,1,8,0,0,1,0,0,0,0
120.45,4.7,2953,4,328.0,12.0,0,1416,0,1,5,4116,346,106,1.0,21.0,0,0,0,1,7,0,0,0,0,1,0,0
146.79,4.1,3960,4,844.0,10.0,0,2363,1,0,2,431,61,33,2.0,8.0,1,0,0,3,9,1,0,1,0,0,0,1
242.59,3.7,3879,6,358.0,1.0,0,1387,1,1,4,688,44,16,4.0,14.0,1,0,1,3,5,0,0,0,0,1,0,0
158.48,4.0,2919,5,403.7255102040816,18.0,1,607,1,1,2,330,34,17,1.0,30.0,1,1,0,8,1,1,0,0,0,0,1,1
235.03,3.8,937,3,346.0,11.0,0,1771,1,1,4,1495,217,27,1.0,0.0,0,1,0,9,5,0,0,1,0,0,0,0
13.97,3.9,1148,1,170.0,7.0,3,63,1,1,1,4548,436,275,2.0,8.0,1,0,0,6,7,0,1,0,0,0,0,0
62.39,3.2,0,2,345.0,18.0,0,5,0,1,4,2223,132,164,0.0,0.0,0,0,0,2,3,1,0,1,0,0,0,1
112.18,3.2,0,3,292.0,21.0,1,5,1,1,3,457,8,8,1.0,17.0,1,0,0,1,3,0,0,0,1,0,0,1
200.79,3.1,1298,3,376.0,16.0,0,1493,1,1,3,4057,484,112,0.0,11.0,1,0,0,0,3,0,0,0,0,0,1,1
99.35,2.6,2241,4,361.0,22.0,1,5,1,1,1,3359,144,146,2.0,19.0,0,0,0,7,0,1,0,0,1,0,0,1
118.44,4.0,797,6,332.0,14.0,1,2123,0,1,3,1283,43,49,0.0,11.0,1,0,1,0,2,0,0,0,0,0,0,0
205.88,4.2,0,2,28.0,7.0,0,1313,1,0,3,2722,307,143,0.0,1.0,1,0,0,1,7,0,0,0,1,0,0,1
250.26,5.0,3838,5,749.0,15.0,0,2280,1,0,2,170,19,4,1.0,24.0,0,1,0,4,4,0,0,0,0,1,0,1
125.82,3.4,0,6,382.0,1.0,0,1418,1,1,4,4285,47,141,4.0,11.988333333333333,0,0,0,0,9,0,0,0,0,0,0,1
114.87,3.7,2133,3,93.0,16.0,1,822,0,1,3,3923,345,140,3.0,0.0,0,0,0,3,9,0,0,0,1,0,0,0
134.18,3.7,0,4,436.0,21.0,2,1232,0,1,2,317,3,3,0.0,15.0,0,1,0,7,6,0,0,0,0,0,1,1
224.22,4.1,2320,4,486.0,12.0,0,1705,1,0,3,2518,202,182,3.0,27.0,0,0,0,5,6,0,0,0,0,1,0,0
12.78,3.2,187,1,20.0,33.0,1,2769,1,0,1,4140,404,182,1.0,22.0,1,0,1,1,3,0,0,0,1,0,0,0
188.4,3.5,0,3,287.0,37.0,0,659,0,0,1,746,74,6,0.0,10.0,1,0,0,4,9,1,1,0,0,0,0,1
110.72,4.2,4391,3,20.0,27.0,1,436,1,0,3,407,55,28,0.0,0.0,0,0,0,2,7,0,1,0,0,0,0,1
207.44,3.5,2269,4,535.0,24.0,1,5,1,1,2,3605,180,91,1.0,25.0,0,0,0,0,2,0,0,0,1,0,0,0
70.26,4.0,0,2,95.0,12.0,2,5,0,0,1,4914,149,327,0.0,16.0,0,1,1,0,0,1,0,0,1,0,0,1
184.78,3.4,95,1,20.0,11.0,2,5,1,1,3,2883,214,103,3.0,8.0,1,1,0,6,5,1,0,0,1,0,0,1
193.86,4.9,2647,6,590.0,16.0,0,2536,1,0,4,1401,174,86,1.0,16.0,0,0,0,4,7,0,0,0,0,0,0,1
177.55,3.3,2871,7,371.0,5.0,0,2167,1,1,4,2824,236,117,0.0,22.0,1,0,0,0,4,0,1,0,0,0,0,1
79.24,2.6,2658,1,430.0,20.0,0,2098,0,1,1,3990,265,99,0.0,7.0,0,0,0,6,4,0,1,0,0,0,0,0
184.49,5.0,7683,4,495.0,1.0,0,1961,1,1,2,4963,371,348,5.0,11.988333333333333,0,0,0,5,9,0,0,0,0,0,1,0
310.79,3.978268041237113,4587,7,557.0,13.0,0,2682,1,1,4,3700,387,163,5.0,18.0,1,0,1,8,0,1,0,0,0,0,1,0
45.64,3.8,1488,1,403.7255102040816,26.0,0,750,0,1,1,4953,154,336,1.0,0.0,0,1,0,2,1,1,0,0,1,0,0,1
351.5,5.0,4656,6,253.0,3.0,0,3430,1,1,4,872,16,56,0.0,24.0,1,0,0,9,8,0,0,0,0,1,0,0
223.32,4.2,4866,6,576.0,7.0,0,1506,1,0,5,1544,42,97,2.0,21.0,1,0,0,6,9,0,0,0,1,0,0,0
58.65,3.3,750,1,424.0,15.230456852791878,0,5,1,0,2,3997,306,154,2.0,2.0,0,0,0,5,2,0,0,1,0,0,0,0
125.66,3.8,375,5,493.0,1.0,0,2311,1,0,2,3269,214,180,3.0,11.0,0,0,0,2,6,0,0,1,0,0,0,0
302.74,3.8,1474,1,342.0,22.0,1,892,0,1,5,4326,478,342,2.0,7.0,0,1,1,1,1,1,0,1,0,0,0,1
235.46,4.6,4264,6,862.0,15.0,0,194,1,0,3,1139,93,52,3.0,14.0,0,0,0,7,2,0,0,1,0,0,0,0
188.42,4.0,5243,5,565.0,19.0,3,2717,1,1,1,4430,420,228,0.0,8.0,1,0,0,4,3,0,0,0,1,0,0,0
158.16,4.6,3569,3,273.0,7.0,0,3186,1,1,3,1768,172,52,0.0,18.0,0,0,0,6,4,0,0,0,1,0,0,0
177.49,4.4,4463,2,378.0,19.0,0,1332,1,0,4,3036,325,206,0.0,0.0,0,0,0,7,7,0,0,1,0,0,0,1
260.43,3.6,1578,3,423.0,24.0,0,1400,1,0,1,3061,53,237,0.0,5.0,0,0,0,2,8,0,0,0,1,0,0,1
195.47,3.978268041237113,4494,6,538.0,16.0,0,1727,1,1,6,4716,286,212,2.0,22.0,0,0,1,7,0,0,0,0,0,0,0,0
86.2,3.6,0,1,280.0,10.0,1,5,1,0,1,1398,191,16,2.0,2.0,1,1,0,5,6,0,0,1,0,0,0,0
123.91,3.8,0,2,359.0,13.0,1,434,0,0,1,2074,124,92,2.0,11.0,0,0,0,6,5,0,0,0,0,0,0,0
94.45,4.1,6204,2,822.0,1.0,0,2526,1,1,2,4420,169,263,0.0,19.0,0,0,0,4,0,0,0,0,0,0,1,0
188.15,3.978268041237113,2596,2,403.7255102040816,14.0,1,2875,0,0,1,4710,521,249,0.0,0.0,0,0,0,7,2,1,0,1,0,0,0,1
229.36,4.5,4955,1,417.0,10.0,1,3290,1,0,1,3901,317,26,2.0,16.0,0,1,0,4,0,0,0,1,0,0,0,0
143.77,2.1,0,1,20.0,27.0,2,5,0,1,1,2705,376,71,1.0,0.0,1,0,0,3,6,0,1,0,0,0,0,1
135.4,3.5,3854,3,69.0,21.0,0,565,1,1,1,4825,548,207,1.0,3.0,1,0,0,7,1,0,0,0,0,0,1,0
328.57,5.0,4998,4,501.0,20.0,0,3078,1,0,2,827,27,19,3.0,3.0,0,0,0,7,7,0,0,1,0,0,0,0
199.27,3.3,0,6,492.0,25.0,0,2958,1,1,1,1518,96,92,0.0,21.0,1,0,0,1,6,0,0,0,0,0,0,0
194.2,4.7,785,5,424.0,8.0,0,1223,1,1,1,2832,71,122,1.0,0.0,0,0,0,4,5,0,0,1,0,0,0,0
80.66,4.3,3043,3,605.0,31.0,1,2082,1,1,4,326,3,25,3.0,10.0,0,0,0,5,7,0,0,0,1,0,0,1
83.82,4.0,1287,2,162.0,21.0,0,2785,1,1,4,3090,62,106,2.0,16.0,0,0,0,8,0,0,0,0,0,1,0,0
181.79,4.0,4025,3,509.0,24.0,0,1976,1,1,4,2086,58,157,2.0,12.0,0,0,0,1,9,0,0,1,0,0,0,0
5.0,3.6,3013,2,355.0,21.0,1,5,0,1,3,833,48,11,1.0,4.0,1,0,0,8,7,1,0,0,0,0,1,0
5.0,2.9,0,5,45.0,23.0,3,897,0,1,2,3200,379,148,1.0,6.0,0,0,0,9,0,0,1,0,0,0,0,1
266.59,4.2,1677,2,334.0,6.0,0,3089,1,1,3,3241,167,202,2.0,19.0,0,0,0,3,8,0,0,1,0,0,0,0
126.6,3.5,0,1,116.0,31.0,1,747,1,1,1,316,20,11,0.0,11.988333333333333,0,1,0,8,7,0,0,0,1,0,0,0
24.87,2.6,552,4,393.0,14.0,2,1720,0,1,3,1688,114,44,2.0,17.0,0,0,0,3,3,1,1,0,0,0,0,1
202.45,4.6,2360,5,624.0,3.0,0,3272,1,1,4,998,76,54,2.0,24.0,1,0,0,3,2,0,0,0,0,1,0,0
93.63,4.2,2281,1,554.0,21.0,2,1261,1,1,2,4397,532,207,1.0,24.0,0,1,1,5,3,0,0,0,0,1,0,0
125.6,3.8,4454,5,741.0,11.0,1,2750,1,1,3,2773,231,24,3.0,7.0,0,0,0,5,5,0,0,0,0,1,0,0
106.69,3.7,25,3,301.0,11.0,1,2018,0,1,5,849,47,44,1.0,11.0,1,1,0,9,1,1,0,0,0,0,0,1
5.0,4.3,2410,3,197.0,23.0,0,1658,1,0,1,3532,399,76,0.0,27.0,1,0,1,3,9,0,0,0,0,1,0,0
227.2,4.2,0,4,352.0,34.0,0,2596,1,1,4,3973,256,37,2.0,5.0,0,0,0,6,4,0,0,1,0,0,0,0
94.56,3.2,1618,1,276.0,27.0,3,1267,1,0,2,1027,102,51,2.0,10.0,0,0,0,7,0,0,1,0,0,0,0,1
5.0,3.6,0,3,312.0,20.0,0,2126,0,1,1,4687,650,150,0.0,19.0,0,0,0,5,3,0,1,0,0,0,0,0
113.03,4.0,1454,3,399.0,9.0,1,1705,0,1,2,1669,23,84,3.0,25.0,0,0,0,6,9,0,0,0,1,0,0,0
188.58,3.8,766,4,609.0,1.0,0,3673,1,1,5,3887,468,105,2.0,22.0,0,0,0,5,2,1,0,1,0,0,0,1
235.75,4.6,1945,5,581.0,7.0,0,2017,1,1,6,4519,270,69,1.0,9.0,1,0,0,1,1,0,0,1,0,0,0,0
5.0,3.8,225,5,460.0,22.0,0,703,1,1,1,427,61,22,0.0,15.0,0,1,0,0,8,0,0,1,0,0,0,1
109.24,3.5,0,2,301.0,16.0,2,823,1,0,2,2898,180,114,0.0,10.0,0,0,1,5,8,0,0,0,1,0,0,0
80.5,5.0,0,2,398.0,11.0,0,5,0,0,2,2589,134,46,1.0,4.0,1,0,0,2,6,0,0,1,0,0,0,0
171.84,4.3,0,4,670.0,1.0,0,1975,1,0,4,3526,359,156,3.0,19.0,1,0,0,3,1,0,0,0,0,0,1,0
25.99,4.2,120,3,332.0,27.0,1,5,0,1,1,3057,293,96,0.0,8.0,0,0,0,8,4,0,0,0,0,0,0,1
125.53,4.1,5393,4,426.0,9.0,0,1645,1,0,1,3684,156,115,2.0,17.0,0,0,0,6,4,0,0,0,1,0,0,0
5.0,3.0,0,3,382.0,27.0,3,5,0,0,2,3153,103,194,0.0,15.0,0,0,0,4,8,0,0,1,0,0,0,1
300.96,3.9,1715,4,247.0,1.0,2,1620,0,1,2,2529,326,45,2.0,16.0,0,0,1,2,2,0,0,1,0,0,0,0
5.0,3.0,723,2,26.0,39.0,2,5,1,0,3,1862,233,133,0.0,11.988333333333333,0,1,0,0,2,1,1,0,0,0,0,1
80.7,3.0,0,1,95.0,30.0,2,5,0,1,1,3051,343,145,0.0,18.0,0,0,0,2,0,0,1,0,0,0,0,0
71.42,3.2,1498,2,157.0,28.0,3,1027,1,0,1,1831,179,52,3.0,11.988333333333333,0,1,0,0,3,1,0,0,0,1,0,1
117.55,3.8,80,3,207.0,2.0,1,1628,1,1,1,2612,115,138,2.0,13.0,1,0,0,9,2,0,0,0,1,0,0,0
107.99,3.0,3117,7,202.0,12.0,2,1249,1,1,2,946,97,5,0.0,5.0,0,0,0,8,6,0,0,1,0,0,0,0
184.94,3.7,1537,1,511.0,4.0,0,1799,1,0,3,3760,184,182,5.0,18.0,0,0,1,9,0,0,1,0,0,0,0,0
211.46,5.0,0,3,661.0,16.0,1,3230,1,1,5,1776,204,32,2.0,18.0,0,0,0,8,6,0,0,0,1,0,0,0
5.0,3.5,0,1,37.0,33.0,3,5,1,1,1,1717,60,74,0.0,8.0,1,1,1,1,0,0,0,1,0,0,0,1
68.42,3.1,0,4,20.0,18.0,3,918,1,1,2,865,72,46,1.0,19.0,0,0,1,4,7,1,0,0,0,0,1,1
227.7,4.0,2414,7,492.0,12.0,0,1917,1,1,5,1779,148,8,2.0,21.0,1,0,0,8,0,0,0,0,0,0,1,0
195.03,4.3,1265,4,325.0,1.0,0,1479,1,1,4,3083,206,152,1.6757142857142857,2.0,0,1,1,2,1,1,0,0,0,0,0,1
6.79,4.1,1798,1,148.0,22.0,0,751,1,1,1,2597,311,117,2.0,26.0,1,0,1,1,5,0,0,1,0,0,0,0
102.35,4.6,2356,7,32.0,1.0,2,3608,1,1,3,3677,185,229,0.0,8.0,0,0,0,7,9,0,0,0,0,0,0,0
5.0,3.1,0,4,153.0,19.0,3,385,1,1,3,3788,114,156,0.0,13.0,1,0,0,8,5,1,1,0,0,0,0,1
79.39,3.9,2090,2,589.0,4.0,1,5,1,0,1,2085,225,121,2.0,18.0,0,0,0,8,0,1,0,0,0,0,1,1
87.95,3.8,1705,2,258.0,6.0,1,954,1,1,3,3360,357,19,4.0,0.0,0,0,0,3,2,0,1,0,0,0,0,0
179.59,4.6,4504,7,695.0,22.0,2,1326,1,0,4,2177,169,136,4.0,0.0,0,0,0,0,7,0,0,0,0,1,0,0
271.05,4.1,4597,6,459.0,15.0,1,1297,1,0,6,4074,505,316,3.0,27.0,0,0,0,8,3,0,0,1,0,0,0,0
217.6,3.9,730,3,488.0,24.0,0,832,1,1,4,4684,156,45,0.0,20.0,0,1,0,1,4,0,0,0,0,1,0,1
132.93,4.3,1157,5,257.0,23.0,1,1717,1,1,2,1174,74,56,1.0,10.0,0,1,1,5,5,0,0,1,0,0,0,0
189.51,4.6,3318,5,423.0,15.0,0,3579,1,1,5,2764,152,132,0.0,29.0,0,0,0,5,9,0,1,0,0,0,0,0
296.7,4.3,3337,8,552.0,1.0,0,1503,1,0,3,4612,344,356,1.0,33.0,0,0,0,4,8,0,0,0,1,0,0,0
69.27,3.8,3269,4,398.0,9.0,0,2484,1,1,1,2539,257,201,0.0,4.0,1,0,0,2,1,0,0,0,0,1,0,0
223.8,4.0,2247,7,515.0,9.0,0,1652,1,1,1,2679,266,110,4.0,22.0,1,0,0,9,7,0,1,0,0,0,0,0
119.22,3.7,0,2,112.0,18.0,1,1159,1,0,2,1929,230,135,0.0,13.0,0,0,0,2,6,0,0,1,0,0,0,1
5.0,4.0,2996,1,305.0,27.0,0,1853,1,0,3,3808,558,200,0.0,0.0,0,1,0,4,9,1,1,0,0,0,0,1
107.6,3.5,0,5,540.0,28.0,2,263,0,0,3,3308,174,128,3.0,17.0,1,0,1,4,2,1,0,0,0,0,0,1
283.07,4.7,0,2,366.0,18.0,2,3012,0,1,3,671,63,40,1.0,16.0,0,0,1,9,8,1,0,0,1,0,0,1
265.69,4.4,4567,5,346.0,15.230456852791878,0,1232,1,0,1,2155,207,113,2.0,0.0,1,0,0,0,4,0,0,1,0,0,0,0
157.43,4.5,3579,9,268.0,14.0,0,707,1,0,2,4225,98,157,1.6757142857142857,14.0,1,0,0,3,4,1,1,0,0,0,0,0
110.07,3.8,0,2,123.0,30.0,1,1100,0,0,1,3428,67,247,0.0,2.0,1,0,0,0,9,0,0,0,0,1,0,1
198.11,4.1,887,8,352.0,21.0,0,2797,1,1,3,2303,291,87,3.0,20.0,1,0,0,6,6,1,0,0,0,0,0,1
201.89,5.0,2824,2,276.0,7.0,1,3014,1,1,5,2196,183,19,2.0,19.0,0,1,0,7,3,0,0,0,0,0,0,1
230.16,4.6,2677,6,258.0,12.0,0,829,1,1,2,1861,104,127,2.0,19.0,0,0,0,6,8,0,0,0,0,1,0,0
276.8,4.3,4982,8,675.0,23.0,0,1308,1,1,4,148,10,7,1.6757142857142857,9.0,0,0,0,3,9,1,1,0,0,0,0,1
103.83,3.8,0,4,404.0,2.0,0,261,1,1,2,636,84,47,1.0,9.0,1,0,1,7,6,0,0,0,0,1,0,0
173.61,4.9,2241,4,492.0,10.0,0,4000,1,1,4,3014,440,86,2.0,24.0,0,0,1,2,2,0,0,1,0,0,0,0
229.91,3.4,347,6,316.0,17.0,2,1736,1,0,3,1627,236,23,1.6757142857142857,11.0,0,0,0,9,9,0,0,0,0,0,1,1
250.28,3.2,445,4,261.0,4.0,0,401,1,1,5,3942,356,143,0.0,0.0,0,0,1,1,2,0,0,0,1,0,0,1
182.9,4.2,3782,7,532.0,1.0,3,3358,1,1,4,1527,200,8,4.0,10.0,1,1,0,4,4,0,1,0,0,0,0,0
206.81,5.0,2504,5,495.0,1.0,0,1899,1,1,4,4873,538,80,3.0,14.0,0,0,0,3,4,1,0,0,0,1,0,1
211.61,4.4,2697,5,623.0,15.0,0,2287,1,0,2,4818,145,360,3.0,28.0,0,0,0,3,2,0,0,1,0,0,0,0
179.17,5.0,2385,8,232.0,1.0,0,1063,1,0,6,2069,174,147,1.0,20.0,0,0,0,4,7,0,0,0,0,0,0,0
133.5,4.5,4698,7,251.0,14.0,2,2594,1,1,2,2660,35,94,4.0,14.0,0,0,0,9,6,1,0,0,0,0,0,1
198.65,2.8,0,2,150.0,25.0,1,481,1,0,2,3521,111,120,0.0,9.0,1,0,0,1,7,0,0,0,0,0,0,0
206.76,5.0,3476,3,488.0,6.0,1,1756,1,1,5,4447,585,341,5.0,21.0,0,1,0,7,6,0,0,0,0,1,0,0
231.09,4.2,506,4,337.0,15.0,0,3732,1,1,6,3095,112,191,2.0,14.0,1,0,0,5,9,0,0,0,0,1,0,0
167.29,3.7,572,4,364.0,29.0,2,3458,1,0,4,3103,128,217,1.0,16.0,0,0,1,9,0,0,0,0,0,0,1,0
175.55,3.6,123,1,351.0,13.0,1,1760,0,1,5,3138,124,113,3.0,10.0,1,0,0,4,3,1,0,0,0,1,0,0
327.06,4.1,5204,7,931.0,1.0,0,1583,1,1,4,2134,88,121,4.0,32.0,0,0,0,0,9,0,1,0,0,0,0,1
232.96,4.4,589,2,632.0,10.0,1,2471,0,1,4,4072,541,102,3.0,18.0,0,0,0,8,7,0,0,1,0,0,0,1
148.67,3.1,758,2,362.0,7.0,1,1158,1,1,2,136,12,1,2.0,0.0,0,0,0,8,2,0,0,0,0,0,0,0
223.31,3.9,602,3,383.0,13.0,1,899,1,1,1,687,9,14,0.0,9.0,1,1,0,5,0,0,0,0,0,0,1,0
267.26,4.3,578,8,577.0,1.0,0,1982,1,1,2,1218,43,85,0.0,26.0,0,0,0,3,5,0,0,0,0,0,1,0
214.23,3.7,0,1,267.0,14.0,2,1922,1,1,1,2071,293,93,0.0,15.0,0,0,0,1,6,0,0,0,1,0,0,1
54.6,3.4,0,2,76.0,24.0,2,5,1,1,2,4483,363,84,0.0,15.0,0,1,0,3,6,0,0,1,0,0,0,0
96.02,3.9,0,4,160.0,11.0,1,410,1,0,4,3895,225,34,2.0,5.0,0,0,0,8,9,0,0,0,0,0,1,0
101.81,4.1,777,3,298.0,9.0,0,809,1,1,1,4899,589,115,0.0,2.0,1,0,0,4,0,1,0,0,1,0,0,1
195.7,3.6,844,2,329.0,22.0,1,5,1,0,1,4569,409,208,0.0,13.0,1,0,1,2,6,0,0,0,0,0,0,1
121.99,3.9,1372,5,442.0,15.0,0,2162,1,1,3,4615,294,37,2.0,12.0,0,1,1,5,9,0,0,1,0,0,0,0
27.09,3.7,271,2,403.0,9.0,2,286,1,1,1,1735,109,17,0.0,8.0,0,0,1,1,4,1,0,1,0,0,0,1
116.87,4.0,3263,3,487.0,9.0,2,851,0,0,3,3024,101,27,0.0,6.0,0,0,0,1,3,0,0,0,0,0,1,0
362.48,3.7,4854,7,672.0,34.0,0,2787,1,1,2,3914,364,52,3.0,19.0,1,0,0,0,2,0,0,0,0,0,0,0
111.3,4.6,0,3,820.0,1.0,1,4000,1,1,3,115,2,2,2.0,16.0,1,0,0,6,8,0,0,0,1,0,0,1
170.06,4.8,5427,7,923.0,11.0,0,29,1,1,5,852,83,26,5.0,22.0,0,0,0,9,5,0,1,0,0,0,0,0
83.57,3.9,0,1,20.0,25.0,2,912,1,0,2,498,51,2,2.0,0.0,1,0,0,3,6,0,0,1,0,0,0,1
244.21,5.0,4674,5,853.0,1.0,0,2565,1,1,3,697,63,42,3.0,12.0,0,0,0,0,7,0,0,0,1,0,0,0
189.15,4.3,2240,1,612.0,8.0,2,362,1,1,5,2691,223,84,0.0,7.0,1,0,0,8,4,1,1,0,0,0,0,0
139.98,4.1,1327,5,482.0,6.0,1,1863,0,1,2,4459,408,243,0.0,15.0,0,1,0,9,9,0,0,0,0,0,1,0
140.39,4.6,0,4,403.7255102040816,23.0,2,856,0,1,3,4465,411,233,2.0,6.0,0,0,0,8,9,0,0,1,0,0,0,0
174.23,2.9,1073,1,370.0,33.0,1,404,1,0,1,2871,165,153,1.0,1.0,0,0,0,6,4,0,0,0,0,0,1,0
195.04,3.0,0,1,20.0,21.0,3,5,0,0,1,429,51,25,1.6757142857142857,22.0,0,1,0,0,7,0,0,1,0,0,0,1
86.06,5.0,506,5,487.0,35.0,0,5,1,1,4,3676,412,158,4.0,22.0,0,0,0,4,8,0,0,0,1,0,0,1
38.56,4.0,1268,6,519.0,17.0,2,965,0,1,3,2788,144,125,4.0,8.0,0,0,0,2,1,0,0,0,0,0,1,1
279.74,4.0,2507,2,634.0,11.0,1,1920,1,1,3,4139,121,75,0.0,10.0,1,0,0,5,3,1,0,0,1,0,0,1
159.13,4.0,0,2,458.0,1.0,2,3608,1,0,3,2723,316,100,0.0,0.0,0,0,0,3,2,0,0,1,0,0,0,0
119.24,4.1,0,6,380.0,1.0,1,3305,1,1,2,4574,92,45,0.0,19.0,0,0,0,2,4,0,0,0,1,0,0,1
215.9,3.8,1427,6,709.0,4.0,0,1455,1,1,2,2605,222,118,1.0,8.0,1,0,1,6,1,0,0,1,0,0,0,1
180.85,4.7,1982,4,296.0,18.0,0,3136,0,1,4,1483,76,13,1.0,19.0,1,0,0,4,6,0,0,1,0,0,0,0
175.5,3.7,1424,6,788.0,1.0,1,3681,1,0,5,1351,17,103,1.0,17.0,1,0,0,8,9,0,0,0,1,0,0,0
165.22,3.2,0,3,446.0,33.0,2,544,1,1,3,2751,370,194,1.0,14.0,0,1,0,3,5,0,0,0,1,0,0,0
122.5,3.7,1260,1,345.0,1.0,0,3354,0,1,4,2590,162,40,3.0,22.0,1,0,0,7,7,0,0,0,0,0,1,0
151.53,4.6,0,5,482.0,11.0,1,861,0,1,1,4786,381,301,1.0,24.0,1,0,0,6,8,0,0,0,1,0,0,0
135.74,3.9,111,1,326.0,8.0,0,223,1,1,3,118,15,8,2.0,6.0,1,1,0,0,3,1,0,0,0,1,0,1
41.74,4.1,200,1,330.0,8.0,1,566,1,0,4,2910,134,168,5.0,9.0,0,0,0,3,4,1,0,1,0,0,0,1
154.45,3.2,0,1,20.0,23.0,1,368,0,0,1,2619,111,17,0.0,23.0,0,1,1,8,9,0,0,0,0,1,0,0
321.98,4.0,1606,4,349.0,1.0,1,1333,1,1,3,2051,244,68,3.0,0.0,0,0,0,9,9,0,0,0,0,1,0,0
20.24,3.2,1639,1,34.0,33.0,2,821,0,1,2,3155,113,51,0.0,19.0,0,0,0,5,5,1,0,0,0,0,0,1
185.51,5.0,1186,5,600.0,3.0,0,2901,1,0,4,925,106,61,0.0,7.0,0,0,0,9,8,0,0,0,0,1,0,0
106.61,4.1,0,2,604.0,2.0,0,1426,0,0,1,2713,30,138,1.0,5.0,0,1,0,8,6,0,0,0,1,0,0,1
143.72,4.5,1362,6,528.0,3.0,0,2641,1,1,5,1245,182,96,4.0,30.0,1,0,0,7,8,1,0,1,0,0,0,1
182.98,3.9,1562,2,562.0,16.0,1,726,1,0,1,4979,515,31,3.0,8.0,0,0,0,9,7,0,0,0,1,0,0,0
168.72,4.0,1316,6,402.0,24.0,0,1324,0,1,3,1869,129,59,3.0,0.0,1,0,1,7,8,0,0,0,1,0,0,1
106.15,4.6,3860,1,158.0,38.0,1,454,0,1,2,1591,42,62,1.0,10.0,1,0,0,5,7,0,0,1,0,0,0,0
148.43,4.2,4686,5,278.0,3.0,0,1625,1,1,1,3378,374,61,3.0,19.0,0,0,0,9,4,0,0,0,0,1,0,0
193.43,3.2,3984,4,240.0,12.0,0,1803,0,0,2,1665,197,124,4.0,21.0,0,0,0,0,1,0,0,0,0,1,0,0
95.8,4.2,3342,3,246.0,1.0,0,4000,1,1,3,1919,133,43,2.0,19.0,0,0,0,6,8,0,1,0,0,0,0,0
199.7,5.0,4088,6,410.0,12.0,0,3883,1,1,1,415,16,5,2.0,20.0,0,0,0,3,3,0,1,0,0,0,0,0
49.5,4.1,2729,4,444.0,15.0,0,1388,1,1,1,4260,403,261,2.0,20.0,0,0,1,0,6,0,0,0,0,0,1,0
144.24,3.9,2956,2,159.0,38.0,2,600,1,1,3,3350,58,254,0.0,16.0,0,0,0,1,1,1,0,0,1,0,0,1
5.0,3.5,0,1,87.0,41.0,2,5,0,0,2,1575,62,68,0.0,0.0,1,1,1,4,1,1,0,0,0,0,0,1
213.79,4.2,2707,4,495.0,5.0,0,1994,1,1,4,114,15,5,5.0,19.0,0,1,1,1,1,0,0,0,0,1,0,0
194.18,4.2,0,4,142.0,6.0,0,478,1,1,2,3608,179,204,0.0,24.0,0,0,0,6,5,0,0,0,0,0,1,1
212.99,4.2,2127,1,266.0,11.0,1,2622,1,1,4,2479,215,38,3.0,21.0,0,0,1,2,9,0,0,0,1,0,0,0
102.31,3.6,0,3,232.0,23.0,2,5,1,0,1,2400,69,61,2.0,2.0,1,0,1,5,7,0,0,0,0,0,0,1
169.37,5.0,3839,4,321.0,6.0,0,2248,0,0,3,4034,411,159,5.0,19.0,0,0,0,3,7,0,1,0,0,0,0,0
206.03,4.4,38,3,570.0,23.0,1,1181,0,0,3,2201,49,76,3.0,13.0,0,0,0,6,1,1,0,0,0,1,0,1
197.13,4.6,676,7,573.0,18.0,0,2204,1,1,1,2792,241,25,0.0,23.0,0,0,0,8,7,1,0,0,1,0,0,1
224.22,4.0,5327,4,551.0,11.0,2,1693,1,1,3,838,109,32,0.0,20.0,0,0,0,2,5,0,0,0,0,0,0,0
165.88,4.8,6187,3,770.0,15.0,0,2206,1,1,2,4596,159,227,2.0,14.0,0,0,0,0,5,1,0,0,1,0,0,0
97.94,3.5,2357,3,170.0,27.0,0,1520,0,0,1,4104,88,31,1.0,0.0,0,0,0,6,4,0,0,0,0,1,0,0
229.07,3.7,1587,3,862.0,20.0,2,2345,1,1,4,1169,17,45,3.0,20.0,1,0,0,6,5,0,0,0,0,0,0,1
177.56,4.5,0,7,599.0,1.0,3,464,0,0,4,2774,153,110,0.0,25.0,1,0,0,6,6,0,1,0,0,0,0,1
50.17,3.5,148,7,356.0,20.0,0,2183,1,0,2,2671,344,22,1.0,0.0,1,1,0,3,8,0,0,1,0,0,0,0
70.05,4.3,627,4,460.0,3.0,1,2078,0,0,2,4633,357,173,0.0,11.988333333333333,1,0,0,2,5,1,0,0,1,0,0,1
187.24,3.978268041237113,5853,4,322.0,12.0,1,204,1,0,4,4104,434,166,0.0,11.0,0,0,0,0,5,1,0,0,1,0,0,1
5.0,3.0,0,1,20.0,24.0,0,1360,1,0,2,4778,80,318,0.0,0.0,1,1,0,1,9,1,1,0,0,0,0,1
257.1,4.4,0,7,438.0,27.0,0,91,1,0,2,1589,153,8,3.0,8.0,1,0,0,6,6,0,0,0,0,1,0,0
191.84,3.4,0,3,414.0,3.0,1,461,0,1,2,1529,154,8,2.0,13.0,0,1,0,1,2,1,0,1,0,0,0,1
85.97,4.8,1721,1,673.0,14.0,3,260,0,1,3,3680,230,113,1.0,15.0,0,0,0,7,0,1,0,0,1,0,0,1
234.6,4.6,1470,3,522.0,22.0,0,1759,1,0,2,2990,390,86,1.0,14.0,0,0,0,7,0,0,0,1,0,0,0,0
78.99,4.1,235,5,590.0,17.0,1,845,1,1,2,4934,297,115,0.0,8.0,1,0,0,3,4,0,0,0,0,0,1,0
198.83,3.978268041237113,1627,1,471.0,15.0,1,2571,0,0,4,737,37,37,2.0,5.0,0,0,0,4,7,0,0,0,0,0,1,0
38.05,4.8,1854,3,352.0,14.0,0,1491,0,1,2,4200,504,159,0.0,5.0,0,0,0,4,1,1,0,0,1,0,0,1
339.35,5.0,3150,4,632.0,1.0,0,2551,0,1,6,4564,367,232,2.0,10.0,1,0,0,4,0,0,0,1,0,0,0,0
120.27,4.6,1067,6,548.0,1.0,0,5,1,1,4,3564,390,39,0.0,14.0,0,0,1,6,9,0,1,0,0,0,0,0
5.0,3.1,0,1,251.0,7.0,3,392,1,1,1,2457,264,70,0.0,11.988333333333333,0,0,1,9,4,0,0,0,1,0,0,1
142.77,4.4,1954,3,411.0,14.0,0,1155,0,1,4,4841,188,281,1.0,21.0,0,0,1,5,8,0,0,0,1,0,0,1
210.86,5.0,226,3,671.0,22.0,0,2796,1,1,2,4225,297,189,2.0,18.0,0,0,0,1,0,0,0,0,0,0,1,0
258.2,3.2,1403,1,64.0,22.0,2,5,1,1,5,4252,333,30,4.0,12.0,1,1,0,8,2,0,0,0,1,0,0,0
186.38,3.8,4286,1,358.0,12.0,0,1195,1,1,4,876,85,24,1.6757142857142857,21.0,0,0,1,4,5,0,0,0,0,1,0,1
180.57,4.5,145,1,20.0,16.0,1,1921,1,1,1,3131,172,36,2.0,14.0,0,0,1,6,9,1,0,1,0,0,0,1
128.69,4.7,1105,3,539.0,25.0,1,5,1,1,2,3123,172,233,4.0,31.0,1,0,0,8,2,0,0,0,0,0,1,0
202.82,2.9,497,1,642.0,12.0,0,789,1,1,2,1118,128,34,5.0,12.0,1,0,0,9,6,0,0,1,0,0,0,1
305.07,4.1,1844,2,431.0,12.0,0,3391,1,1,4,3373,372,177,3.0,9.0,1,0,0,3,5,0,0,1,0,0,0,1
199.45,3.978268041237113,2867,3,316.0,15.0,0,817,1,0,2,2587,67,142,3.0,2.0,0,1,0,9,6,1,1,0,0,0,0,1
125.17,4.9,186,5,722.0,29.0,0,612,1,1,4,885,38,6,3.0,14.0,0,0,1,7,7,0,1,0,0,0,0,0
49.44,3.7,0,4,235.0,32.0,0,5,1,0,2,3914,135,116,2.0,0.0,0,0,0,0,3,0,0,0,0,0,1,0
214.08,4.7,1281,1,275.0,10.0,2,223,1,0,1,3346,271,224,2.0,0.0,0,0,0,9,3,0,1,0,0,0,0,0
421.95,4.9,3716,4,690.0,10.0,0,2196,0,0,5,1822,207,57,5.0,8.0,0,0,0,0,8,0,0,1,0,0,0,0
60.22,3.6,0,3,375.0,17.0,1,2253,1,0,2,1718,145,40,1.0,9.0,0,0,1,1,1,0,0,1,0,0,0,0
49.94,4.6,2422,5,658.0,18.0,0,5,1,0,2,867,94,25,2.0,4.0,0,0,0,4,2,0,0,0,0,1,0,1
174.71,4.2,848,6,305.0,11.0,0,202,1,1,3,3047,62,147,1.0,9.0,1,0,0,8,9,0,0,0,0,0,0,0
77.5,4.1,0,4,226.0,12.0,1,1030,0,1,1,2130,188,158,3.0,12.0,0,0,0,6,6,0,0,1,0,0,0,0
160.66,3.6,4444,7,829.0,3.0,0,191,1,1,3,2216,96,79,3.0,14.0,0,0,1,6,2,1,0,0,0,0,0,1
180.07,4.0,909,5,95.0,9.0,1,1159,0,0,2,3301,178,176,1.0,0.0,0,0,1,1,0,0,0,0,1,0,0,0
70.35,2.7,109,2,230.0,16.0,0,5,1,0,3,4166,485,77,1.0,3.0,0,1,0,9,5,0,0,1,0,0,0,0
166.81,4.7,566,3,88.0,15.0,2,323,0,0,5,4695,346,304,2.0,0.0,0,0,0,4,7,0,0,0,0,0,0,0
145.24,4.5,0,1,402.0,1.0,1,1047,1,0,1,1768,115,18,2.0,11.0,1,0,0,6,3,0,0,0,1,0,0,1
235.33,5.0,3740,3,328.0,15.0,0,3715,1,0,2,247,19,19,4.0,24.0,0,0,0,4,2,0,0,1,0,0,0,0
165.2,4.2,2146,2,313.0,20.0,0,909,0,1,3,2177,115,78,2.0,9.0,0,0,0,4,7,0,0,0,0,1,0,0
193.97,3.6,718,4,146.0,30.0,1,378,1,1,2,3918,359,198,3.0,8.0,0,0,1,6,2,0,1,0,0,0,0,1
240.33,4.8,850,4,106.0,1.0,0,1611,1,1,2,1736,245,13,1.0,18.0,1,0,1,4,2,1,0,0,0,1,0,1
148.35,3.4,3087,3,753.0,1.0,0,2430,1,0,2,2238,284,87,1.0,13.0,1,1,1,1,2,0,0,0,1,0,0,0
5.0,3.0,1561,2,256.0,22.0,0,5,1,1,2,927,106,63,0.0,9.0,1,1,1,5,6,1,1,0,0,0,0,1
195.83,4.5,0,3,313.0,33.0,0,5,1,1,2,1005,42,44,1.0,0.0,0,0,0,0,6,0,1,0,0,0,0,0
219.83,4.1,5847,7,282.0,1.0,0,1100,1,0,2,2589,99,150,1.0,23.0,1,0,0,9,5,0,0,0,1,0,0,1
225.09,3.9,3357,4,316.0,22.0,0,5,0,1,4,3927,267,64,3.0,0.0,0,0,0,1,0,0,1,0,0,0,0,0
163.17,4.1,1589,7,593.0,30.0,2,1525,0,1,5,4626,199,360,4.0,12.0,0,0,0,3,3,0,1,0,0,0,0,0
124.13,3.7,0,5,709.0,28.0,0,5,1,1,2,2873,200,183,2.0,2.0,0,0,0,6,0,0,0,0,0,1,0,0
67.15,3.5,0,2,541.0,26.0,1,5,0,0,2,4587,299,327,0.0,14.0,0,0,1,9,3,0,0,0,0,0,0,0
241.82,5.0,4054,4,592.0,1.0,0,4000,1,0,5,4228,115,278,5.0,20.0,0,0,0,5,7,0,1,0,0,0,0,0
105.1,4.0,3037,7,403.0,11.0,1,759,1,1,2,4878,136,202,3.0,10.0,0,0,0,0,1,0,0,1,0,0,0,0
165.83,3.3,2526,6,646.0,14.0,0,2000,0,1,2,1325,130,42,0.0,1.0,1,0,0,7,7,0,0,0,0,1,0,0
242.69,3.3,0,5,439.0,10.0,1,2131,1,1,1,4253,87,257,5.0,12.0,0,0,0,4,6,0,0,1,0,0,0,0
173.42,4.1,2367,4,543.0,19.0,0,5,1,1,2,1721,169,115,2.0,2.0,0,0,0,2,4,0,0,0,0,1,0,0
166.27,3.9,3364,4,356.0,18.0,0,40,0,0,1,4432,419,96,3.0,0.0,0,0,0,4,5,0,0,0,1,0,0,0
148.39,4.5,1171,6,289.0,8.0,0,1312,1,1,1,333,35,17,0.0,0.0,0,1,1,6,7,0,0,0,0,0,0,0
102.68,4.3,3896,3,432.0,28.0,2,970,1,1,1,4873,236,254,3.0,0.0,0,0,0,2,0,0,1,0,0,0,0,0
98.79,4.6,5252,4,362.0,18.0,0,99,1,1,1,4654,91,169,3.0,12.0,0,1,0,3,6,0,0,0,1,0,0,1
229.69,4.4,3336,8,742.0,38.0,2,2176,1,1,3,2824,351,214,0.0,2.0,0,0,0,7,1,0,0,0,1,0,0,0
232.04,4.6,2015,3,381.0,15.230456852791878,2,882,1,1,4,2707,131,57,4.0,21.0,1,1,0,6,0,0,0,0,1,0,0,0
47.85,3.4,3065,2,337.0,6.0,0,2407,1,0,2,3068,229,206,0.0,6.0,0,0,1,7,1,1,0,0,1,0,0,1
151.22,3.7,3473,5,403.7255102040816,9.0,1,1306,0,1,2,1857,118,23,1.0,25.0,0,0,0,3,9,0,0,0,0,0,1,0
247.19,3.9,1911,5,258.0,21.0,1,774,1,1,2,1957,130,31,3.0,17.0,0,0,0,2,7,0,0,0,0,0,0,0
57.31,3.9,392,4,516.0,22.0,1,5,1,1,1,3149,395,205,1.0,4.0,0,0,1,0,2,1,0,0,0,0,0,1
5.0,3.7,206,2,600.0,20.0,4,379,1,1,2,4542,290,233,2.0,18.0,0,0,0,1,4,0,0,1,0,0,0,0
27.4,3.0,0,2,20.0,36.0,2,811,0,1,1,3332,160,248,2.0,0.0,0,1,0,4,0,1,0,0,0,0,0,1
112.32,4.3,2084,5,521.0,7.0,0,756,1,1,3,176,10,7,5.0,17.0,0,0,0,6,3,0,0,0,0,0,1,1
167.33,4.0,2579,6,136.0,3.0,0,2295,1,1,3,2066,61,24,2.0,0.0,0,0,0,3,4,0,0,1,0,0,0,0
112.72,4.7,2186,3,368.0,9.0,2,3154,1,0,2,3566,503,42,1.0,20.0,1,0,1,2,9,0,0,0,0,0,0,0
136.12,3.9,579,3,434.0,14.0,0,490,1,0,3,405,26,12,3.0,0.0,0,0,1,8,2,0,0,0,1,0,0,0
248.88,4.6,1657,8,638.0,1.0,1,3245,1,0,3,3703,174,293,4.0,13.0,0,0,0,3,3,0,0,1,0,0,0,0
180.96,5.0,2923,4,285.0,30.0,1,1018,1,0,2,4017,438,99,1.0,11.0,0,1,1,7,2,0,0,0,1,0,0,1
159.61,5.0,3391,3,482.0,12.0,0,1522,0,0,3,421,38,9,2.0,20.0,0,0,1,0,1,0,0,0,0,0,0,0
131.06,3.978268041237113,0,6,557.0,50.0,1,762,1,0,1,1202,41,43,4.0,11.0,1,0,0,7,1,0,0,0,0,0,0,0
152.44,5.0,667,5,557.0,1.0,2,1715,1,1,4,3639,162,21,4.0,20.0,0,0,0,2,9,0,0,0,0,0,0,0
201.13,4.0,1807,5,645.0,28.0,2,1301,1,1,3,2112,256,45,3.0,24.0,0,0,1,9,2,0,0,1,0,0,0,0
227.18,3.3,1299,6,592.0,23.0,0,2091,0,1,4,4991,747,352,2.0,22.0,0,0,0,6,6,0,1,0,0,0,0,0
155.23,4.8,0,2,468.0,1.0,3,601,1,0,3,3561,330,103,0.0,0.0,0,1,0,2,4,1,0,1,0,0,0,1
271.31,4.4,0,3,575.0,13.0,1,2698,1,1,3,1932,141,45,1.0,11.0,0,0,0,8,3,0,0,0,0,1,0,1
8.56,2.9,1820,4,547.0,31.0,2,532,1,1,1,2144,208,163,2.0,8.0,0,0,0,9,3,1,0,1,0,0,0,1
151.04,3.9,5003,3,273.0,2.0,0,3076,1,1,1,4013,481,55,1.0,8.0,0,1,1,8,7,0,0,1,0,0,0,0
117.95,4.4,1845,4,594.0,17.0,0,1342,0,1,4,1004,103,66,2.0,11.0,1,0,0,3,0,0,0,0,1,0,0,0
157.38,3.3,2457,8,403.7255102040816,15.230456852791878,0,1750,0,1,6,1205,172,14,3.0,7.0,0,0,1,4,6,0,0,0,1,0,0,1
119.07,3.6,4738,2,836.0,1.0,0,2750,1,1,4,1627,87,91,1.0,14.0,0,0,0,0,4,0,0,0,0,0,0,0
191.7,4.5,1992,2,432.0,13.0,0,570,1,1,3,3813,238,245,2.0,24.0,1,1,0,3,8,1,0,0,0,0,1,1
234.12,4.3,4155,5,383.0,1.0,1,1257,1,1,1,1718,61,32,3.0,12.0,1,0,0,8,8,0,0,0,0,1,0,0
179.95,4.7,3364,4,622.0,7.0,0,1509,1,0,2,403,31,21,1.0,9.0,1,0,0,5,6,0,0,1,0,0,0,0
37.47,3.7,0,2,129.0,16.0,2,5,0,0,1,2831,213,140,1.0,8.0,1,0,0,1,4,0,0,1,0,0,0,1
149.92,4.0,2305,3,393.0,23.0,0,5,1,1,2,4355,351,48,2.0,13.0,0,0,0,4,7,1,0,1,0,0,0,1
157.88,4.3,2796,3,618.0,2.0,0,2134,1,0,4,901,47,18,3.0,12.0,1,0,0,8,4,0,0,0,0,0,0,0
110.03,3.4,1233,1,20.0,11.0,1,5,1,1,1,707,31,20,2.0,4.0,1,0,1,0,1,0,0,1,0,0,0,1
204.79,3.9,0,5,330.0,26.0,0,320,1,0,1,2406,108,38,1.0,21.0,1,1,0,8,9,0,0,0,1,0,0,0
238.69,5.0,1170,3,701.0,1.0,0,3010,1,1,2,2879,195,213,3.0,22.0,1,0,0,2,3,0,0,0,0,0,1,0
70.26,4.1,0,3,191.0,33.0,0,606,1,0,3,4622,653,131,1.0,9.0,0,0,0,5,3,0,0,0,1,0,0,1
102.25,3.5,482,1,158.0,15.0,1,499,0,0,4,1700,102,86,1.0,0.0,1,1,0,7,4,0,1,0,0,0,0,1
90.32,3.6,0,4,582.0,31.0,1,1397,1,0,5,4187,486,173,2.0,20.0,0,0,0,5,8,0,0,1,0,0,0,0
117.27,3.9,2098,4,522.0,15.0,0,1927,0,1,2,4822,265,313,2.0,13.0,0,0,0,1,4,0,0,0,0,0,1,0
177.41,3.7,553,4,20.0,6.0,1,2261,1,0,3,2859,95,58,4.0,0.0,1,0,1,3,5,1,0,1,0,0,0,1
78.0,3.9,0,2,135.0,27.0,0,5,1,0,2,3259,70,184,0.0,8.0,0,0,0,8,4,1,1,0,0,0,0,1
85.37,3.0,0,3,146.0,40.0,2,5,0,1,1,4929,209,327,1.0,0.0,1,0,0,0,4,1,0,1,0,0,0,1
103.9,3.9,0,3,167.0,24.0,1,2180,1,0,1,1657,23,110,0.0,1.0,1,0,0,3,7,0,0,0,0,0,0,1
252.83,4.6,2097,6,846.0,3.0,0,2568,1,1,5,1821,111,47,0.0,23.0,0,0,0,5,4,0,0,0,0,0,1,0
135.11,4.2,4429,4,435.0,16.0,0,958,0,1,4,1492,200,75,1.0,19.0,0,0,0,1,5,1,0,0,0,0,1,0
178.06,3.2,377,1,62.0,22.0,0,733,0,1,1,2327,275,48,0.0,11.988333333333333,0,0,0,4,3,0,0,1,0,0,0,1
5.0,3.3,0,2,199.0,35.0,4,5,0,0,1,813,15,36,0.0,0.0,0,0,0,5,1,0,0,1,0,0,0,1
160.48,3.6,817,2,313.0,22.0,1,1001,0,1,1,962,39,17,0.0,10.0,1,1,1,9,7,1,0,1,0,0,0,0
196.83,3.8,0,2,650.0,13.0,0,2874,1,1,4,592,70,43,0.0,13.0,0,0,0,6,5,1,0,0,1,0,0,1
194.37,2.7,601,4,387.0,13.0,1,293,1,1,4,3453,77,135,0.0,12.0,1,1,0,4,4,0,0,0,1,0,0,0
165.02,4.9,1805,6,493.0,11.0,0,1075,0,1,2,2230,287,43,2.0,11.988333333333333,1,0,0,4,9,0,0,1,0,0,0,0
154.79,4.3,994,3,413.0,16.0,1,1857,1,0,3,2483,221,70,4.0,11.0,0,0,0,9,7,0,0,1,0,0,0,0
88.54,4.1,1421,3,284.0,18.0,0,1666,1,0,2,1620,19,59,0.0,22.0,0,0,0,6,1,0,0,0,0,1,0,0
79.62,4.7,5044,2,403.7255102040816,28.0,0,2148,0,0,2,2398,332,105,2.0,0.0,0,1,0,4,0,0,0,0,1,0,0,1
201.93,4.6,6008,5,518.0,1.0,0,1305,0,1,3,4769,93,76,2.0,24.0,1,0,0,7,5,0,0,0,0,0,1,0
107.97,4.2,2116,4,507.0,11.0,0,1647,1,0,2,1530,219,107,4.0,1.0,0,0,1,6,0,0,0,0,0,1,0,1
86.9,3.7,0,2,337.0,3.0,0,647,1,0,1,1611,75,83,0.0,0.0,0,1,1,2,2,0,0,0,1,0,0,0
163.28,4.4,4198,3,133.0,26.0,0,2767,0,1,1,536,77,25,4.0,10.0,0,1,0,5,3,0,1,0,0,0,0,0
233.54,4.3,3914,5,863.0,2.0,2,3338,1,1,3,1635,64,52,2.0,24.0,0,0,0,4,6,1,0,0,0,0,0,0
193.31,4.7,2028,3,950.0,15.0,0,774,1,0,2,3071,324,204,0.0,26.0,0,0,0,5,2,0,1,0,0,0,0,0
130.67,4.1,0,2,502.0,46.0,2,5,1,1,1,4386,474,177,1.0,4.0,0,0,1,4,9,0,0,0,0,0,1,1
161.22,4.2,0,4,640.0,1.0,0,1327,1,0,2,1382,71,20,2.0,14.0,0,1,0,8,1,1,0,0,1,0,0,1
90.1,3.6,0,3,44.0,32.0,2,215,1,1,1,626,82,11,0.0,3.0,0,0,1,3,2,0,1,0,0,0,0,0
109.15,3.8,835,3,642.0,24.0,0,1553,1,1,4,1281,29,41,0.0,20.0,1,0,0,6,3,0,0,0,0,0,0,0
109.84,4.6,2885,5,468.0,23.0,1,920,0,1,2,2484,30,57,4.0,11.988333333333333,1,0,1,4,5,0,1,0,0,0,0,0
162.94,4.3,1991,5,716.0,3.0,1,677,1,0,3,196,16,5,3.0,11.0,1,0,0,5,3,0,0,0,0,1,0,1
117.54,4.3,3318,1,378.0,34.0,1,2560,1,1,3,2488,250,38,1.0,9.0,0,1,0,2,2,1,0,1,0,0,0,1
180.23,3.9,2110,2,150.0,14.0,1,372,1,1,4,2583,314,173,0.0,11.0,0,1,0,0,4,0,0,0,0,0,1,0
137.35,4.6,525,4,234.0,20.0,0,2148,1,1,2,2333,36,51,2.0,18.0,0,0,1,9,0,0,1,0,0,0,0,0
198.57,3.7,897,3,20.0,33.0,0,817,1,1,1,86,4,5,1.0,10.0,0,0,1,9,7,1,0,0,1,0,0,1
129.28,4.1,3036,6,198.0,7.0,0,2204,1,0,4,704,8,49,1.0,2.0,0,1,0,1,4,0,0,0,0,1,0,0
122.25,4.0,2993,1,128.0,35.0,0,1735,1,0,1,1733,90,123,2.0,5.0,0,1,0,3,6,0,0,0,0,1,0,1
36.56,3.3,1105,4,66.0,1.0,1,730,1,0,3,2753,105,200,3.0,13.0,0,0,0,6,8,1,0,0,0,0,1,0
139.74,3.5,613,5,584.0,1.0,1,2306,1,1,2,4249,223,223,1.0,20.0,1,0,1,5,8,0,0,0,1,0,0,0
23.83,3.6,1810,1,20.0,44.0,2,5,0,1,1,3589,49,44,1.6757142857142857,4.0,1,1,1,7,8,0,0,1,0,0,0,1
5.0,3.3,400,2,20.0,21.0,1,869,0,0,2,4392,48,76,0.0,10.0,0,1,0,8,3,0,0,0,1,0,0,0
186.0,3.6,2799,2,245.0,25.0,2,1245,1,0,2,4014,419,135,1.0,13.0,0,0,0,8,1,0,0,0,0,0,0,0
154.86,3.978268041237113,0,4,339.0,27.0,0,1239,1,1,2,601,72,40,2.0,0.0,1,0,0,0,5,0,0,0,0,1,0,0
207.23,5.0,3103,3,543.0,7.0,1,2249,0,1,3,857,37,30,3.0,20.0,0,0,0,7,3,0,0,0,1,0,0,0
133.52,4.1,3852,4,403.7255102040816,14.0,0,1763,1,0,5,1630,152,58,2.0,20.0,0,0,1,8,5,0,0,0,0,0,1,0
127.87,4.5,0,4,357.0,27.0,3,2010,1,0,2,3429,434,82,0.0,5.0,0,0,0,0,1,0,0,0,0,1,0,0
132.21,3.6,436,3,223.0,23.0,0,1690,1,1,5,1867,274,93,2.0,5.0,0,0,0,9,9,0,0,1,0,0,0,0
293.4,4.7,5496,3,743.0,4.0,0,2234,1,1,3,1691,52,10,1.0,19.0,1,0,0,5,4,0,0,0,0,1,0,0
73.99,3.7,2688,4,20.0,25.0,1,5,0,0,3,3109,431,161,1.0,16.0,1,1,1,6,9,0,0,1,0,0,0,0
188.5,4.0,735,5,428.0,17.0,1,1926,1,1,1,2527,207,166,0.0,7.0,0,0,0,2,7,0,1,0,0,0,0,0
145.9,3.1,987,4,273.0,30.0,2,1468,1,0,3,4304,497,50,0.0,1.0,0,0,0,9,8,1,0,0,1,0,0,0
5.0,4.1,0,2,39.0,31.0,1,5,0,1,1,2221,277,146,0.0,15.0,0,1,0,9,4,0,0,0,0,0,0,1
296.05,4.6,4040,3,502.0,23.0,0,3429,1,1,4,953,49,48,1.0,20.0,0,0,0,2,0,0,0,0,1,0,0,0
160.16,3.8,0,6,573.0,14.0,0,1719,1,1,3,2033,234,159,0.0,9.0,0,0,0,8,3,0,0,1,0,0,0,0
108.2,3.978268041237113,0,1,373.0,14.0,1,253,0,0,2,2269,294,23,2.0,0.0,0,1,0,7,9,0,0,1,0,0,0,0
168.03,4.0,1462,2,508.0,19.0,0,2719,1,0,3,3277,338,39,4.0,2.0,0,0,0,5,0,1,0,0,0,0,1,1
234.39,3.7,5673,4,685.0,1.0,0,3871,1,1,2,2882,388,198,4.0,11.988333333333333,0,0,0,2,4,1,0,1,0,0,0,1
8.12,4.0,3391,2,400.0,37.0,0,20,1,1,4,1914,48,21,1.0,1.0,0,0,0,1,3,0,0,0,0,0,1,1
238.88,4.6,1605,7,316.0,13.0,0,1239,1,0,1,1314,137,89,0.0,19.0,0,0,0,1,7,0,0,0,0,1,0,0
67.68,3.7,1514,3,393.0,7.0,2,912,1,0,2,2765,388,39,0.0,7.0,1,0,0,8,8,0,0,1,0,0,0,0
203.97,4.0,240,5,119.0,28.0,0,1045,1,1,3,1159,23,44,0.0,7.0,0,1,1,0,4,0,0,0,0,0,0,1
145.7,4.6,1455,3,399.0,16.0,2,2622,0,1,3,2805,133,49,0.0,0.0,0,0,1,8,7,0,0,1,0,0,0,0
191.9,4.4,3680,1,20.0,39.0,3,5,1,0,1,1620,126,111,2.0,0.0,0,0,0,2,3,1,0,1,0,0,0,1
223.59,4.0,1136,2,20.0,15.0,1,5,0,0,1,1259,180,38,3.0,6.0,0,0,0,6,9,0,1,0,0,0,0,0
193.92,3.8,1436,3,355.0,15.0,0,2358,1,1,2,4622,339,169,3.0,12.0,0,0,0,9,3,0,0,0,0,0,1,1
146.91,3.9,0,1,20.0,30.0,3,932,1,1,3,237,34,17,2.0,0.0,0,0,0,9,9,1,1,0,0,0,0,1
121.36,4.3,2338,4,587.0,17.0,1,3711,1,1,2,1127,43,75,3.0,6.0,0,1,0,9,0,0,0,0,1,0,0,0
233.56,3.8,2239,5,340.0,1.0,0,244,1,1,3,4803,66,230,2.0,11.988333333333333,0,0,0,4,0,0,1,0,0,0,0,1
54.12,3.9,1039,3,413.0,28.0,0,961,1,1,3,1041,18,58,3.0,25.0,1,0,1,4,2,1,0,0,1,0,0,1
71.45,3.7,0,6,320.0,21.0,1,1220,0,0,1,3237,225,46,0.0,3.0,0,1,1,3,1,1,0,1,0,0,0,1
167.7,3.6,0,5,466.0,24.0,1,1640,0,1,1,775,22,12,0.0,16.0,1,0,0,1,5,0,1,0,0,0,0,0
257.97,4.1,2076,3,367.0,13.0,0,2007,1,0,1,4095,456,40,4.0,7.0,0,0,0,1,3,1,1,0,0,0,0,1
5.0,3.2,561,2,20.0,41.0,2,208,1,0,1,1894,266,97,0.0,5.0,1,0,0,3,9,0,0,0,0,0,0,0
275.78,3.6,827,5,853.0,1.0,0,3239,0,1,2,2837,364,202,0.0,25.0,0,1,0,5,9,1,0,0,0,1,0,1
189.05,4.1,762,3,559.0,1.0,0,2639,1,1,2,2569,182,86,5.0,7.0,0,0,0,6,3,0,0,0,0,1,0,0
140.73,3.1,2425,6,218.0,11.0,0,3092,1,0,4,2464,38,151,1.0,7.0,1,1,0,3,3,0,0,1,0,0,0,0
178.54,3.9,0,1,264.0,36.0,1,487,1,0,3,1667,20,39,2.0,9.0,0,1,0,9,7,1,0,0,0,1,0,1
143.1,4.0,1990,3,100.0,12.0,3,1551,1,0,5,820,31,32,0.0,0.0,1,0,1,7,9,0,0,0,0,0,1,0
94.84,3.7,0,1,236.0,27.0,0,5,0,1,1,1024,70,55,0.0,2.0,0,0,0,7,0,1,0,0,0,1,0,1
115.57,3.5,1452,3,20.0,13.0,0,1516,1,1,2,4375,144,195,3.0,7.0,0,0,0,8,5,0,0,1,0,0,0,0
209.64,3.9,2533,2,374.0,1.0,2,1323,1,0,2,3727,406,155,0.0,9.0,0,0,0,2,9,0,0,0,0,0,0,0
196.57,4.0,383,3,582.0,16.0,1,628,1,1,3,2720,170,137,4.0,8.0,1,0,0,7,8,0,0,0,1,0,0,1
156.33,3.7,2309,5,531.0,10.0,0,1045,1,1,4,4986,490,124,3.0,17.0,0,0,0,8,2,0,0,0,1,0,0,0
31.68,3.3,168,3,597.0,27.0,1,2565,1,0,3,2935,40,185,2.0,2.0,0,0,0,1,0,0,0,0,0,1,0,1
202.8,3.8,0,2,153.0,5.0,2,2156,0,0,3,860,100,27,0.0,0.0,0,0,1,6,1,1,0,0,1,0,0,1
36.75,3.978268041237113,2462,1,120.0,35.0,1,2044,1,0,1,3998,419,271,3.0,25.0,1,0,0,9,4,0,0,1,0,0,0,1
91.05,4.8,1311,6,852.0,17.0,0,446,1,1,1,2683,395,178,1.0,14.0,0,0,0,6,7,0,0,0,1,0,0,0
120.48,4.3,0,3,596.0,12.0,2,2253,1,0,3,4130,580,126,0.0,4.0,0,0,0,5,8,1,1,0,0,0,0,1
169.97,3.9,2362,3,445.0,7.0,0,3488,1,1,5,330,11,4,1.0,12.0,0,0,0,3,1,0,0,0,0,1,0,0
25.3,3.7,0,3,20.0,5.0,2,5,1,1,1,132,11,9,0.0,9.0,0,0,0,6,7,0,0,0,0,0,0,1
190.74,3.6,1049,5,341.0,1.0,2,1749,0,0,1,1339,117,76,1.0,14.0,1,0,0,9,3,0,0,0,0,0,1,1
146.03,4.6,362,2,422.0,16.0,2,403,0,0,1,4629,482,259,0.0,16.0,0,1,0,0,9,0,0,0,0,1,0,0
363.98,4.0,3208,5,640.0,1.0,0,2214,1,0,3,2396,238,84,4.0,22.0,1,0,0,5,3,0,0,0,1,0,0,0
81.47,3.8,0,3,464.0,25.0,0,1707,1,1,1,3430,137,185,1.0,0.0,0,0,0,9,4,0,1,0,0,0,0,1
165.04,2.7,0,2,403.7255102040816,20.0,2,1684,0,1,1,2333,211,41,0.0,6.0,1,0,0,3,4,0,0,0,0,1,0,0
170.69,4.6,1875,6,620.0,24.0,0,2296,1,1,3,1580,75,51,4.0,18.0,0,0,0,6,6,0,0,1,0,0,0,0
194.03,4.4,2288,4,549.0,4.0,0,2923,1,1,4,3866,465,84,3.0,13.0,1,0,0,1,5,0,0,0,0,0,0,0
179.1,3.978268041237113,1020,3,59.0,15.230456852791878,0,1761,1,1,3,1128,40,25,1.6757142857142857,14.0,0,0,0,3,5,1,0,1,0,0,0,1
31.3,2.6,938,1,216.0,33.0,1,5,1,1,1,3669,91,21,3.0,7.0,0,0,1,2,6,0,0,0,0,1,0,0
325.15,5.0,4959,6,296.0,3.0,0,3130,1,1,4,1434,160,77,2.0,11.0,0,0,0,8,4,0,0,0,0,0,1,0
223.11,4.0,2242,4,287.0,12.0,0,2075,0,1,4,2645,349,172,5.0,20.0,0,0,0,4,3,0,0,1,0,0,0,1
89.3,2.5,0,2,531.0,46.0,3,5,1,0,4,2576,184,63,0.0,14.0,0,0,1,9,4,0,0,0,1,0,0,1
287.24,4.3,449,7,756.0,9.0,0,1490,1,1,3,1123,20,33,2.0,28.0,0,0,0,6,0,0,0,0,0,0,1,0
68.37,3.6,3446,3,749.0,14.0,1,1804,1,1,2,1234,80,82,0.0,1.0,0,0,0,3,7,1,0,0,0,0,0,1
168.23,4.1,14,3,403.7255102040816,9.0,0,2989,1,0,1,3526,92,181,2.0,17.0,0,0,0,5,4,0,0,0,0,1,0,1
54.05,3.4,0,1,200.0,12.0,3,5,1,0,1,4662,411,67,0.0,5.0,0,0,0,1,9,0,0,0,1,0,0,1
137.66,4.5,0,7,465.0,15.230456852791878,0,2060,1,1,4,2308,47,35,4.0,15.0,0,0,0,0,7,0,1,0,0,0,0,0
140.64,3.3,4830,3,510.0,15.0,0,1031,1,1,1,1989,34,70,3.0,13.0,1,0,0,7,7,0,0,1,0,0,0,1
75.36,4.6,1337,6,20.0,21.0,2,2207,1,1,3,1941,118,36,3.0,10.0,0,0,0,3,1,0,0,0,0,1,0,0
137.2,3.5,1560,5,296.0,33.0,0,1373,1,0,4,4428,207,352,4.0,5.0,0,0,0,6,3,0,0,0,0,1,0,0
7.34,3.978268041237113,0,5,402.0,9.0,2,649,0,1,4,4190,164,298,3.0,6.0,1,0,0,7,8,0,1,0,0,0,0,0
71.58,3.7,2672,3,153.0,31.0,1,1624,1,1,2,2623,228,83,1.0,9.0,1,1,0,0,9,0,0,0,1,0,0,0
170.44,4.1,272,5,348.0,23.0,0,790,0,1,2,3728,182,272,0.0,0.0,0,0,0,0,2,0,1,0,0,0,0,0
50.24,4.5,966,1,45.0,13.0,2,1381,0,1,4,3169,297,111,4.0,19.0,0,0,0,8,4,1,0,0,0,0,1,1
82.63,3.9,1709,6,263.0,5.0,2,1593,0,1,2,4418,274,342,0.0,16.0,1,1,0,3,3,0,0,0,0,0,1,0
157.07,3.1,1380,1,99.0,21.0,0,1852,0,0,2,2643,82,142,1.0,0.0,0,0,0,9,0,1,0,0,0,0,1,1
348.58,3.9,3208,7,368.0,1.0,0,1556,1,1,5,1192,111,61,3.0,9.0,0,0,0,1,5,0,0,1,0,0,0,0
180.35,4.2,1629,9,283.0,6.0,0,4000,1,1,3,556,37,39,2.0,29.0,0,0,0,5,3,0,0,0,1,0,0,0
95.54,4.8,363,1,323.0,14.0,2,5,1,0,1,4899,604,205,0.0,0.0,1,0,0,5,4,0,0,0,0,1,0,0
164.89,4.0,2207,2,706.0,8.0,1,5,1,0,1,279,26,15,4.0,2.0,0,0,0,7,3,0,0,0,1,0,0,1
235.03,4.0,3812,1,648.0,18.0,0,743,1,0,1,2853,215,65,0.0,24.0,0,0,0,8,2,0,0,0,0,0,0,0
167.25,4.7,2271,8,230.0,16.0,3,1473,1,0,5,1039,150,80,2.0,18.0,0,0,0,1,7,0,0,0,0,1,0,0
189.64,4.4,1227,1,428.0,14.0,2,2076,0,1,5,2077,229,33,1.6757142857142857,26.0,0,0,0,1,6,0,0,0,0,0,1,0
5.0,4.3,2123,2,706.0,24.0,1,876,1,0,2,896,54,11,2.0,5.0,1,0,0,4,3,0,0,0,0,0,1,1
137.29,4.3,290,3,391.0,1.0,1,583,1,1,4,2885,239,191,0.0,27.0,0,0,1,1,4,0,0,0,0,1,0,1
120.67,4.1,5031,3,684.0,5.0,0,2851,1,1,3,2423,134,166,3.0,9.0,1,0,0,2,7,0,0,0,0,1,0,1
202.29,3.8,1263,6,702.0,32.0,3,2117,1,0,1,1348,44,68,0.0,4.0,0,1,0,5,1,0,0,1,0,0,0,0
313.43,5.0,4426,8,732.0,1.0,0,3514,1,1,5,2699,230,18,5.0,30.0,1,0,0,6,4,0,0,0,0,1,0,0
167.28,4.7,4467,5,511.0,20.0,1,1217,0,1,5,3413,487,103,2.0,15.0,0,1,0,2,4,0,0,0,1,0,0,0
216.84,4.5,3431,4,648.0,15.230456852791878,0,1245,1,1,4,3291,310,42,2.0,5.0,1,0,0,0,1,0,0,0,0,1,0,0
5.0,3.5,0,3,331.0,27.0,2,1698,0,1,3,2116,208,146,4.0,1.0,0,1,0,9,9,0,1,0,0,0,0,0
78.85,4.4,3061,4,318.0,5.0,0,1283,0,0,4,2682,235,109,2.0,22.0,0,1,1,6,6,1,0,0,0,1,0,1
109.91,3.7,6798,1,364.0,19.0,0,287,1,0,2,2463,37,38,3.0,26.0,1,0,0,8,3,0,0,0,1,0,0,1
301.1,4.2,938,3,60.0,7.0,0,867,1,1,4,4047,310,282,3.0,19.0,0,0,1,8,7,0,0,0,0,0,0,0
161.06,2.5,2443,7,155.0,18.0,3,5,0,0,2,2502,120,28,0.0,21.0,1,1,0,2,9,0,0,0,0,1,0,0
160.32,2.6,2823,1,309.0,31.0,3,5,0,1,2,4279,409,263,5.0,6.0,1,0,0,7,5,0,0,0,0,0,1,1
12.6,3.3,123,1,358.0,22.0,2,203,1,1,2,3120,307,63,0.0,11.988333333333333,0,0,0,1,4,0,0,0,0,0,0,1
15.94,3.8,1400,6,186.0,15.0,1,5,1,1,3,4809,466,334,1.0,10.0,1,0,0,5,4,1,0,0,0,0,0,1
166.83,4.3,1698,3,202.0,15.0,0,5,0,0,2,140,3,5,2.0,8.0,0,0,0,2,1,0,0,0,0,0,0,0
223.69,4.4,2519,2,628.0,12.0,0,3242,1,1,2,2830,311,45,3.0,29.0,1,0,0,3,6,0,1,0,0,0,0,0
98.14,3.3,732,5,304.0,34.0,1,532,1,1,2,604,45,41,0.0,8.0,0,1,0,7,2,1,0,1,0,0,0,1
220.42,3.7,774,5,610.0,13.0,0,246,0,0,3,2672,208,149,0.0,0.0,1,0,0,8,4,0,0,0,0,0,0,0
271.95,3.978268041237113,1825,4,270.0,1.0,0,1872,1,1,2,4903,527,117,0.0,34.0,1,0,0,7,6,0,1,0,0,0,0,1
70.06,4.6,925,8,614.0,1.0,1,2863,0,1,5,269,14,16,3.0,11.988333333333333,1,0,0,7,3,0,0,0,1,0,0,0
5.0,3.8,2039,1,304.0,14.0,0,3011,1,0,2,1232,105,53,1.0,0.0,1,0,1,5,0,0,0,0,0,0,1,1
116.43,3.7,2103,1,214.0,47.0,3,343,1,1,1,3071,341,217,3.0,0.0,1,0,0,7,5,0,1,0,0,0,0,0
83.18,4.7,3430,4,683.0,8.0,0,1295,1,0,5,4321,562,281,4.0,18.0,0,0,0,8,8,0,0,0,1,0,0,0
92.86,4.6,3945,1,539.0,30.0,1,1545,1,1,2,4146,183,243,0.0,10.0,0,1,0,4,4,0,0,0,1,0,0,1
234.38,4.9,2829,5,793.0,17.0,0,2216,1,1,2,2443,317,131,2.0,32.0,0,0,0,9,6,0,1,0,0,0,0,0
194.71,3.6,1132,4,247.0,20.0,0,208,0,0,3,368,21,20,4.0,0.0,1,0,0,7,3,0,0,0,0,0,1,0
91.1,4.1,3585,1,454.0,23.0,2,1014,1,1,2,935,29,37,0.0,16.0,1,1,0,8,9,0,0,1,0,0,0,1
117.99,5.0,387,5,350.0,15.0,0,1064,1,0,3,3329,108,65,0.0,12.0,0,0,0,9,1,1,1,0,0,0,0,1
206.26,4.1,4284,4,674.0,9.0,2,434,1,1,3,4427,82,128,2.0,12.0,0,0,0,7,1,0,0,0,0,1,0,0
192.68,4.3,2736,3,510.0,9.0,0,1505,1,0,5,574,58,6,0.0,10.0,0,0,0,4,2,0,1,0,0,0,0,1
185.57,4.6,2620,4,935.0,8.0,0,1192,1,1,2,4563,607,191,2.0,14.0,0,0,0,9,8,0,1,0,0,0,0,1
106.1,3.978268041237113,4161,7,484.0,20.0,0,3117,1,1,3,1079,68,58,1.0,10.0,1,1,0,8,8,0,0,0,1,0,0,0
166.31,4.2,284,1,474.0,24.0,0,1726,1,0,2,1037,122,32,1.0,0.0,0,0,0,8,0,1,0,0,0,0,1,1
227.58,4.7,630,8,435.0,9.0,1,1248,1,1,4,898,103,6,2.0,25.0,1,0,0,4,5,0,0,1,0,0,0,0
219.61,4.7,4206,7,582.0,9.0,1,3451,1,1,6,4469,267,248,3.0,26.0,0,0,0,0,9,0,0,0,1,0,0,0
168.41,4.2,1736,4,498.0,4.0,1,744,1,0,3,3518,427,20,3.0,7.0,0,0,0,3,8,0,0,0,0,0,0,1
83.24,3.978268041237113,3820,2,426.0,18.0,1,1888,1,1,4,272,15,1,1.0,22.0,0,0,0,9,2,0,1,0,0,0,0,0
21.72,3.4,0,4,211.0,19.0,1,5,0,1,1,542,32,34,1.0,9.0,0,1,0,9,9,1,0,0,0,0,1,1
169.6,4.1,3650,2,396.0,16.0,2,1720,1,0,2,584,19,15,2.0,20.0,0,0,0,7,5,0,0,0,0,0,1,0
64.13,3.6,1192,3,20.0,27.0,0,5,1,1,1,1036,62,62,1.0,21.0,1,0,0,7,8,1,0,1,0,0,0,1
228.94,4.6,2196,4,544.0,12.0,2,2375,1,1,2,1999,29,137,1.0,10.0,0,0,0,0,2,0,1,0,0,0,0,0
237.06,5.0,3447,6,712.0,4.0,0,3065,1,1,1,1425,207,37,5.0,11.988333333333333,1,0,0,0,7,0,0,0,0,1,0,0
92.92,4.9,677,3,272.0,10.0,1,2441,0,1,2,3286,179,29,1.0,8.0,0,0,0,4,4,1,0,0,1,0,0,1
274.66,4.2,3887,3,638.0,1.0,1,2138,1,0,6,4300,453,90,2.0,14.0,0,0,0,6,0,0,0,0,0,0,0,1
204.63,4.1,738,2,154.0,7.0,0,259,1,1,1,3362,126,246,1.0,0.0,0,0,1,3,3,1,0,0,1,0,0,1
249.26,5.0,1784,5,401.0,1.0,0,3968,1,1,4,4239,161,109,3.0,30.0,1,0,0,5,9,0,0,0,1,0,0,0
246.5,3.5,738,4,321.0,4.0,2,3381,1,1,3,4533,657,108,3.0,13.0,0,0,0,7,6,0,0,1,0,0,0,0
294.98,5.0,1302,4,697.0,1.0,1,2868,1,0,4,4397,537,116,1.6757142857142857,21.0,0,0,0,2,2,0,0,1,0,0,0,1
204.69,3.8,1838,2,534.0,30.0,1,3111,1,1,2,1921,217,102,1.6757142857142857,19.0,0,0,1,5,7,0,0,1,0,0,0,0
5.0,3.8,3661,5,487.0,18.0,2,726,1,0,3,3265,468,70,1.0,2.0,0,0,1,4,5,0,0,0,1,0,0,0
93.04,3.9,638,4,558.0,25.0,1,1531,1,1,3,4171,352,31,1.0,6.0,0,0,0,8,4,0,1,0,0,0,0,0
118.02,4.3,0,5,587.0,32.0,2,5,0,1,1,613,55,37,3.0,19.0,1,1,0,6,4,1,0,0,1,0,0,1
35.85,4.3,2403,4,659.0,1.0,0,383,0,1,4,2167,167,64,1.0,10.0,1,0,1,8,2,0,0,0,0,0,0,0
422.27,5.0,2866,3,403.7255102040816,23.0,0,1738,1,1,4,2871,71,217,4.0,20.0,0,0,0,8,1,0,0,0,0,1,0,0
107.54,3.8,276,3,568.0,16.0,0,1929,1,1,3,2294,120,163,1.0,32.0,0,0,0,6,2,0,0,0,1,0,0,0
214.29,4.3,2823,3,313.0,2.0,0,3391,1,1,1,3032,353,15,3.0,10.0,0,1,0,3,1,0,0,0,1,0,0,1
166.03,3.9,501,4,657.0,11.0,1,2819,1,1,4,3064,429,219,4.0,15.0,0,0,0,2,1,1,1,0,0,0,0,1
148.19,4.3,2835,2,561.0,2.0,0,2281,1,0,3,1635,241,47,4.0,0.0,0,0,0,6,7,0,0,0,0,1,0,1
56.17,3.978268041237113,1425,3,110.0,22.0,0,1115,1,1,4,511,64,8,2.0,19.0,0,0,0,9,9,0,0,0,0,1,0,0
104.01,4.1,1794,4,209.0,16.0,3,1741,0,1,1,2572,58,159,0.0,12.0,0,0,0,4,4,1,1,0,0,0,0,1
94.7,3.8,559,3,20.0,1.0,2,432,1,1,4,2579,357,81,3.0,12.0,0,0,0,1,8,0,1,0,0,0,0,0
193.28,3.1,1024,1,484.0,9.0,2,1663,0,1,5,2578,179,53,0.0,28.0,0,0,0,3,3,1,0,0,0,0,0,1
5.0,3.4,0,4,67.0,36.0,2,221,0,0,2,3145,344,42,0.0,11.0,1,1,1,8,6,1,1,0,0,0,0,1
216.1,4.7,4550,8,802.0,1.0,0,1343,0,1,3,2794,304,138,3.0,24.0,0,0,0,3,3,0,1,0,0,0,0,0
152.84,4.0,1355,1,604.0,10.0,0,1510,1,1,3,160,21,4,1.0,24.0,0,0,1,6,0,0,0,0,0,0,1,0
158.18,3.3,5046,3,407.0,19.0,0,1351,1,1,4,874,110,30,4.0,22.0,0,1,0,9,5,0,0,0,1,0,0,0
243.37,3.9,1700,3,302.0,1.0,0,3169,1,1,3,3948,413,267,3.0,4.0,0,1,0,2,1,0,0,0,0,1,0,0
93.12,3.4,0,6,655.0,4.0,0,2531,1,0,2,1068,29,22,2.0,18.0,0,0,0,5,9,0,0,0,0,0,1,0
99.29,3.4,4830,1,289.0,13.0,0,1565,1,1,3,4488,572,228,2.0,17.0,1,0,0,9,2,0,0,0,0,0,0,0
324.82,4.7,4936,5,337.0,2.0,2,2512,1,0,6,2594,68,190,3.0,23.0,1,0,1,1,2,1,1,0,0,0,0,0
94.47,4.0,2933,2,173.0,1.0,0,1500,1,0,5,3292,482,113,1.0,10.0,0,0,0,7,8,0,0,1,0,0,0,0
98.73,4.5,6012,5,541.0,6.0,0,2255,1,1,4,1578,170,42,1.0,20.0,0,0,0,3,0,0,0,1,0,0,0,0
119.91,4.3,6272,4,451.0,3.0,1,1477,0,1,3,2275,26,81,1.0,20.0,1,0,0,5,7,0,0,0,0,1,0,0
154.41,4.7,0,6,799.0,7.0,1,2173,0,0,4,3758,376,33,5.0,14.0,1,0,0,7,8,0,0,0,1,0,0,0
159.44,3.5,0,1,379.0,19.0,1,578,1,0,1,2549,92,64,2.0,3.0,0,0,1,9,4,0,0,0,0,0,0,1
77.45,3.5,0,1,82.0,21.0,3,5,1,1,1,664,36,46,0.0,5.0,0,1,1,8,4,1,0,0,0,0,0,1
47.54,3.3,1745,1,639.0,8.0,2,2066,1,1,2,2304,321,60,1.0,8.0,1,1,0,3,3,0,0,0,0,0,1,0
179.85,4.3,2093,6,401.0,18.0,0,2599,1,0,3,2613,295,104,0.0,15.0,1,0,0,6,8,1,1,0,0,0,0,1
165.4,4.0,0,1,678.0,6.0,0,5,1,0,2,2578,27,140,2.0,0.0,1,0,0,4,3,0,0,0,0,1,0,0
66.78,2.7,0,3,20.0,18.0,0,2475,0,1,3,1621,81,81,2.0,20.0,0,0,0,6,0,0,0,0,0,1,0,0
97.74,4.6,2068,5,385.0,29.0,0,2532,1,1,3,3061,343,17,0.0,8.0,0,0,1,6,6,0,1,0,0,0,0,1
246.44,3.5,0,5,330.0,14.0,2,5,0,1,1,599,63,32,0.0,5.0,0,0,0,9,4,0,0,0,0,0,0,0
215.66,4.1,0,3,248.0,19.0,0,5,0,1,2,907,70,69,0.0,11.988333333333333,0,0,0,2,7,0,0,0,0,0,1,0
135.94,2.8,3520,2,560.0,8.0,1,742,1,1,2,3480,126,268,1.0,11.988333333333333,0,0,0,6,1,0,0,0,1,0,0,0
188.8,4.0,1368,1,419.0,21.0,0,2753,1,0,1,1367,194,48,1.0,14.0,1,0,1,1,3,0,1,0,0,0,0,1
63.01,3.0,0,1,111.0,16.0,2,5,1,0,2,1352,153,102,4.0,21.0,0,0,0,3,1,0,1,0,0,0,0,1
200.79,3.7,2823,4,381.0,7.0,1,1842,1,1,1,2478,208,29,0.0,20.0,1,0,0,1,9,0,0,1,0,0,0,0
258.57,4.3,0,1,185.0,1.0,2,140,1,1,1,4294,264,25,0.0,17.0,0,0,0,7,7,0,0,1,0,0,0,0
106.39,3.9,3488,2,400.0,25.0,0,443,0,1,2,3586,282,41,0.0,5.0,1,1,1,9,7,0,0,0,0,0,0,1
334.18,4.4,4225,9,432.0,1.0,0,1318,1,0,2,831,71,7,4.0,31.0,0,0,0,9,1,0,0,1,0,0,0,0
195.89,5.0,3494,5,732.0,22.0,0,1745,1,1,5,3780,531,240,3.0,13.0,0,0,0,8,4,0,0,0,0,0,0,0
191.68,3.978268041237113,1726,3,265.0,12.0,2,2088,1,1,2,2660,183,153,0.0,6.0,1,0,0,1,5,1,0,0,0,0,0,1
107.61,4.4,1295,4,620.0,4.0,1,2679,1,0,5,1708,52,80,0.0,10.0,0,0,0,4,2,0,0,0,0,1,0,0
36.94,3.2,0,2,20.0,22.0,0,1144,1,1,1,1019,69,8,2.0,1.0,1,0,0,5,2,1,0,0,1,0,0,1
135.21,4.5,2380,5,392.0,1.0,1,1285,0,1,3,1500,73,35,0.0,16.0,0,0,0,6,2,0,0,1,0,0,0,1
111.64,3.9,2077,6,592.0,17.0,0,885,1,1,3,249,19,7,2.0,23.0,0,0,0,3,2,0,0,0,1,0,0,0
126.34,3.6,4809,3,218.0,21.0,0,88,1,1,2,1263,160,30,0.0,14.0,1,0,0,0,7,0,0,1,0,0,0,1
207.72,4.8,0,5,654.0,15.230456852791878,0,3268,1,0,2,276,33,21,1.0,19.0,0,0,0,6,1,0,0,0,1,0,0,1
14.47,2.9,0,1,277.0,11.0,0,1518,1,1,1,664,32,7,2.0,6.0,1,0,0,5,3,1,0,1,0,0,0,1
214.17,4.0,4520,7,381.0,8.0,0,268,1,1,5,3163,416,204,0.0,23.0,0,0,0,4,0,0,0,0,0,0,0,0
73.18,2.8,0,4,472.0,14.0,0,1261,1,1,2,1398,112,68,2.0,6.0,0,0,0,9,7,0,0,0,0,0,1,1
76.86,3.7,1897,5,502.0,5.0,1,2632,0,1,2,1769,225,75,3.0,12.0,0,0,0,5,1,0,0,0,1,0,0,0
97.81,5.0,1424,4,664.0,5.0,0,3360,1,1,5,3868,81,150,5.0,0.0,1,0,0,2,2,1,0,0,1,0,0,1
145.66,3.9,3718,1,529.0,11.0,0,2791,1,1,2,2863,62,99,2.0,24.0,0,1,1,9,0,0,1,0,0,0,0,0
91.86,4.5,0,2,96.0,23.0,1,431,0,1,2,675,39,31,0.0,1.0,1,0,0,1,0,0,0,0,1,0,0,1
200.93,4.4,1196,6,361.0,15.230456852791878,1,1124,1,0,1,2782,124,44,2.0,4.0,0,0,0,0,0,0,0,0,1,0,0,0
252.1,4.4,4513,2,535.0,4.0,0,3378,1,0,3,4523,375,222,4.0,30.0,0,0,0,7,8,0,1,0,0,0,0,1
61.73,3.6,0,3,564.0,16.0,1,903,0,1,4,121,11,2,3.0,10.0,0,0,0,3,4,1,0,0,1,0,0,1
158.02,4.1,2406,6,320.0,25.0,0,1118,1,1,2,584,6,19,4.0,11.988333333333333,0,0,1,6,5,0,0,1,0,0,0,0
84.7,3.0,0,1,63.0,27.0,3,1567,0,0,1,1675,45,42,0.0,0.0,0,0,0,8,1,1,0,0,0,1,0,1
129.81,4.7,3439,4,414.0,2.0,0,3054,1,1,3,4247,363,104,2.0,14.0,0,0,0,3,4,0,0,1,0,0,0,0
72.37,4.1,788,1,636.0,3.0,1,608,1,1,3,2603,148,75,0.0,29.0,0,0,0,2,1,0,0,0,0,1,0,0
132.49,4.1,4234,4,539.0,24.0,0,2617,0,0,4,4178,528,313,1.6757142857142857,22.0,0,0,0,5,6,0,1,0,0,0,0,0
287.31,4.5,3991,7,731.0,1.0,1,3071,0,1,3,614,38,29,3.0,10.0,0,0,0,1,9,0,0,0,0,0,0,0
164.11,4.1,1052,4,284.0,25.0,0,1579,0,1,1,3326,194,239,3.0,0.0,0,0,0,6,8,0,0,1,0,0,0,0
5.0,3.978268041237113,3336,7,556.0,16.0,0,675,1,0,1,2849,122,101,2.0,8.0,1,0,0,3,2,0,0,0,0,0,0,0
99.04,3.6,0,2,720.0,21.0,0,2220,1,1,3,4214,117,196,4.0,9.0,1,0,0,5,8,0,0,1,0,0,0,1
200.94,4.1,0,5,537.0,5.0,0,43,1,1,2,4995,201,193,1.0,9.0,1,0,0,1,1,0,1,0,0,0,0,1
186.83,4.6,3661,3,282.0,12.0,0,2175,1,1,1,4538,122,132,3.0,14.0,0,0,0,5,9,0,0,0,1,0,0,0
149.8,4.3,1039,1,273.0,1.0,0,300,1,1,1,4852,355,279,3.0,13.0,0,0,0,2,8,1,0,0,1,0,0,1
178.86,4.7,0,4,916.0,15.0,1,1006,0,1,4,4221,156,309,1.0,0.0,0,0,0,9,6,1,0,0,0,0,1,0
254.15,4.3,0,6,549.0,11.0,2,1923,0,1,3,4531,558,117,4.0,10.0,0,0,0,6,4,0,0,0,1,0,0,0
187.68,4.8,1512,5,221.0,19.0,1,2541,0,1,4,2924,309,203,1.0,14.0,0,0,0,7,0,1,0,0,1,0,0,1
73.22,4.5,1561,3,493.0,4.0,0,1211,1,1,5,2900,35,44,2.0,8.0,0,0,1,9,1,0,0,0,0,1,0,0
66.1,4.0,864,3,195.0,31.0,1,5,1,1,1,199,7,12,1.0,5.0,0,0,1,3,7,0,0,0,1,0,0,1
5.0,3.2,0,6,190.0,16.0,1,5,0,1,5,2957,63,25,0.0,5.0,0,0,1,9,5,0,0,0,1,0,0,0
165.36,3.3,0,5,867.0,1.0,0,1757,1,1,1,391,35,15,3.0,28.0,0,0,0,0,6,0,0,0,0,0,1,0
17.87,3.2,0,1,98.0,27.0,4,323,0,1,3,838,97,5,0.0,0.0,0,0,0,6,7,0,0,0,1,0,0,1
66.29,4.2,3445,3,108.0,40.0,0,2671,1,0,2,4776,380,217,0.0,20.0,0,0,0,7,9,0,0,0,1,0,0,1
262.92,3.2,0,5,472.0,15.230456852791878,0,1228,1,0,5,252,20,16,1.0,0.0,0,0,0,9,2,0,1,0,0,0,0,0
5.0,2.1,0,2,104.0,35.0,0,512,1,0,1,1923,197,94,1.0,11.988333333333333,1,0,0,3,0,1,0,1,0,0,0,1
187.46,3.9,1923,6,519.0,7.0,0,3215,1,0,5,299,39,10,1.0,21.0,0,0,0,0,1,0,0,0,0,0,1,0
117.75,4.0,705,3,20.0,16.0,1,251,1,0,2,2389,93,65,0.0,6.0,0,0,0,5,7,0,0,1,0,0,0,0
314.37,4.1,202,5,468.0,1.0,0,1593,1,1,5,1193,17,64,2.0,12.0,1,0,0,3,4,0,0,0,0,0,1,1
5.0,4.6,1578,2,436.0,10.0,2,235,0,1,5,4729,300,117,4.0,11.988333333333333,0,0,0,7,7,0,0,0,0,0,0,0
141.05,4.4,5115,5,811.0,23.0,0,3003,1,1,4,1552,132,10,3.0,33.0,0,0,0,7,2,0,1,0,0,0,0,0
88.11,3.7,1419,1,535.0,1.0,2,5,1,1,2,2569,236,118,0.0,2.0,1,0,1,8,2,1,0,0,0,1,0,1
107.95,3.9,1620,3,505.0,23.0,1,1590,1,1,2,3437,269,165,2.0,3.0,0,0,0,9,4,0,0,0,1,0,0,0
195.66,3.6,2890,6,174.0,23.0,0,1459,0,0,2,1433,76,72,1.0,12.0,0,0,0,6,7,0,0,1,0,0,0,0
266.31,2.9,0,9,880.0,6.0,0,2108,1,1,1,4989,713,120,2.0,12.0,0,1,1,1,0,0,0,0,0,0,1,0
164.11,4.8,5322,4,537.0,16.0,0,2788,1,1,1,2953,155,158,2.0,10.0,1,0,0,5,5,0,0,0,1,0,0,0
45.29,3.1,0,3,97.0,13.0,1,516,1,1,4,2212,237,141,1.0,3.0,1,0,0,9,4,1,0,0,0,0,1,1
199.07,4.1,702,1,503.0,27.0,1,1269,1,1,1,1715,198,16,1.0,7.0,0,0,1,6,4,0,0,1,0,0,0,0
71.32,3.8,0,2,281.0,42.0,1,1636,0,1,1,1254,181,84,0.0,5.0,1,0,0,2,5,0,0,0,0,1,0,1
70.54,3.6,0,3,432.0,17.0,0,3607,0,0,2,1084,63,13,2.0,0.0,1,1,0,6,9,1,0,1,0,0,0,1
126.57,3.978268041237113,1355,3,78.0,26.0,3,5,1,1,2,2516,71,185,1.0,11.0,0,0,0,0,0,0,1,0,0,0,0,1
72.93,4.3,4015,4,203.0,13.0,0,1631,0,1,5,174,13,4,1.0,11.988333333333333,1,0,0,3,8,0,0,1,0,0,0,0
147.31,4.9,5183,4,599.0,1.0,0,2604,1,1,3,1945,71,90,3.0,14.0,0,0,0,2,9,0,0,0,1,0,0,0
120.59,4.1,563,5,475.0,1.0,3,2599,0,0,2,677,12,42,1.0,0.0,0,1,0,6,3,0,0,0,1,0,0,0
274.68,5.0,3492,7,798.0,5.0,0,2402,1,1,5,3011,386,34,4.0,13.0,0,0,0,9,2,0,0,1,0,0,0,0
188.35,3.2,1900,5,494.0,19.0,0,2727,1,1,3,3523,448,164,3.0,17.0,1,0,0,6,5,0,0,0,1,0,0,0
170.7,4.3,3032,3,435.0,1.0,1,1983,0,0,3,4320,465,311,1.6757142857142857,7.0,0,0,0,3,5,0,0,0,0,0,1,0
261.7,3.9,1695,6,252.0,1.0,0,2397,1,1,2,3104,109,94,0.0,17.0,0,0,0,1,3,0,0,1,0,0,0,0
157.24,4.2,3300,2,592.0,9.0,3,2440,1,1,3,1957,204,120,0.0,5.0,1,0,0,3,4,0,0,1,0,0,0,1
143.68,4.3,0,5,438.0,22.0,1,1196,1,1,2,3773,101,214,1.0,9.0,0,0,1,6,9,0,0,0,0,0,0,1
244.05,3.6,569,1,402.0,43.0,2,1403,1,1,2,2347,29,103,2.0,3.0,0,0,0,6,2,0,0,0,0,0,0,0
54.81,4.7,3361,5,500.0,13.0,0,1864,1,1,3,3812,291,33,0.0,12.0,0,0,0,6,4,0,0,0,1,0,0,0
181.14,3.4,3237,6,638.0,3.0,0,2629,0,0,2,1293,21,52,3.0,22.0,0,0,0,4,8,0,1,0,0,0,0,0
223.22,4.1,3610,3,541.0,7.0,1,591,1,1,2,1964,237,24,1.0,11.0,0,0,0,2,2,0,0,0,0,0,0,0
126.43,4.4,3729,4,451.0,9.0,0,1393,0,0,2,3678,254,236,0.0,21.0,1,0,0,1,8,0,0,1,0,0,0,0
81.7,4.2,0,3,614.0,12.0,4,2341,1,0,3,4882,719,85,0.0,20.0,0,1,0,0,5,0,0,0,0,0,0,0
94.46,3.978268041237113,664,1,20.0,28.0,2,1485,0,1,4,3597,190,163,3.0,18.0,0,0,1,9,7,0,0,0,0,0,0,0
230.24,4.3,2289,6,495.0,8.0,0,2694,0,0,3,3538,131,133,4.0,18.0,1,0,0,8,5,0,0,1,0,0,0,1
152.09,3.9,0,9,237.0,35.0,2,5,1,1,1,2345,82,49,0.0,7.0,0,1,0,8,7,1,0,1,0,0,0,1
122.07,4.0,829,3,20.0,15.0,1,1426,1,1,2,2395,63,61,0.0,22.0,0,0,1,4,4,0,0,1,0,0,0,0
17.29,3.6,0,5,122.0,14.0,1,1687,1,0,3,78,3,2,1.6757142857142857,12.0,1,0,1,6,2,1,0,0,1,0,0,0
221.73,4.6,5151,5,512.0,22.0,1,2887,1,0,2,1689,85,81,0.0,15.0,0,0,0,8,4,1,0,1,0,0,0,1
114.39,3.6,2237,2,237.0,28.0,0,1598,1,0,1,1940,162,104,0.0,22.0,1,0,0,7,1,0,0,0,1,0,0,0
120.51,4.2,1012,3,20.0,19.0,1,1434,1,1,1,1911,78,37,0.0,8.0,0,0,0,2,0,0,0,0,0,1,0,0
208.27,4.5,1881,4,744.0,7.0,3,1643,1,1,2,4143,284,201,0.0,17.0,0,0,0,6,3,0,0,0,0,0,1,1
188.95,4.7,4049,5,740.0,20.0,0,2138,1,1,4,659,53,23,3.0,20.0,1,1,0,6,5,0,0,0,0,0,0,0
107.7,3.2,0,3,100.0,1.0,0,2530,1,0,1,3618,442,92,1.0,0.0,0,0,0,2,9,0,0,0,0,0,0,0
103.06,4.2,0,3,627.0,19.0,1,2994,1,0,3,4953,113,280,0.0,7.0,1,1,0,0,6,0,0,0,0,1,0,1
169.45,3.9,0,1,240.0,25.0,1,1430,1,0,5,1941,46,73,0.0,18.0,1,0,0,1,0,0,0,1,0,0,0,0
143.51,3.978268041237113,1736,3,434.0,20.0,1,2142,0,1,3,2892,261,89,1.0,7.0,1,0,0,2,6,0,0,0,0,0,1,0
37.02,4.4,0,2,465.0,2.0,2,1306,1,0,2,1135,59,61,1.0,22.0,1,0,0,7,6,0,0,1,0,0,0,0
246.2,4.8,190,3,349.0,25.0,0,1232,1,0,3,4742,62,282,3.0,6.0,0,0,0,0,8,0,0,0,1,0,0,0
122.6,4.3,0,4,282.0,22.0,1,1752,1,1,5,2676,254,161,4.0,9.0,0,0,0,3,6,0,1,0,0,0,0,0
215.95,4.8,3429,4,552.0,6.0,1,2862,1,1,2,1075,32,54,1.0,2.0,0,0,0,2,6,0,0,0,0,1,0,0
203.43,4.8,3450,3,68.0,24.0,0,1608,1,1,3,4295,207,92,2.0,26.0,0,0,0,0,7,1,0,0,0,1,0,0
306.21,4.9,3182,8,855.0,1.0,0,3236,1,1,6,3121,302,236,4.0,11.0,0,0,0,1,3,0,0,0,0,0,1,0
110.33,3.7,3863,2,262.0,4.0,0,1999,1,1,3,1904,111,134,5.0,6.0,0,0,0,4,1,1,1,0,0,0,0,1
95.71,4.5,3484,1,309.0,16.0,0,2349,1,1,2,3485,36,168,0.0,19.0,1,1,0,0,3,0,0,0,0,1,0,0
184.94,3.6,4196,4,653.0,21.0,0,2698,1,1,3,3465,323,147,3.0,17.0,1,0,0,7,1,0,0,0,0,0,0,0
223.85,5.0,648,5,793.0,30.0,0,2911,1,1,1,2561,315,183,1.0,6.0,0,0,0,9,9,0,0,0,0,0,1,1
158.31,3.6,1582,5,270.0,16.0,1,2704,1,0,3,3819,102,177,3.0,10.0,0,0,0,9,3,0,0,0,0,1,0,0
168.24,3.6,2014,3,267.0,30.0,0,2600,0,0,2,2386,180,107,2.0,0.0,0,0,0,3,8,0,0,1,0,0,0,1
222.97,4.2,2526,5,20.0,26.0,0,5,0,0,5,3046,326,184,3.0,10.0,0,1,0,1,1,1,0,0,0,0,1,1
54.41,4.2,755,1,20.0,27.0,2,1485,0,0,1,4754,690,311,0.0,21.0,0,0,0,4,8,1,0,0,0,0,1,1
200.23,4.9,2224,5,220.0,18.0,1,3333,1,0,1,3928,366,76,1.0,21.0,0,0,1,5,1,0,0,0,0,1,0,0
213.94,4.1,4128,4,773.0,16.0,0,3558,1,0,3,4607,314,253,3.0,13.0,0,1,0,9,4,0,0,0,0,1,0,0
276.03,4.5,2450,2,203.0,15.230456852791878,0,1106,1,1,2,51,6,1,2.0,9.0,0,1,0,7,7,0,1,0,0,0,0,0
188.88,4.6,3186,2,334.0,14.0,0,1497,1,1,2,1100,122,55,2.0,0.0,0,1,1,8,3,0,1,0,0,0,0,1
196.77,4.3,5758,6,458.0,1.0,1,3064,1,1,2,3491,76,40,1.6757142857142857,7.0,0,0,0,0,8,0,0,1,0,0,0,0
71.34,3.7,3883,6,539.0,1.0,1,3302,1,1,3,4957,706,268,3.0,30.0,0,0,0,7,2,0,0,0,1,0,0,0
107.73,3.8,0,3,597.0,23.0,0,2490,1,1,3,4671,508,361,0.0,12.0,1,0,0,8,1,1,0,0,0,0,1,1
120.59,4.0,0,1,20.0,10.0,0,1203,1,1,3,1797,245,107,0.0,7.0,1,0,0,3,4,1,0,0,1,0,0,1
213.18,4.7,6561,3,745.0,4.0,0,3323,1,1,4,3821,140,241,5.0,9.0,1,0,0,0,3,0,0,0,0,0,0,0
98.31,4.5,1778,4,633.0,1.0,0,720,1,1,5,2579,229,54,4.0,12.0,0,0,0,5,6,0,1,0,0,0,0,0
251.53,3.9,3129,4,415.0,19.0,0,636,1,1,2,2576,97,83,2.0,17.0,0,0,0,2,0,0,1,0,0,0,0,0
289.67,3.5,74,5,437.0,34.0,3,461,1,1,1,4327,207,308,2.0,0.0,1,0,0,2,0,1,0,0,0,1,0,1
250.2,3.5,4452,5,368.0,1.0,2,3315,1,1,3,162,15,7,3.0,13.0,0,0,0,2,1,1,1,0,0,0,0,1
254.32,4.9,7196,2,484.0,3.0,1,1603,1,1,2,447,23,13,4.0,15.0,0,1,0,4,2,0,0,0,0,0,1,0
273.72,3.978268041237113,2824,3,222.0,17.0,0,3447,1,1,4,4213,618,136,3.0,14.0,0,0,0,0,8,0,0,0,0,1,0,0
74.24,4.2,2934,4,168.0,6.0,1,2325,1,1,3,227,33,2,1.0,17.0,0,0,1,5,3,0,0,0,0,0,0,0
227.17,4.7,4032,4,461.0,14.0,0,2892,1,1,3,3447,191,168,1.0,5.0,1,1,0,8,5,0,0,1,0,0,0,0
216.63,3.9,3290,3,82.0,2.0,1,1232,1,1,1,4123,63,133,3.0,15.0,0,1,0,4,8,0,0,0,1,0,0,0
89.76,3.2,0,1,339.0,14.0,2,1233,1,1,2,1429,129,98,1.0,7.0,0,1,0,1,7,1,0,0,1,0,0,1
202.36,3.978268041237113,1964,5,668.0,15.230456852791878,2,4000,1,1,2,3142,106,183,0.0,12.0,0,0,0,0,7,1,0,0,1,0,0,0
330.48,4.2,2980,4,201.0,4.0,0,723,1,1,4,1868,48,40,3.0,21.0,0,0,0,9,7,1,0,0,0,0,0,0
58.68,3.7,0,6,384.0,31.0,2,877,1,0,1,2306,286,151,1.0,17.0,0,0,0,9,6,0,0,0,1,0,0,0
19.06,3.8,0,2,113.0,38.0,2,354,1,1,1,408,38,12,0.0,0.0,1,0,0,9,1,1,1,0,0,0,0,1
116.86,2.8,0,1,20.0,23.0,3,283,1,1,1,3987,199,140,0.0,10.0,0,0,1,0,4,0,0,0,1,0,0,1
113.25,4.0,1155,2,274.0,16.0,0,2523,1,1,2,3025,246,62,0.0,6.0,1,0,0,8,2,0,0,0,1,0,0,0
123.56,2.9,278,1,403.7255102040816,48.0,3,196,1,1,2,803,27,34,0.0,6.0,0,0,0,1,8,0,1,0,0,0,0,1
148.75,3.5,1016,6,539.0,25.0,2,1533,1,1,1,2610,292,126,0.0,5.0,0,0,0,5,0,0,1,0,0,0,0,0
219.01,4.8,4708,4,711.0,1.0,0,4000,0,1,3,3582,162,208,3.0,22.0,0,0,0,8,0,0,1,0,0,0,0,0
220.35,4.6,2145,4,418.0,1.0,0,2364,0,0,3,1634,76,58,0.0,5.0,1,0,0,7,2,0,0,1,0,0,0,0
250.12,3.9,2093,3,536.0,11.0,2,2697,1,1,2,1091,100,78,1.0,17.0,0,0,0,6,3,0,0,0,1,0,0,0
153.2,3.1,5342,4,557.0,1.0,0,942,0,1,5,3234,174,184,3.0,13.0,0,0,0,7,0,0,0,0,0,1,0,0
240.65,4.0,4639,5,417.0,6.0,1,1840,1,0,2,3362,303,70,0.0,24.0,1,0,0,6,8,0,0,0,0,0,1,0
18.45,3.5,2736,4,627.0,7.0,1,1889,1,1,5,1531,62,30,3.0,5.0,0,0,0,3,3,0,0,0,1,0,0,0
5.0,3.1,459,1,233.0,19.0,2,1729,1,0,1,1166,91,19,0.0,12.0,0,1,1,9,4,0,0,1,0,0,0,1
148.59,3.9,3791,3,180.0,27.0,1,5,0,0,4,1551,126,103,1.0,11.988333333333333,0,1,1,9,2,1,0,1,0,0,0,1
192.53,4.9,5264,8,353.0,17.0,0,3692,1,1,4,1616,188,62,4.0,28.0,1,1,0,3,6,0,0,0,0,0,0,0
307.64,3.7,1862,6,403.7255102040816,3.0,1,80,0,1,1,2622,372,182,3.0,17.0,1,1,0,2,3,0,1,0,0,0,0,0
73.28,3.6,1900,4,745.0,1.0,0,1679,1,1,5,1471,119,114,3.0,23.0,1,0,0,0,6,0,0,1,0,0,0,0
167.99,4.4,1290,7,578.0,15.0,0,1035,1,1,5,1226,15,21,1.0,14.0,0,0,0,6,0,0,0,0,0,0,0,0
186.49,4.6,4807,7,724.0,1.0,0,2080,1,1,6,4156,224,205,0.0,14.0,0,0,0,0,4,0,0,1,0,0,0,0
106.83,3.6,2277,4,529.0,27.0,2,1300,1,1,4,4013,418,115,3.0,11.988333333333333,0,1,0,1,1,0,0,1,0,0,0,0
245.89,3.978268041237113,0,7,203.0,7.0,0,1260,1,1,2,3079,89,172,2.0,18.0,0,0,0,0,3,0,0,1,0,0,0,0
5.0,4.2,2516,2,410.0,8.0,0,793,1,1,5,937,28,64,3.0,11.0,0,0,0,6,7,0,0,1,0,0,0,1
198.71,4.1,7675,4,311.0,13.0,0,879,0,1,4,4997,454,290,1.0,11.0,1,0,0,4,1,0,0,0,0,1,0,0
180.87,4.3,5606,7,774.0,11.0,0,2551,1,1,5,565,40,38,2.0,10.0,0,0,0,5,5,0,0,1,0,0,0,0
190.09,5.0,0,10,300.0,1.0,0,2396,1,1,4,3369,347,146,1.0,8.0,0,0,0,4,0,0,0,0,1,0,0,0
111.12,3.9,0,3,471.0,1.0,1,2177,1,0,1,770,77,24,0.0,21.0,0,0,0,3,4,0,1,0,0,0,0,0
248.33,4.0,258,5,677.0,12.0,2,1367,1,0,2,2668,30,56,0.0,7.0,0,0,1,2,3,0,0,0,1,0,0,1
108.18,4.1,3132,2,486.0,1.0,0,2735,1,1,3,3030,85,165,2.0,16.0,0,0,1,9,4,0,0,0,0,0,0,0
129.21,4.1,1749,5,304.0,10.0,1,5,1,0,1,3015,271,65,0.0,0.0,0,1,0,5,5,1,0,0,0,0,0,1
150.07,3.2,0,6,20.0,28.0,2,321,0,1,2,3890,182,127,0.0,8.0,0,0,0,8,8,0,0,0,0,0,1,1
82.41,3.3,0,1,527.0,19.0,2,2401,0,1,3,2246,135,99,1.0,4.0,1,1,0,3,1,0,0,0,1,0,0,1
76.65,4.4,236,4,480.0,15.0,2,1302,1,1,2,1211,63,70,0.0,20.0,1,0,0,2,8,1,0,0,0,0,1,1
221.02,4.2,396,2,20.0,18.0,0,2347,1,1,3,4195,210,167,2.0,11.988333333333333,0,1,0,4,5,0,1,0,0,0,0,0
232.78,5.0,5000,7,795.0,10.0,1,538,1,1,6,1423,168,108,4.0,18.0,1,0,0,1,9,0,0,1,0,0,0,0
266.43,3.8,5436,1,361.0,26.0,0,1899,1,1,4,341,47,25,2.0,13.0,0,0,0,5,3,0,0,1,0,0,0,0
34.62,3.2,505,6,344.0,1.0,3,741,1,1,1,4990,667,321,0.0,13.0,0,0,1,3,0,0,0,0,0,0,0,1
127.64,3.7,2783,3,523.0,1.0,1,960,0,1,5,2286,39,25,0.0,14.0,1,1,0,1,1,1,0,0,1,0,0,1
244.77,4.8,3616,4,732.0,15.230456852791878,0,2139,0,1,2,3205,442,170,2.0,10.0,0,0,0,3,0,1,0,0,0,1,0,1
225.2,4.0,1652,4,545.0,2.0,0,2821,1,0,3,3003,318,211,5.0,10.0,1,0,0,9,7,0,0,0,0,1,0,0
91.56,5.0,732,3,1084.0,1.0,2,1195,1,1,5,1511,148,94,2.0,26.0,0,0,0,1,9,0,0,0,1,0,0,0
160.33,4.8,1071,7,350.0,8.0,0,1879,1,1,4,4340,358,183,1.0,22.0,0,1,0,0,0,0,0,0,0,1,0,0
78.0,3.4,1620,3,656.0,1.0,0,1672,1,0,3,368,23,27,0.0,6.0,1,1,0,1,7,0,0,0,0,0,1,1
159.91,2.8,2941,3,503.0,27.0,0,273,1,1,2,4116,254,72,1.0,3.0,0,1,0,2,5,0,0,0,0,0,1,0
140.21,3.3,876,3,253.0,15.0,1,3682,1,1,1,3870,235,255,0.0,12.0,0,0,0,7,3,1,0,0,1,0,0,1
130.39,4.8,93,7,785.0,38.0,0,1636,1,1,1,320,12,2,4.0,26.0,0,0,0,8,2,0,0,0,0,1,0,0
192.58,2.9,0,3,20.0,35.0,1,5,0,0,3,984,32,14,0.0,11.988333333333333,0,0,0,2,9,1,1,0,0,0,0,1
133.12,5.0,6880,7,785.0,1.0,0,1668,1,1,1,1067,20,59,2.0,32.0,1,0,0,6,9,0,1,0,0,0,0,0
91.89,4.7,3594,6,20.0,27.0,0,2291,1,1,2,758,109,36,1.0,0.0,0,0,0,2,9,0,0,0,0,0,0,0
49.38,4.1,0,5,477.0,3.0,2,1405,1,0,1,756,66,57,0.0,12.0,0,1,0,8,2,1,0,1,0,0,0,1
147.32,4.4,349,7,781.0,15.230456852791878,0,1690,0,0,2,1589,171,113,1.0,18.0,0,0,0,0,3,0,0,1,0,0,0,1
5.0,3.8,1692,2,316.0,10.0,0,1565,0,0,2,3812,104,186,0.0,3.0,0,0,1,5,4,0,0,0,0,1,0,1
111.37,3.3,2261,3,309.0,2.0,2,2143,1,1,1,2086,307,133,1.0,19.0,0,0,1,9,8,0,0,0,1,0,0,0
124.0,4.7,2278,6,573.0,14.0,0,1744,1,1,3,2328,39,52,5.0,17.0,1,0,0,7,6,0,0,0,1,0,0,0
168.77,4.9,3117,4,623.0,4.0,0,2927,1,0,3,1485,58,104,2.0,11.988333333333333,0,0,0,5,8,0,0,0,1,0,0,0
144.88,3.9,6312,2,615.0,26.0,1,3342,0,1,4,854,115,41,3.0,22.0,1,0,0,6,4,0,1,0,0,0,0,0
168.8,4.2,1203,8,689.0,19.0,0,3639,1,1,3,4906,703,41,4.0,29.0,0,0,0,6,4,1,0,0,1,0,0,0
5.0,3.8,1600,1,20.0,14.0,3,5,1,0,2,3532,440,182,0.0,0.0,0,0,0,9,4,0,0,0,1,0,0,1
99.54,4.5,486,4,488.0,1.0,0,5,1,1,4,2884,365,146,5.0,22.0,0,0,0,5,8,0,0,0,0,0,1,0
179.46,5.0,4850,7,312.0,22.0,0,2503,0,1,3,1751,201,95,3.0,11.0,1,0,0,3,3,0,0,0,0,1,0,0
55.44,3.5,0,5,433.0,3.0,0,1837,1,0,3,4548,241,330,0.0,16.0,0,0,0,0,3,0,0,0,1,0,0,0
60.37,4.5,0,6,304.0,19.0,1,1108,1,1,2,4528,594,301,3.0,12.0,0,0,0,7,7,0,0,0,0,0,0,0
200.85,4.2,2959,4,241.0,10.0,0,1581,0,1,2,3384,457,165,0.0,8.0,0,0,1,7,3,0,0,1,0,0,0,0
255.31,5.0,4063,6,630.0,4.0,0,2114,1,1,5,117,3,1,2.0,9.0,0,0,0,5,2,1,0,0,0,1,0,0
131.82,3.9,0,1,420.0,1.0,0,5,1,0,2,2588,83,71,0.0,4.0,0,0,1,3,8,1,0,1,0,0,0,1
227.93,3.5,198,3,600.0,13.0,0,4000,1,1,3,4900,203,270,4.0,10.0,0,0,0,3,5,0,0,0,0,0,1,0
189.26,4.5,1225,3,654.0,15.0,0,505,0,1,3,4166,324,117,4.0,14.0,0,0,0,0,0,0,0,0,0,1,0,0
33.68,2.6,0,1,20.0,37.0,2,5,0,1,1,3644,395,270,0.0,0.0,1,0,1,1,8,0,0,1,0,0,0,1
320.04,4.4,1170,3,415.0,7.0,0,1742,0,0,2,2474,53,145,0.0,24.0,1,0,0,4,9,0,0,0,0,0,0,1
67.59,3.8,166,1,26.0,46.0,1,2004,0,0,1,3299,95,255,0.0,12.0,0,1,0,4,5,0,0,0,0,1,0,0
67.78,4.4,0,3,48.0,27.0,3,887,1,1,1,3245,407,41,0.0,18.0,0,0,0,1,8,0,1,0,0,0,0,1
163.27,3.3,811,1,429.0,8.0,0,5,0,0,4,535,33,5,2.0,15.0,1,1,0,6,7,0,0,0,1,0,0,1
276.37,3.8,3994,2,540.0,19.0,3,2097,1,1,1,460,47,28,4.0,5.0,1,1,0,2,2,1,0,0,0,0,1,1
56.46,4.9,0,6,122.0,28.0,0,1630,1,0,3,1234,141,78,1.6757142857142857,4.0,0,0,0,8,7,0,1,0,0,0,0,0
203.37,5.0,2674,2,1106.0,14.0,0,3174,1,1,1,2926,394,196,3.0,28.0,1,0,0,4,2,0,0,1,0,0,0,1
150.23,4.1,255,2,20.0,3.0,2,1292,0,1,3,3961,352,217,0.0,0.0,1,0,0,1,5,0,0,0,1,0,0,0
204.48,4.1,692,6,20.0,15.0,2,1229,1,1,2,1510,133,9,1.0,21.0,0,0,0,9,8,0,0,0,1,0,0,0
80.17,4.2,2661,5,554.0,15.0,1,3042,0,1,4,3964,576,238,0.0,18.0,0,1,1,8,6,0,0,0,0,1,0,0
79.55,3.5,3084,2,359.0,1.0,2,2326,1,0,1,3869,243,195,3.0,7.0,0,0,0,4,8,0,0,0,0,1,0,1
199.83,3.9,430,1,351.0,27.0,3,2272,1,1,2,2749,346,35,0.0,6.0,0,0,1,3,2,0,1,0,0,0,0,1
81.99,3.4,1074,3,643.0,20.0,0,1688,1,1,2,1587,77,119,2.0,13.0,1,0,0,4,8,0,1,0,0,0,0,0
322.97,5.0,3632,7,432.0,7.0,0,3165,1,0,5,232,6,11,2.0,29.0,0,0,1,5,4,1,0,0,0,1,0,0
98.18,3.8,853,3,20.0,29.0,1,424,0,0,1,2191,165,120,0.0,0.0,0,0,0,4,9,1,1,0,0,0,0,1
134.17,4.7,3713,8,630.0,25.0,0,1184,0,1,2,2857,343,64,2.0,8.0,0,0,0,6,6,1,0,0,0,0,1,1
218.43,3.978268041237113,956,3,744.0,1.0,0,1080,1,1,1,969,94,14,0.0,26.0,1,0,0,6,5,0,1,0,0,0,0,0
52.69,3.9,2533,3,20.0,38.0,0,2142,1,1,4,3289,134,225,1.6757142857142857,11.0,0,0,0,8,3,1,0,0,0,0,0,0
200.29,4.1,3507,5,585.0,25.0,0,4000,0,1,4,2742,367,92,0.0,17.0,0,0,0,2,5,1,0,0,1,0,0,1
113.15,2.2,1082,4,456.0,21.0,1,1043,0,0,3,4648,469,302,3.0,2.0,0,0,0,2,1,0,0,0,0,0,0,1
297.47,4.0,1640,5,261.0,8.0,0,3056,1,1,1,3572,498,121,0.0,16.0,0,0,0,9,5,0,0,1,0,0,0,0
58.57,3.1,0,1,361.0,19.0,3,1129,1,0,2,4566,377,226,0.0,11.988333333333333,0,0,0,8,3,1,0,0,0,0,0,1
203.53,3.1,0,3,20.0,29.0,2,5,1,0,2,413,24,25,0.0,1.0,0,0,0,2,2,1,0,1,0,0,0,1
208.14,4.7,661,5,1142.0,1.0,0,4000,1,0,1,3940,186,23,3.0,19.0,0,0,0,0,6,0,0,0,0,0,0,0
170.29,3.978268041237113,1791,5,260.0,3.0,1,5,0,0,2,1926,136,72,0.0,2.0,0,1,0,3,8,0,0,0,0,1,0,0
217.23,3.3,925,8,669.0,3.0,0,3061,1,0,3,1962,143,114,2.0,17.0,0,0,0,3,9,0,1,0,0,0,0,0
166.92,3.1,2637,5,495.0,26.0,4,1508,1,0,1,3239,171,171,2.0,11.0,1,0,0,1,8,0,0,1,0,0,0,0
5.0,3.6,2142,4,406.0,19.0,1,1806,1,1,1,1954,41,151,1.0,10.0,0,1,0,6,9,0,0,1,0,0,0,0
86.4,3.978268041237113,566,4,247.0,15.0,0,2881,1,1,2,4093,126,41,2.0,4.0,1,0,0,6,7,1,0,1,0,0,0,1
127.52,4.2,1968,1,327.0,1.0,1,3632,1,1,2,2199,74,96,0.0,10.0,0,0,0,1,2,0,0,0,1,0,0,0
182.42,2.7,0,1,484.0,15.0,0,5,1,0,2,1031,85,11,1.0,17.0,0,0,0,6,3,0,0,1,0,0,0,1
60.89,3.6,1599,2,166.0,19.0,1,2432,1,0,1,122,12,4,3.0,12.0,0,0,0,5,3,0,1,0,0,0,0,0
24.24,3.3,1011,1,310.0,27.0,2,2237,1,1,1,3489,429,150,0.0,0.0,0,1,0,0,5,0,0,0,0,0,1,1
383.6,2.9,552,3,656.0,16.0,0,201,1,1,3,4206,623,149,1.0,3.0,0,0,0,4,7,1,1,0,0,0,0,1
128.95,3.2,0,1,490.0,12.0,1,884,1,0,5,2676,98,59,1.0,4.0,0,1,0,8,8,1,1,0,0,0,0,1
275.51,5.0,1638,3,381.0,13.0,0,3349,1,1,2,1042,103,16,2.0,19.0,1,0,0,2,6,0,0,0,0,1,0,0
48.97,3.2,0,1,434.0,29.0,0,628,0,0,1,2485,45,80,3.0,7.0,0,0,0,1,4,1,1,0,0,0,0,1
7.14,5.0,2066,3,506.0,2.0,0,434,1,1,3,1003,102,63,3.0,18.0,0,0,0,3,0,0,0,0,0,0,0,0
167.84,3.9,0,2,510.0,22.0,0,2534,1,1,2,3619,135,200,1.0,0.0,1,0,0,1,1,0,0,0,0,1,0,0
77.94,3.6,4302,1,312.0,18.0,0,3708,1,0,4,2446,221,39,2.0,15.0,0,1,1,2,9,0,0,0,1,0,0,0
21.2,3.0,0,3,178.0,20.0,2,841,0,1,1,1588,16,103,0.0,17.0,0,0,0,0,7,1,0,0,0,0,0,1
342.54,3.8,2611,4,472.0,31.0,0,2965,1,1,2,880,26,44,2.0,13.0,1,0,0,9,4,0,0,0,0,1,0,0
197.72,4.9,1980,7,644.0,7.0,0,2992,1,0,4,4870,630,49,0.0,20.0,0,0,0,2,9,0,0,0,0,1,0,0
158.75,3.4,0,4,328.0,24.0,0,567,1,0,2,1313,164,17,0.0,8.0,0,0,0,1,0,1,1,0,0,0,0,1
146.1,4.6,2077,5,172.0,1.0,0,2582,1,1,3,470,62,18,1.0,9.0,0,0,0,7,2,0,0,1,0,0,0,0
93.06,4.5,3411,5,643.0,18.0,0,2543,1,1,5,2472,44,87,3.0,7.0,0,0,0,3,5,0,0,0,1,0,0,0
157.59,4.0,0,4,308.0,28.0,2,658,0,1,3,3696,326,158,0.0,8.0,1,0,0,5,4,1,0,1,0,0,0,1
178.58,3.9,1651,3,475.0,18.0,0,2258,1,0,4,1429,186,45,4.0,0.0,1,1,0,2,9,0,0,0,0,1,0,1
127.42,4.6,3577,6,783.0,2.0,0,1417,1,0,5,3925,487,282,0.0,27.0,0,0,0,3,4,0,0,0,0,1,0,1
230.16,3.8,2320,6,587.0,15.0,0,2403,1,0,5,3082,362,145,3.0,23.0,1,0,0,0,4,0,0,0,1,0,0,0
182.45,4.7,2549,4,572.0,12.0,0,2179,1,1,4,3470,426,69,0.0,11.0,1,0,0,9,9,0,0,1,0,0,0,0
9.08,4.1,2330,3,486.0,14.0,1,253,1,1,3,2017,216,41,2.0,18.0,0,0,1,6,7,0,0,0,0,0,1,1
104.15,3.7,0,5,55.0,26.0,0,2378,0,1,2,168,11,7,1.0,22.0,1,1,0,3,4,1,0,0,0,1,0,1
184.32,3.9,3663,5,674.0,9.0,0,3672,1,1,4,3792,555,78,4.0,26.0,0,0,0,3,2,0,0,1,0,0,0,0
114.42,3.7,2611,7,836.0,5.0,0,1676,1,1,5,1531,155,24,4.0,6.0,1,0,0,4,7,0,0,0,0,0,0,0
5.0,3.8,1986,1,106.0,24.0,0,1011,0,0,1,1809,145,102,0.0,0.0,0,1,0,5,0,0,0,0,0,0,0,1
5.0,3.0,1362,4,24.0,18.0,1,554,1,1,2,2977,134,93,0.0,8.0,0,0,0,3,5,0,0,0,1,0,0,1
286.99,4.8,2813,3,403.7255102040816,18.0,0,2266,1,0,6,535,31,25,5.0,14.0,1,1,0,2,5,0,0,0,1,0,0,0
90.52,3.4,878,8,302.0,24.0,1,5,1,0,3,4555,484,332,0.0,17.0,1,1,0,7,0,0,0,0,1,0,0,0
201.92,4.1,0,2,363.0,27.0,1,1051,1,1,2,435,59,19,3.0,15.0,0,0,1,4,0,0,0,0,0,1,0,0
265.33,5.0,2248,3,673.0,11.0,0,1752,1,1,4,4174,311,269,2.0,19.0,0,0,0,9,3,1,0,0,0,0,0,0
137.23,3.7,0,3,82.0,24.0,0,5,1,0,3,4774,213,127,0.0,7.0,0,0,1,2,8,1,1,0,0,0,0,1
182.61,4.3,2995,3,581.0,8.0,1,1103,1,0,3,1680,203,124,2.0,15.0,0,0,0,5,2,0,0,1,0,0,0,0
81.36,3.3,0,1,156.0,30.0,2,5,1,0,2,1514,35,97,0.0,5.0,1,0,1,2,8,0,0,0,0,0,1,0
73.97,4.2,797,4,441.0,3.0,0,1640,1,0,1,3012,82,140,1.0,9.0,0,0,0,5,2,0,0,1,0,0,0,1
181.19,4.0,1252,4,319.0,1.0,2,1785,1,1,2,4740,167,369,4.0,8.0,1,0,0,9,7,0,0,1,0,0,0,0
26.08,3.7,0,1,179.0,25.0,1,1831,0,1,3,2862,111,199,0.0,20.0,1,1,1,3,5,1,0,0,0,1,0,1
230.21,3.6,99,5,727.0,22.0,0,611,1,1,2,3629,302,238,2.0,6.0,1,0,0,1,0,1,0,1,0,0,0,1
5.0,3.6,517,3,133.0,18.0,2,1230,1,1,2,1980,170,41,3.0,6.0,1,1,0,7,6,0,0,0,0,0,1,0
48.36,3.1,0,2,506.0,15.0,0,218,1,1,4,2466,297,174,2.0,3.0,1,0,0,9,0,1,0,0,0,1,0,1
251.9,4.9,997,7,347.0,1.0,0,871,1,1,2,1680,197,62,5.0,0.0,0,0,0,8,7,0,0,0,0,0,1,0
146.03,3.5,0,4,217.0,22.0,0,5,1,0,2,2913,186,143,2.0,15.0,1,0,1,4,9,0,1,0,0,0,0,0
177.58,3.7,1339,5,20.0,37.0,2,1109,0,1,3,3568,70,45,2.0,0.0,0,0,0,4,9,0,0,0,0,0,0,1
23.45,3.6,3179,2,87.0,17.0,2,5,1,1,1,3034,411,210,0.0,0.0,0,0,0,5,9,0,0,0,1,0,0,1
146.61,4.3,3032,4,393.0,4.0,0,2481,1,0,4,4347,47,319,2.0,25.0,0,0,0,8,3,0,0,0,0,0,1,0
182.35,4.8,5907,6,461.0,18.0,0,2194,0,1,3,758,64,23,2.0,16.0,0,0,0,4,9,0,0,0,0,0,1,0
221.09,3.9,4137,5,603.0,6.0,1,1495,1,1,3,4910,109,132,3.0,11.0,1,1,0,8,1,0,0,1,0,0,0,0
246.23,3.8,4465,2,134.0,11.0,0,1308,0,1,5,2629,73,118,0.0,8.0,0,0,0,1,8,1,0,0,0,0,1,0
5.0,3.2,1553,3,522.0,10.0,0,5,0,0,3,1457,149,38,0.0,4.0,0,0,0,6,3,1,0,0,1,0,0,1
231.46,4.8,0,1,20.0,9.0,1,1624,1,1,3,237,24,9,0.0,7.0,0,0,0,6,9,0,0,0,0,0,0,0
43.28,5.0,3454,5,179.0,1.0,0,1371,1,1,2,2262,225,117,3.0,11.988333333333333,0,0,0,7,4,0,0,0,0,1,0,0
51.22,4.0,2826,5,486.0,8.0,1,313,1,1,1,2250,282,24,1.0,8.0,0,0,0,4,9,0,0,0,0,0,0,1
202.85,3.5,3550,2,330.0,5.0,0,743,0,1,2,1982,203,74,0.0,14.0,0,0,0,0,6,0,0,0,0,1,0,0
274.64,5.0,2080,8,668.0,15.230456852791878,0,1195,1,1,3,2091,75,58,3.0,17.0,0,0,0,8,9,0,0,0,1,0,0,0
5.0,3.4,0,1,181.0,4.0,3,1030,0,1,1,1943,209,114,0.0,0.0,1,0,0,8,7,0,0,0,0,1,0,0
35.55,4.4,0,1,67.0,24.0,0,937,1,0,4,3532,402,83,3.0,5.0,0,1,1,6,4,0,0,1,0,0,0,1
47.32,3.7,0,1,227.0,29.0,2,1772,0,0,3,3466,214,171,3.0,11.0,0,0,0,2,3,1,0,0,1,0,0,1
199.33,4.5,3052,3,728.0,17.0,0,691,1,1,2,2642,229,188,1.0,24.0,0,0,0,2,2,0,0,0,0,0,1,1
199.56,3.7,0,5,20.0,11.0,0,1554,1,1,2,4619,395,236,3.0,23.0,0,1,0,5,9,0,0,1,0,0,0,0
149.43,4.3,0,1,711.0,7.0,0,3197,0,0,2,165,23,6,2.0,11.0,1,0,0,5,3,0,0,0,0,1,0,1
128.68,3.3,0,2,159.0,14.0,0,914,0,0,2,4641,132,43,2.0,6.0,0,0,0,4,0,0,0,0,0,1,0,0
60.39,4.9,2911,3,43.0,1.0,0,2057,0,0,4,2899,175,183,3.0,6.0,0,0,0,5,7,0,1,0,0,0,0,0
93.04,3.3,0,1,540.0,21.0,3,5,0,0,1,2457,309,124,2.0,11.0,1,1,0,2,2,0,0,1,0,0,0,1
264.61,5.0,3736,8,530.0,6.0,2,2237,1,1,3,277,20,3,3.0,23.0,1,0,0,5,7,0,0,1,0,0,0,0
208.18,4.9,2705,7,632.0,5.0,0,2742,0,1,5,636,78,35,5.0,20.0,0,0,0,2,6,0,0,0,1,0,0,0
47.57,4.2,3022,2,500.0,26.0,0,57,0,0,2,3093,269,191,1.0,18.0,0,0,1,7,3,0,0,1,0,0,0,1
128.47,3.9,2094,4,205.0,7.0,0,2070,1,0,2,4856,68,165,3.0,6.0,0,0,0,4,7,0,0,0,0,1,0,0
46.02,3.4,3924,5,255.0,38.0,1,1695,1,0,3,4446,437,151,2.0,0.0,1,0,0,6,5,0,0,0,1,0,0,1
192.27,4.1,1784,6,550.0,19.0,1,2005,0,1,1,1837,183,27,2.0,16.0,0,0,0,0,7,0,0,0,0,0,0,0
123.4,3.7,2234,2,661.0,9.0,0,998,1,1,1,2288,190,159,2.0,0.0,1,1,1,3,2,1,1,0,0,0,0,1
171.25,3.5,809,1,709.0,16.0,0,1645,1,1,2,3843,148,78,0.0,6.0,1,0,0,0,2,0,0,0,0,1,0,1
190.38,4.3,2738,2,701.0,4.0,0,1859,1,1,5,3743,130,80,1.0,23.0,0,0,0,5,6,0,0,0,0,1,0,0
124.35,3.8,3249,4,450.0,26.0,1,1168,1,0,3,1098,18,11,2.0,7.0,0,0,1,8,3,0,0,0,1,0,0,1
185.36,4.8,789,1,576.0,13.0,1,2590,0,0,5,1105,126,86,0.0,20.0,0,0,0,7,6,0,1,0,0,0,0,0
246.16,4.3,1756,6,417.0,24.0,0,1633,1,1,3,2157,275,20,2.0,10.0,1,0,0,6,4,0,0,1,0,0,0,1
106.53,2.7,1541,4,66.0,27.0,2,5,1,1,1,1415,120,95,1.0,0.0,0,0,0,3,9,0,1,0,0,0,0,1
246.58,3.8,515,2,107.0,22.0,2,1864,1,1,3,302,28,6,0.0,0.0,0,0,1,0,9,1,0,0,1,0,0,1
170.26,4.4,654,6,478.0,15.0,0,13,1,1,3,4262,622,179,1.0,2.0,1,0,0,2,5,0,0,0,0,0,1,1
132.87,3.2,1472,1,20.0,18.0,2,165,1,0,1,3818,307,268,1.0,0.0,0,1,0,0,4,0,0,1,0,0,0,1
245.29,5.0,4097,3,746.0,8.0,0,3366,1,1,5,3745,388,23,3.0,17.0,0,0,0,9,5,0,1,0,0,0,0,0
192.02,3.8,1039,2,312.0,20.0,0,1818,0,1,3,1581,200,90,3.0,16.0,0,0,0,7,7,1,0,1,0,0,0,1
215.51,4.4,4463,4,519.0,4.0,0,2514,1,1,2,3357,401,50,3.0,20.0,1,0,0,4,5,0,0,0,0,1,0,0
217.3,3.5,4226,5,391.0,14.0,0,1585,1,1,1,1089,116,26,2.0,11.988333333333333,0,0,0,3,6,0,0,1,0,0,0,1
143.72,4.2,1034,5,471.0,8.0,0,1543,1,1,3,614,57,20,3.0,0.0,0,0,0,9,4,1,0,1,0,0,0,1
140.94,3.5,0,1,336.0,22.0,1,265,0,1,2,640,69,26,4.0,0.0,0,0,1,0,8,0,1,0,0,0,0,0
124.91,4.0,0,4,355.0,22.0,1,867,0,0,1,3205,387,225,2.0,10.0,1,0,0,9,3,1,0,0,0,1,0,1
225.3,3.7,2699,3,657.0,18.0,0,4000,1,1,3,1073,49,32,5.0,3.0,0,0,0,0,0,0,1,0,0,0,0,0
167.78,5.0,1989,6,537.0,7.0,0,588,0,1,2,1410,131,91,5.0,24.0,1,1,0,1,1,0,0,0,0,0,1,0
163.79,4.9,1325,8,831.0,20.0,1,1641,1,1,3,4644,239,38,4.0,9.0,0,0,1,1,0,0,1,0,0,0,0,0
101.23,4.2,0,2,342.0,26.0,0,4000,1,0,3,3504,480,155,4.0,18.0,1,0,0,5,6,0,0,0,0,0,0,0
97.2,3.9,4964,3,310.0,15.0,2,485,1,0,2,2242,316,16,0.0,11.0,0,1,1,3,5,1,0,0,0,1,0,1
72.05,3.2,680,2,20.0,17.0,3,1122,1,1,4,4385,404,119,3.0,12.0,1,1,0,6,2,0,0,0,1,0,0,0
183.35,3.5,2019,4,268.0,25.0,1,150,1,1,1,4718,301,80,1.0,6.0,0,0,0,1,4,0,0,0,0,0,1,1
73.29,4.1,1925,1,286.0,11.0,0,1383,1,1,3,2437,207,138,2.0,5.0,0,0,1,0,1,0,0,0,0,0,0,0
322.06,3.5,1975,5,600.0,1.0,0,1776,1,1,1,3413,208,164,2.0,19.0,0,0,0,9,4,0,0,0,0,1,0,0
143.55,4.2,3483,2,434.0,20.0,0,5,0,1,4,632,77,44,3.0,12.0,0,0,0,6,4,1,0,0,0,0,1,0
102.47,4.8,2841,4,602.0,1.0,0,1596,0,1,3,3355,455,228,0.0,2.0,1,1,1,7,4,1,0,0,0,1,0,0
153.92,3.4,2410,4,181.0,16.0,1,1703,1,0,1,1730,139,94,1.0,10.0,1,0,0,4,4,0,0,0,0,0,0,0
145.75,2.5,2690,4,615.0,18.0,0,176,1,1,2,420,26,11,0.0,4.0,0,0,0,6,9,0,0,0,0,0,0,1
167.85,4.9,1757,8,700.0,4.0,0,1466,1,1,2,4910,531,391,2.0,25.0,0,0,0,0,4,0,0,0,1,0,0,0
42.26,4.2,2722,4,403.7255102040816,7.0,0,1917,1,1,4,1569,74,75,1.6757142857142857,6.0,0,0,1,3,9,0,0,1,0,0,0,1
178.35,4.2,239,5,492.0,1.0,0,1452,1,0,5,954,142,5,3.0,27.0,1,0,0,4,1,0,0,1,0,0,0,0
185.02,3.3,2428,4,475.0,8.0,0,267,1,0,4,2477,312,126,2.0,11.0,0,0,0,0,1,1,1,0,0,0,0,1
29.82,3.1,0,1,20.0,21.0,3,5,0,1,1,3311,230,92,0.0,1.0,1,0,1,8,8,0,0,1,0,0,0,0
5.0,3.9,1846,1,468.0,34.0,2,1111,1,1,2,4912,85,317,0.0,15.0,0,1,0,1,0,0,0,0,0,0,1,0
170.3,3.6,2204,3,308.0,8.0,1,5,1,1,1,2181,258,112,1.0,13.0,0,0,0,1,7,0,0,0,0,1,0,0
69.64,2.9,0,4,20.0,25.0,2,5,1,0,1,4060,203,292,2.0,1.0,0,0,0,1,5,1,0,0,1,0,0,1
277.01,3.2,879,6,370.0,10.0,1,1381,1,1,2,3774,416,77,2.0,18.0,0,0,0,8,7,1,0,0,0,0,1,1
81.36,3.0,1145,3,283.0,12.0,0,948,1,0,2,1911,99,64,2.0,11.0,0,0,0,9,0,0,0,0,1,0,0,0
191.5,4.6,4539,3,508.0,14.0,0,869,1,1,4,3149,247,191,4.0,20.0,1,0,0,0,2,1,0,0,0,0,1,1
49.54,3.6,684,1,20.0,26.0,1,112,1,0,2,1739,218,78,0.0,6.0,0,0,0,7,8,1,0,1,0,0,0,1
120.92,3.4,0,2,716.0,14.0,1,2103,1,0,1,4806,380,277,3.0,16.0,0,0,1,2,3,0,0,0,0,0,1,1
246.45,3.9,0,5,318.0,15.0,0,1686,1,1,4,2765,181,124,1.0,7.0,0,0,0,6,8,0,0,0,0,0,0,0
114.21,2.4,0,2,20.0,28.0,2,1014,0,0,1,2890,214,61,0.0,0.0,1,0,0,6,8,0,0,1,0,0,0,0
122.61,3.8,40,4,167.0,13.0,1,299,0,0,2,815,27,54,3.0,10.0,0,0,1,5,8,0,0,0,0,0,0,0
158.2,4.0,0,4,326.0,14.0,0,5,1,0,3,1729,194,44,0.0,6.0,0,0,1,0,7,0,0,0,1,0,0,0
173.46,4.5,760,4,279.0,18.0,1,1648,1,1,2,4323,516,166,2.0,11.988333333333333,0,0,0,3,0,0,0,0,1,0,0,1
249.51,4.4,1446,4,378.0,20.0,0,2649,1,1,5,2640,222,157,4.0,28.0,0,0,0,0,7,1,0,0,1,0,0,1
169.93,4.9,2529,5,71.0,19.0,1,881,1,1,3,4741,223,99,4.0,15.0,1,0,0,9,8,0,0,0,1,0,0,0
85.46,3.7,0,3,529.0,21.0,0,1296,0,1,3,758,25,20,2.0,10.0,1,0,0,0,4,0,0,0,1,0,0,0
201.19,4.4,2145,2,638.0,9.0,0,5,1,1,2,3452,184,219,1.0,11.0,0,1,0,3,3,1,0,1,0,0,0,1
123.65,3.4,899,1,320.0,30.0,2,2330,1,0,1,1421,33,18,0.0,0.0,1,0,1,5,5,0,1,0,0,0,0,1
5.0,3.0,255,3,193.0,20.0,0,5,0,0,3,424,35,15,3.0,15.0,0,0,0,9,1,0,0,0,1,0,0,1
137.64,3.6,0,2,291.0,16.0,4,1376,1,0,2,1998,81,157,0.0,0.0,0,0,0,2,6,1,0,1,0,0,0,1
211.03,3.5,1015,4,544.0,19.0,1,3049,1,1,3,3660,60,100,3.0,12.0,0,1,0,0,3,0,0,0,0,0,1,0
241.15,4.1,3115,4,192.0,14.0,0,3293,1,1,2,408,25,5,3.0,17.0,1,0,1,8,6,0,0,0,1,0,0,1
74.28,4.2,0,6,240.0,6.0,1,1542,1,0,2,4729,489,256,1.0,1.0,1,0,0,5,1,0,1,0,0,0,0,0
76.43,3.5,3122,5,331.0,14.0,2,5,0,1,4,334,32,12,0.0,14.0,0,1,1,6,0,0,0,0,0,0,1,1
205.31,3.7,384,2,20.0,23.0,0,731,0,0,2,3675,200,260,1.0,0.0,0,0,0,1,6,1,1,0,0,0,0,1
80.29,2.6,0,1,20.0,15.230456852791878,3,5,1,0,1,3215,333,243,0.0,3.0,1,0,0,3,9,0,0,0,1,0,0,1
395.32,4.9,6141,7,832.0,3.0,0,2012,1,1,4,221,29,16,1.0,12.0,0,0,0,7,2,0,0,0,1,0,0,0
103.3,4.3,0,5,368.0,26.0,2,629,1,1,3,983,81,46,2.0,15.0,1,0,0,3,1,0,1,0,0,0,0,1
223.01,4.2,4756,5,136.0,3.0,1,2065,1,0,1,3892,562,144,2.0,11.988333333333333,0,1,0,6,1,0,0,1,0,0,0,0
195.88,4.4,5043,6,548.0,1.0,0,1830,0,0,4,4602,620,352,5.0,10.0,0,0,0,5,0,0,1,0,0,0,0,0
105.37,3.0,4449,1,250.0,24.0,0,403,0,1,1,3786,428,257,0.0,11.0,0,0,0,4,2,1,0,0,1,0,0,1
219.8,4.1,1184,3,569.0,24.0,0,2137,1,1,3,3414,223,149,5.0,26.0,0,0,1,6,5,0,0,0,1,0,0,0
255.97,3.2,2387,4,170.0,21.0,2,1939,1,0,2,4592,135,155,2.0,11.0,0,0,0,6,0,0,0,1,0,0,0,0
5.0,4.7,2666,5,843.0,18.0,3,5,1,0,5,4655,541,120,2.0,11.988333333333333,1,0,0,8,5,0,1,0,0,0,0,1
44.5,4.5,0,3,162.0,25.0,0,2962,1,1,2,3338,416,188,1.0,5.0,1,0,1,5,6,0,0,0,0,1,0,1
103.83,4.0,0,1,231.0,27.0,1,919,0,0,3,3409,223,33,1.0,0.0,0,0,1,3,1,1,0,0,1,0,0,1
124.51,4.5,2714,3,514.0,28.0,0,2098,1,0,1,4833,117,101,1.0,0.0,0,1,0,0,1,0,0,0,0,0,1,1
51.89,3.9,2592,1,116.0,25.0,2,1097,0,1,1,4759,90,295,0.0,4.0,1,0,0,6,4,0,0,0,1,0,0,1
193.7,4.1,363,1,520.0,14.0,1,2045,1,1,2,599,69,7,2.0,1.0,0,0,0,1,0,0,0,0,0,0,0,0
104.53,4.1,3296,4,578.0,7.0,1,3683,1,1,2,3886,539,123,4.0,21.0,0,0,0,5,3,0,0,0,1,0,0,1
89.26,3.3,2393,6,20.0,23.0,2,1698,1,0,1,4220,184,299,0.0,1.0,0,1,0,9,5,0,0,1,0,0,0,1
261.53,3.9,1173,2,420.0,6.0,0,1373,1,1,2,1318,100,60,3.0,11.0,0,0,0,7,9,0,0,0,1,0,0,0
212.59,3.1,1721,2,609.0,18.0,0,2046,1,0,2,4423,98,219,2.0,26.0,1,0,0,3,6,1,0,1,0,0,0,1
139.16,4.3,1953,3,403.7255102040816,15.0,0,1211,1,1,1,426,19,26,2.0,4.0,0,0,0,1,6,0,0,0,0,0,0,0
31.93,2.6,3288,3,217.0,15.230456852791878,1,5,1,0,2,4740,91,56,1.0,2.0,1,0,0,2,3,0,1,0,0,0,0,0
229.67,3.3,0,6,302.0,40.0,0,2401,1,1,2,1443,202,60,3.0,12.0,0,0,0,7,5,0,0,0,1,0,0,1
66.92,4.0,5739,4,280.0,28.0,0,905,1,1,6,4374,366,157,4.0,12.0,1,0,0,6,7,1,1,0,0,0,0,0
28.26,2.8,743,2,431.0,5.0,1,3247,1,1,4,656,16,31,3.0,2.0,1,0,0,3,7,0,0,1,0,0,0,0
84.09,3.2,0,2,267.0,19.0,0,5,1,1,4,3798,112,133,2.0,17.0,1,0,1,4,3,1,0,0,0,1,0,1
247.87,3.8,4784,7,913.0,1.0,1,2260,1,1,5,917,132,16,4.0,11.988333333333333,0,0,0,7,9,0,0,0,0,0,0,0
5.0,2.4,0,1,154.0,14.0,1,5,1,0,1,3823,413,166,0.0,10.0,1,0,0,9,2,0,0,1,0,0,0,1
174.62,3.8,3006,4,430.0,1.0,1,2024,1,1,3,2071,166,148,0.0,12.0,1,0,1,6,8,0,0,1,0,0,0,0
50.56,3.4,3433,2,222.0,13.0,0,5,1,0,3,2607,73,139,1.0,19.0,0,0,0,2,7,1,0,0,0,0,0,1
22.23,5.0,144,1,469.0,23.0,3,1842,1,1,3,4450,320,59,2.0,11.988333333333333,0,0,0,7,7,0,0,0,1,0,0,0
83.21,4.4,678,2,268.0,8.0,1,743,1,1,2,1772,169,29,0.0,7.0,0,0,0,3,3,0,0,1,0,0,0,0
131.89,4.5,2464,5,257.0,1.0,0,2549,1,0,3,1329,70,84,3.0,24.0,1,0,0,0,7,0,0,0,1,0,0,1
276.85,3.5,3636,6,474.0,13.0,0,2263,1,1,5,3798,561,280,5.0,21.0,1,0,0,2,4,0,0,0,0,0,0,0
195.16,3.9,1996,5,711.0,3.0,0,1967,1,0,3,2802,32,37,0.0,13.0,1,0,0,4,8,0,1,0,0,0,0,0
285.53,5.0,8543,8,824.0,1.0,0,4000,1,1,6,4174,345,107,5.0,17.0,1,0,0,0,2,0,1,0,0,0,0,0
5.0,3.7,0,1,451.0,34.0,0,1316,1,1,1,943,54,26,0.0,0.0,0,0,0,9,9,0,1,0,0,0,0,0
246.26,3.5,0,4,278.0,7.0,1,5,1,1,3,3902,221,246,2.0,7.0,0,0,0,8,1,0,0,0,0,1,0,0
27.06,3.3,0,2,136.0,17.0,0,1455,0,1,4,4508,448,164,0.0,9.0,0,0,1,7,6,1,0,0,0,0,0,1
184.62,4.2,5454,2,627.0,10.0,0,1989,1,1,1,2240,139,172,0.0,21.0,0,0,0,3,6,0,0,1,0,0,0,0
107.5,4.3,444,4,141.0,21.0,3,2263,0,1,4,2436,93,13,0.0,15.0,0,0,0,8,5,0,0,0,0,1,0,0
20.89,3.8,0,1,126.0,1.0,2,1250,1,1,4,2812,231,46,0.0,18.0,1,0,1,8,6,0,1,0,0,0,0,0
136.72,5.0,1276,5,748.0,13.0,0,1430,0,1,4,1125,117,73,2.0,30.0,0,0,0,4,7,0,0,0,0,1,0,1
219.68,4.0,1753,2,301.0,6.0,1,1230,1,0,5,4847,372,187,4.0,7.0,0,0,0,1,9,0,0,0,0,1,0,0
27.12,2.6,2656,2,94.0,1.0,3,1204,1,1,1,2435,342,43,0.0,5.0,0,0,0,7,9,0,1,0,0,0,0,1
147.77,4.5,1793,1,100.0,32.0,0,393,0,1,1,4120,348,162,1.0,3.0,0,0,1,8,9,1,0,0,0,0,0,1
135.51,4.8,3772,4,56.0,16.0,1,1429,1,1,3,4695,594,353,0.0,16.0,0,0,0,7,2,0,0,1,0,0,0,0
72.86,3.5,0,3,200.0,17.0,0,1811,0,0,1,1074,40,18,2.0,4.0,0,0,0,0,5,0,0,0,0,1,0,1
200.11,3.5,1384,5,515.0,21.0,0,5,1,1,3,743,57,31,0.0,3.0,1,0,0,2,9,0,0,0,1,0,0,0
33.84,3.5,619,1,330.0,41.0,1,5,0,0,2,3570,321,65,2.0,0.0,1,0,1,1,6,0,0,0,0,1,0,1
192.03,4.5,264,7,616.0,1.0,0,2950,1,1,4,4227,510,115,2.0,16.0,0,0,0,5,6,0,0,0,1,0,0,0
107.81,3.5,1957,5,352.0,14.0,0,2878,1,0,2,3569,90,59,2.0,19.0,0,1,0,1,1,0,0,1,0,0,0,0
164.38,3.7,2547,1,699.0,20.0,0,2102,1,0,1,4892,149,58,0.0,30.0,0,1,1,0,9,0,0,0,0,0,1,0
56.8,3.4,841,3,432.0,13.0,2,646,0,1,1,1458,151,49,3.0,13.0,1,0,0,3,1,0,0,0,1,0,0,0
161.27,4.5,2882,4,566.0,1.0,0,1004,1,1,2,1759,197,29,1.0,16.0,0,0,1,8,3,0,1,0,0,0,0,0
121.84,4.0,1533,1,298.0,7.0,1,2716,1,1,1,4763,650,118,0.0,6.0,1,0,0,4,3,0,0,0,1,0,0,0
130.68,4.1,0,3,20.0,19.0,0,761,1,1,4,1880,50,62,2.0,5.0,0,0,0,1,4,0,0,0,0,0,1,1
184.78,3.8,993,5,417.0,1.0,0,2450,0,1,2,510,49,23,4.0,5.0,0,0,1,3,9,0,0,0,0,1,0,0
146.95,3.0,865,3,385.0,15.0,1,838,1,1,1,224,32,14,2.0,1.0,0,0,0,8,2,0,0,0,1,0,0,1
118.1,3.7,693,2,227.0,24.0,1,1482,0,0,2,213,5,3,2.0,0.0,1,0,0,2,1,0,1,0,0,0,0,1
213.02,4.1,2674,3,504.0,1.0,0,2749,1,1,5,1985,179,29,4.0,2.0,0,0,0,4,9,0,0,1,0,0,0,0
193.87,3.6,5176,4,561.0,18.0,0,1812,1,1,2,912,70,24,0.0,20.0,1,0,0,7,0,1,0,1,0,0,0,1
118.14,3.3,0,3,425.0,36.0,0,5,1,1,1,3617,380,193,1.6757142857142857,7.0,0,0,0,9,5,0,0,0,0,0,0,0
110.16,3.6,2222,5,574.0,20.0,0,1523,1,0,5,4564,338,274,3.0,8.0,0,0,1,5,6,0,0,0,0,0,0,0
5.0,3.0,0,2,268.0,44.0,6,143,0,0,3,678,13,33,0.0,6.0,0,1,0,4,0,0,0,0,0,0,0,1
175.01,3.9,1810,9,872.0,18.0,0,3065,1,1,3,4636,609,256,2.0,22.0,1,0,0,9,5,1,0,0,1,0,0,1
144.5,3.978268041237113,2765,8,635.0,1.0,0,2156,0,0,3,665,95,49,3.0,18.0,1,0,0,2,8,0,0,0,0,0,1,0
295.92,4.8,0,7,326.0,23.0,0,3157,0,0,3,2105,124,82,3.0,3.0,0,0,0,3,5,0,0,0,1,0,0,0
116.09,4.1,3659,4,431.0,27.0,0,1745,1,0,1,4306,585,200,2.0,17.0,0,0,0,4,5,0,0,1,0,0,0,0
193.5,3.0,0,2,236.0,36.0,1,1779,1,0,3,4954,359,278,0.0,6.0,1,0,1,2,7,0,0,0,0,0,1,0
178.34,3.8,2851,1,283.0,21.0,0,5,0,0,2,4196,174,163,0.0,9.0,0,0,0,7,7,1,0,0,0,0,1,0
9.93,4.0,0,5,43.0,8.0,0,2289,1,1,2,4800,302,305,1.0,3.0,0,1,0,0,2,0,0,1,0,0,0,0
125.29,3.9,0,1,63.0,7.0,1,2202,0,1,2,1716,73,63,4.0,0.0,0,0,1,0,8,0,0,0,1,0,0,0
119.43,3.1,0,2,20.0,30.0,2,5,0,1,1,2157,232,89,0.0,8.0,1,0,1,1,0,0,0,1,0,0,0,1
224.36,4.7,3123,5,511.0,22.0,0,2593,1,0,3,402,30,16,2.0,0.0,0,0,0,8,2,0,0,1,0,0,0,0
96.86,4.0,357,3,487.0,22.0,2,265,1,0,1,1048,96,27,0.0,14.0,0,0,0,8,8,0,0,1,0,0,0,1
130.71,3.7,0,3,667.0,9.0,0,1151,1,1,1,3484,493,40,1.0,15.0,0,0,0,6,9,1,0,1,0,0,0,1
273.66,3.9,3120,6,503.0,2.0,0,4000,1,1,5,3068,328,120,5.0,19.0,0,0,0,7,6,0,0,1,0,0,0,0
241.28,4.1,1284,7,20.0,24.0,0,966,1,1,1,1662,91,54,1.0,21.0,0,0,1,9,9,1,0,0,0,1,0,1
139.98,3.4,0,4,383.0,1.0,0,1449,1,1,3,1512,88,103,0.0,10.0,1,1,0,7,5,0,0,0,0,1,0,1
306.75,2.9,0,4,443.0,4.0,1,908,1,0,3,3203,120,26,1.0,9.0,0,0,1,3,5,0,1,0,0,0,0,0
100.27,3.4,1368,3,387.0,29.0,0,742,0,0,3,3990,521,83,1.6757142857142857,22.0,0,1,0,1,9,0,0,0,0,1,0,0
64.94,3.5,0,2,696.0,19.0,0,870,0,0,2,76,1,2,1.0,19.0,0,0,0,0,0,1,1,0,0,0,0,0
191.93,4.9,1531,5,935.0,11.0,0,2027,1,0,3,2649,177,80,3.0,19.0,1,0,1,4,4,0,1,0,0,0,0,0
100.09,2.9,3204,4,354.0,22.0,1,1652,0,0,3,2990,94,44,0.0,0.0,0,0,0,4,9,0,1,0,0,0,0,0
140.8,4.9,3880,3,392.0,11.0,2,3643,0,1,2,1418,174,54,4.0,17.0,0,0,0,8,6,0,0,0,1,0,0,0
217.64,3.4,1110,3,20.0,20.0,2,5,1,1,1,3034,123,54,0.0,5.0,1,1,1,4,5,1,0,0,0,0,0,1
114.2,4.2,2421,4,214.0,25.0,2,3032,0,1,3,1474,96,45,0.0,1.0,1,0,0,3,8,1,0,0,0,1,0,1
147.79,3.9,180,4,639.0,5.0,1,2215,1,0,2,2975,289,233,0.0,7.0,0,0,0,5,0,1,1,0,0,0,0,1
151.01,4.2,2482,7,457.0,5.0,0,2918,1,0,3,1639,93,8,4.0,13.0,0,0,0,7,9,1,0,1,0,0,0,0
187.59,5.0,3902,4,551.0,23.0,0,1099,1,0,2,2284,186,90,4.0,7.0,0,1,0,5,6,0,0,0,0,1,0,1
78.67,2.9,0,7,590.0,12.0,2,266,0,0,3,434,10,5,0.0,16.0,0,0,1,0,4,1,0,0,1,0,0,1
5.0,3.3,1110,3,391.0,9.0,0,420,1,0,1,3304,228,226,0.0,0.0,1,0,0,3,4,1,0,0,0,1,0,0
31.87,3.5,0,5,304.0,13.0,1,5,1,0,4,395,52,20,1.0,17.0,0,0,0,7,6,0,0,0,0,0,1,1
82.34,3.7,2658,3,434.0,23.0,0,175,0,0,3,3524,201,49,3.0,11.988333333333333,1,0,0,3,1,0,0,0,0,0,0,1
158.16,3.7,1204,1,210.0,31.0,0,2549,1,1,3,2467,152,185,0.0,4.0,0,0,0,0,8,0,0,0,0,0,1,1
93.14,4.4,2218,3,399.0,24.0,2,2654,0,1,4,3225,73,225,0.0,14.0,1,1,0,1,3,0,0,0,0,1,0,0
99.35,3.7,838,4,130.0,24.0,1,5,0,0,2,2829,308,117,0.0,0.0,1,0,1,5,7,1,0,0,0,0,0,1
118.12,4.4,1170,4,229.0,13.0,2,1025,1,1,2,1471,26,61,3.0,11.988333333333333,1,0,1,6,7,0,0,0,0,1,0,0
188.34,5.0,0,5,349.0,1.0,1,2408,1,1,3,4825,353,238,4.0,28.0,1,0,0,2,2,0,0,1,0,0,0,0
282.64,5.0,3114,7,820.0,9.0,0,2386,0,1,4,1496,190,26,5.0,17.0,1,0,0,5,0,0,0,1,0,0,0,0
160.59,5.0,1526,9,342.0,1.0,0,2009,0,0,4,527,55,39,5.0,17.0,0,0,0,2,2,0,0,0,0,1,0,0
257.57,4.2,2357,1,335.0,4.0,3,2227,1,0,3,4540,144,248,0.0,18.0,0,0,0,7,9,0,0,1,0,0,0,1
86.31,3.2,0,1,273.0,33.0,1,62,0,1,2,352,9,3,2.0,12.0,1,0,1,7,4,0,0,0,0,1,0,1
75.97,4.4,576,5,376.0,22.0,2,357,1,1,4,4927,317,269,0.0,8.0,0,0,0,0,3,1,0,0,0,0,0,1
107.74,4.0,2903,2,191.0,10.0,1,809,1,1,3,3531,344,83,4.0,15.0,1,0,0,0,8,1,1,0,0,0,0,1
58.0,3.7,483,3,218.0,9.0,2,1508,1,1,4,4829,277,248,1.0,10.0,1,0,0,1,2,0,0,0,1,0,0,0
5.0,2.7,1770,1,355.0,14.0,0,150,0,0,3,3149,256,39,2.0,1.0,1,0,0,8,3,0,1,0,0,0,0,0
235.65,3.6,6289,4,403.7255102040816,1.0,1,3658,1,1,3,3467,401,86,5.0,23.0,0,1,0,8,2,1,0,0,1,0,0,1
319.3,4.6,706,1,403.7255102040816,11.0,0,624,1,0,4,3161,82,217,1.6757142857142857,12.0,0,0,1,4,4,0,0,0,0,1,0,1
133.09,3.6,1804,3,391.0,9.0,0,866,1,1,3,298,44,7,1.0,0.0,1,0,0,1,7,0,0,0,0,1,0,1
144.16,3.8,1860,4,40.0,19.0,0,3224,1,1,4,4225,588,112,0.0,9.0,0,0,0,9,8,0,0,0,0,0,1,1
139.28,3.5,967,5,454.0,12.0,0,841,1,0,2,1987,54,74,1.0,19.0,0,0,0,3,1,0,0,0,0,1,0,0
156.27,4.8,0,8,492.0,13.0,0,3238,1,1,3,1341,75,68,2.0,5.0,0,0,0,9,1,0,0,1,0,0,0,0
216.25,5.0,4843,5,862.0,1.0,0,3170,1,1,6,3760,310,113,3.0,28.0,1,0,0,6,1,0,0,0,1,0,0,0
128.02,3.6,0,5,39.0,48.0,0,5,1,0,2,781,40,55,3.0,26.0,0,0,0,5,4,0,0,0,0,1,0,0
195.94,3.8,2703,5,385.0,4.0,0,2331,1,1,4,484,37,2,3.0,16.0,1,0,0,6,5,0,0,0,1,0,0,0
121.02,4.8,3407,1,86.0,1.0,0,1191,1,0,3,838,105,6,3.0,28.0,0,0,0,0,6,0,0,1,0,0,0,0
212.86,4.8,0,4,397.0,15.0,1,924,1,0,1,1221,63,94,2.0,20.0,0,0,0,6,0,0,0,0,0,0,1,0
148.27,3.9,1007,3,447.0,2.0,2,1100,0,0,2,2567,301,100,1.0,11.988333333333333,1,0,0,1,4,1,0,0,0,1,0,1
5.0,3.0,0,5,148.0,16.0,3,5,0,1,3,1359,16,36,2.0,3.0,0,0,0,2,2,0,1,0,0,0,0,1
149.61,3.6,745,1,20.0,28.0,2,1122,0,0,3,2266,214,26,0.0,3.0,0,0,0,8,4,0,0,0,0,1,0,0
185.98,4.3,498,3,140.0,31.0,0,1884,1,1,1,608,58,5,0.0,0.0,0,0,0,2,0,1,0,1,0,0,0,0
98.54,4.4,0,4,293.0,11.0,0,1249,1,0,1,806,66,51,1.0,7.0,1,0,0,4,4,0,0,0,0,0,0,0
5.0,2.2,0,1,62.0,15.230456852791878,2,5,0,0,1,3147,220,62,0.0,0.0,0,1,0,1,0,1,0,1,0,0,0,1
75.57,5.0,2277,5,167.0,15.0,1,1335,1,1,2,4757,181,74,2.0,10.0,0,0,0,8,8,0,0,1,0,0,0,1
16.54,3.0,0,1,463.0,30.0,3,5,1,0,1,1243,174,50,0.0,3.0,0,0,1,0,7,1,0,0,0,0,0,1
140.47,4.6,4747,4,167.0,4.0,1,2475,0,1,3,501,51,39,2.0,22.0,0,0,0,6,5,0,0,0,1,0,0,0
157.99,3.8,2814,4,372.0,11.0,0,1149,1,1,2,3063,62,209,0.0,10.0,0,0,0,9,0,0,0,0,0,0,1,0
216.88,3.9,1590,5,773.0,4.0,0,2760,1,1,2,68,7,4,2.0,20.0,0,0,0,2,1,0,0,0,1,0,0,1
162.45,4.1,0,1,426.0,12.0,1,645,1,1,3,820,36,63,3.0,12.0,1,0,0,9,3,0,0,1,0,0,0,0
170.1,3.5,3756,5,601.0,1.0,0,1221,1,1,1,3728,114,79,1.0,13.0,0,0,0,5,4,0,1,0,0,0,0,0
163.25,4.2,234,3,701.0,9.0,0,2709,1,1,5,1313,69,79,0.0,12.0,0,0,0,2,6,1,0,1,0,0,0,1
115.65,4.1,5709,5,415.0,1.0,2,2273,1,1,2,3708,508,185,1.0,21.0,0,0,0,4,1,0,0,0,0,0,0,0
233.99,3.6,1660,3,318.0,11.0,2,1694,1,0,1,324,28,9,2.0,1.0,0,0,0,7,6,0,0,0,1,0,0,0
257.67,4.6,3983,2,552.0,16.0,1,2596,1,1,2,2977,379,209,1.6757142857142857,8.0,1,0,0,1,9,0,1,0,0,0,0,0
124.04,4.1,6054,7,869.0,3.0,0,2404,1,1,4,2613,81,184,1.0,30.0,0,0,0,5,5,0,0,0,0,0,1,0
142.15,5.0,4749,4,572.0,15.230456852791878,1,3087,1,1,2,3443,430,75,1.0,5.0,0,0,0,4,1,0,0,0,1,0,0,1
188.77,3.7,4728,1,495.0,15.230456852791878,0,4000,1,1,5,4384,446,242,1.0,8.0,0,0,0,1,3,0,0,0,1,0,0,0
174.45,4.3,146,4,485.0,10.0,0,1834,1,0,4,2798,277,40,2.0,14.0,0,0,0,2,9,0,0,0,0,0,0,0
203.49,4.8,4487,5,785.0,1.0,0,2826,1,1,4,1280,125,6,4.0,13.0,0,0,0,8,2,1,0,1,0,0,0,0
182.55,4.8,4406,3,317.0,3.0,0,1420,0,1,2,2407,171,74,3.0,12.0,0,0,0,7,9,0,0,0,0,0,0,0
318.66,4.4,2343,4,470.0,13.0,0,1348,1,1,5,2539,50,171,3.0,9.0,0,0,0,7,1,0,0,0,1,0,0,0
105.63,3.4,0,5,48.0,25.0,1,5,1,1,3,4916,424,86,0.0,11.988333333333333,0,0,0,8,3,1,0,0,1,0,0,1
196.92,3.1,0,1,174.0,10.0,2,230,0,1,3,2637,109,91,3.0,12.0,0,0,0,4,5,0,0,0,1,0,0,1
105.19,3.9,0,3,345.0,30.0,0,5,1,0,1,3888,448,279,3.0,5.0,0,1,1,6,1,1,1,0,0,0,0,1
180.25,4.2,563,5,378.0,27.0,4,577,1,1,1,991,136,10,4.0,12.0,0,0,1,6,1,0,0,0,0,0,1,0
85.89,3.7,0,3,215.0,19.0,2,1373,1,1,3,695,25,45,3.0,2.0,0,1,0,1,3,1,1,0,0,0,0,1
101.67,3.978268041237113,1452,5,532.0,23.0,1,805,1,1,3,4631,62,322,1.0,5.0,0,0,0,4,2,0,0,0,0,0,1,0
196.59,4.9,3013,6,541.0,1.0,1,2674,1,1,4,1323,134,55,5.0,19.0,1,0,0,2,5,0,0,0,0,0,0,0
102.85,3.6,2745,3,501.0,13.0,0,1029,1,1,4,4525,195,189,3.0,6.0,0,0,0,9,9,0,0,0,0,0,1,0
173.43,4.4,4684,5,473.0,16.0,0,1560,1,1,3,2022,26,39,0.0,22.0,0,0,0,6,5,0,0,0,0,0,1,0
231.23,3.0,0,1,458.0,14.0,1,3208,1,1,1,2575,148,114,2.0,16.0,0,0,0,6,0,0,0,0,0,0,1,0
153.37,5.0,3970,3,783.0,16.0,2,1789,0,1,4,3573,204,51,2.0,7.0,0,1,1,2,7,0,0,0,0,0,1,1
98.95,2.3,0,3,403.0,15.0,3,1881,1,1,3,3805,257,152,2.0,0.0,1,0,0,9,2,0,0,1,0,0,0,1
233.47,5.0,2205,5,325.0,6.0,0,1236,1,1,3,881,109,19,3.0,20.0,0,0,0,8,1,0,0,1,0,0,0,0
190.99,4.3,1243,2,845.0,15.0,0,2464,1,1,2,652,70,9,3.0,35.0,0,0,0,7,0,1,0,1,0,0,0,1
160.86,3.9,2874,6,176.0,1.0,2,1307,1,0,1,2043,232,134,3.0,9.0,0,0,0,0,0,0,0,0,0,1,0,1
108.91,3.8,4438,2,485.0,15.230456852791878,1,5,1,0,2,4090,520,40,0.0,11.988333333333333,0,0,0,8,7,0,1,0,0,0,0,0
137.31,3.9,1816,5,217.0,16.0,1,1718,0,1,2,4450,632,83,0.0,11.988333333333333,0,0,0,5,0,0,0,0,1,0,0,0
79.27,3.6,0,4,516.0,4.0,2,1800,0,0,2,4026,553,224,2.0,0.0,1,0,0,5,7,0,0,0,0,0,1,1
254.53,5.0,1497,5,758.0,17.0,1,1460,1,1,5,1064,83,73,4.0,20.0,1,0,0,4,1,0,0,0,0,0,0,1
79.91,3.3,1471,1,200.0,20.0,0,5,0,0,4,258,12,17,1.0,4.0,0,1,0,6,7,1,0,1,0,0,0,1
273.11,3.8,2598,5,486.0,1.0,0,3044,1,1,6,1717,28,65,1.0,20.0,1,0,0,6,3,0,0,0,0,0,0,0
35.39,3.7,691,1,646.0,16.0,2,2048,1,0,2,1771,57,118,3.0,27.0,0,0,0,6,3,0,0,0,0,0,1,1
155.39,4.9,4191,3,245.0,28.0,1,1596,1,1,3,3845,134,215,2.0,13.0,0,0,0,2,5,0,0,0,1,0,0,1
175.29,3.2,0,2,347.0,2.0,2,457,1,0,1,1301,50,55,3.0,12.0,0,1,0,5,3,0,0,1,0,0,0,1
148.51,3.4,968,3,229.0,10.0,0,1872,1,0,2,4545,529,79,1.0,18.0,0,0,1,8,7,0,1,0,0,0,0,0
204.5,4.4,2507,7,606.0,9.0,1,2683,0,1,2,1078,60,59,1.0,18.0,0,0,0,5,6,0,0,1,0,0,0,1
126.36,4.2,0,1,409.0,29.0,0,986,1,0,1,880,66,6,1.0,16.0,0,0,0,0,4,0,0,1,0,0,0,0
181.6,4.4,4304,2,249.0,27.0,1,863,0,0,3,2003,71,89,3.0,15.0,0,0,0,7,4,0,0,0,0,1,0,0
144.92,2.6,1213,4,213.0,11.0,1,1476,1,1,1,662,35,43,4.0,12.0,0,0,0,5,0,0,0,0,0,0,0,0
78.48,4.1,1380,4,326.0,16.0,1,1926,1,1,4,4560,125,308,0.0,19.0,0,0,0,5,4,0,0,0,0,0,1,0
127.93,4.8,5093,4,403.7255102040816,9.0,2,2952,0,1,4,3454,513,259,3.0,20.0,1,0,0,1,5,0,0,0,0,1,0,0
141.64,3.0,1294,3,554.0,14.0,0,2178,1,1,3,4468,539,292,2.0,2.0,0,0,0,3,0,0,0,0,0,0,1,0
73.19,3.8,159,3,529.0,14.0,0,2519,0,0,2,84,9,5,0.0,15.0,1,0,0,8,5,0,0,0,0,1,0,0
138.86,3.9,2873,3,558.0,10.0,1,185,1,1,1,1797,236,53,1.0,8.0,0,0,1,7,7,0,0,0,0,1,0,0
193.89,3.8,0,1,537.0,1.0,3,1532,1,1,5,4011,501,171,1.0,25.0,0,0,0,2,6,0,0,0,1,0,0,1
156.21,2.9,615,1,277.0,24.0,0,2423,1,0,2,1574,141,71,2.0,3.0,0,0,0,7,9,0,0,1,0,0,0,1
204.99,3.3,3214,2,542.0,1.0,0,1000,1,1,4,3426,309,115,2.0,22.0,1,0,0,8,9,0,0,0,0,0,0,0
75.61,4.1,0,2,247.0,21.0,0,5,1,1,1,4077,334,102,0.0,11.0,0,0,0,5,4,0,0,1,0,0,0,1
139.59,3.3,0,1,341.0,9.0,2,2034,0,0,2,982,47,77,1.0,12.0,0,0,0,2,0,0,0,1,0,0,0,0
285.81,4.1,2806,5,507.0,30.0,1,3433,1,1,2,177,16,6,2.0,16.0,0,1,0,2,7,0,0,0,0,1,0,1
5.0,2.7,617,4,403.7255102040816,35.0,1,508,1,0,1,2359,303,62,1.0,2.0,0,0,1,0,6,1,0,1,0,0,0,1
232.1,4.5,591,3,591.0,6.0,1,653,0,0,4,2930,261,135,3.0,17.0,0,0,0,4,8,0,0,1,0,0,0,1
156.34,4.6,2701,1,856.0,9.0,0,4000,1,1,4,4888,625,219,1.0,12.0,0,0,0,8,0,0,0,0,0,0,0,0
209.93,3.3,1155,6,361.0,4.0,2,1576,1,0,5,3625,267,50,2.0,4.0,0,0,1,9,1,1,0,1,0,0,0,1
84.42,3.3,0,2,643.0,11.0,1,5,0,1,1,2143,65,32,1.0,6.0,1,1,1,2,6,0,0,0,1,0,0,1
253.64,5.0,3316,7,553.0,14.0,0,3885,1,1,5,701,65,53,5.0,17.0,0,0,0,1,6,0,0,1,0,0,0,0
178.74,3.978268041237113,3624,8,691.0,7.0,1,2068,1,1,4,2635,255,94,3.0,10.0,1,0,0,9,0,0,0,0,1,0,0,0
125.07,4.3,2682,1,469.0,20.0,0,469,0,1,2,369,7,22,2.0,9.0,0,0,0,4,4,0,0,0,1,0,0,1
67.76,4.0,3713,1,254.0,16.0,3,1148,1,0,3,375,37,17,2.0,15.0,0,0,0,7,4,0,0,0,0,0,0,0
61.3,4.0,266,3,465.0,49.0,2,1341,1,1,2,3303,237,170,0.0,14.0,0,0,0,1,6,0,1,0,0,0,0,1
5.0,4.1,0,3,427.0,20.0,1,965,0,1,4,1248,50,56,0.0,10.0,0,0,0,2,0,1,0,0,1,0,0,1
83.06,4.0,0,4,225.0,16.0,1,1792,1,0,3,496,40,22,1.0,3.0,1,0,0,3,1,0,0,0,1,0,0,0
165.17,4.1,2272,1,809.0,6.0,0,913,1,0,3,766,91,36,1.0,0.0,1,0,0,0,3,0,0,1,0,0,0,0
160.64,2.9,0,2,516.0,10.0,0,35,1,0,3,4114,419,64,4.0,14.0,1,1,0,1,6,0,1,0,0,0,0,0
81.27,3.6,3313,1,420.0,32.0,0,1641,1,0,2,743,89,39,0.0,18.0,0,0,0,6,1,0,0,0,0,0,1,0
275.73,4.5,0,3,191.0,22.0,1,2078,1,1,1,711,90,13,0.0,3.0,0,0,0,4,4,1,0,0,1,0,0,1
5.0,2.6,0,1,345.0,45.0,3,5,0,1,2,4953,566,383,0.0,0.0,0,1,1,5,5,1,0,0,0,1,0,1
147.08,4.8,0,4,536.0,10.0,0,2791,0,1,2,4882,428,172,2.0,25.0,0,0,0,3,4,0,0,0,0,0,1,1
168.87,3.7,487,1,167.0,22.0,3,466,1,1,2,4810,209,227,0.0,0.0,0,0,0,9,4,0,0,0,1,0,0,0
176.53,4.1,5091,6,515.0,7.0,1,2284,1,1,3,791,85,52,5.0,13.0,0,0,0,5,0,0,0,0,0,0,0,0
189.72,4.7,0,1,606.0,22.0,0,2141,1,0,3,3327,89,190,3.0,10.0,0,0,0,9,6,0,1,0,0,0,0,1
104.28,3.6,1571,1,20.0,23.0,2,107,1,1,1,910,72,6,2.0,16.0,1,0,1,2,0,0,0,1,0,0,0,0
163.05,3.8,364,1,433.0,31.0,2,444,1,0,1,838,20,67,1.0,3.0,1,1,0,1,5,0,0,0,0,0,0,1
244.19,4.9,5012,4,403.7255102040816,11.0,0,1484,1,1,4,4950,51,114,3.0,10.0,0,0,0,5,4,0,0,0,0,1,0,0
103.51,4.1,5844,5,526.0,1.0,0,2196,1,0,3,2207,181,115,3.0,28.0,1,0,0,4,3,0,0,0,0,1,0,0
133.12,4.0,1551,1,432.0,20.0,0,2247,0,0,2,4382,571,270,1.0,0.0,0,0,0,0,1,0,0,1,0,0,0,0
168.79,2.9,0,2,34.0,25.0,1,5,0,1,2,4445,161,104,0.0,0.0,1,0,1,8,2,0,0,1,0,0,0,0
145.89,2.8,0,5,215.0,25.0,2,1743,1,0,1,4209,369,217,1.0,0.0,0,0,0,7,0,0,1,0,0,0,0,0
241.55,4.5,3767,3,275.0,14.0,0,1244,1,0,1,3171,261,231,0.0,9.0,1,0,0,6,8,0,1,0,0,0,0,1
194.22,3.6,233,3,621.0,13.0,0,181,1,1,3,4149,448,182,0.0,10.0,0,0,0,8,3,0,0,0,0,0,0,0
112.37,4.4,1879,2,289.0,1.0,1,1250,1,0,2,723,44,38,0.0,14.0,1,0,0,2,3,1,0,1,0,0,0,1
226.62,4.2,0,4,403.7255102040816,14.0,1,1649,1,1,1,2376,300,48,4.0,11.0,1,1,0,4,0,0,0,0,0,1,0,1
62.37,4.0,2150,2,104.0,15.0,0,819,0,1,3,3350,102,140,0.0,7.0,1,0,0,8,4,0,0,0,1,0,0,0
5.0,3.3,865,3,403.7255102040816,43.0,0,412,1,1,4,4107,224,306,0.0,3.0,0,0,0,3,4,0,0,0,0,0,1,0
168.55,3.6,941,3,436.0,8.0,0,1407,1,1,1,627,81,21,3.0,11.988333333333333,0,0,0,4,1,1,0,0,1,0,0,1
67.02,3.7,481,5,216.0,2.0,2,123,0,1,1,3347,106,230,0.0,0.0,0,0,1,3,8,0,0,0,0,0,0,1
279.52,4.1,1040,6,562.0,1.0,0,136,1,1,4,4076,279,224,1.0,22.0,0,0,0,3,8,0,0,0,1,0,0,0
112.7,4.8,2175,5,408.0,6.0,1,2114,1,1,5,2397,181,120,1.0,8.0,0,0,0,0,8,0,0,1,0,0,0,1
185.04,4.3,903,4,545.0,21.0,2,2885,1,1,4,724,49,54,2.0,16.0,1,0,0,3,8,0,1,0,0,0,0,0
107.72,4.4,1200,3,237.0,3.0,0,1474,1,0,2,4946,218,216,1.0,0.0,0,0,0,4,4,0,0,1,0,0,0,1
118.36,3.978268041237113,141,2,20.0,31.0,1,2270,1,1,1,882,127,13,0.0,5.0,0,1,0,1,3,1,0,1,0,0,0,1
204.58,2.9,1285,3,773.0,17.0,1,205,1,1,2,3715,277,130,0.0,0.0,1,1,1,0,0,0,1,0,0,0,0,0
137.7,3.6,1985,2,275.0,33.0,2,1368,1,0,1,903,70,32,0.0,0.0,1,0,0,5,6,1,0,0,0,0,0,1
125.94,3.5,0,2,365.0,20.0,1,5,0,1,1,1737,233,58,0.0,19.0,0,0,0,8,5,0,1,0,0,0,0,1
241.41,4.4,2862,5,166.0,21.0,0,1436,0,1,2,1599,157,96,4.0,6.0,1,0,1,7,9,1,0,1,0,0,0,1
244.13,4.4,2553,8,635.0,1.0,0,1564,1,1,2,3172,234,194,0.0,27.0,1,0,0,8,7,0,0,0,0,0,0,0
195.57,3.9,4340,4,639.0,7.0,0,2269,1,1,2,3079,75,167,2.0,20.0,0,0,0,9,7,0,0,0,0,0,0,0
172.88,4.3,203,3,354.0,25.0,2,1207,1,1,4,717,74,35,2.0,22.0,1,0,0,8,0,0,0,1,0,0,0,0
172.84,3.7,1730,3,698.0,19.0,0,2999,0,1,4,3428,136,85,3.0,5.0,0,0,0,0,2,0,0,0,1,0,0,0
184.09,4.3,2398,3,197.0,17.0,0,460,1,0,2,4984,214,141,3.0,9.0,0,0,0,8,3,0,0,1,0,0,0,0
300.08,5.0,6477,5,567.0,15.230456852791878,0,2768,1,1,4,3023,199,224,3.0,25.0,1,0,0,3,0,0,0,0,0,0,0,0
34.28,3.0,4532,1,255.0,5.0,1,387,1,0,2,4285,508,159,0.0,0.0,0,1,0,7,9,0,1,0,0,0,0,1
6.52,4.1,3994,1,262.0,16.0,3,5,1,1,3,4617,446,68,1.0,5.0,1,0,1,9,5,0,0,0,0,0,0,0
145.18,4.6,292,1,115.0,17.0,2,1572,0,0,5,2655,347,61,0.0,0.0,0,0,0,4,2,0,1,0,0,0,0,0
5.0,3.4,704,4,206.0,13.0,1,2288,1,1,2,3640,116,243,4.0,16.0,1,0,0,4,1,0,0,0,0,0,0,0
128.27,3.9,242,1,616.0,14.0,0,3312,1,0,5,413,46,13,5.0,12.0,0,1,0,4,6,0,0,0,1,0,0,0
266.77,3.9,3104,6,232.0,1.0,0,519,1,1,5,4637,151,346,1.6757142857142857,25.0,1,0,0,3,1,0,0,0,0,0,0,0
56.65,4.0,1709,3,679.0,22.0,0,799,1,1,4,3083,440,153,1.0,10.0,0,0,0,9,6,1,1,0,0,0,0,1
59.85,3.3,432,3,269.0,8.0,3,49,0,1,2,3686,372,124,0.0,14.0,1,0,0,1,0,0,0,1,0,0,0,0
35.32,4.1,0,5,396.0,1.0,3,40,0,0,2,595,49,44,3.0,0.0,1,0,0,8,1,0,0,0,0,1,0,1
138.29,4.7,0,2,561.0,22.0,0,2850,1,1,4,685,14,12,0.0,11.0,0,0,0,3,2,0,1,0,0,0,0,0
70.16,3.3,72,1,175.0,14.0,6,851,1,0,1,1309,58,55,0.0,0.0,1,0,0,4,1,0,1,0,0,0,0,0
66.26,3.7,3056,1,284.0,17.0,0,5,0,1,3,622,57,24,2.0,6.0,1,0,1,8,1,0,0,1,0,0,0,1
5.4,2.3,2548,3,129.0,26.0,3,1306,0,1,1,2656,321,172,0.0,2.0,1,1,0,8,2,0,0,0,1,0,0,0
160.69,3.1,1570,7,105.0,3.0,0,538,1,1,3,2429,148,31,3.0,8.0,0,0,0,1,0,0,0,0,1,0,0,0
185.44,4.2,3590,3,457.0,9.0,0,186,1,1,5,126,13,2,1.0,15.0,1,0,0,6,6,0,0,0,1,0,0,0
129.01,4.5,0,1,490.0,15.0,0,1346,1,0,1,288,31,2,4.0,18.0,1,0,0,2,5,1,0,0,1,0,0,0
122.74,3.2,0,1,396.0,23.0,4,1369,1,0,1,4399,154,338,0.0,11.988333333333333,0,0,0,7,5,0,0,0,0,0,1,1
87.83,3.6,870,1,20.0,29.0,0,717,0,1,3,118,2,6,4.0,20.0,1,0,0,7,2,0,0,0,0,0,0,0
92.96,3.2,1988,1,794.0,29.0,2,2280,1,1,3,3530,520,131,0.0,15.0,0,1,1,7,7,0,0,0,0,0,1,1
135.31,4.5,2960,3,384.0,14.0,0,2266,1,1,3,4978,417,303,2.0,16.0,0,0,0,5,4,0,0,1,0,0,0,0
274.34,4.0,486,1,456.0,17.0,3,740,1,0,5,1716,159,121,0.0,18.0,0,0,0,1,0,1,0,0,0,0,1,0
98.7,3.5,0,5,356.0,17.0,1,670,0,1,2,1981,92,129,1.0,10.0,0,0,1,7,7,1,0,0,0,1,0,1
143.53,4.2,2305,3,697.0,9.0,0,947,1,1,3,4710,662,181,2.0,14.0,0,0,0,5,4,0,0,0,0,0,1,0
155.7,4.5,2638,2,239.0,24.0,0,1282,0,1,3,2700,71,136,2.0,12.0,0,0,0,6,8,0,0,0,1,0,0,1
175.16,4.3,3318,7,436.0,22.0,0,3473,0,1,3,3576,137,39,1.6757142857142857,7.0,0,0,0,1,2,1,0,1,0,0,0,1
63.32,4.2,3434,3,101.0,13.0,0,1475,1,1,5,4288,443,287,0.0,2.0,0,0,0,4,3,0,0,0,1,0,0,0
132.2,3.5,468,1,253.0,30.0,2,5,0,0,2,2863,222,60,1.0,7.0,0,0,0,5,2,0,0,0,0,0,0,1
273.72,3.9,1928,4,476.0,20.0,0,924,1,1,3,4957,507,337,1.0,11.988333333333333,1,0,1,3,4,0,1,0,0,0,0,0
5.0,3.1,0,4,393.0,38.0,2,718,1,0,3,191,2,14,3.0,0.0,1,1,0,5,0,0,1,0,0,0,0,0
78.2,3.6,2946,1,28.0,30.0,2,637,1,1,1,431,63,14,0.0,15.0,0,0,0,7,9,0,0,0,0,0,1,0
232.49,3.8,0,1,684.0,8.0,0,2025,1,1,1,2800,89,95,1.0,3.0,0,0,1,7,2,0,0,0,1,0,0,0
176.06,4.0,2335,5,60.0,12.0,0,2484,1,1,3,2989,230,216,1.0,5.0,0,0,0,9,0,0,0,0,1,0,0,0
133.22,3.4,0,2,224.0,17.0,3,52,0,1,3,4542,427,48,0.0,6.0,0,0,0,8,5,0,0,0,0,1,0,0
131.53,4.2,0,2,20.0,14.0,1,983,0,1,1,2357,70,136,1.0,11.988333333333333,0,0,0,7,3,1,0,0,1,0,0,1
285.66,3.4,0,4,291.0,15.0,1,199,1,0,4,3643,136,152,2.0,0.0,1,1,0,8,5,0,0,0,0,0,0,0
5.0,2.9,0,1,273.0,57.0,3,5,1,1,1,2754,39,107,0.0,7.0,0,0,1,0,7,1,0,0,0,1,0,1
187.96,4.5,854,1,402.0,4.0,0,746,0,0,2,4997,60,47,3.0,9.0,0,1,0,4,1,0,1,0,0,0,0,0
123.34,4.1,18,1,420.0,21.0,1,260,0,1,2,647,89,4,0.0,8.0,0,0,1,7,4,0,0,1,0,0,0,1
153.42,4.8,1760,2,505.0,44.0,0,1755,1,1,3,415,10,4,2.0,6.0,0,0,0,1,5,0,0,0,0,1,0,1
92.73,3.7,1658,2,218.0,6.0,2,2196,1,1,2,4773,357,129,1.0,9.0,1,0,0,1,8,0,0,1,0,0,0,0
135.66,3.9,4129,3,247.0,6.0,1,1486,1,1,1,1296,144,77,0.0,8.0,0,0,0,2,5,0,0,0,1,0,0,0
75.79,3.9,2812,3,112.0,20.0,0,1674,1,0,2,1241,120,58,0.0,27.0,1,0,1,3,3,0,0,0,0,0,0,0
116.9,3.7,864,4,298.0,11.0,0,2796,1,0,4,4743,452,107,3.0,11.988333333333333,0,1,0,5,0,0,0,0,0,0,0,0
43.31,4.0,0,1,236.0,13.0,0,669,1,1,1,737,7,31,2.0,11.988333333333333,0,0,0,4,5,1,1,0,0,0,0,1
37.88,3.7,5457,4,206.0,31.0,2,284,1,1,2,100,13,6,3.0,20.0,0,0,0,3,6,0,0,0,0,1,0,0
5.0,3.0,0,1,20.0,31.0,2,208,0,1,1,2240,310,80,0.0,6.0,1,1,1,8,2,0,1,0,0,0,0,1
204.58,4.1,2466,9,592.0,9.0,0,866,1,1,6,2267,166,95,4.0,28.0,1,0,0,2,8,0,0,1,0,0,0,0
265.58,4.6,3096,5,365.0,1.0,0,2042,1,1,4,3921,490,83,4.0,23.0,0,0,0,1,2,0,0,1,0,0,0,0
167.97,4.2,4051,6,392.0,1.0,0,839,0,1,3,389,27,16,3.0,26.0,0,0,0,0,8,1,0,0,0,0,0,0
195.03,4.2,0,5,251.0,28.0,1,5,1,0,2,99,8,1,2.0,5.0,0,0,0,5,2,1,1,0,0,0,0,1
105.85,3.8,1908,4,20.0,20.0,0,689,1,1,4,3883,347,285,2.0,11.0,0,0,0,5,5,0,0,0,0,0,0,0
158.99,4.0,0,1,445.0,7.0,1,526,1,0,3,319,17,16,3.0,9.0,1,0,0,5,3,0,0,1,0,0,0,0
248.16,4.3,0,4,412.0,12.0,0,533,1,1,4,1055,89,61,1.0,26.0,0,0,0,5,6,0,0,0,0,0,0,0
150.13,3.4,1687,3,51.0,16.0,2,2438,0,0,2,2239,117,82,2.0,0.0,0,0,0,7,3,1,1,0,0,0,0,1
181.02,4.5,1553,7,666.0,18.0,0,4000,1,1,3,684,93,50,4.0,2.0,0,0,0,3,6,0,0,0,0,0,1,0
5.0,2.2,907,4,59.0,25.0,3,549,1,1,2,812,104,37,3.0,17.0,0,0,0,3,4,0,0,0,0,1,0,1
76.5,4.5,2645,4,672.0,18.0,0,2805,1,1,2,4843,432,123,2.0,23.0,0,0,0,0,0,0,0,0,0,0,1,0
223.16,3.6,1348,3,654.0,3.0,2,1966,1,1,3,2480,211,50,0.0,19.0,1,0,0,4,8,0,0,0,0,0,1,1
227.39,3.8,929,8,399.0,6.0,0,581,1,1,1,346,49,11,1.0,7.0,0,0,0,6,0,0,0,0,0,0,1,0
303.39,3.3,7,4,357.0,8.0,1,3502,0,0,3,313,46,5,4.0,11.0,1,0,0,8,8,1,0,1,0,0,0,1
21.54,3.978268041237113,0,4,132.0,27.0,2,976,1,0,1,1710,98,99,1.0,9.0,0,0,0,6,7,1,0,0,1,0,0,1
136.11,3.7,2598,5,425.0,15.0,0,4000,0,1,3,2715,246,118,3.0,20.0,1,0,0,6,6,0,0,0,0,0,0,0
151.46,3.4,0,1,321.0,14.0,0,100,1,1,2,2653,147,198,1.0,17.0,0,0,0,2,4,0,1,0,0,0,0,1
76.09,3.9,2193,4,244.0,33.0,0,2236,1,0,1,1010,92,63,0.0,14.0,1,1,0,7,7,0,1,0,0,0,0,0
199.22,3.5,4648,3,384.0,20.0,3,296,1,0,2,2211,40,100,0.0,18.0,1,0,0,9,9,0,1,0,0,0,0,0
147.97,4.1,0,4,51.0,16.0,1,1043,0,0,2,1640,174,10,2.0,11.988333333333333,0,0,0,6,8,0,0,0,0,0,0,0
347.57,4.0,5067,3,484.0,4.0,0,2853,1,0,5,4491,462,293,1.6757142857142857,29.0,1,0,0,9,6,0,0,0,0,1,0,0
5.0,3.3,0,3,384.0,15.230456852791878,3,1553,1,1,1,3054,316,83,1.0,3.0,1,0,0,0,6,1,0,0,0,0,1,1
162.1,4.9,7308,5,711.0,1.0,0,3379,1,0,3,3530,106,100,3.0,24.0,0,0,0,1,4,0,0,0,0,1,0,0
98.58,3.6,0,1,329.0,18.0,0,1193,0,1,1,4639,349,173,0.0,29.0,0,0,0,5,7,0,0,0,0,0,0,1
205.12,3.4,1858,3,813.0,11.0,0,711,1,0,1,4679,257,371,2.0,5.0,0,0,0,7,8,1,0,0,0,0,1,1
212.9,4.0,3161,3,318.0,19.0,0,2099,1,1,2,2395,260,130,1.0,13.0,0,0,1,0,1,0,0,0,1,0,0,0
212.17,4.5,509,2,498.0,1.0,1,2479,1,1,4,1881,144,137,2.0,24.0,0,0,0,5,4,0,1,0,0,0,0,0
118.02,3.7,2042,5,591.0,23.0,2,2562,0,1,4,4490,248,355,0.0,1.0,0,0,0,7,4,1,0,0,0,1,0,1
114.64,4.1,3303,4,724.0,16.0,0,2244,1,0,3,493,49,27,2.0,14.0,1,0,0,2,0,0,0,0,0,0,1,1
200.25,5.0,3036,1,462.0,7.0,1,145,1,1,2,2259,96,86,2.0,9.0,0,0,0,0,3,0,0,1,0,0,0,0
127.01,3.8,228,2,165.0,31.0,3,207,1,1,1,899,40,45,1.0,12.0,0,0,1,3,9,1,0,0,0,0,0,1
293.33,3.6,2447,7,340.0,13.0,0,2086,1,0,2,3421,107,123,2.0,25.0,0,0,0,4,7,0,0,0,1,0,0,1
95.35,4.2,0,1,406.0,18.0,2,1231,1,1,4,2312,269,163,0.0,6.0,0,0,1,4,3,0,0,0,0,1,0,0
89.5,3.9,2550,5,449.0,4.0,0,1728,1,1,3,3217,139,140,0.0,10.0,0,0,0,9,8,0,0,1,0,0,0,1
96.65,4.4,0,3,260.0,9.0,3,168,0,0,4,3022,176,228,1.0,5.0,0,0,0,9,1,0,0,0,0,0,0,0
157.17,4.6,2211,3,810.0,26.0,1,1479,0,1,3,3119,302,161,0.0,13.0,0,0,0,6,5,0,1,0,0,0,0,1
219.58,4.6,164,4,454.0,32.0,0,496,1,0,4,1992,277,66,1.0,18.0,0,0,0,4,6,1,0,0,0,0,1,1
84.89,3.4,0,4,261.0,12.0,1,600,0,0,2,3189,372,105,0.0,13.0,0,0,1,1,1,0,0,0,1,0,0,1
139.66,3.9,2389,3,737.0,19.0,0,1089,1,0,1,2500,66,73,2.0,17.0,0,0,0,7,5,0,0,0,0,0,1,0
110.7,4.2,2876,5,780.0,31.0,1,731,1,1,5,1477,111,32,2.0,5.0,1,0,0,2,3,0,0,1,0,0,0,0
82.72,3.5,3357,2,288.0,16.0,3,5,0,0,1,4801,64,380,1.0,10.0,0,0,0,0,3,1,1,0,0,0,0,1
44.53,3.7,2039,3,480.0,18.0,1,568,1,1,1,2579,377,164,0.0,24.0,0,0,0,9,1,0,0,1,0,0,0,1
82.2,3.3,0,2,20.0,13.0,0,235,1,1,5,2015,213,25,1.0,4.0,0,0,0,0,9,0,0,0,0,0,0,0
37.86,3.978268041237113,1038,1,429.0,26.0,0,2076,1,0,1,4257,509,228,0.0,8.0,0,0,0,6,3,1,1,0,0,0,0,1
99.11,3.5,3039,2,411.0,32.0,1,5,1,1,2,2669,183,206,0.0,10.0,0,0,0,3,8,0,0,1,0,0,0,1
299.97,4.7,5670,8,748.0,6.0,0,1948,1,1,4,1774,223,88,2.0,21.0,0,0,0,9,0,0,0,0,1,0,0,0
5.0,3.8,2647,2,48.0,24.0,2,3666,0,1,1,769,55,20,2.0,7.0,0,0,0,3,4,1,0,0,1,0,0,1
191.82,4.5,1051,4,552.0,1.0,1,2517,1,0,1,3155,37,231,0.0,22.0,0,0,1,6,7,1,0,0,1,0,0,1
186.69,3.1,2302,5,304.0,8.0,0,110,1,1,3,3439,367,190,1.0,0.0,0,0,0,3,2,0,0,0,0,0,1,0
40.39,3.1,482,2,332.0,20.0,2,5,0,1,1,986,94,29,0.0,2.0,1,1,0,8,1,1,1,0,0,0,0,1
134.04,3.1,1384,1,454.0,20.0,2,55,0,1,1,1426,63,90,0.0,4.0,0,1,1,8,4,0,1,0,0,0,0,0
310.72,4.2,5645,6,806.0,4.0,0,4000,1,1,3,1463,198,55,2.0,11.988333333333333,0,0,0,9,8,0,1,0,0,0,0,0
63.62,4.9,3932,7,769.0,7.0,0,4000,1,0,1,4657,425,236,0.0,11.988333333333333,0,0,0,6,3,1,0,0,0,1,0,1
208.52,3.5,1490,4,249.0,19.0,2,1007,1,0,3,4676,355,368,0.0,20.0,0,0,0,6,6,0,0,1,0,0,0,0
112.36,3.7,0,3,176.0,8.0,1,1543,0,0,3,4127,284,145,0.0,13.0,1,0,0,2,3,0,1,0,0,0,0,0
77.62,4.5,1430,4,122.0,12.0,1,1954,0,0,5,4039,337,185,0.0,6.0,1,1,0,3,9,0,0,0,0,0,0,0
143.09,4.3,5451,4,856.0,1.0,1,4000,1,0,3,650,69,11,4.0,16.0,0,0,0,2,5,0,0,0,0,0,0,0
186.62,3.7,0,7,848.0,1.0,0,1477,0,1,2,2319,148,181,0.0,9.0,0,0,0,3,0,0,0,0,1,0,0,0
364.86,4.9,284,2,244.0,17.0,1,2620,0,0,2,2334,342,162,1.0,15.0,0,0,0,0,0,1,0,0,1,0,0,1
221.36,4.1,2854,6,732.0,1.0,0,1686,1,0,2,4490,121,170,2.0,18.0,0,0,0,3,1,1,0,1,0,0,0,1
175.62,4.1,2561,6,487.0,30.0,1,847,1,1,2,803,89,56,0.0,0.0,0,0,0,5,3,0,0,0,1,0,0,0
5.0,4.5,2422,1,437.0,8.0,0,190,0,1,3,1894,102,63,1.0,19.0,0,0,0,8,7,0,0,0,0,0,1,1
187.89,3.9,0,6,340.0,19.0,1,1637,1,0,5,4598,112,180,1.0,1.0,1,0,0,2,6,0,0,0,1,0,0,0
186.76,3.9,3336,1,464.0,2.0,1,1885,1,1,6,3561,524,47,0.0,16.0,0,0,1,2,1,1,0,0,0,1,0,1
206.78,2.8,2672,2,158.0,27.0,1,570,0,1,2,2365,39,152,1.0,17.0,0,0,1,4,3,0,0,0,1,0,0,0
5.0,3.4,0,1,212.0,23.0,2,1698,1,0,1,3821,357,292,0.0,8.0,0,0,0,4,1,1,0,0,0,0,0,1
79.73,3.5,2061,1,62.0,1.0,1,747,1,1,3,885,103,7,1.0,4.0,0,0,0,3,3,0,0,0,0,0,0,1
308.89,5.0,0,3,591.0,1.0,0,2668,0,1,5,2341,239,44,0.0,22.0,0,0,0,0,1,0,1,0,0,0,0,0
5.0,3.7,783,1,404.0,12.0,1,5,1,1,1,1867,69,126,1.0,0.0,1,1,0,6,1,1,0,0,0,1,0,0
74.37,3.9,2599,3,276.0,1.0,0,665,1,0,2,2846,296,33,3.0,0.0,0,0,0,8,4,0,1,0,0,0,0,1
282.21,3.6,2294,4,665.0,1.0,1,3293,1,1,5,4308,135,339,4.0,22.0,1,0,0,5,4,0,0,0,0,0,0,0
174.22,3.2,0,3,370.0,16.0,1,1474,1,0,3,1916,90,60,1.0,20.0,0,0,0,0,7,0,0,0,0,0,1,1
103.64,3.7,1609,2,368.0,15.0,1,5,0,1,3,2572,255,161,2.0,14.0,0,0,0,8,3,0,0,0,0,0,0,0
16.5,4.4,0,4,463.0,12.0,0,2044,1,0,2,4822,196,180,0.0,19.0,0,0,0,0,2,0,1,0,0,0,0,1
225.13,3.9,3082,1,562.0,1.0,0,1294,1,1,3,3811,99,256,2.0,28.0,1,0,0,9,6,0,0,0,0,1,0,0
221.24,4.5,5552,5,538.0,1.0,0,3811,1,1,4,2387,140,63,4.0,23.0,0,0,0,3,9,0,0,1,0,0,0,0
216.22,3.5,0,7,428.0,24.0,1,2058,0,0,1,109,3,4,4.0,3.0,0,0,1,3,7,0,0,0,1,0,0,0
104.17,4.4,811,5,498.0,21.0,2,549,0,1,1,2244,159,158,0.0,2.0,0,0,0,3,9,1,0,0,0,1,0,1
197.93,4.1,5164,2,334.0,17.0,0,3398,1,0,3,1784,22,59,3.0,0.0,1,0,0,3,4,0,0,1,0,0,0,1
139.03,4.0,2210,1,224.0,13.0,2,2116,0,1,2,1520,175,36,0.0,0.0,1,0,0,1,0,1,0,1,0,0,0,1
300.82,4.8,2900,5,248.0,8.0,1,992,1,0,2,2080,201,74,4.0,2.0,0,0,0,9,3,0,0,0,1,0,0,0
232.81,3.5,1083,5,543.0,24.0,2,2865,1,1,3,878,19,9,0.0,26.0,0,0,0,5,7,0,0,0,0,0,0,0
237.88,4.9,0,4,303.0,34.0,0,1877,1,1,3,2138,311,11,1.0,12.0,0,0,1,9,9,1,1,0,0,0,0,0
91.62,3.6,0,2,20.0,36.0,1,679,1,0,2,4471,493,68,0.0,0.0,0,0,0,3,4,0,0,0,0,1,0,1
151.03,5.0,0,5,512.0,1.0,2,2312,1,0,4,3420,254,222,0.0,22.0,0,0,0,8,4,0,0,1,0,0,0,0
191.65,3.3,1579,5,349.0,1.0,1,1419,0,0,2,3649,442,63,1.0,0.0,1,0,1,3,7,1,0,0,0,1,0,1
279.0,4.1,1600,2,90.0,9.0,1,1945,1,1,1,548,61,36,2.0,4.0,0,0,0,0,5,0,0,0,0,0,1,0
303.46,3.978268041237113,1886,5,804.0,20.0,2,2971,0,1,6,2588,361,77,3.0,5.0,0,0,0,8,1,0,0,0,0,1,0,1
263.7,5.0,2701,7,730.0,1.0,0,4000,1,0,5,3380,50,151,1.0,28.0,0,0,0,5,4,0,0,0,0,1,0,0
93.37,3.0,1897,2,20.0,35.0,3,545,0,0,2,1406,134,65,2.0,16.0,0,1,0,4,4,1,0,0,0,0,0,1
216.5,4.2,1206,1,608.0,38.0,1,3084,0,0,1,2255,62,120,0.0,16.0,1,0,0,9,8,0,0,0,1,0,0,1
12.24,4.5,0,1,556.0,13.0,0,448,1,0,2,605,76,14,0.0,0.0,0,0,0,9,8,0,0,1,0,0,0,0
5.0,3.3,0,6,20.0,23.0,0,1378,0,0,3,1705,35,24,2.0,3.0,0,1,0,8,2,0,0,0,0,0,1,1
213.54,3.8,941,8,784.0,17.0,0,757,1,1,2,4765,255,209,1.0,0.0,0,1,0,2,4,0,1,0,0,0,0,0
282.44,4.5,0,7,502.0,26.0,0,1290,0,1,3,1932,250,28,2.0,8.0,0,0,0,9,2,0,1,0,0,0,0,0
149.39,3.0,2108,6,219.0,8.0,0,907,1,1,4,1369,162,52,3.0,1.0,0,0,0,4,1,1,0,1,0,0,0,0
167.48,4.9,0,5,364.0,2.0,1,146,1,1,2,4013,320,60,2.0,4.0,1,0,0,0,0,0,0,0,0,0,1,0
148.96,4.1,2733,4,189.0,14.0,0,1618,0,1,2,3264,414,96,3.0,16.0,1,1,1,7,1,1,0,1,0,0,0,1
117.72,3.5,1051,2,20.0,18.0,1,100,0,1,1,1068,114,73,1.0,4.0,1,1,0,3,0,0,0,0,0,0,0,1
82.14,4.3,308,2,346.0,10.0,0,1208,1,1,5,1255,138,23,0.0,15.0,0,1,1,2,6,0,0,0,1,0,0,0
195.05,4.1,4373,2,623.0,6.0,1,5,1,1,4,4585,116,108,0.0,20.0,0,0,0,2,7,0,1,0,0,0,0,0
161.61,4.4,4428,4,493.0,9.0,0,1496,1,1,5,3985,82,259,3.0,10.0,0,0,1,0,7,0,0,1,0,0,0,0
137.16,4.1,324,3,468.0,2.0,0,2973,1,1,4,1928,126,31,3.0,28.0,0,0,0,3,0,0,0,1,0,0,0,0
5.0,2.7,0,1,239.0,33.0,2,951,0,0,1,2867,349,53,2.0,12.0,0,0,0,0,2,1,0,1,0,0,0,1
55.92,4.1,5703,3,152.0,9.0,3,681,1,1,1,72,2,4,5.0,11.988333333333333,1,0,0,6,4,0,0,0,1,0,0,0
191.38,3.8,2593,1,97.0,34.0,2,1341,1,0,2,4478,69,178,3.0,15.0,0,0,0,6,1,1,0,0,0,1,0,1
91.11,4.7,456,6,237.0,26.0,0,5,1,1,1,2352,123,128,1.0,0.0,0,0,0,3,6,1,0,0,0,1,0,0
53.6,3.8,0,1,532.0,26.0,1,5,0,1,1,3400,161,245,1.0,0.0,0,0,0,6,7,0,0,0,0,1,0,1
120.22,4.3,1821,2,403.7255102040816,18.0,2,1619,1,0,1,4360,214,149,0.0,13.0,0,0,1,4,7,0,1,0,0,0,0,0
112.88,4.2,0,3,458.0,27.0,0,2456,1,1,1,2384,208,122,1.0,14.0,1,0,0,5,4,0,1,0,0,0,0,0
91.02,4.9,2080,5,400.0,1.0,0,923,1,1,4,4575,82,310,5.0,17.0,0,1,0,8,1,0,0,0,0,0,0,0
152.98,4.0,2891,8,820.0,13.0,0,2111,1,1,4,2767,346,154,2.0,23.0,1,0,1,0,5,0,0,0,0,1,0,0
5.0,3.978268041237113,0,1,117.0,13.0,1,677,0,0,1,1264,127,71,1.0,0.0,1,0,0,6,4,0,1,0,0,0,0,1
93.12,4.8,5112,4,563.0,6.0,0,2312,1,1,1,810,46,57,1.0,23.0,1,1,0,8,1,0,0,0,1,0,0,0
67.04,3.2,56,4,364.0,18.0,1,925,1,1,2,3425,108,35,2.0,13.0,1,0,0,5,8,0,0,0,0,0,0,1
161.14,4.1,1392,6,214.0,19.0,0,5,0,1,4,1643,200,52,1.0,20.0,0,0,0,9,0,0,1,0,0,0,0,1
89.08,4.0,1487,6,579.0,11.0,0,825,0,1,4,1960,34,102,0.0,11.0,0,0,0,6,1,0,0,0,0,1,0,0
185.85,4.2,5470,6,592.0,1.0,0,1884,1,1,3,448,61,28,0.0,11.0,1,0,0,7,3,0,0,1,0,0,0,0
120.4,3.7,1066,3,577.0,14.0,3,1979,1,1,5,2546,272,69,2.0,12.0,0,1,0,0,2,0,0,0,0,1,0,0
153.65,4.9,6770,6,372.0,5.0,0,2081,1,1,3,2040,123,94,0.0,21.0,0,0,0,7,2,0,0,0,0,0,0,0
172.01,3.2,0,3,410.0,27.0,2,616,0,0,1,4687,184,126,2.0,14.0,0,0,1,7,0,0,0,0,1,0,0,1
69.3,5.0,1093,4,229.0,9.0,0,2886,1,1,4,3296,129,242,2.0,13.0,0,0,0,4,9,0,1,0,0,0,0,0
130.98,4.2,5901,4,396.0,20.0,0,1079,1,1,4,1764,226,30,1.0,11.988333333333333,0,0,1,6,7,0,0,0,0,0,0,0
14.63,3.9,1538,2,239.0,21.0,3,2101,1,1,2,418,27,5,0.0,14.0,0,0,0,7,9,0,0,0,0,1,0,1
212.1,5.0,3720,6,511.0,8.0,0,1389,0,1,3,1334,174,64,4.0,0.0,1,0,0,0,8,0,0,0,0,1,0,0
189.91,4.4,3264,4,552.0,16.0,3,4000,0,0,5,3512,257,68,0.0,7.0,0,0,0,3,2,0,1,0,0,0,0,0
205.86,3.8,1648,5,735.0,3.0,0,2899,1,1,5,4579,553,144,4.0,13.0,0,0,0,0,9,0,0,0,1,0,0,0
87.49,3.2,843,3,448.0,5.0,1,1579,1,1,4,1339,172,32,2.0,3.0,1,0,1,2,8,1,0,1,0,0,0,1
161.37,3.978268041237113,675,5,416.0,5.0,0,5,1,1,1,4113,522,185,1.0,14.0,0,0,0,3,4,0,1,0,0,0,0,1
237.5,5.0,6380,6,403.7255102040816,1.0,0,1699,1,1,2,4613,274,129,3.0,28.0,1,0,0,7,4,0,1,0,0,0,0,1
79.23,4.4,4278,3,688.0,19.0,1,1266,0,1,1,1344,53,16,1.0,15.0,1,0,0,0,0,0,0,0,0,0,0,0
144.26,4.0,3692,8,610.0,23.0,0,3504,1,1,2,678,34,47,1.0,7.0,0,0,0,0,2,0,1,0,0,0,0,1
55.85,3.8,698,2,475.0,8.0,2,5,0,1,2,3404,242,212,2.0,0.0,0,0,0,2,1,1,0,1,0,0,0,1
295.13,4.9,3484,6,249.0,1.0,1,846,0,1,3,2628,264,178,5.0,16.0,0,0,0,9,2,0,0,0,1,0,0,0
98.64,3.9,446,6,160.0,1.0,0,111,0,0,2,582,86,15,1.0,14.0,0,1,0,5,4,0,0,0,0,0,0,0
177.35,5.0,2367,6,420.0,16.0,1,1811,1,1,4,4122,471,185,5.0,21.0,0,0,1,0,6,0,0,0,1,0,0,1
5.0,2.6,0,3,126.0,18.0,0,1308,1,0,3,2888,190,198,3.0,6.0,0,0,0,7,0,1,0,0,0,0,0,1
66.44,4.3,897,5,384.0,1.0,0,2153,0,0,5,4922,49,91,0.0,8.0,1,0,0,9,7,0,0,0,0,0,1,0
5.0,3.9,885,2,242.0,4.0,1,1851,1,1,2,3427,53,201,1.0,0.0,0,0,1,9,4,0,0,0,1,0,0,1
151.07,3.9,1967,2,345.0,31.0,0,1402,0,1,1,520,58,34,5.0,8.0,0,0,0,1,9,0,0,1,0,0,0,1
122.53,3.7,4814,6,588.0,22.0,2,2081,1,1,4,3386,302,76,2.0,0.0,1,0,0,0,2,0,1,0,0,0,0,1
190.61,3.8,1270,4,359.0,13.0,0,2946,1,0,4,1023,96,11,2.0,15.0,0,1,0,1,4,0,1,0,0,0,0,0
211.96,4.2,3054,5,656.0,8.0,1,1581,1,1,1,3948,312,40,2.0,16.0,0,0,0,3,5,0,0,1,0,0,0,0
51.43,3.1,0,3,163.0,1.0,1,591,0,1,2,3798,274,73,0.0,15.0,0,1,0,1,5,0,0,0,0,0,1,0
84.16,4.0,0,2,138.0,18.0,0,2040,0,1,2,2018,82,146,0.0,11.0,1,0,0,5,1,0,1,0,0,0,0,0
121.51,3.9,894,9,29.0,1.0,2,1276,0,0,2,2845,235,23,0.0,5.0,1,0,0,8,2,0,0,1,0,0,0,0
124.14,3.4,453,3,490.0,8.0,0,4000,0,1,6,1649,129,127,3.0,8.0,1,0,0,0,5,0,1,0,0,0,0,0
165.09,4.3,3407,8,633.0,1.0,2,1992,1,1,6,3450,433,18,4.0,11.0,1,0,1,5,4,0,1,0,0,0,0,0
56.15,4.0,5819,1,734.0,1.0,1,1775,1,1,2,2074,278,37,3.0,3.0,0,0,0,9,3,0,0,0,0,0,1,0
145.23,3.2,2582,7,217.0,23.0,2,2473,1,0,5,1900,199,109,4.0,19.0,0,1,0,0,5,0,0,1,0,0,0,1
285.45,4.6,2163,4,636.0,26.0,0,4000,1,1,2,4673,638,315,3.0,12.0,0,0,0,8,1,0,0,1,0,0,0,0
157.2,4.0,1878,4,430.0,29.0,2,3692,1,1,5,3628,123,265,2.0,17.0,1,0,1,4,4,0,0,1,0,0,0,0
125.21,3.4,0,5,178.0,26.0,1,5,0,1,1,1003,36,40,0.0,5.0,0,1,0,0,0,0,0,0,0,1,0,0
146.18,4.2,2110,5,267.0,17.0,0,1063,1,1,2,3211,351,121,2.0,15.0,1,0,0,7,7,0,1,0,0,0,0,0
182.25,3.9,3478,3,511.0,7.0,0,5,1,1,2,2711,399,14,0.0,19.0,0,0,0,1,9,0,0,1,0,0,0,0
243.71,3.978268041237113,3180,5,537.0,21.0,0,864,1,0,3,819,9,29,3.0,5.0,0,0,0,0,5,0,0,0,1,0,0,0
289.34,3.8,1122,6,820.0,7.0,2,1885,1,1,4,2267,145,31,4.0,27.0,0,1,0,8,8,0,0,0,1,0,0,1
241.2,4.9,6364,6,752.0,3.0,0,1043,1,1,4,3981,115,121,3.0,18.0,0,0,0,3,8,0,0,0,0,1,0,0
229.47,4.5,1758,4,708.0,1.0,0,3265,1,0,5,4619,371,90,4.0,24.0,0,1,0,9,0,1,0,0,1,0,0,0
203.63,3.7,176,6,497.0,24.0,0,2046,0,1,3,260,37,17,3.0,1.0,0,1,0,0,3,0,0,1,0,0,0,1
70.45,4.7,2568,3,672.0,1.0,0,2612,1,1,3,2346,251,22,1.0,15.0,0,0,0,0,9,1,0,1,0,0,0,1
28.6,3.3,849,5,403.7255102040816,24.0,1,1467,1,1,1,4516,107,247,1.0,10.0,0,0,0,5,1,0,1,0,0,0,0,0
207.33,3.6,1176,6,320.0,10.0,0,1928,1,1,2,3735,385,250,1.0,14.0,0,0,0,7,0,0,0,0,0,0,0,0
105.18,3.2,0,2,289.0,30.0,4,5,1,1,1,3264,142,193,1.0,5.0,0,0,1,5,3,1,0,0,0,0,1,1
298.71,3.6,0,5,758.0,16.0,2,1129,1,0,6,1749,78,27,1.0,13.0,0,0,0,9,5,0,0,1,0,0,0,0
268.96,4.5,1293,7,541.0,17.0,0,623,0,1,3,74,5,2,3.0,11.988333333333333,0,0,0,2,0,0,0,0,1,0,0,0
289.66,4.3,2706,7,373.0,10.0,0,2074,1,0,4,2604,149,208,3.0,17.0,0,0,0,2,0,0,0,0,1,0,0,0
129.88,3.9,3882,8,427.0,1.0,0,1930,0,1,1,3894,312,309,3.0,14.0,1,0,0,9,1,0,0,0,0,0,1,0
303.86,4.1,4304,5,685.0,15.230456852791878,0,3470,1,1,6,899,133,34,2.0,3.0,0,0,0,0,1,0,0,0,1,0,0,1
204.13,4.6,2486,6,660.0,4.0,0,3169,1,1,2,1624,80,17,0.0,17.0,0,0,1,4,6,0,0,0,1,0,0,0
134.19,4.2,3271,3,578.0,26.0,0,5,0,1,3,403,10,17,4.0,23.0,1,1,0,3,7,0,0,0,0,0,0,1
93.61,3.4,0,1,262.0,18.0,2,1163,0,1,3,2098,87,71,0.0,7.0,0,1,0,9,4,0,0,1,0,0,0,1
213.89,4.3,2886,6,491.0,6.0,1,2545,1,1,4,2770,232,59,1.0,25.0,0,1,0,3,9,0,0,1,0,0,0,1
80.88,3.6,0,1,364.0,17.0,1,1781,1,0,3,2923,173,174,3.0,2.0,0,0,1,0,3,0,1,0,0,0,0,1
125.42,4.2,1284,3,464.0,13.0,3,5,1,1,3,4753,239,173,2.0,20.0,1,0,0,8,0,0,0,0,0,0,1,1
6.99,3.1,2593,3,447.0,13.0,1,1401,1,1,1,628,41,27,2.0,9.0,1,0,0,5,3,0,0,1,0,0,0,0
5.0,3.978268041237113,1899,2,310.0,20.0,0,588,1,1,1,4054,427,34,0.0,23.0,0,0,0,8,0,1,0,1,0,0,0,1
158.08,4.1,829,4,250.0,2.0,2,402,1,1,1,1379,102,63,1.0,19.0,0,0,0,5,4,0,0,0,0,1,0,0
111.29,3.7,475,3,315.0,15.0,0,756,0,1,1,3571,303,182,1.0,1.0,1,0,0,2,6,1,0,1,0,0,0,1
108.14,4.0,2550,3,20.0,16.0,1,1831,0,1,1,4071,607,313,2.0,0.0,1,0,0,0,7,0,1,0,0,0,0,0
228.14,3.1,0,1,256.0,28.0,1,11,1,1,2,4541,626,241,0.0,3.0,0,1,1,4,7,0,0,1,0,0,0,0
113.31,4.8,3513,2,395.0,18.0,0,3742,1,0,2,3419,363,73,1.0,22.0,1,1,0,3,1,0,1,0,0,0,0,0
207.97,4.1,1456,4,204.0,26.0,0,2226,1,0,5,4905,225,383,0.0,18.0,0,0,0,6,5,1,0,0,0,1,0,1
247.59,4.6,2943,3,1082.0,1.0,0,3451,1,1,4,3935,535,148,1.6757142857142857,9.0,0,0,0,6,2,0,0,1,0,0,0,0
191.67,3.4,767,3,608.0,9.0,0,5,1,1,1,3909,425,42,2.0,21.0,0,0,0,6,5,0,0,0,0,1,0,0
200.9,3.7,0,3,528.0,3.0,0,543,1,0,2,1313,139,62,0.0,0.0,1,1,0,4,9,0,0,0,1,0,0,1
119.57,4.7,0,4,557.0,23.0,0,2253,1,1,4,425,52,11,0.0,12.0,0,0,0,1,8,0,0,0,1,0,0,0
98.1,3.1,467,1,214.0,9.0,0,1259,1,1,3,2877,62,73,0.0,7.0,0,0,0,6,0,1,0,0,0,1,0,1
172.97,3.9,3896,3,131.0,11.0,2,3255,0,0,1,3722,134,121,1.0,17.0,0,0,0,8,2,0,1,0,0,0,0,1
261.89,4.0,927,2,388.0,1.0,0,758,1,0,3,3680,252,247,0.0,8.0,0,1,0,2,1,0,0,1,0,0,0,0
140.35,3.9,474,2,369.0,16.0,0,5,1,1,2,4977,199,327,1.0,6.0,1,0,0,1,1,0,1,0,0,0,0,0
69.28,4.5,874,5,305.0,6.0,1,3531,0,1,4,594,82,4,1.0,8.0,1,0,0,5,6,1,0,1,0,0,0,1
226.44,5.0,4535,6,719.0,1.0,0,4000,1,1,4,4886,345,122,3.0,10.0,0,0,0,4,5,0,0,0,1,0,0,0
55.36,3.7,0,2,327.0,19.0,0,1153,1,1,1,2925,59,15,0.0,8.0,0,0,0,8,5,0,1,0,0,0,0,1
55.9,4.1,4652,2,154.0,3.0,1,1958,0,1,2,956,124,42,2.0,17.0,1,1,0,7,6,0,0,0,0,0,0,0
184.13,3.9,2573,7,591.0,13.0,0,1363,1,0,2,2442,341,91,0.0,17.0,0,0,0,0,4,0,0,0,1,0,0,0
124.8,4.7,5226,3,51.0,15.0,0,2690,1,1,2,871,60,52,1.0,13.0,1,0,0,9,8,0,0,1,0,0,0,0
324.42,4.5,389,7,651.0,1.0,0,2538,1,1,4,59,3,3,0.0,17.0,0,0,0,6,2,0,0,0,0,0,0,0
202.0,3.7,2478,5,558.0,1.0,0,2339,1,1,5,3287,239,134,3.0,30.0,0,0,0,9,5,0,0,1,0,0,0,0
277.57,5.0,3314,5,934.0,7.0,0,4000,1,0,6,2368,195,39,4.0,36.0,0,0,0,2,9,1,0,1,0,0,0,0
222.91,4.8,3034,6,599.0,17.0,0,84,1,0,2,4255,66,337,3.0,0.0,1,0,0,7,9,0,0,0,0,0,0,0
277.84,5.0,2975,9,910.0,8.0,1,3721,1,1,4,2417,323,90,4.0,12.0,1,0,0,3,4,0,0,1,0,0,0,0
167.35,4.7,4746,5,599.0,16.0,0,2424,0,0,3,1232,115,63,3.0,0.0,0,0,0,1,7,0,0,1,0,0,0,0
60.08,4.5,1926,2,141.0,27.0,2,537,0,1,2,82,4,4,0.0,1.0,0,1,0,7,3,1,0,0,1,0,0,1
43.8,4.4,97,3,64.0,14.0,0,1336,0,0,5,1669,199,28,2.0,16.0,0,0,1,8,4,0,0,0,0,0,0,1
78.29,4.3,2127,5,293.0,10.0,3,236,0,0,2,4789,486,272,1.0,17.0,0,0,0,1,4,0,0,0,1,0,0,0
232.69,4.3,4353,2,593.0,10.0,0,2839,1,1,3,3592,105,50,2.0,13.0,0,0,0,0,0,1,0,0,0,1,0,1
203.38,3.8,0,2,57.0,9.0,0,483,0,0,2,1945,90,147,0.0,7.0,0,0,0,5,4,0,0,1,0,0,0,0
5.01,3.5,903,1,338.0,30.0,3,642,1,1,1,4754,205,112,1.0,3.0,1,1,0,1,1,0,0,0,0,0,0,0
82.87,4.4,2674,3,382.0,15.0,1,5,1,0,1,1382,161,25,1.0,13.0,0,0,0,5,5,1,0,0,0,0,0,1
302.53,3.9,326,3,469.0,23.0,2,675,0,1,4,548,58,24,1.6757142857142857,23.0,0,0,0,7,4,0,0,0,1,0,0,0
150.89,4.0,3982,4,722.0,31.0,0,2239,1,1,2,1057,46,50,2.0,25.0,0,0,1,9,5,0,0,0,0,1,0,1
66.35,3.7,0,3,686.0,21.0,1,2255,0,1,2,2022,69,140,0.0,2.0,1,1,1,8,0,1,0,0,0,0,1,0
85.95,4.2,960,2,452.0,31.0,1,225,0,1,1,2014,148,18,0.0,8.0,0,1,0,3,0,0,0,0,0,1,0,1
236.83,4.1,0,7,917.0,8.0,0,1289,0,1,4,647,37,24,0.0,0.0,0,0,1,9,9,0,0,0,1,0,0,0
232.62,4.9,3195,7,147.0,1.0,0,3924,1,1,3,236,33,17,0.0,19.0,0,0,0,2,9,0,0,0,0,0,0,0
131.12,3.8,76,4,341.0,34.0,0,1720,0,1,4,3549,102,166,2.0,7.0,1,1,1,4,9,0,0,1,0,0,0,0
196.73,4.4,407,4,403.7255102040816,12.0,3,2248,0,0,3,1359,28,55,0.0,25.0,0,1,1,8,8,0,0,0,0,0,0,0
141.17,3.4,2852,3,403.7255102040816,16.0,1,391,1,1,3,488,40,3,0.0,11.0,1,0,0,5,8,0,0,0,1,0,0,0
146.85,3.9,807,3,364.0,15.0,2,5,1,0,3,2966,104,128,1.0,0.0,1,1,0,1,5,0,0,0,0,1,0,0
259.69,4.4,3506,4,374.0,1.0,0,2199,1,1,5,1301,107,71,1.0,19.0,1,0,0,4,9,0,0,1,0,0,0,0
175.2,3.3,274,1,619.0,21.0,0,5,1,1,2,265,27,10,0.0,0.0,0,0,0,5,4,0,0,0,0,1,0,1
299.27,4.2,3836,6,537.0,1.0,1,1541,0,1,4,900,84,19,3.0,28.0,0,0,0,4,9,1,0,0,1,0,0,1
52.85,4.5,0,2,353.0,25.0,0,40,0,0,3,3386,455,31,1.0,2.0,1,0,0,7,3,0,0,0,1,0,0,1
191.82,3.6,4726,4,297.0,12.0,0,2213,1,0,4,2457,273,194,4.0,21.0,0,0,0,8,4,1,0,0,1,0,0,1
41.6,3.7,0,1,656.0,10.0,1,978,1,0,1,4383,454,334,1.0,11.988333333333333,0,0,1,5,3,0,0,1,0,0,0,0
116.68,4.8,2561,3,461.0,16.0,0,1508,0,1,2,3569,322,160,3.0,15.0,0,1,0,0,4,0,0,0,0,0,1,0
42.29,2.7,2379,3,366.0,29.0,1,1288,1,1,3,3168,414,37,0.0,13.0,0,0,1,1,7,0,0,1,0,0,0,1
154.27,3.4,1301,2,434.0,32.0,1,1922,1,1,4,1340,56,93,2.0,16.0,1,0,0,1,1,0,1,0,0,0,0,0
74.13,4.4,2480,1,393.0,16.0,0,2893,1,0,3,3779,444,213,0.0,6.0,1,0,0,7,5,1,0,0,1,0,0,1
195.91,3.7,4571,2,265.0,26.0,3,2491,1,1,3,198,17,2,0.0,16.0,0,0,0,9,6,0,0,1,0,0,0,1
113.52,3.4,0,2,635.0,21.0,2,468,0,0,1,3925,74,265,1.0,5.0,0,0,0,6,5,0,0,1,0,0,0,0
72.96,3.2,3523,1,190.0,9.0,1,582,1,0,3,2422,340,109,1.0,4.0,1,0,0,8,9,0,0,1,0,0,0,0
210.55,3.9,1774,3,34.0,1.0,1,2239,1,0,3,2677,230,173,1.0,10.0,1,0,0,6,5,0,0,0,0,1,0,0
37.72,3.5,0,4,423.0,16.0,1,2378,0,0,2,4440,76,152,1.0,11.0,0,0,1,5,5,0,0,1,0,0,0,1
161.58,4.9,3240,4,738.0,10.0,0,1707,0,1,1,4482,278,172,1.0,14.0,0,0,0,4,1,0,1,0,0,0,0,0
161.92,4.5,5609,4,403.7255102040816,2.0,1,64,0,1,2,3043,445,29,3.0,1.0,0,0,0,8,5,0,0,0,1,0,0,0
106.02,3.978268041237113,4037,4,452.0,38.0,3,229,1,1,1,3185,405,208,0.0,2.0,1,0,0,6,8,0,0,0,1,0,0,1
58.79,4.0,0,1,334.0,40.0,1,2253,0,1,5,509,16,17,0.0,16.0,0,0,0,5,9,0,0,0,0,0,0,0
189.33,2.6,2289,3,403.7255102040816,7.0,2,840,1,0,1,2269,324,101,3.0,22.0,0,1,0,2,1,0,0,0,0,0,0,1
94.51,4.3,2074,1,757.0,8.0,1,1705,1,1,2,2495,237,46,2.0,7.0,1,0,0,3,6,1,0,0,0,1,0,1
188.71,4.2,2155,3,403.7255102040816,1.0,0,1588,1,1,1,1654,214,26,2.0,4.0,0,1,1,4,6,0,0,0,0,0,0,1
145.89,3.1,0,4,109.0,39.0,1,5,0,1,3,1229,30,89,0.0,8.0,0,1,0,7,1,0,0,0,0,0,0,1
237.55,4.6,3132,6,716.0,2.0,0,1352,1,1,5,1436,121,93,4.0,14.0,0,0,0,7,5,0,0,1,0,0,0,0
40.94,4.4,3762,1,309.0,11.0,0,3359,0,1,5,3248,460,186,0.0,16.0,1,0,0,1,3,0,0,0,0,1,0,1
65.65,5.0,0,5,20.0,28.0,1,2528,0,1,1,1570,57,114,0.0,12.0,1,0,0,5,7,1,0,0,1,0,0,1
211.47,3.4,349,4,265.0,24.0,0,1541,1,1,1,425,32,13,3.0,0.0,0,1,0,7,7,0,0,0,0,0,0,0
232.25,4.7,3267,3,426.0,18.0,1,2934,1,1,3,4480,631,329,3.0,12.0,1,1,0,2,8,1,0,0,0,0,0,1
78.8,2.7,1754,1,20.0,31.0,2,343,1,0,4,3605,484,241,0.0,0.0,0,0,1,7,9,0,1,0,0,0,0,1
89.69,3.5,2619,5,302.0,6.0,2,261,0,0,4,4794,113,152,5.0,4.0,0,0,0,5,8,0,1,0,0,0,0,0
282.51,4.8,5355,7,498.0,1.0,0,2274,1,1,5,4418,84,96,3.0,21.0,1,0,0,1,4,0,0,0,1,0,0,0
41.4,3.8,0,1,20.0,26.0,1,1766,1,1,1,4196,287,180,0.0,6.0,0,1,0,5,8,0,0,0,1,0,0,1
5.0,3.2,5958,2,855.0,19.0,1,2512,1,0,2,2121,243,130,4.0,8.0,1,0,0,6,3,0,0,0,0,0,0,0
95.11,3.9,0,6,463.0,35.0,0,767,1,1,3,3147,220,210,0.0,12.0,0,0,0,4,4,0,0,0,0,0,1,0
25.52,4.3,0,3,368.0,32.0,2,1600,0,0,1,2883,211,169,0.0,14.0,1,0,1,3,9,0,0,1,0,0,0,0
187.37,4.6,1375,4,446.0,15.230456852791878,0,2392,0,0,1,3217,321,135,2.0,0.0,0,0,0,0,5,1,0,0,0,1,0,1
30.63,3.7,0,1,20.0,23.0,1,5,1,0,1,4610,331,71,3.0,15.0,0,0,0,7,7,0,1,0,0,0,0,1
137.87,5.0,924,1,321.0,14.0,0,744,1,0,3,2465,232,41,0.0,4.0,0,0,0,9,1,0,0,0,1,0,0,0
117.7,4.4,2949,5,150.0,25.0,1,1274,1,0,1,287,35,19,1.0,5.0,0,0,0,2,6,0,0,0,0,0,1,0
246.41,5.0,1708,4,217.0,1.0,0,3302,0,1,1,70,4,5,3.0,36.0,1,0,1,7,8,0,0,0,1,0,0,1
107.17,3.9,1588,2,63.0,17.0,0,113,0,1,1,4507,61,241,0.0,19.0,0,0,0,4,9,0,0,1,0,0,0,0
99.86,3.8,792,6,20.0,17.0,0,5,1,0,2,1416,88,56,0.0,16.0,0,0,0,1,3,0,0,1,0,0,0,0
226.93,4.3,1882,4,837.0,11.0,0,779,1,1,3,3038,383,67,5.0,21.0,0,0,0,4,8,0,1,0,0,0,0,0
14.14,3.1,96,1,20.0,32.0,2,711,1,1,2,2304,301,77,0.0,4.0,1,0,0,4,3,1,0,1,0,0,0,1
295.52,5.0,2256,4,930.0,12.0,0,4000,1,1,3,3182,283,197,0.0,4.0,1,0,0,4,5,0,0,0,0,0,1,0
242.41,3.7,2620,3,426.0,21.0,0,2053,0,1,4,4801,99,365,2.0,11.0,0,0,0,5,4,0,1,0,0,0,0,0
124.14,4.9,3906,6,20.0,13.0,0,2783,1,1,4,3713,331,170,3.0,16.0,0,0,1,3,0,0,1,0,0,0,0,0
155.24,4.0,3226,6,547.0,31.0,0,5,1,1,3,3776,426,196,1.0,20.0,0,0,0,0,7,0,0,0,0,0,1,1
175.77,4.0,2047,7,560.0,11.0,1,3757,1,0,3,2901,348,131,0.0,9.0,0,0,0,0,6,0,0,1,0,0,0,0
177.88,4.5,2996,4,272.0,1.0,0,1724,1,1,3,1989,203,45,0.0,16.0,1,0,0,2,2,0,1,0,0,0,0,0
174.48,3.9,2113,5,129.0,21.0,0,2563,1,1,5,660,18,7,3.0,12.0,0,0,0,2,3,0,0,0,0,0,0,0
197.61,4.9,0,2,76.0,5.0,0,2625,1,0,3,3633,415,254,5.0,17.0,1,0,0,7,8,0,0,1,0,0,0,0
154.55,3.8,740,1,514.0,13.0,2,2377,0,1,3,773,31,37,0.0,22.0,0,0,0,4,7,0,0,0,1,0,0,1
168.52,4.8,0,2,244.0,13.0,0,1770,1,1,3,3765,202,142,2.0,23.0,1,0,0,9,7,0,0,0,0,0,0,0
264.38,3.8,3804,5,605.0,28.0,0,1726,1,1,3,937,85,60,3.0,11.988333333333333,0,0,0,9,0,1,0,0,0,0,0,1
248.1,5.0,2817,5,503.0,4.0,0,1181,1,1,3,4240,166,246,2.0,19.0,0,0,0,1,6,1,0,0,1,0,0,1
130.6,3.0,57,4,110.0,26.0,3,5,0,0,1,4720,61,349,0.0,0.0,1,0,0,4,0,0,0,0,0,0,0,1
63.44,3.7,2702,3,590.0,9.0,0,2529,1,0,3,1852,272,78,2.0,1.0,0,0,0,7,0,0,0,0,0,0,0,0
276.69,5.0,3788,2,647.0,1.0,0,1748,1,1,5,4331,109,293,3.0,0.0,0,0,0,6,6,0,0,0,1,0,0,0
138.83,4.1,1587,7,20.0,1.0,0,1312,1,1,4,4340,272,73,3.0,8.0,0,0,0,2,4,0,0,0,1,0,0,0
47.09,4.1,3582,3,341.0,28.0,2,29,0,1,2,4568,587,104,0.0,2.0,1,0,0,7,0,0,0,1,0,0,0,0
354.96,4.0,6340,4,382.0,7.0,0,2747,1,1,3,4584,51,265,2.0,15.0,1,0,0,8,8,0,0,1,0,0,0,0
213.67,3.8,2770,3,318.0,28.0,1,1517,1,1,3,2389,161,31,1.0,0.0,0,1,0,3,8,0,0,0,1,0,0,1
177.32,4.7,2662,2,476.0,19.0,0,5,1,1,2,858,36,31,0.0,1.0,1,0,0,6,4,1,0,0,0,0,1,0
237.08,4.7,4212,4,665.0,8.0,0,1858,1,1,2,4284,192,55,1.6757142857142857,7.0,0,0,0,2,7,0,1,0,0,0,0,0
236.11,4.0,5067,4,553.0,6.0,0,2429,1,1,2,1074,135,73,4.0,20.0,0,0,0,6,3,0,0,0,0,1,0,0
187.3,4.4,1677,3,283.0,13.0,0,1825,1,0,5,1130,34,89,3.0,26.0,1,0,0,5,2,0,0,0,0,0,0,0
30.22,4.1,72,2,516.0,16.0,0,2786,1,0,2,669,15,14,0.0,4.0,1,0,0,9,5,0,0,0,0,0,0,0
207.41,4.3,3767,3,592.0,15.0,1,1508,1,1,2,4678,515,336,0.0,11.0,0,0,0,8,6,0,0,0,1,0,0,0
27.5,4.3,2188,2,366.0,7.0,0,745,1,1,2,3877,503,112,0.0,12.0,0,0,0,9,7,1,0,0,0,1,0,1
124.07,5.0,1933,3,1070.0,4.0,0,2132,1,0,6,4285,557,337,0.0,29.0,0,0,0,3,9,1,0,0,0,0,0,1
102.13,4.3,0,5,242.0,1.0,0,2046,0,1,1,4083,594,126,0.0,25.0,0,0,0,5,7,1,0,1,0,0,0,0
44.0,4.1,2594,4,54.0,32.0,1,1851,0,0,2,3567,294,27,2.0,0.0,0,0,0,6,2,0,0,0,0,0,0,0
106.6,3.9,974,1,20.0,17.0,0,1153,0,0,1,2676,51,138,1.0,23.0,0,0,0,9,7,1,0,0,0,1,0,1
189.44,4.6,2608,8,505.0,3.0,0,1096,1,1,4,4221,506,135,3.0,16.0,0,0,0,3,8,0,0,0,0,0,0,0
93.38,2.6,0,3,413.0,13.0,2,881,0,1,1,2390,101,125,1.0,8.0,0,0,1,9,5,0,1,0,0,0,0,1
89.21,3.7,738,3,20.0,10.0,1,231,0,0,1,1096,97,79,3.0,4.0,0,0,1,1,3,0,0,0,1,0,0,1
149.07,3.9,4128,3,363.0,1.0,0,2808,1,1,1,1552,38,112,3.0,11.988333333333333,1,0,0,0,1,0,0,0,0,1,0,0
51.78,3.1,0,2,137.0,35.0,3,5,1,0,3,4864,167,47,2.0,0.0,0,0,1,4,0,0,0,0,1,0,0,1
55.79,2.8,0,1,186.0,23.0,3,1852,0,1,1,1811,218,137,0.0,0.0,0,0,0,6,8,1,0,0,0,0,1,1
129.54,3.4,1008,2,317.0,16.0,1,2945,1,1,2,3557,422,179,0.0,0.0,1,0,1,5,1,0,0,0,0,1,0,0
108.4,2.9,2465,1,141.0,32.0,0,1041,0,0,2,4741,622,340,2.0,8.0,1,0,0,5,6,0,1,0,0,0,0,1
238.43,4.2,4319,4,635.0,8.0,0,3008,1,1,5,4719,59,241,3.0,29.0,1,0,0,6,7,0,0,0,1,0,0,0
90.86,3.7,0,8,477.0,41.0,2,2225,1,1,4,647,35,49,4.0,5.0,0,1,0,5,0,0,0,0,1,0,0,0
212.13,3.9,0,1,20.0,24.0,3,5,1,0,2,3759,116,18,1.6757142857142857,9.0,0,0,1,7,7,0,0,0,0,1,0,1
199.96,4.3,3067,2,578.0,13.0,1,1710,1,1,1,2051,163,122,0.0,13.0,1,0,0,8,6,0,1,0,0,0,0,0
115.28,4.0,0,1,412.0,8.0,0,5,1,1,2,564,63,12,3.0,6.0,0,0,0,0,1,1,1,0,0,0,0,1
121.13,3.6,0,5,596.0,1.0,2,1422,0,1,1,869,14,36,2.0,0.0,0,1,0,1,9,0,1,0,0,0,0,0
274.44,4.3,3283,6,209.0,15.0,0,1474,1,1,4,3244,377,102,1.0,7.0,0,0,0,8,0,0,0,1,0,0,0,0
157.25,4.1,0,1,344.0,14.0,1,1434,1,1,2,2094,140,89,2.0,0.0,0,1,0,6,0,0,1,0,0,0,0,0
145.09,3.8,1888,4,392.0,15.230456852791878,0,1941,1,0,1,3658,211,59,2.0,10.0,0,0,0,9,9,0,0,0,0,0,0,1
232.9,3.0,2811,2,629.0,21.0,0,3596,0,1,6,324,43,4,1.0,26.0,0,0,1,0,5,1,0,1,0,0,0,1
149.9,4.1,1942,2,689.0,15.0,0,3180,1,0,2,1667,82,30,2.0,28.0,0,0,1,9,7,0,0,1,0,0,0,0
171.97,3.5,0,2,100.0,20.0,0,258,0,1,1,1826,165,54,1.0,4.0,0,0,1,0,3,1,0,0,1,0,0,1
97.78,3.9,1530,4,504.0,15.0,0,5,0,1,2,495,10,19,3.0,14.0,1,0,0,4,4,0,0,1,0,0,0,0
263.92,4.0,1263,5,693.0,1.0,0,1141,1,1,2,268,9,20,4.0,12.0,0,0,1,9,9,0,0,1,0,0,0,0
253.46,3.9,1134,4,664.0,1.0,0,2433,1,0,4,4097,187,305,1.6757142857142857,13.0,0,0,0,3,9,0,0,0,0,0,1,1
204.54,5.0,4409,8,857.0,11.0,0,3081,1,1,2,4323,550,167,4.0,21.0,0,0,0,9,7,0,0,0,1,0,0,0
8.85,3.8,656,2,345.0,23.0,2,664,1,1,1,2875,382,44,1.0,14.0,1,0,1,9,0,0,0,0,0,0,0,1
211.39,4.3,2195,2,584.0,11.0,3,1779,1,1,3,1866,155,104,2.0,13.0,1,0,1,2,0,0,0,0,1,0,0,0
195.25,2.8,0,3,20.0,23.0,0,126,1,1,4,4565,390,213,1.0,17.0,0,0,1,0,6,0,0,0,0,1,0,1
364.83,4.6,1449,4,417.0,1.0,0,1745,1,1,2,70,10,4,0.0,8.0,0,1,0,2,4,0,0,0,0,1,0,0
88.5,4.9,3753,4,569.0,6.0,0,1564,1,0,4,1382,138,44,1.0,16.0,0,0,0,2,4,0,0,0,0,0,0,0
64.75,3.7,819,1,406.0,31.0,2,1004,0,1,1,3044,33,49,1.0,0.0,0,0,0,6,9,0,0,0,0,1,0,0
165.75,3.7,489,4,258.0,12.0,0,1642,1,0,4,989,84,64,0.0,11.988333333333333,0,0,0,8,8,1,0,0,1,0,0,1
179.89,3.8,1973,3,710.0,13.0,0,1690,1,1,5,3546,88,125,3.0,15.0,0,0,0,0,3,0,0,1,0,0,0,0
121.46,4.2,5747,5,424.0,17.0,2,962,1,0,3,3274,361,176,0.0,2.0,0,0,0,6,2,0,1,0,0,0,0,0
184.87,5.0,4728,4,538.0,18.0,0,3278,0,0,5,3942,71,225,3.0,21.0,0,0,0,2,1,0,0,1,0,0,0,0
220.57,3.3,0,4,370.0,11.0,1,1361,1,0,2,1570,180,10,3.0,14.0,0,0,1,2,7,1,0,0,0,0,1,1
142.51,3.978268041237113,709,1,391.0,6.0,1,606,0,1,1,1990,62,59,5.0,12.0,0,1,0,0,1,0,0,1,0,0,0,0
67.99,4.0,0,2,20.0,9.0,0,1027,1,0,5,192,22,2,2.0,2.0,0,0,0,1,6,0,0,0,0,0,1,0
84.16,3.5,175,1,703.0,27.0,3,333,1,1,1,95,10,0,3.0,16.0,0,1,0,0,0,0,0,1,0,0,0,0
245.82,5.0,763,5,706.0,5.0,0,3418,1,1,2,3634,83,117,5.0,22.0,1,0,0,2,6,0,0,0,1,0,0,0
178.15,3.0,630,6,304.0,7.0,0,2155,1,0,2,3463,62,36,3.0,29.0,0,1,0,7,7,0,0,0,0,0,0,1
281.72,4.7,6583,6,549.0,1.0,0,4000,1,1,5,2083,115,84,4.0,16.0,0,0,0,1,1,0,0,1,0,0,0,0
345.72,4.7,5961,7,988.0,19.0,0,3383,1,0,4,556,69,13,3.0,0.0,0,0,0,1,2,0,0,0,0,0,1,0
5.0,3.7,2086,3,474.0,26.0,0,2117,1,1,2,1200,49,66,2.0,10.0,1,0,0,8,8,0,0,0,0,1,0,0
228.54,3.2,2118,4,254.0,7.0,0,5,1,0,3,1110,166,84,0.0,11.988333333333333,0,1,0,1,0,1,0,0,1,0,0,1
51.9,3.3,0,3,20.0,39.0,0,841,0,0,1,2329,205,130,0.0,3.0,0,0,0,4,7,0,0,1,0,0,0,1
202.35,4.1,1857,7,610.0,38.0,1,3045,1,1,3,3389,248,117,3.0,21.0,0,1,0,1,4,0,0,0,1,0,0,0
141.92,4.7,3258,10,519.0,1.0,0,914,1,1,5,1742,178,33,2.0,26.0,0,0,0,0,4,1,0,0,0,1,0,0
57.65,4.1,1980,5,195.0,25.0,0,2977,1,1,1,3506,488,276,1.0,11.0,1,0,0,1,9,0,1,0,0,0,0,1
72.66,4.0,844,5,885.0,1.0,0,2373,0,1,3,4385,305,209,0.0,21.0,1,0,0,7,0,0,0,0,1,0,0,0
94.41,4.0,449,1,367.0,10.0,1,399,1,1,4,1389,165,45,2.0,11.0,0,0,0,7,7,1,1,0,0,0,0,1
239.91,3.8,1979,6,349.0,3.0,1,2691,1,1,1,3251,49,228,2.0,25.0,1,1,0,1,9,1,0,0,0,0,0,0
148.16,4.4,0,5,631.0,1.0,0,1778,0,0,3,3502,448,99,4.0,12.0,0,0,0,5,2,0,0,1,0,0,0,0
46.49,3.8,4148,4,300.0,18.0,0,2064,1,0,3,704,87,25,1.0,7.0,0,1,0,8,5,0,0,0,0,0,0,1
74.03,2.8,464,4,323.0,38.0,3,5,0,0,2,3675,317,138,1.0,7.0,1,0,0,4,0,1,0,0,0,1,0,1
90.13,4.0,2819,1,551.0,13.0,1,5,1,1,2,2021,212,156,2.0,8.0,1,1,0,5,1,0,0,0,0,0,1,0
91.39,4.9,3671,6,879.0,14.0,0,4000,1,1,1,2196,190,109,4.0,9.0,1,0,0,8,1,0,0,1,0,0,0,0
242.49,4.1,2189,7,561.0,17.0,0,3111,1,1,2,196,5,14,2.0,27.0,1,0,1,7,9,0,0,0,0,0,0,0
172.2,3.3,2579,4,76.0,12.0,1,525,0,1,2,847,30,32,0.0,16.0,1,1,1,1,7,0,0,0,1,0,0,1
305.89,4.1,1499,6,623.0,1.0,0,3177,1,1,3,4278,115,213,1.0,6.0,0,1,0,6,0,1,1,0,0,0,0,1
120.78,4.5,4230,4,734.0,20.0,3,917,1,1,3,4583,613,126,2.0,29.0,0,0,1,1,2,1,0,1,0,0,0,1
129.89,2.9,0,1,20.0,13.0,2,1315,0,1,3,514,23,32,3.0,18.0,0,1,0,8,3,1,0,1,0,0,0,1
5.0,3.4,2323,6,176.0,40.0,2,1307,1,0,1,2774,387,84,0.0,7.0,0,0,0,8,1,1,0,0,1,0,0,1
5.0,3.9,590,3,269.0,1.0,4,5,0,0,1,2266,332,17,1.0,7.0,0,0,0,7,4,1,0,0,0,0,0,1
42.67,4.4,0,1,464.0,12.0,0,949,0,1,1,3754,163,254,0.0,7.0,0,0,0,3,0,0,0,0,1,0,0,1
171.89,2.6,3316,4,510.0,2.0,1,1991,1,1,4,3864,237,90,2.0,16.0,0,0,0,2,2,0,0,1,0,0,0,0
169.35,4.0,192,4,20.0,1.0,2,547,1,1,1,4279,106,297,4.0,20.0,0,0,1,5,1,0,0,1,0,0,0,1
8.39,4.9,0,5,487.0,20.0,1,1051,1,0,2,4841,534,358,0.0,6.0,1,1,1,5,1,1,0,1,0,0,0,1
213.79,5.0,2908,5,384.0,19.0,0,1184,1,1,1,3903,282,134,1.6757142857142857,17.0,0,0,0,9,6,0,0,0,0,1,0,1
297.18,4.3,0,3,328.0,4.0,0,2100,0,1,5,462,47,4,2.0,21.0,0,0,0,8,1,0,0,1,0,0,0,0
204.68,5.0,0,7,20.0,26.0,2,1340,0,1,1,2497,374,199,1.0,0.0,1,0,1,0,3,1,0,1,0,0,0,0
156.98,3.6,1335,4,318.0,17.0,0,371,1,1,2,4087,481,213,1.0,22.0,0,1,0,6,9,0,1,0,0,0,0,0
297.19,5.0,4333,5,717.0,10.0,0,2752,1,1,4,1968,238,76,3.0,11.988333333333333,0,0,0,7,7,0,0,1,0,0,0,0
27.48,3.6,0,4,648.0,32.0,2,285,1,0,1,1161,73,89,0.0,0.0,0,0,1,7,9,1,0,0,0,1,0,1
100.15,4.6,2936,5,372.0,11.0,0,1689,1,1,3,2704,266,135,0.0,9.0,0,0,0,7,8,0,0,1,0,0,0,0
295.64,3.9,2180,3,389.0,18.0,1,718,0,1,4,255,7,2,2.0,20.0,0,0,0,0,9,0,0,0,1,0,0,0
5.0,4.1,1537,4,387.0,9.0,2,1862,1,0,2,4054,53,125,0.0,11.0,0,0,0,4,9,0,0,0,0,0,0,1
96.98,4.7,2948,6,819.0,10.0,0,2232,1,1,5,2908,332,15,1.0,25.0,1,0,0,3,4,1,0,0,0,0,0,0
148.67,4.1,1902,4,814.0,7.0,0,1267,1,0,4,2686,159,83,0.0,32.0,1,0,0,8,6,0,0,1,0,0,0,0
232.88,3.9,4870,4,629.0,28.0,1,2871,0,0,1,2203,91,69,1.0,7.0,0,0,0,1,5,0,0,0,1,0,0,0
170.34,4.2,3451,8,404.0,15.0,0,2283,1,1,2,4767,472,37,3.0,0.0,0,0,0,1,0,0,0,0,0,1,0,0
133.89,3.9,2728,2,550.0,8.0,2,948,1,1,1,2865,127,228,0.0,5.0,0,0,0,9,8,0,0,0,1,0,0,0
176.56,4.4,922,6,427.0,8.0,2,1717,1,0,3,2596,369,91,2.0,11.0,1,0,0,0,7,0,0,0,0,0,0,1
153.47,3.8,1744,4,403.7255102040816,4.0,1,2183,1,1,1,1520,165,27,3.0,4.0,0,0,0,2,3,1,0,0,0,1,0,1
143.33,4.2,3552,4,591.0,1.0,0,1649,1,1,2,4442,444,307,4.0,14.0,0,0,0,9,6,0,0,0,0,0,0,0
88.99,4.8,8013,4,575.0,1.0,0,321,0,1,3,3765,202,89,5.0,6.0,1,0,0,4,0,0,0,0,0,0,1,0
187.09,3.7,926,2,615.0,35.0,1,1645,1,1,2,1340,96,46,0.0,29.0,1,0,0,3,4,0,0,0,0,0,0,1
15.63,3.5,2151,4,49.0,17.0,0,5,0,0,4,4053,311,129,5.0,0.0,1,0,0,9,9,1,0,0,0,0,1,1
152.3,4.7,2524,6,122.0,11.0,1,1846,0,0,2,4099,278,23,1.0,0.0,1,0,1,2,0,0,1,0,0,0,0,0
154.42,4.0,2080,5,487.0,20.0,1,1473,0,0,6,4612,311,45,1.0,9.0,0,0,0,2,1,0,0,0,1,0,0,0
186.69,4.7,1517,3,478.0,3.0,0,2387,1,1,4,3052,392,47,1.0,24.0,1,0,0,5,6,0,1,0,0,0,0,0
255.25,4.7,1259,2,360.0,15.0,0,2488,1,1,1,3217,441,198,1.0,13.0,1,0,0,4,9,1,0,0,0,1,0,1
5.01,4.3,0,4,910.0,23.0,2,584,0,0,5,452,63,7,1.0,10.0,0,0,0,7,2,1,0,0,1,0,0,1
297.45,4.2,304,2,327.0,12.0,1,615,1,0,1,1691,136,122,0.0,12.0,0,0,0,8,4,1,0,1,0,0,0,1
85.15,3.5,1323,3,419.0,19.0,2,1431,0,1,2,767,77,16,1.0,2.0,1,0,0,8,0,0,0,0,0,1,0,0
111.06,3.9,1613,5,60.0,23.0,0,799,1,1,1,323,36,19,2.0,18.0,1,0,0,6,0,0,1,0,0,0,0,0
305.82,4.8,2040,3,511.0,9.0,1,411,0,0,5,517,30,23,2.0,18.0,0,0,0,8,2,0,0,0,0,1,0,0
148.65,2.8,0,2,234.0,26.0,1,1791,0,0,1,1520,89,24,0.0,15.0,0,0,0,9,0,0,0,1,0,0,0,0
131.96,4.8,5741,5,610.0,1.0,0,3826,0,0,5,4649,580,68,2.0,28.0,0,0,1,2,9,0,0,0,0,1,0,0
138.33,4.2,1973,5,564.0,12.0,0,1747,0,0,3,3158,99,128,2.0,12.0,0,0,0,4,1,0,0,0,0,0,0,0
173.68,4.4,0,6,572.0,10.0,3,894,1,1,3,2367,43,66,0.0,34.0,0,0,0,0,6,0,0,0,0,1,0,0
244.76,3.5,0,1,325.0,12.0,1,1725,0,1,3,1705,19,105,3.0,5.0,0,0,0,8,2,1,0,0,0,1,0,1
256.57,4.5,4732,6,835.0,1.0,0,2339,1,1,3,456,53,31,3.0,17.0,0,0,0,6,4,0,0,0,0,0,1,0
265.2,4.3,829,1,164.0,11.0,2,1929,1,1,1,2312,269,122,1.0,8.0,0,0,0,9,7,0,0,0,0,0,1,0
163.55,3.9,39,2,271.0,15.230456852791878,1,3345,1,1,2,3984,277,126,3.0,5.0,0,0,1,0,1,1,0,0,1,0,0,1
283.09,4.6,4404,4,617.0,1.0,0,2383,1,1,5,4110,423,176,4.0,26.0,0,0,0,4,2,0,0,0,0,0,1,0
106.56,4.4,2389,6,365.0,10.0,0,2264,1,1,4,4037,460,86,2.0,7.0,1,0,0,7,0,0,0,0,0,1,0,0
151.79,4.0,4223,4,769.0,17.0,0,3266,1,0,4,2168,258,71,4.0,11.988333333333333,0,1,1,8,4,0,0,0,0,0,1,0
146.51,3.5,0,1,20.0,21.0,3,154,0,0,1,2414,239,85,0.0,12.0,0,0,0,8,0,0,0,0,0,1,0,1
197.04,4.7,0,3,255.0,11.0,1,1210,1,1,1,1659,33,72,2.0,20.0,0,0,0,2,2,0,1,0,0,0,0,0
154.63,4.0,1266,4,233.0,9.0,1,5,0,0,1,1242,184,84,3.0,13.0,0,0,0,9,9,0,0,1,0,0,0,0
80.29,3.2,753,5,192.0,14.0,2,1948,1,1,1,1330,196,24,3.0,6.0,0,0,0,2,2,0,0,0,1,0,0,1
271.05,3.2,2718,3,395.0,6.0,0,5,1,1,2,2331,41,30,2.0,30.0,0,0,0,9,3,0,0,0,0,0,0,0
225.12,3.1,1837,4,600.0,6.0,1,623,1,1,1,2170,279,99,4.0,9.0,0,0,0,5,5,0,0,0,1,0,0,0
87.02,4.5,974,1,27.0,25.0,1,771,1,0,2,3158,323,234,2.0,0.0,0,0,0,6,0,0,0,0,0,0,0,0
227.36,4.2,3481,6,844.0,1.0,0,2257,1,1,4,3070,169,94,3.0,19.0,1,0,0,9,9,0,0,0,1,0,0,0
162.9,4.3,2109,3,182.0,35.0,1,1852,0,0,1,464,36,28,1.0,14.0,1,0,0,2,4,0,1,0,0,0,0,1
202.86,4.4,1790,4,274.0,1.0,0,2658,1,0,2,768,93,37,1.0,31.0,0,1,0,1,4,0,1,0,0,0,0,0
131.76,4.2,0,2,280.0,17.0,0,2108,1,1,4,2084,134,165,2.0,16.0,0,0,0,0,3,0,0,0,0,0,0,0
182.39,4.7,4237,3,696.0,14.0,1,472,1,0,1,1885,259,68,0.0,13.0,0,0,0,7,4,0,0,0,0,0,0,0
200.81,4.4,684,7,196.0,36.0,0,2917,1,1,4,1391,161,53,2.0,0.0,0,0,0,8,2,0,0,0,0,0,1,0
239.73,4.3,2887,7,342.0,25.0,1,2699,0,1,1,4015,324,311,1.0,2.0,0,0,0,6,4,0,0,0,1,0,0,0
153.83,4.0,0,3,430.0,33.0,2,1620,1,0,4,1322,129,69,4.0,7.0,0,0,0,0,7,0,1,0,0,0,0,0
140.18,3.3,158,3,20.0,20.0,3,2154,0,0,1,3432,54,227,0.0,9.0,1,1,0,0,9,1,0,0,0,0,0,1
281.38,3.8,2156,7,592.0,20.0,0,590,1,1,5,561,22,43,2.0,15.0,0,0,0,2,9,0,0,1,0,0,0,0
207.4,3.0,225,5,387.0,6.0,0,2443,1,0,4,2303,184,48,0.0,2.0,1,0,0,5,8,0,1,0,0,0,0,0
194.18,4.0,1117,4,439.0,16.0,0,5,1,1,3,3938,386,211,3.0,12.0,1,1,0,9,4,0,0,0,1,0,0,1
62.43,3.8,0,1,563.0,10.0,0,738,1,1,1,220,32,10,0.0,13.0,0,0,0,7,8,0,1,0,0,0,0,0
86.35,3.978268041237113,291,2,216.0,30.0,1,2082,1,1,2,1844,232,101,1.0,0.0,0,0,0,6,9,0,0,0,0,0,1,0
132.57,3.8,3485,4,274.0,13.0,0,1041,1,0,4,3382,372,135,3.0,14.0,0,1,0,3,5,0,0,0,0,0,1,0
305.08,4.7,0,8,1028.0,1.0,0,1912,1,1,5,1264,35,40,1.0,20.0,0,0,0,9,3,1,0,0,0,0,0,1
94.66,2.4,0,1,159.0,38.0,3,5,0,0,1,4003,146,290,0.0,4.0,1,0,0,1,0,0,1,0,0,0,0,1
65.35,3.978268041237113,2076,4,647.0,9.0,0,1217,1,0,4,1249,17,44,1.0,11.0,1,0,0,9,8,0,0,0,1,0,0,0
134.35,4.9,0,2,529.0,5.0,4,5,1,0,3,1774,107,28,1.0,17.0,0,0,0,8,1,0,0,1,0,0,0,0
231.56,3.5,4967,8,613.0,21.0,0,1736,0,1,4,1314,57,51,0.0,13.0,0,0,0,2,3,0,0,0,0,0,0,1
186.27,4.9,4249,6,523.0,18.0,0,1763,1,1,4,1877,157,136,0.0,7.0,0,0,0,1,7,0,0,1,0,0,0,0
77.28,4.0,3757,5,648.0,15.0,0,2337,1,0,3,2462,160,154,1.0,23.0,0,1,0,9,8,0,0,1,0,0,0,1
215.8,3.6,3348,2,568.0,5.0,0,1144,1,1,2,1347,66,62,1.0,8.0,0,0,1,5,0,1,1,0,0,0,0,1
114.83,4.1,1917,6,460.0,9.0,0,1491,1,1,4,4863,50,47,1.0,24.0,0,0,0,1,5,0,0,0,1,0,0,0
237.56,4.0,0,1,33.0,34.0,2,1247,1,1,3,3021,413,187,3.0,7.0,1,0,0,4,2,1,0,1,0,0,0,1
271.7,5.0,1868,6,411.0,1.0,0,2087,1,1,3,4387,427,255,2.0,36.0,0,0,0,5,1,0,0,0,1,0,0,0
197.71,4.3,1943,2,436.0,8.0,0,522,0,1,2,731,17,33,2.0,9.0,1,0,0,2,5,1,0,0,0,1,0,1
152.38,3.6,0,1,346.0,20.0,0,5,1,0,1,402,44,8,1.0,9.0,0,0,0,9,0,0,0,1,0,0,0,1
160.91,3.4,3461,1,375.0,14.0,0,1478,0,1,2,2349,202,158,0.0,7.0,0,0,0,1,2,1,0,0,1,0,0,0
290.2,3.6,722,5,396.0,14.0,0,1448,1,0,4,894,40,19,2.0,17.0,0,0,0,0,2,1,0,0,0,1,0,1
87.74,3.2,224,6,190.0,25.0,0,2792,0,0,6,2538,38,88,3.0,1.0,1,0,0,3,0,1,0,1,0,0,0,1
104.64,3.9,4667,5,652.0,24.0,1,1543,1,0,1,1503,16,70,2.0,11.0,0,0,1,2,6,0,0,0,0,0,0,1
166.4,4.0,2612,3,292.0,17.0,1,1415,1,1,2,4574,124,326,0.0,0.0,1,1,0,6,7,1,0,1,0,0,0,1
164.66,3.0,1865,3,20.0,28.0,2,596,0,0,2,914,103,29,1.0,0.0,0,0,0,2,8,0,0,0,0,0,1,1
156.22,3.4,1683,1,480.0,30.0,1,336,1,1,4,4799,160,240,1.0,16.0,0,1,0,4,6,1,1,0,0,0,0,1
189.45,3.6,2284,2,487.0,20.0,0,3035,1,0,3,4235,475,216,3.0,19.0,0,0,0,8,9,0,0,1,0,0,0,0
42.75,3.6,1232,6,357.0,16.0,0,3097,1,1,4,1238,60,75,1.0,7.0,1,0,0,2,5,0,0,1,0,0,0,0
94.82,3.8,0,3,403.7255102040816,23.0,1,2982,1,1,3,4642,550,66,2.0,15.0,0,0,0,4,9,0,0,0,0,0,0,0
203.71,3.5,786,1,20.0,8.0,2,242,1,1,5,4961,435,220,1.0,0.0,1,0,0,0,0,0,0,0,0,0,0,1
16.01,3.4,2537,5,354.0,26.0,1,822,0,0,2,1946,100,35,4.0,11.0,0,0,0,5,8,1,0,1,0,0,0,1
13.05,4.8,2882,3,321.0,11.0,0,3300,0,1,4,2187,123,119,2.0,11.0,0,0,0,6,7,1,0,0,0,0,0,1
212.1,3.8,0,1,394.0,18.0,2,5,1,0,1,541,19,25,0.0,18.0,1,1,0,8,7,0,0,0,0,1,0,0
249.37,4.1,0,1,192.0,31.0,0,2452,0,1,1,771,92,3,3.0,14.0,0,0,0,9,4,1,0,1,0,0,0,0
138.89,4.4,2992,4,657.0,3.0,0,4000,1,0,4,222,3,11,2.0,10.0,1,0,0,5,0,0,1,0,0,0,0,0
142.04,3.3,0,1,403.7255102040816,1.0,2,2222,0,0,3,1382,93,94,1.0,5.0,0,0,0,8,9,0,0,0,0,0,1,0
103.03,4.1,0,1,617.0,14.0,1,437,0,1,4,3219,281,149,1.0,18.0,0,0,0,9,5,0,0,1,0,0,0,0
49.77,4.1,3153,3,648.0,1.0,1,2937,1,0,2,3998,180,197,1.0,8.0,1,0,1,5,7,0,0,0,0,0,1,0
30.43,3.6,2104,1,151.0,19.0,1,1126,1,1,2,4822,359,367,0.0,9.0,0,0,1,8,7,0,0,0,0,1,0,1
172.97,2.8,0,2,73.0,31.0,0,1507,0,0,2,3926,63,97,3.0,11.0,1,0,0,4,2,1,0,0,0,0,0,1
94.71,3.4,0,2,186.0,5.0,3,1754,1,1,1,274,9,14,2.0,20.0,0,0,0,6,7,1,1,0,0,0,0,0
187.42,5.0,4416,4,733.0,7.0,0,4000,1,1,5,1779,201,74,1.0,23.0,0,0,0,3,5,0,0,0,0,0,0,0
43.59,3.2,974,2,313.0,24.0,1,507,0,0,3,443,61,5,1.0,8.0,0,0,0,2,1,0,0,0,1,0,0,0
124.35,4.5,1524,4,389.0,18.0,0,413,1,0,1,3585,198,258,3.0,17.0,1,0,0,2,3,0,1,0,0,0,0,0
44.02,3.4,2827,2,144.0,35.0,1,311,0,1,1,1868,276,139,0.0,11.0,0,1,1,6,7,1,0,1,0,0,0,1
166.14,3.6,3469,3,557.0,1.0,1,2705,1,0,2,4766,103,297,1.0,2.0,0,0,0,6,3,0,1,0,0,0,0,1
5.0,3.0,0,1,73.0,17.0,1,5,1,0,1,465,19,12,1.0,0.0,1,0,0,9,8,1,0,0,1,0,0,1
197.01,5.0,0,4,443.0,30.0,2,1183,1,1,4,2877,239,224,1.0,8.0,0,0,0,2,6,0,0,0,0,1,0,1
193.92,4.0,3833,5,626.0,6.0,0,2278,0,1,4,2634,356,46,3.0,17.0,0,0,0,1,0,1,0,0,0,0,1,1
109.89,5.0,2851,3,672.0,4.0,0,2802,1,1,6,2171,43,82,1.0,11.988333333333333,0,0,0,2,6,0,1,0,0,0,0,0
134.32,4.4,1577,3,799.0,29.0,1,2512,1,0,1,1681,160,12,2.0,19.0,0,0,0,9,6,0,1,0,0,0,0,1
172.81,5.0,4054,6,206.0,17.0,1,1827,1,1,2,1687,117,113,3.0,7.0,0,0,0,7,6,0,0,0,0,1,0,0
34.9,4.0,408,5,438.0,21.0,1,2183,1,0,2,538,58,13,0.0,7.0,1,0,0,2,9,0,0,0,1,0,0,1
87.13,4.3,3590,5,373.0,25.0,0,2519,0,0,1,1248,74,52,3.0,0.0,0,0,0,5,3,0,0,0,0,0,0,0
5.64,4.0,1854,5,185.0,2.0,1,1662,1,1,1,145,6,4,1.0,11.0,0,0,1,7,1,1,0,0,1,0,0,1
220.67,3.0,4587,3,378.0,3.0,0,2514,0,1,3,3372,198,260,2.0,10.0,0,0,1,9,7,1,0,0,0,1,0,1
207.81,4.0,2779,4,763.0,17.0,1,372,1,0,4,78,7,2,1.0,22.0,0,0,0,7,9,0,1,0,0,0,0,0
172.36,4.8,3214,6,562.0,6.0,0,1868,1,1,3,471,52,36,2.0,5.0,0,0,0,3,7,0,0,0,1,0,0,0
169.51,3.8,1587,7,340.0,2.0,2,2085,1,1,4,3009,261,101,4.0,7.0,1,0,0,0,0,0,0,0,1,0,0,0
187.88,3.3,0,1,333.0,30.0,1,2415,1,0,3,658,74,32,3.0,2.0,0,1,0,9,9,0,0,0,0,1,0,1
182.77,4.2,3062,6,331.0,17.0,0,2819,1,0,3,1875,265,116,2.0,9.0,0,0,1,6,6,0,1,0,0,0,0,0
123.71,3.978268041237113,984,3,456.0,1.0,0,2594,0,0,1,2000,110,102,3.0,9.0,0,0,0,6,7,0,0,0,0,1,0,0
205.48,5.0,5002,7,289.0,1.0,1,3099,1,1,6,2058,101,91,1.6757142857142857,14.0,1,0,0,0,3,0,0,0,0,0,0,0
102.37,3.2,1213,1,227.0,21.0,1,199,1,1,3,3058,273,227,0.0,9.0,0,1,0,1,9,0,0,0,0,1,0,0
38.83,3.6,4332,2,122.0,21.0,1,964,1,1,1,1586,224,33,2.0,7.0,1,0,0,9,6,1,0,0,0,0,0,1
205.47,3.2,1920,2,616.0,9.0,3,2671,1,1,1,4341,192,215,5.0,16.0,0,0,0,2,3,0,0,0,0,0,1,0
225.19,4.4,1645,3,403.7255102040816,3.0,0,589,1,1,5,2841,156,36,1.0,5.0,1,0,0,3,5,0,0,1,0,0,0,0
56.88,4.7,3188,6,480.0,1.0,2,115,0,0,1,903,23,33,1.0,14.0,0,0,1,0,3,0,1,0,0,0,0,0
168.94,3.7,4976,2,237.0,13.0,0,2281,1,0,2,2910,284,214,0.0,0.0,0,0,0,7,1,0,0,0,1,0,0,0
108.9,4.1,3965,2,492.0,14.0,0,2297,0,0,4,3158,150,189,3.0,23.0,0,0,1,3,1,0,0,0,0,0,0,1
171.4,5.0,906,4,725.0,1.0,0,2539,1,1,6,2781,195,90,1.0,30.0,0,0,0,7,8,0,0,0,0,0,0,0
54.12,3.1,2495,1,255.0,17.0,0,2259,1,0,1,3583,311,41,0.0,11.988333333333333,0,0,1,3,9,1,0,1,0,0,0,1
328.5,3.9,5507,4,600.0,8.0,0,2488,1,1,4,3794,144,225,1.0,36.0,1,1,0,0,9,0,0,0,0,1,0,0
157.27,4.2,3480,3,617.0,17.0,0,2159,1,1,2,614,75,48,0.0,18.0,1,0,0,1,9,0,0,1,0,0,0,0
285.54,4.3,4359,6,352.0,18.0,3,3134,1,1,3,3159,336,128,0.0,23.0,1,0,1,8,6,0,0,0,1,0,0,0
293.61,3.1,1856,1,254.0,16.0,0,1986,1,1,4,301,38,9,4.0,7.0,1,0,0,4,2,0,0,1,0,0,0,0
153.95,4.2,665,5,423.0,13.0,1,1078,1,1,3,3147,244,224,0.0,7.0,0,0,1,1,5,0,0,0,0,0,1,0
115.39,2.6,3213,1,131.0,19.0,2,5,1,1,1,3118,319,85,1.0,15.0,1,0,0,1,8,0,0,0,1,0,0,0
140.27,3.2,3454,3,400.0,22.0,0,194,0,1,2,4593,371,121,0.0,1.0,1,0,1,1,3,0,0,0,0,0,1,0
101.86,4.3,42,6,276.0,5.0,2,5,1,1,2,3107,68,231,2.0,9.0,0,0,1,7,4,0,0,1,0,0,0,0
52.63,3.7,3127,2,647.0,18.0,1,2227,1,1,1,3695,244,56,3.0,1.0,0,0,0,4,8,0,0,0,1,0,0,0
117.14,4.3,0,5,266.0,17.0,4,912,1,1,3,1911,164,146,2.0,10.0,0,0,0,8,1,0,0,1,0,0,0,1
292.02,4.3,3391,4,719.0,1.0,0,1486,1,0,3,135,12,8,1.6757142857142857,21.0,1,0,0,4,8,0,1,0,0,0,0,0
17.45,3.978268041237113,0,3,20.0,19.0,4,5,1,1,1,706,75,13,0.0,7.0,1,0,1,6,5,1,0,0,0,0,1,0
116.38,4.8,4820,3,716.0,1.0,0,3553,1,1,1,3762,330,25,1.6757142857142857,13.0,1,0,0,6,7,0,0,1,0,0,0,0
5.0,3.7,327,1,264.0,15.0,2,1442,1,1,1,928,67,20,1.0,0.0,0,1,0,7,3,1,1,0,0,0,0,1
220.96,4.6,0,4,516.0,31.0,1,725,1,1,3,3371,443,88,2.0,11.988333333333333,0,0,1,0,8,1,1,0,0,0,0,1
326.06,4.7,5998,5,525.0,15.230456852791878,0,2669,1,1,4,4349,568,174,4.0,29.0,0,0,0,2,5,0,1,0,0,0,0,0
138.29,4.2,5026,3,209.0,22.0,0,886,1,0,4,4479,145,350,0.0,3.0,0,0,0,0,1,0,0,0,0,0,1,0
204.73,5.0,6031,2,722.0,6.0,0,2524,1,1,6,526,33,24,4.0,12.0,0,0,0,0,1,0,0,1,0,0,0,0
152.52,3.9,0,5,331.0,9.0,1,2182,1,1,2,3611,140,267,2.0,20.0,0,0,0,3,1,0,0,0,0,1,0,1
143.76,2.9,0,3,140.0,47.0,2,569,1,1,1,4040,145,145,0.0,0.0,0,1,0,3,4,0,1,0,0,0,0,1
117.75,3.7,2458,1,250.0,12.0,0,909,0,1,4,2071,212,49,0.0,11.988333333333333,0,0,0,4,8,0,0,0,0,0,1,1
145.81,3.6,0,4,130.0,20.0,0,160,0,1,3,1145,113,18,0.0,0.0,0,1,0,1,6,0,0,0,0,0,1,0
291.6,5.0,5052,6,698.0,1.0,0,2305,1,1,3,992,99,20,1.0,29.0,1,0,0,3,4,0,0,0,0,0,1,0
210.58,4.5,2931,3,434.0,1.0,0,155,1,0,4,3312,181,76,2.0,26.0,0,0,0,4,1,0,0,0,1,0,0,0
201.51,4.3,1921,6,243.0,9.0,2,2626,1,1,4,542,67,7,0.0,0.0,1,0,0,6,3,0,0,0,1,0,0,0
38.95,3.4,267,2,673.0,8.0,1,3134,0,0,1,1831,226,13,1.0,7.0,1,0,1,3,4,0,0,0,1,0,0,1
165.63,3.6,0,2,380.0,18.0,2,55,0,1,2,1632,134,66,0.0,0.0,0,0,0,2,1,0,0,0,0,1,0,0
5.0,3.1,2313,4,752.0,4.0,0,3258,1,1,4,3341,98,75,4.0,20.0,1,0,0,2,1,0,0,1,0,0,0,0
90.88,3.3,782,1,183.0,48.0,2,2213,0,0,1,3860,213,283,0.0,0.0,0,1,0,3,4,0,0,0,0,1,0,0
216.54,3.8,1546,5,431.0,10.0,0,861,0,1,2,3489,234,44,2.0,11.0,0,0,0,2,4,0,0,1,0,0,0,0
5.0,3.9,873,5,291.0,20.0,0,2120,0,0,3,1767,189,137,0.0,10.0,1,0,0,4,5,0,0,0,0,0,0,1
221.44,4.7,3768,5,320.0,13.0,1,2608,0,1,4,4616,683,255,1.0,11.0,0,0,0,6,8,0,0,1,0,0,0,0
221.04,4.1,1400,7,226.0,23.0,3,3569,1,0,3,1607,145,37,5.0,31.0,0,0,0,7,2,0,0,0,1,0,0,0
65.7,4.0,1001,3,249.0,7.0,1,376,1,0,3,2853,357,116,3.0,13.0,0,0,0,3,5,1,0,0,0,0,1,1
97.54,5.0,1272,2,632.0,20.0,0,1184,1,1,1,406,58,14,2.0,13.0,0,0,0,5,0,0,0,1,0,0,0,0
105.15,3.8,1841,2,170.0,9.0,0,1296,1,0,2,2087,83,48,0.0,11.988333333333333,0,0,0,8,5,1,1,0,0,0,0,1
54.91,4.3,734,4,418.0,22.0,1,1286,1,1,4,4045,429,252,0.0,6.0,1,0,0,9,0,0,1,0,0,0,0,0
25.12,4.1,2147,4,316.0,17.0,1,1610,0,1,1,326,4,19,3.0,0.0,1,1,0,0,9,0,0,0,0,0,1,0
92.07,3.7,0,2,229.0,29.0,6,190,1,0,1,4149,80,29,0.0,8.0,0,0,1,6,2,1,0,0,1,0,0,1
258.5,4.0,3075,3,403.7255102040816,21.0,0,770,0,0,3,771,10,23,3.0,24.0,0,0,1,8,5,0,0,0,0,0,0,0
5.0,4.2,1441,3,310.0,7.0,0,5,0,0,2,3676,127,121,1.0,5.0,0,1,1,9,9,0,0,0,0,1,0,0
153.42,3.5,2451,2,534.0,35.0,0,2031,1,1,1,4827,603,197,0.0,10.0,0,0,0,4,6,1,0,0,0,0,0,1
136.09,3.6,1367,4,302.0,1.0,0,1161,0,1,2,3212,209,28,2.0,10.0,0,0,1,1,7,1,0,0,0,0,1,1
29.01,3.7,1497,1,121.0,30.0,1,1677,1,1,3,2171,51,75,2.0,0.0,0,1,0,3,1,0,0,0,0,0,1,1
121.44897452136314,3.978268041237113,5522,1,384.7471714796514,30.42670803462813,0,51,1,0,4,3848,274,53,0.0,5.625543489900128,0,0,0,6,4,1,0,0,0,0,0,1
252.9664830514346,4.091270982041032,2560,1,112.01247351772328,18.52374107753805,0,970,1,1,1,681,58,16,0.26187053876902633,3.3093526938451316,0,0,0,7,4,0,0,0,0,0,0,1
5.0,2.644506439276588,0,1,121.26752523687836,22.031179735937236,1,5,0,0,1,3107,146,76,0.0,0.0,0,0,0,3,2,1,0,1,0,0,0,1
78.36691138909995,3.5407913946458396,3126,4,319.646395156908,14.81582789291679,2,5,0,0,3,363,35,11,0.0,14.0,0,0,0,5,0,0,0,0,0,0,1,1
71.05696320387024,3.87555046548834,1696,3,484.6153556381679,10.5110093097668,0,1551,1,0,2,494,33,20,0.6793578078404857,6.0,1,0,0,1,4,0,0,0,0,0,0,1
123.81995781870201,3.253271407313689,0,2,362.89895756042176,24.655052121978912,2,1194,0,0,1,309,15,8,0.0,8.908246463368481,0,0,0,6,6,0,0,0,0,0,0,1
58.649188963387914,3.664614866717813,0,2,505.29229733435625,27.20000374037135,0,30,0,1,1,4662,148,118,1.3692304815098961,9.107691444529689,0,0,0,2,5,0,0,0,0,0,0,1
137.55366074553848,3.8176823499943793,3221,4,428.8201241944663,12.457320277809004,1,63,1,0,2,3452,74,101,3.5457320277809004,8.634143777752797,0,0,0,8,4,1,0,0,0,0,0,1
166.05437373368767,3.7902793764123692,0,1,64.43685255299042,13.06926859463937,1,811,0,0,2,1455,134,69,2.4513968820618466,7.131840533195992,0,0,0,4,5,0,0,0,0,0,0,1
73.82999508874096,3.7255390100555115,0,4,266.28192952843773,14.276950502775568,0,664,0,1,1,3689,298,142,0.5489219798889773,5.804312080444091,0,0,0,6,5,0,0,1,0,0,0,1
179.96679858511507,3.8616137619275506,0,4,191.75228068506075,4.429417859614009,0,1123,0,1,1,2098,59,49,1.5965390753395283,1.4121132363116509,0,0,0,1,1,0,0,0,0,0,0,1
92.9071824222734,4.431542845212017,253,3,425.115449331091,13.738286191519332,1,1235,1,1,2,1151,52,55,0.9462853563604998,15.899430122437833,1,0,0,1,5,0,0,0,0,0,0,1
179.10262952565776,3.4493757891125165,2880,6,340.8612378437687,5.2636043337279705,0,2163,1,1,4,2860,242,121,0.17573622248531362,21.384923221301403,0,0,0,0,4,0,0,0,0,0,0,1
190.50548090418397,4.488940181246384,3117,4,371.63305438322385,7.915320242282428,1,1366,0,0,1,981,24,13,3.7223504531159595,3.5552990937680815,0,0,0,2,3,0,0,0,1,0,0,1
55.09073194284187,3.301084359765732,0,3,59.72652104304035,16.00813269824299,0,1087,0,0,1,2932,70,207,1.9945782011713407,2.016265396485978,0,0,0,3,5,0,0,0,0,0,0,1
12.035605707101968,3.811669606414168,0,1,153.37889431460613,14.24955903787478,1,1379,0,0,2,1198,164,42,0.0,4.933568513133451,0,0,0,7,3,1,0,0,0,0,0,1
183.49383276013035,3.610017908764851,604,1,434.426481045028,31.580501396844323,1,1276,0,1,1,2723,107,149,0.9463324021037844,21.848839386325402,0,0,0,1,7,1,0,0,0,0,0,1
80.41119604096744,3.284881504844671,1449,2,105.86978992982719,20.909833859005097,2,43,1,0,2,4309,471,229,1.8183056431675158,4.24271316739087,0,0,0,4,6,1,0,0,0,0,0,1
64.35725059599375,3.5411421100067075,2048,1,72.49123805171041,4.291368800536601,1,785,0,1,2,862,91,16,1.411421100067075,3.3828683498993875,0,0,0,2,3,0,0,0,0,0,0,1
96.26705535753365,3.6106699250113437,26,2,144.1861127480716,32.97271424784471,0,5,0,0,2,2890,149,127,1.893300749886564,0.8535940009074885,0,0,0,3,8,0,0,0,0,0,0,1
55.390506357279314,2.6149272539983546,0,2,130.53763317972027,28.656547140148092,3,485,0,1,1,925,38,8,0.29854507996709057,6.552182380049365,0,0,0,1,5,1,0,0,0,0,0,1
178.11804134825405,4.798389810219487,2600,5,505.40951700772314,12.189617883230772,0,2539,1,0,3,1382,147,85,1.5080509489025637,18.032203795610254,0,0,0,2,7,0,0,0,0,0,0,1
53.52667653409241,3.905442285345898,962,1,435.9448109799106,21.506298777704913,0,2068,0,0,1,4222,323,215,0.0,10.451109757615502,0,0,0,4,3,1,1,0,0,0,0,1
167.50464719952305,3.613412386580009,1848,2,357.376812619005,18.0,0,1885,0,0,3,4033,349,213,2.9329380670999545,22.195256805199456,0,0,0,8,7,1,0,1,0,0,0,1
177.39564211340792,4.49092947645739,0,6,597.004484820626,1.1632694237669696,2,465,0,0,3,2771,152,109,0.018141047085218798,24.800448482062592,0,0,0,6,5,0,0,0,0,0,0,1
77.78381513204506,3.5,132,1,340.3004706138417,20.87495474866907,1,5,0,0,1,1995,274,116,1.3321898240107894,16.769989139680575,0,0,0,0,3,0,0,0,0,0,0,1
172.11052659785108,3.8,846,3,309.5964268795249,25.103857075180997,1,2855,1,0,1,3798,341,170,1.2415428300723992,0.3792285849638004,0,0,0,0,1,0,0,0,0,0,0,1
136.10185793218002,3.4632247117948554,0,1,20.0,21.73550576410289,2,157,0,0,1,2401,244,84,0.0,11.558696541538268,0,0,0,8,0,0,0,0,0,0,0,1
125.17493232672324,4.155680689849744,1802,3,125.71546904140038,12.630506926710407,1,1801,0,0,2,568,39,30,2.4431931015025543,8.94882414474106,0,0,0,2,3,0,0,0,0,0,0,1
137.15558288073137,4.585571606810773,2549,5,547.8856786378452,9.106176811174016,0,2279,1,1,4,319,22,18,0.14428393189226307,12.855716068107737,0,0,0,6,2,0,0,0,0,0,0,1
48.41307247599386,3.6470601372259903,1586,1,20.0,15.966369664237266,2,5,0,0,1,3615,438,166,0.0,2.8403117372316053,0,0,0,8,4,0,0,0,0,0,0,1
181.33313216845798,4.120441378975755,1937,4,392.5352513022688,10.344118225645015,0,1858,1,1,3,2787,140,199,1.8279408871774918,7.129418707740193,0,0,0,3,2,1,0,0,0,0,0,1
235.2429560086445,4.400200769906125,1091,4,147.12502073343694,30.006023097183764,0,2246,1,1,1,1466,194,30,2.501003849530627,8.505019247653134,0,0,1,0,6,0,0,0,0,0,0,1
162.83525559192503,4.080185147632194,2172,2,616.7940232591844,12.61064598885114,1,5,0,0,1,305,32,17,3.398611392758547,3.403240083563391,0,0,0,7,3,0,0,0,0,0,0,1
46.61046434053481,3.2174867323307206,831,4,69.6623198192456,47.20212282708476,1,254,1,1,2,499,59,23,0.8251326766927972,1.3989385864576223,0,1,0,7,1,0,0,0,0,0,0,1
29.64833140299629,3.9263974906867465,0,3,114.54380052847424,24.0,0,5,0,0,1,4706,290,273,0.0,1.3048349075170087,0,0,0,1,8,1,0,0,0,0,0,1
308.4723395934791,3.7292924761805,4590,6,688.666517139565,25.58584952361,0,1612,0,1,3,1187,45,46,0.0,9.942766984259999,0,0,0,1,0,0,0,0,0,0,0,1
129.35251193540438,3.036624143627982,161,3,179.66869831453306,22.63375856372018,0,2106,0,0,3,3433,377,212,1.2675171274403545,12.761138671637696,0,1,0,5,4,0,0,0,0,0,0,1
142.1375617585837,3.5092133869537485,800,3,393.1481982140356,8.644937086762388,0,2454,1,1,1,1835,225,122,2.723598391387548,13.723598391387547,0,0,0,2,6,0,0,0,0,0,0,1
116.80583366553026,3.8948589746889484,1897,4,89.01047025595666,20.897179493778967,0,3145,1,1,3,3997,556,163,0.3161965822964946,9.632393164592989,0,0,0,6,8,0,0,0,0,0,0,1
23.331636017773963,2.6293546593639547,0,1,86.69431852120081,31.941533378975283,1,5,0,0,1,2989,80,130,0.0,7.647986785335737,0,0,0,4,5,0,0,0,0,0,0,1
220.55041149315502,4.178087444391993,1369,3,324.74098665407826,23.487197302411545,0,2617,1,1,4,2585,199,165,2.7319282536685296,20.391569522011178,0,0,0,0,7,0,0,0,0,0,0,1
59.94905589203639,3.3548051398700958,3683,3,282.11691607794234,28.509079372720176,1,1708,1,0,3,4307,370,108,2.0,1.807794405196157,1,0,0,3,6,0,0,0,0,0,0,1
81.54988262450455,3.8141347364565976,1347,4,482.5869610783975,1.0,0,1201,0,1,2,3119,380,37,2.713782454855326,20.70673682282989,0,0,0,5,8,1,0,0,0,0,0,1
100.54223516096482,3.969900233587652,916,1,475.2317273178396,42.896341898213905,0,649,0,1,1,206,21,7,1.0,10.899667445292174,0,0,1,3,5,0,0,0,1,0,0,1
126.32002439625626,4.138308610236346,2890,1,418.17464435254976,26.758984558181623,0,795,1,0,2,1393,119,11,1.2482030883636752,9.985624706909402,1,0,0,3,5,0,0,0,0,0,0,1
99.74349502290616,3.2079562123829266,0,2,41.05146141467069,22.318248495317064,2,966,1,0,1,801,41,36,2.079562123829266,10.363503009365871,0,0,0,5,4,1,0,0,0,0,0,1
201.80563731079383,3.968376597383498,1447,3,270.2504459836392,21.17380857072827,0,2283,1,0,3,4780,275,289,1.3162340261650172,15.367531947669965,0,0,0,7,4,0,0,0,0,0,0,1
204.81868817938036,3.5535082374563243,0,2,344.2266625252737,11.422513729093874,0,1324,1,0,1,1577,128,44,2.1549725418122514,12.309945083624502,0,0,0,2,4,0,0,0,0,0,0,1
5.0,3.0421449807273584,682,1,396.360442082772,20.26434942182075,2,5,0,1,1,1863,126,114,0.0,0.0,0,0,0,5,8,0,0,0,0,0,0,1
206.3998739095213,5.0,2925,3,246.63884173488736,10.914821102015019,0,3001,1,1,4,1985,141,32,2.782964220403004,17.825553669395493,0,0,0,7,3,0,0,0,0,0,0,1
145.76782708997683,4.2,2134,3,458.65282006302084,6.31857479688174,0,1619,1,0,1,1588,216,69,3.063714959376348,2.404427560935478,0,0,1,5,2,0,0,0,0,0,0,1
114.51615416441524,3.43997146743449,2066,3,68.65763135425523,4.865335146942876,1,5,0,0,2,3364,324,190,1.866761775218366,3.732096922161241,0,0,0,0,3,1,0,0,0,0,0,1
160.13922290605805,3.5748304691097554,772,1,383.42394720596553,9.374152345548778,0,5,0,0,3,520,30,11,2.0,14.310251864331489,0,0,0,6,6,0,0,0,0,0,0,1
184.33792143662964,4.317139724245363,4394,3,272.1727678851071,19.057041037974315,0,2227,0,1,1,2122,230,120,3.085698621226818,16.88564379552068,1,0,0,8,7,0,0,0,0,0,0,1
178.3198280325895,3.30206970019551,4684,4,468.62091005865295,11.19903471959241,0,2327,0,1,3,3378,242,180,2.0,5.684718568635574,0,0,0,5,4,0,0,0,0,0,0,1
125.33186965796153,4.2667184214087515,2011,1,418.95342073212356,10.337473712700126,0,266,1,0,1,1856,51,15,0.6671842140875157,9.995321468694073,0,0,0,9,7,0,0,0,0,0,0,1
45.34293816395251,3.5191647410427906,1013,1,295.9696819380558,29.49713877852092,1,61,0,0,2,3600,143,184,2.0,2.1916474104279042,0,0,0,5,0,0,0,0,0,0,0,1
131.61028450303212,4.216230564442003,1408,4,483.33775736961763,18.468588037016694,0,2360,1,0,4,4727,383,123,1.6125647851933231,16.85602325182337,0,0,0,5,5,0,0,0,0,0,0,1
126.68101475795112,3.633307696002647,12,1,440.8278854005624,17.334615199867663,1,1941,0,0,1,4029,368,234,1.0,22.999230880079402,0,0,1,4,1,0,0,0,0,0,0,1
117.34838956629466,3.7577821500145303,26,2,145.75725823074688,33.422178499854695,0,5,1,0,2,2898,157,115,1.7572582307468765,0.606854423132809,0,0,0,4,8,0,0,0,0,0,0,1
135.9925053894886,3.403661098876827,4630,1,175.27693297182657,10.162046819012424,1,595,0,0,3,3967,351,117,0.5045763735960344,2.0183054943841374,0,0,0,3,8,0,0,0,0,0,0,1
145.06902719370146,3.7741460911139044,1391,1,376.32736501624424,15.087757311641864,0,264,0,0,2,2367,120,123,0.0,9.405958734093833,0,0,0,4,5,1,0,0,0,0,0,1
186.7246280434856,4.642684915074261,3152,3,353.20984214431166,16.853698301485224,0,2741,1,1,2,4266,432,326,2.426849150742611,13.719452547772166,0,0,0,4,5,1,0,0,0,0,0,1
220.5394381690905,4.000230738407616,3709,4,790.1245987401124,12.99307784777153,0,2291,1,0,3,983,54,24,2.0,18.974618775162277,0,0,0,6,9,1,0,0,0,0,0,1
153.7875705832819,4.426682184027175,2978,2,644.0262077725397,5.951937599223546,1,838,0,1,1,2133,271,46,1.5048062400776454,5.209146959340014,0,0,0,4,0,0,0,0,0,0,0,1
256.95626571429165,4.236282415119113,1933,3,451.190745996165,6.274351697617737,0,579,1,1,3,3043,216,229,1.586039077513082,10.516234465078492,0,0,0,4,0,0,0,0,0,0,0,1
97.18291758360893,3.6557143878101503,2203,1,579.0716174487779,14.092845401832726,0,987,1,1,1,2271,180,159,1.778571939050751,2.878564792340237,0,0,1,2,2,0,0,0,0,0,0,1
122.4529108235592,4.1568720144515305,0,4,296.0568769651786,19.146919783227045,3,905,0,1,2,1922,146,134,2.0,10.572511942193879,0,0,0,8,1,0,0,0,0,0,0,1
162.23629458846418,4.275000947513591,3,4,139.95447826721812,17.750009475135904,0,1602,1,1,2,201,22,11,0.20454459316946327,15.909108136610735,0,0,0,5,7,0,0,1,0,0,0,1
125.97589495270735,3.2715615506658318,0,3,134.96431723800188,15.710961233354212,2,5,1,1,1,87,9,4,1.4281281644472283,2.5734232599874725,0,0,0,6,8,0,0,0,0,0,0,1
185.92551861659177,4.555416661582224,2208,4,295.02268375589176,11.554166615822236,0,1828,1,1,3,4199,513,193,3.0240740514765494,16.060185128691373,0,0,1,0,5,0,0,0,0,0,0,1
94.24518785593268,4.073609412441965,0,2,422.08282373258953,6.398023579077435,0,675,0,0,3,1719,81,71,1.5092705837202331,14.018541167440466,0,0,0,0,2,0,0,1,0,0,0,1
189.56260778781413,4.061749618446487,1347,1,405.9296640954936,20.485419846279274,0,2709,1,0,1,1378,190,44,1.20583206148829,15.23499236892974,0,0,0,1,2,0,0,0,0,0,0,1
5.0,3.4072962702969187,0,4,162.0086840741738,13.66092891585432,0,552,0,0,1,3681,328,201,0.5364813514845947,10.02574243070027,0,1,0,6,4,0,0,1,0,0,0,1
120.78068656793708,4.302356682580367,2351,3,362.0730963210037,10.091717573365976,1,1415,0,0,2,1425,55,26,0.0,16.378821565556915,0,0,0,4,3,0,0,0,0,0,0,1
150.66558448945142,3.171499890359161,0,4,541.3099627221147,31.542999780718322,1,1778,0,0,1,3649,184,137,0.0,5.199001534971748,0,0,0,1,5,0,0,0,0,0,0,1
159.11776359408074,4.396042127927488,1462,4,359.6052324754537,6.811873616217538,0,3236,1,1,3,3721,83,102,2.58416851170995,15.702904673885325,0,0,0,3,3,0,0,0,0,0,0,1
168.38512197775322,3.5013730084775183,959,3,296.1636129230081,8.99542330507494,1,1273,1,1,1,3778,271,150,2.50228834746253,14.986269915224819,0,0,0,4,5,1,0,0,0,0,0,1
137.47512684696648,3.71218415316426,4336,3,353.0700369792599,26.036376564933754,2,125,0,1,2,3278,420,208,0.0,13.503484072179083,0,0,0,4,7,0,0,0,0,0,0,1
78.97383687492894,3.505457007201757,1882,3,381.75578863688725,19.459072445986823,1,557,0,1,1,2441,328,138,0.0,12.327420432105413,0,0,0,8,1,0,0,0,0,0,0,1
155.59134672536197,4.304477588542746,514,5,579.9104639055048,18.41194128120464,1,2033,0,0,4,4824,583,235,0.5910448229145068,16.635820708341974,0,1,0,2,7,0,0,0,0,0,0,1
178.89022421172552,4.79469378253842,2871,4,416.84899479385274,20.596826135812286,0,1289,0,0,1,3923,246,152,1.2934536617739165,15.856748526098205,0,0,0,7,5,0,0,0,0,0,0,1
123.49125005641889,3.4073218433908266,0,2,220.08607343630595,28.987796927681956,2,595,0,0,1,3752,204,136,0.9877969276819555,0.09762457854435613,1,0,0,6,0,0,0,0,0,0,0,1
58.26256011213869,3.9590656207231363,0,4,370.5928792602952,20.787541609641817,1,1433,1,0,1,1964,88,154,0.0,4.1890989084365895,0,0,0,0,6,1,0,0,0,0,0,1
14.610955357215818,3.052406677858379,2467,4,140.37168448048385,23.05482554559598,2,1262,1,0,1,2626,367,66,0.0,6.131016694645948,0,0,0,7,4,0,0,0,0,0,0,1
72.75741155016738,4.489122334519314,1479,5,280.36560170813556,21.541134804272765,0,944,0,1,2,3094,210,150,3.580895373664761,5.392597580073909,0,0,0,1,2,0,0,0,0,0,0,1
153.72137486192716,4.278252856599188,5098,3,351.24659049068833,8.41067698744941,1,1990,1,1,3,3778,319,103,0.0,16.0,0,0,0,6,3,0,0,0,0,0,0,1
195.93944985166917,4.1692804688763685,1084,3,294.1801034356968,26.385609377527373,0,2287,1,1,2,1350,194,43,2.1732011721909217,13.480396483427235,0,0,0,2,4,0,0,0,0,0,0,1
239.5033780188504,4.342704712389639,1430,3,364.2900561789493,20.409252054359722,0,2658,1,1,4,2631,220,154,3.836299178256111,26.976869864100696,0,0,0,0,6,1,0,0,0,0,0,1
109.21772113133498,3.6431875070908624,1299,3,73.2046603995004,19.149514856429132,2,5,1,0,1,2439,127,166,1.0,11.685048514357087,0,0,0,1,2,0,1,0,0,0,0,1
25.16603219475985,3.1772649016970016,1607,1,394.6938764078159,35.13503328849022,2,1373,1,0,1,4257,61,289,2.317947050910039,5.4085431187900905,0,0,0,5,3,0,0,0,0,0,0,1
87.25607543606345,3.872920941273855,43,3,205.77754979872773,8.624743523568693,1,1484,0,1,3,715,67,37,1.2707905872614487,9.493240788533722,0,0,0,5,4,1,0,0,0,0,0,1
107.64975002122222,4.3848281534097096,931,3,526.8193554691753,10.758592329514522,0,1106,0,0,1,1756,230,42,0.8637888494271784,3.45179621884983,1,0,0,4,3,0,0,0,0,0,0,1
100.20959947097356,4.515514921054204,3179,5,354.4654476316261,1.0,0,898,1,1,1,1169,101,45,2.770099473694691,3.850497368473455,0,0,0,7,3,0,0,0,0,0,0,1
119.48576621808863,4.908814759115704,0,5,207.84159622165072,11.586656640826636,1,2743,0,0,2,1417,131,66,0.9118524088429647,5.617033138099247,0,0,0,0,5,0,0,0,0,0,0,1
193.8511958781912,4.216530283514163,221,4,657.1898518025923,15.635024699567948,2,1640,1,0,4,2247,196,109,1.8608838058569381,14.052373281997134,0,0,0,2,8,1,0,0,0,0,0,1
160.22387042159818,3.1885246785580352,1151,3,449.6817241306346,7.116686663333617,0,1834,1,0,1,4028,402,260,2.6976161909523406,17.89125936682525,0,0,0,4,2,1,0,0,0,0,0,1
71.42947717589844,3.325601553185366,0,3,307.87774788121897,14.975937872585352,2,5,1,0,1,4757,371,148,1.4879689362926756,4.256015531853662,0,0,0,1,8,0,0,0,0,0,0,1
169.51012758993215,4.072609558606239,3029,4,575.5039853853791,16.46513972543839,0,618,1,1,3,4480,497,193,1.76453757423405,14.808764688499206,0,0,0,3,5,0,0,0,1,0,0,1
80.37415975526297,3.7778888715776464,918,1,414.86925654716464,20.407037094741177,2,60,0,0,1,3201,71,104,1.5929629052588217,11.15074033681175,0,0,0,0,4,0,0,0,0,0,0,1
12.40530752311571,3.85911493430992,105,1,26.337185181962376,34.46681003662201,2,5,1,0,1,620,20,24,0.0,11.274037164839564,0,1,0,0,2,1,0,0,0,0,0,1
180.54163883052104,3.883750104452149,3927,3,159.51856668647798,10.187505222607465,1,3237,0,0,1,3758,149,119,1.0549014328152384,16.51250313356448,0,0,0,7,2,0,0,0,0,0,0,1
97.13448340764026,4.174050782274452,1333,5,279.47787125254007,3.518984354510959,1,2283,0,1,2,800,71,45,3.160338548496347,10.74050782274452,0,0,0,4,7,0,0,0,1,0,0,1
126.38974177982054,3.9838841766486537,1973,4,319.0040947610827,30.976977395212362,2,2592,0,1,3,200,22,2,1.9769773952123626,6.161158233513462,0,0,0,1,8,1,0,0,0,0,0,1
117.09378333896728,3.330273442197649,1333,3,411.9189413429864,17.816406531858952,1,5,0,0,3,1296,88,67,0.6513672109882461,13.770508164823692,0,0,0,4,3,0,0,0,0,0,0,1
184.1169188713042,4.168625999444078,10,2,470.813026783072,12.43129997220393,0,3050,1,0,1,3418,165,185,1.7712466685197379,13.339946696315808,0,0,0,4,4,0,0,0,0,0,0,1
160.59954646699663,4.312782315139789,1364,4,487.186544700474,9.739836654967597,0,2682,1,0,3,1290,186,78,2.876693890838734,24.00903408447325,1,0,0,4,6,0,0,0,0,0,0,1
179.34331085963075,4.269049075202284,2555,3,186.70390810892064,23.586470763796687,2,16,0,1,2,472,41,33,3.724313842531125,3.068921539367219,0,0,0,0,9,0,0,0,0,0,0,1
126.66899963430811,4.160822082120183,2682,1,480.28887556136294,19.845357869022425,0,446,0,1,2,372,8,21,1.8453578690224255,8.613394672556064,0,0,0,4,4,0,0,0,0,0,0,1
194.01337191446586,3.131274089815543,1531,2,40.74514624431009,21.43629550922286,1,5,0,0,1,3917,402,110,0.0,14.250963592621714,0,0,0,5,7,1,0,0,0,0,0,1
134.58150383241056,3.727648294415662,37,4,613.6299014848872,21.723517055843384,0,1375,1,0,1,1078,77,73,0.0,5.71252625633281,0,0,0,2,8,1,0,0,0,0,0,1
261.2466620432581,4.180382421569858,1537,3,883.3093293575788,15.83892057732427,0,2024,1,0,5,4417,214,214,0.9106861982557131,24.446569008721433,0,0,0,2,7,0,0,0,0,0,0,1
178.78381440221426,4.477189218154266,1660,1,376.6486522692833,4.5615126735262805,0,2812,0,0,2,2431,298,65,0.2456215636914676,12.280649054159728,0,0,0,6,5,0,0,0,0,0,0,1
121.88506715437492,3.112315431135573,269,1,410.1597269374407,43.98959741188362,2,150,1,1,2,785,26,37,0.2359060345950812,4.584563792429513,0,0,0,1,8,0,0,0,0,0,0,1
216.48416905640508,3.816552051036729,4678,1,127.29025339721403,16.681996110205734,0,861,0,0,5,3647,211,77,1.0,6.151766634774766,0,0,0,2,7,0,0,0,0,0,0,1
47.0590737389489,3.7959962794128237,0,2,371.42217143342356,14.79481319241181,2,5,0,0,1,3087,159,82,0.8136791205058793,14.18632087949412,0,0,0,4,1,0,0,0,0,0,0,1
154.71378373930614,4.3,2006,5,684.3107038554859,3.6500368439900317,0,689,1,0,3,192,15,5,3.325018421995016,11.975055265985048,0,0,0,5,3,0,0,0,0,0,0,1
180.32568078751012,4.5339267936725305,3685,5,611.9537100935427,3.6714143493802442,0,2198,0,0,4,4283,284,218,2.0,11.996439237964816,0,0,0,3,3,0,0,0,0,0,0,1
124.86075166673942,3.3377111471908716,0,4,386.360219696639,7.851773809004106,1,1402,1,0,3,4320,80,202,2.7542229438174353,11.988333333333333,0,0,0,2,7,0,0,0,0,0,0,1
88.20949163153497,4.686302189561443,2151,4,356.83598530264965,9.865725554910915,1,2094,0,0,4,2302,192,121,1.0,8.0,0,0,0,0,7,0,0,1,0,0,0,1
94.43473519429728,2.731316166826315,37,1,20.0,24.98157105726795,2,5,0,0,1,2914,136,136,1.176316818617224,11.039471968971293,0,1,0,4,5,0,0,0,0,0,0,1
94.37728832349754,4.265513988869884,3935,5,450.6193468334236,10.103336761253171,0,1194,0,1,1,3064,322,109,1.379305698385549,9.241388603228902,0,0,0,6,6,0,0,0,0,0,0,1
117.6580304260788,3.851150069631342,2869,5,571.2261577384716,8.442496518432888,0,874,0,1,2,347,28,8,1.7672510444701333,9.603506266820801,0,0,0,6,7,0,0,0,0,0,0,1
137.625588343947,3.7766521149746173,333,3,137.56826735279208,27.149781724619263,1,1912,0,0,1,2985,250,134,1.7944201916243625,8.82231923350255,0,1,0,3,0,1,0,0,1,0,0,1
96.98806203351552,4.042442022257101,1310,4,250.63369666143478,19.029058442002892,0,3089,0,0,2,2995,324,63,0.6366303338565227,9.54652133542609,0,0,1,8,1,1,0,0,0,0,0,1
35.29389237773592,3.5414886126920555,48,2,330.83253107214375,20.188835404809584,1,83,1,1,2,3095,264,103,0.0,9.580490624282962,0,0,0,0,4,0,0,0,0,0,0,1
5.0,3.5,0,1,42.713365002784386,33.9141384004455,2,5,0,0,1,1700,60,73,0.0,7.085861599554498,1,1,1,1,0,0,0,0,0,0,0,1
68.32883525009724,3.7098467910574606,0,2,435.07721971996955,14.901532089425395,1,2238,0,0,2,2193,212,108,1.0,6.927477078981862,0,0,0,4,4,0,0,0,0,0,0,1
139.90365081524462,4.731759070306478,1857,5,304.28596825134883,3.320191609579732,0,2307,0,0,3,2748,389,191,1.727036281225914,8.091854875096345,0,0,0,5,1,0,1,0,0,0,0,1
24.883964172811062,4.192296023179849,2520,1,385.0391151027091,8.770397682015151,0,805,1,1,4,916,30,60,2.7688806953954543,10.306642086186363,0,0,0,6,6,0,0,0,0,0,0,1
154.89543894936878,4.453429987768119,0,2,230.31400244637626,9.230025130041332,0,2773,0,1,2,2344,241,109,1.3971003669564395,9.0,0,0,0,3,6,0,0,0,0,0,0,1
149.04613988828464,3.140418489044537,1913,4,481.12533400179694,29.557489065732778,1,592,1,0,1,2076,144,102,1.038326043821853,8.961673956178148,0,0,0,7,5,1,0,1,0,0,0,1
49.36072529662127,3.4,1178,1,198.1802166382244,32.858366149150214,2,5,1,1,1,3079,258,204,0.0,0.4077263753034943,0,1,0,0,3,0,0,0,0,0,0,1
178.36881693612588,3.9238795327590297,4279,2,568.0492439484709,12.084499068995521,0,3153,1,0,4,2093,187,57,0.6919556758397237,10.283614017229105,0,0,0,5,2,1,0,0,0,0,0,1
160.9448552981693,3.9262773361947505,3615,5,279.8394011803347,3.0656933404868765,0,1934,0,0,4,4348,538,215,2.9671533297565618,3.262773361947507,0,0,0,2,8,0,0,0,0,0,0,1
84.06235847459014,3.6174501074241743,0,1,35.87959775599856,34.08048818334083,1,698,0,0,1,4465,499,77,0.0,0.0,0,0,0,3,4,0,0,0,0,0,0,1
77.76108640819115,3.7510641343457087,963,2,347.9646719976262,28.992905771028607,0,989,0,0,3,1121,37,49,2.5035471144856962,21.27660335864272,0,0,0,4,2,0,0,0,0,0,0,1
108.38726963764842,3.644241942588628,2734,1,461.26961492024714,14.51970565648837,1,2382,1,0,1,1202,137,40,0.0,15.155263908183095,0,0,0,5,3,0,0,0,0,0,0,1
196.3459674270589,3.1,1275,3,388.579012124526,14.179353508292287,0,1544,1,1,2,4048,468,137,0.49653995228392145,12.324106539423791,0,0,0,0,2,0,0,0,0,0,0,1
289.0303167769559,2.760982488443871,0,1,68.30604198767026,17.966120839753405,2,1659,1,1,4,2707,187,139,0.13551664098637994,0.2371541217261649,0,0,0,1,8,0,0,0,0,0,0,1
157.0701824650726,3.648967663455576,0,5,142.32776587210685,10.639375604141396,2,1055,0,0,1,2156,227,25,0.6229463422655148,4.819687802070698,0,0,0,6,3,0,0,0,0,0,0,1
84.80979587408456,3.9,794,4,483.9233758023597,15.829418443375666,1,388,0,0,2,4426,265,180,1.658512877361737,11.317025754723474,0,0,0,1,5,0,0,0,0,0,0,1
94.43555069638467,3.833447696422349,1149,4,230.34476964223492,18.17066937478222,1,140,0,0,2,503,26,19,3.1672384821117454,8.555174345258836,0,0,0,2,1,0,0,0,0,0,0,1
125.89527274798385,3.488038885632439,736,3,94.17276114532972,19.980874926729875,1,3057,1,0,1,4087,359,130,2.0,6.2392222873512235,1,0,0,5,5,1,0,0,0,0,0,1
34.65831485386601,4.208587294092896,0,1,414.6580580328355,10.085872940928963,0,889,0,1,1,3739,186,227,0.21268078434122628,6.361957646976321,0,0,0,3,1,0,0,0,0,0,0,1
93.43238702105091,3.857586841203406,0,2,104.8201103693927,24.6358316222365,1,5,0,1,1,3650,456,138,1.0303473648136252,6.606215776847688,0,0,0,3,4,0,0,0,0,0,0,1
240.40311637578952,4.009783473726897,1239,3,324.4486744887314,32.26623947048269,0,2176,1,0,2,2134,208,151,1.0244586843172439,14.0,0,0,0,2,6,0,0,0,0,0,1,1
77.71590395757272,3.213090089215312,0,2,153.87077083880908,13.361231251642726,2,1963,0,1,1,1811,172,115,0.0,3.6719119041361044,0,0,0,6,7,0,0,0,0,0,0,1
55.57907398316054,4.232808389332986,3815,2,286.53294811889185,21.114610737780097,0,5,1,0,4,1758,85,96,3.528356562010202,8.755030204429378,0,0,0,8,9,0,0,0,0,0,0,1
89.92180687703029,4.188505614312587,2134,2,285.98564646139687,28.237064483049817,3,1953,1,0,1,1469,53,54,2.0,4.229887713748257,0,0,0,5,8,0,0,0,0,0,0,1
200.4522704489821,3.939479084319902,1445,3,284.7955275589825,20.114233091729755,0,2296,1,0,3,4753,285,268,1.6052091568009759,14.789581686398048,0,0,0,7,3,0,0,0,0,0,0,1
123.98726178706794,4.115537128581144,0,4,304.7372029979598,19.766943071282842,3,904,0,1,2,1925,141,131,2.0,10.737851485675424,0,0,0,8,1,0,0,0,0,0,0,1
147.84485189185784,3.4599191823532953,3333,5,852.6598050585613,10.497979558832386,0,1691,1,1,3,1241,87,74,3.502020441167615,11.506061323502845,0,0,0,1,2,0,0,0,0,0,0,1
148.22533119336128,4.077984655618462,0,3,408.48501717522026,9.368297009252494,0,2204,1,0,1,376,37,17,1.0,16.49132454835917,0,0,0,2,1,0,0,0,0,0,0,1
75.8395301494104,3.448951803010966,57,1,20.0,30.01340942271201,2,716,0,0,1,2301,248,100,0.7946362309151958,2.4107275381696085,1,0,0,5,2,0,0,0,0,0,0,1
117.94293574508141,4.1975044674714495,1387,5,334.4359568055929,7.82862248538799,0,1089,0,1,2,3151,226,97,3.2803667160102483,5.732110946632506,0,0,0,0,4,0,0,0,0,0,0,1
106.06814272300993,4.119694830903978,1384,4,522.5810359204614,20.0,0,2394,1,0,4,4761,392,148,1.0,15.59629437526258,0,0,0,4,5,0,0,0,0,0,0,1
185.44962293778394,4.7903678005704,2838,4,324.4807308925746,19.867777027569343,0,1113,0,0,2,3967,461,129,1.349386999049333,9.602452003802668,0,0,0,5,3,0,0,0,0,0,0,1
73.51852551920413,3.5722377200910347,0,1,590.9640474038621,26.658840857793102,2,486,0,1,2,1601,60,43,1.9364636568827587,2.809390970648276,0,0,0,1,4,0,0,0,0,0,0,1
35.57996734238943,3.5374831909357365,540,3,225.0011526215495,29.249759870510523,1,2209,0,1,2,1650,167,86,2.2499519741021046,7.625168090642634,0,0,0,2,4,0,0,0,0,0,0,1
103.01988336072394,3.775545189488034,2281,2,475.8356851173886,20.067755103756447,2,43,1,1,2,3442,328,117,1.6222740525598307,14.636821768134654,0,0,0,8,6,0,0,0,0,0,0,1
47.12940399740189,3.5202212946215665,0,2,294.1495274717589,18.836564813292334,0,1178,1,0,1,2918,80,44,0.4903055601230015,7.673129626584666,0,0,0,7,4,0,0,0,0,0,0,1
5.0,3.042583512378666,0,2,27.838381519552588,26.300371166127405,2,5,0,1,1,2255,208,97,0.5874536042340743,8.538010353425182,0,1,0,8,5,0,0,0,0,0,0,1
180.24568368079682,4.941191064155806,3865,3,768.0037213597304,15.77371993213249,1,1891,0,1,3,3464,273,85,2.0,7.882134037662914,0,0,0,2,4,0,0,0,0,0,0,1
31.947061011806582,3.9558880148948905,0,1,89.26374237961333,9.56871039747794,0,693,0,0,1,1298,112,79,1.5718816004203435,0.0,0,0,0,5,3,0,1,0,0,0,0,1
154.8888079136828,3.6,0,3,438.79286330320485,5.417056809565643,0,914,1,0,1,2899,261,51,0.47235226985521417,6.718011922070498,0,0,0,4,1,0,0,0,0,0,0,1
90.77520517651521,3.4465544108742754,0,2,241.34611721965214,22.016838368858703,1,567,0,0,1,3746,298,198,0.5344558912572469,1.8621764349710124,1,0,0,6,3,0,0,0,0,0,0,1
149.393679625306,4.4189120516124145,480,4,491.98596758725233,15.670208464511727,0,2837,1,0,2,2986,248,171,2.9621758967751717,12.924351793550343,0,0,0,4,2,0,0,0,0,0,0,1
53.352241359813334,3.0041832716502515,0,3,20.0,25.514940255893755,1,5,0,0,1,2201,182,73,1.502988051178751,11.544820767681266,0,1,0,5,3,0,0,0,0,0,0,1
61.783010227514495,3.8418919091728645,1096,1,265.35012704468625,23.70393115680128,0,17,0,1,3,2208,148,146,0.9385748757350374,25.23464371893376,0,0,0,6,6,1,0,0,0,0,0,1
42.08212691882952,3.1,9,2,89.0704260914887,14.956648107294995,1,536,1,1,3,2221,243,134,0.8970185206686845,3.1029814793313157,1,0,0,8,3,1,0,0,0,0,0,1
234.1487924755291,4.465019501903228,31,4,375.39645042252994,7.665637188689518,1,2935,1,0,2,1117,97,36,2.6656371886895176,9.331274377379035,1,0,0,5,4,0,0,0,0,0,0,1
137.23367451956503,2.975503363803889,0,2,444.8473149907861,30.320469725764998,1,1813,0,1,1,3724,87,198,0.15100672760777845,9.830537001842782,1,0,0,0,8,0,0,0,0,0,0,1
43.07657567646086,3.5779215986727055,283,5,464.935075585051,16.818170635696468,0,696,1,1,1,361,47,18,0.4935075585050983,14.259738662242352,0,0,0,0,7,0,0,0,0,0,0,1
220.05824919383804,3.9089207418881196,2294,3,325.3378162277942,7.535244513287187,0,2759,0,0,3,1662,65,36,0.7276981452797006,19.192453631992514,0,0,0,3,7,0,0,0,0,1,0,1
83.06164848555665,3.2,1510,2,163.46188418141028,26.76916491782661,2,1027,1,0,1,1856,191,56,3.0,13.220365060725502,0,0,0,0,3,0,0,0,0,0,0,1
83.6602913495653,3.0260793800066357,285,2,32.78238140019907,32.94684306668141,0,983,0,0,2,4322,585,123,0.0,10.734215333407063,0,0,0,2,4,0,0,0,0,0,0,1
154.13056025347592,4.520299908594448,2969,3,494.5034684650847,29.014995429722422,1,995,1,0,3,2541,228,118,1.5977506855416368,12.0,0,0,0,3,1,0,0,1,0,0,0,1
61.532637842871566,3.5210685643840387,3885,1,486.57862871231924,1.1685485150723105,0,1203,0,0,3,2193,52,129,0.06320569315211655,12.252822772608466,0,0,0,0,3,0,0,0,0,0,0,1
104.8222931629482,3.3082744827064583,4080,1,154.36621751305128,24.7235893892383,1,5,1,0,2,1656,79,63,2.0,13.436621751305129,0,0,0,0,2,0,0,0,0,0,0,1
95.69039201472204,3.833496880005762,0,2,490.29545088101406,25.54183776029961,1,482,0,1,2,1533,62,60,1.1330062399884766,1.7290811198501945,0,0,0,1,3,1,0,1,0,0,0,1
155.4265488797541,3.585589146755391,2986,3,196.08178303304285,25.527751925837514,0,1913,1,0,1,1672,172,100,2.0,6.184031009270311,0,1,0,2,7,0,0,0,0,0,0,1
171.43188096593553,3.810344519051868,0,1,471.98672329800405,31.862058166815377,0,341,1,1,1,3395,381,237,3.55172259525934,2.6896644284439617,0,0,0,4,5,0,0,0,0,0,0,1
157.31934391262612,2.879277420447635,2783,3,768.6211845262133,19.699448667437043,1,1566,1,1,1,1345,162,49,2.7461114359566956,13.031108512346435,0,0,0,4,5,0,0,0,0,1,0,1
97.01717236339874,3.662720830214583,64,2,397.8162490643749,10.530035794482151,0,1724,0,1,1,3089,368,31,1.8038869003065472,18.62720830214583,0,0,0,6,0,1,0,1,0,0,0,1
275.6362643013796,4.342839757162157,3898,5,524.4247465756744,19.505507879106034,0,1810,1,0,1,3030,296,197,1.0,13.494492120893966,0,0,0,4,0,0,0,1,0,0,0,1
142.25440294144232,3.819009795940084,2920,2,450.40402447654867,12.900979594008412,1,861,0,1,3,2115,150,64,0.0,16.380195918801682,0,0,0,4,0,1,0,0,1,0,0,1
214.12972497459165,3.7696356229480954,5333,2,370.1983818040142,6.428339934339055,0,305,1,1,2,398,44,4,2.0,7.12469616382001,0,0,0,8,2,0,0,0,0,0,0,1
188.277349203261,4.6583338893419,2785,5,349.3471175072755,13.486137984858491,0,1174,0,0,2,3936,476,147,1.5694435177635002,8.722225928946,0,0,0,5,4,0,0,0,0,0,0,1
133.88941834449247,4.677492096502701,3605,6,633.0994737984086,7.475869384702936,0,2298,0,1,3,4321,192,267,1.8874604825135028,11.225079034972994,0,0,0,2,5,0,0,0,0,0,1,1
71.28761061067767,3.9670164754350097,108,5,411.5147445325822,14.298352456499018,1,24,0,0,2,653,37,46,2.1134431695667324,0.0,0,0,0,4,4,0,0,0,0,0,0,1
115.00489110428174,4.144162619262102,809,3,363.3860407743208,6.350242844273922,0,1702,1,0,2,3027,82,160,1.0,7.883252385242026,0,0,0,5,3,0,0,1,0,0,0,1
195.76093081998874,4.844251973886324,3961,4,597.9190928667449,22.61062993471581,0,1050,1,0,2,2376,186,75,3.805314967357905,8.362795228494665,0,0,0,4,5,0,0,0,0,1,0,1
99.89971283243439,2.311271218044557,0,3,402.6280498045296,15.214153142846587,2,1882,0,0,2,3805,256,151,1.9887287819554427,0.1465258345792435,0,0,0,8,2,0,0,0,0,0,0,1
193.98702928652978,5.0,2917,4,324.283457184479,25.635171423946776,0,1083,1,0,1,3971,376,112,1.2681251839575551,13.380815586938123,0,0,0,7,3,0,0,0,0,0,0,1
123.68631219923716,3.7386299702074828,3880,2,359.15437507181923,3.6137002979251722,0,1970,1,1,2,1856,109,130,4.613700297925172,6.5794495531122426,0,0,0,4,1,1,0,0,0,0,0,1
138.76169424376982,3.641085749589638,1381,4,306.8929392693114,1.8590656732378825,0,1169,0,1,2,3211,207,29,2.0,10.07470136289025,0,0,0,1,6,1,0,0,0,0,0,1
199.14798710744307,3.616677082326818,0,2,494.6480746923369,7.111180548845454,0,878,1,1,2,2903,211,30,1.0,11.321898593462214,0,0,0,0,1,0,0,0,0,0,0,1
22.787599493894128,3.0717836302444574,635,2,20.84649109266628,26.576754453666858,2,5,0,0,1,1189,147,52,0.0,2.5643273951108543,0,0,0,0,1,0,0,0,0,0,0,1
5.0,2.5406392308273524,0,1,45.60271542123189,28.283100007555788,2,76,0,0,1,4955,274,268,1.187215383452956,10.091330759350125,0,0,0,4,7,0,0,0,0,0,0,1
174.3501594146489,3.73520198777864,0,1,586.8944694104472,2.9439403666407977,2,1533,1,0,4,4036,392,205,0.6760099388932004,21.436109327825204,0,0,0,2,6,0,0,0,0,0,0,1
192.54817732119253,4.008692501495035,1888,3,321.34625074751744,28.52227474584406,0,2448,1,0,3,4227,552,210,2.1738500299006986,0.6084751046524453,0,0,0,3,3,1,1,0,0,0,0,1
157.40053387458963,3.860166605160271,5133,2,362.3955571957261,10.965648524020565,1,2055,1,1,2,3911,268,72,0.0,16.0,0,0,0,7,4,0,0,0,0,0,0,1
209.35368718716194,3.878369196571007,64,3,608.6171071670406,14.056381547215992,0,3896,0,0,3,1173,76,21,2.0,18.39761532990006,0,0,0,7,3,1,0,0,0,0,0,1
111.90487156655539,2.69112314271987,0,1,230.48552003843642,33.644925708794794,2,1140,0,0,1,270,30,14,0.1518719045331165,1.8206910155111782,0,0,0,5,5,0,1,0,0,0,0,1
161.2115909590754,4.175444622067459,1739,3,515.9254258907555,9.156629365833757,0,757,0,0,2,3542,388,28,2.6316693310118744,7.122776889662709,0,0,0,2,7,0,0,0,0,0,0,1
22.44856760489101,4.18764440758753,2054,2,582.3510853112706,7.505776303501175,0,377,0,0,2,3312,224,87,1.1235559241247062,11.887996682877645,0,0,0,6,3,0,0,0,0,0,0,1
287.17932728900786,3.907122330915724,5432,6,678.3302534995985,5.500478945299773,0,1517,1,1,3,2441,114,79,4.0,26.856595491085976,0,0,0,1,6,0,0,0,0,0,0,1
120.1709690334725,4.481578454055404,4024,1,574.8225176482404,25.559192027077643,1,1602,1,1,1,4227,157,205,0.0,10.592107729722981,0,1,0,3,2,0,0,0,0,0,0,1
252.7243405709939,4.09106240035403,2560,1,112.63404694498945,18.536255978758177,0,970,1,1,1,681,58,16,0.2681279893790882,3.3406399468954415,0,0,0,7,4,0,0,0,0,0,0,1
197.18682315366976,4.137523872895675,2396,1,213.7963134176093,11.497135252519012,1,2191,1,0,1,4409,100,147,0.0,6.75429712122148,0,0,0,2,4,0,0,0,0,0,0,1
118.92640393742265,3.7037987857247527,0,2,323.9863775704726,17.679329285749176,1,1463,0,0,2,1951,155,73,1.0,16.977207285651485,0,0,0,1,6,0,0,0,0,0,0,1
199.84848131997484,3.382510733142266,1118,2,160.05364926837044,17.39914134861872,1,155,0,0,1,4886,596,300,0.8251073314226598,2.4484973600827633,0,1,0,3,4,0,0,0,0,0,0,1
58.285771801608036,3.6821644726829454,129,3,389.66233545122094,23.184703939024548,3,5,0,0,1,829,103,32,1.6369407878049094,10.904473697560725,0,0,0,0,9,0,0,0,0,0,0,1
142.56555250904222,3.496577188917947,0,1,20.0,20.760403224256297,3,160,0,0,1,2411,239,85,0.06845622164105825,11.999600672040428,0,0,0,7,0,0,0,0,0,0,0,1
129.27277928465426,3.10482188818255,1608,2,135.3932081278628,13.661309013130499,2,503,0,0,3,305,17,4,0.8306545065652498,14.951781118174495,0,0,0,2,9,0,0,0,0,0,0,1
147.99640197847637,3.6761537159050204,0,2,208.13559336699117,12.548078551187244,0,368,1,1,2,3679,128,257,0.0,16.142305738575306,0,0,0,6,4,0,0,0,0,0,1,1
170.23242965583316,4.7678496430395985,3244,4,272.9046619071946,10.8691726160067,0,2826,0,0,4,2223,129,57,3.5476690464026808,21.32150356960402,0,0,0,3,7,0,0,0,0,0,0,1
236.24101283595073,3.7186210526670274,33,3,454.73256843615366,10.823452632004328,0,3177,1,1,3,1061,127,55,0.7255157893318909,7.362757894665945,0,0,0,6,3,0,0,0,0,0,0,1
178.84804800844736,3.2694659900126393,0,2,372.1466883845754,2.138931980025278,1,468,1,0,1,1302,62,55,2.5832040599241646,10.332816239696658,0,1,0,4,3,0,0,0,0,0,0,1
174.39898339073753,3.4219510525080956,1523,1,299.9755947257286,22.75608420064767,1,527,1,1,1,4819,416,188,2.5609789498380824,1.7560842006476696,1,0,1,7,6,0,0,0,0,0,1,1
5.103847157988611,4.1,2271,3,565.9128757463073,27.64366171278418,0,593,1,1,2,1842,159,105,2.97454726519887,22.87273632599435,0,0,0,7,6,0,0,0,0,0,0,1
161.92294153337187,3.7982171026907725,868,2,485.7745168979051,9.982171026907723,0,1461,1,1,1,634,81,25,2.3392763243640924,12.651626489930047,0,0,0,3,1,0,0,0,0,0,0,1
63.55739744885223,3.2713568888805953,2598,4,461.1688479997014,19.0,0,1177,1,1,2,1265,177,79,1.114237925920397,23.68542755552238,1,0,0,4,6,0,0,0,0,0,0,1
213.6512943668866,3.6473787040267514,1259,4,238.9832302106035,17.026701401003187,2,1668,0,0,4,3590,340,60,2.0,9.644903940434713,0,0,0,6,4,0,0,0,0,0,0,1
153.81852900804222,4.472197893259295,2638,2,236.87826027505153,23.663448181559897,0,1280,0,1,2,2696,74,134,1.9707346244834694,11.897571185692144,0,0,0,6,8,0,0,0,0,0,0,1
141.74668437665596,4.176041092575567,2880,3,629.3158440085433,1.0,1,903,0,1,2,2228,170,28,1.0578690946123712,7.123850885019587,1,0,0,2,1,0,0,0,0,0,0,1
183.58724945109154,3.6089464305892087,0,1,36.35785722356834,19.82107138821583,3,397,0,1,1,4108,190,259,1.6357857223568335,11.262029361333251,0,0,0,3,6,0,0,0,0,0,0,1
241.93828233240959,3.6636994695646883,0,4,536.4262057197903,14.756453874405539,0,298,1,1,2,625,62,38,1.515221632849654,10.789211024143423,1,0,0,8,2,0,0,0,0,0,0,1
43.626902523676755,3.658720359117345,0,1,130.69085367049507,27.138727979424274,1,722,1,1,1,776,55,42,1.0249153117638432,11.994021327348044,0,0,0,2,2,1,0,0,0,0,0,1
200.45966752244803,3.6808191390399343,1129,6,503.3195460804705,18.416869442286654,0,1675,0,0,5,3521,424,153,0.7749391673140034,11.933495553829324,0,0,0,4,3,1,0,0,0,0,0,1
87.55056435248596,3.660230829367819,24,1,386.5865610129322,13.988458531609044,0,1755,0,0,2,2970,247,131,2.6988458531609045,7.420774643103721,0,0,0,2,2,0,0,0,0,0,0,1
216.80155360275117,4.580510008719396,1105,3,227.38250653954708,11.025500435969805,1,1205,0,1,2,4242,516,136,0.40255004359698054,9.258651002730552,0,0,0,3,5,0,0,0,0,0,0,1
49.26897259252767,3.396220796744678,564,5,333.97093705527203,2.744184859952692,2,755,1,1,1,4970,649,276,0.0,10.60174581756505,0,0,0,3,0,0,0,0,0,0,0,1
73.26057428789771,4.222527083884665,3845,1,153.5527791214575,22.484620825614694,0,5,0,0,5,1545,132,83,1.4358723162212754,14.57607563636796,0,0,0,9,6,0,0,0,0,0,0,1
86.7421561277761,3.310851967276641,0,3,163.4188507987085,21.674440981700773,0,1220,0,0,1,3265,136,90,0.0,0.0,0,1,0,3,3,0,1,0,0,0,0,1
194.20282892337517,3.547089515549868,0,1,498.6772378887467,7.661381055626652,0,877,1,0,3,2871,202,29,1.0,10.931666866793819,0,0,0,1,1,0,0,0,0,0,0,1
240.1363945792391,4.150858451854578,0,5,355.66165581716217,32.50858451854579,0,1053,0,0,1,1669,129,17,0.09942769876361435,2.0994276987636145,0,0,0,2,7,0,0,0,0,0,0,1
191.15881874700307,4.062411831903657,3253,3,250.35906891177532,18.940450278245528,0,3294,1,0,2,481,21,16,2.382443715219309,21.322893993464838,0,0,1,8,4,0,0,0,0,0,0,1
226.32081389475593,4.068318385644548,2527,1,180.41121077924655,19.900896861327112,0,1016,1,1,1,706,55,25,0.9504484306635557,6.752242153317779,0,0,0,7,3,0,0,0,0,0,0,1
210.83443716801008,3.6709664496353307,2875,1,219.79043565690858,32.209764649615195,1,620,0,1,3,3628,138,133,0.7096644963533043,17.467751627735023,0,0,0,6,8,0,0,0,0,0,0,1
55.43968165832337,3.352966167865508,0,4,441.73312297340385,14.578731010629484,1,1530,1,1,1,2960,204,52,1.0,2.470338321344919,0,0,0,1,4,1,0,0,0,0,1,1
64.92005541945439,3.255483671479263,30,1,334.27315684734253,19.479564572780344,0,5,0,0,3,2181,160,155,0.3099159364055968,3.329020288755771,0,0,0,1,3,0,0,0,0,0,0,1
160.53172885741031,4.8,1666,5,255.12982876125162,9.965633563198104,1,2400,0,0,3,2846,356,204,1.5019092464889943,10.48663527457704,0,0,0,5,0,0,0,0,0,0,0,1
218.95934633483444,3.4,6,5,213.82287038516498,9.40305239949426,0,1615,1,1,2,126,3,2,1.1343507998314202,1.2763325983984917,0,0,0,2,8,0,0,0,0,0,0,1
204.60842237308856,4.3,6737,2,484.8863642745984,8.137022943667734,0,1930,1,1,2,649,53,45,1.620992352110755,16.16326338380618,0,0,0,2,7,0,0,0,0,0,0,1
130.26833640745323,4.450760531806033,0,2,765.776326556192,3.9847893638793437,0,3600,0,0,2,139,12,3,2.0,13.512675530100548,1,0,0,5,5,0,0,0,0,0,0,1
154.36350479454782,4.4,0,3,312.8462602858443,11.559594836735409,0,2537,1,1,1,1882,112,63,0.2797974183677042,3.0777716020447468,0,0,0,4,5,0,0,0,0,0,0,1
92.42333715622502,4.087162935933945,2384,1,141.42891999621298,24.065787301286743,1,2299,0,1,1,843,115,32,0.8934212698713256,1.7460511109007206,0,0,0,2,9,0,0,0,0,0,0,1
61.107935436150875,3.8280037077320896,4124,4,359.08782331470945,19.82024100258584,0,2088,1,0,2,753,81,28,1.140018538660449,9.520333695888082,0,0,0,8,5,0,0,0,0,0,0,1
147.49698124515368,3.547263239473077,0,4,576.961927867693,20.89052957892307,0,1359,1,0,1,1003,92,65,0.26368380263461644,9.328411263230795,0,0,0,4,6,0,0,0,0,0,0,1
227.57051770671418,4.893400642651647,996,5,553.1849932351391,6.063469474046762,0,3315,0,1,2,3869,499,69,2.200504819887353,25.271546592244416,1,0,1,0,7,0,0,0,0,0,0,1
98.30195967119823,4.041033879386844,1910,2,138.39778025816935,12.21378505849125,0,1214,1,0,2,2014,129,59,1.0712616861637505,13.330534954289332,0,0,0,8,4,1,0,0,0,0,0,1
135.2437594792542,4.52478080183152,0,2,409.05260756043504,16.011690568985564,0,2237,0,1,2,110,9,3,1.7492693394384022,10.241962733822424,0,0,0,2,4,0,0,0,0,0,0,1
47.07998311353434,3.696407869693192,21,3,454.51764524819146,21.83450968321276,1,906,0,0,3,1237,73,38,0.36690193664255244,6.697882570217028,0,0,0,2,1,1,0,0,0,0,0,1
241.19943849390302,4.001145229972345,1652,7,746.0741886844296,9.402655452350613,0,3121,1,1,3,4454,359,234,1.4942738501382715,13.908381602212343,0,0,0,7,2,1,0,0,0,0,0,1
187.2165491339298,4.314658875635881,77,2,598.5892766619802,17.452826916332207,1,1100,0,0,2,2298,130,54,1.719883134538202,12.1465887563588,0,0,0,6,1,0,0,0,0,0,0,1
86.35793532125956,3.6485679110465115,3528,3,751.5902885891472,12.057283558139549,0,1811,1,1,1,1302,83,87,0.4856791104651128,2.2951442945736336,0,0,0,3,6,1,0,0,0,0,0,1
77.12342254343295,2.9426289009294146,2351,4,443.23686679586365,25.764947987607805,0,1264,1,1,2,3039,347,75,0.0,8.147421981411709,0,0,1,1,7,0,0,0,0,0,0,1
178.61794697470845,3.254182275412854,0,1,409.05742281466223,26.334582033028326,1,2502,0,0,2,625,71,26,3.0,1.541822754128541,0,0,0,8,7,0,0,0,0,0,0,1
116.6140790284359,4.053221635730412,3225,5,408.21843010448197,15.449098511232815,0,1108,1,0,2,1138,39,22,2.0,4.045747583145189,0,0,0,7,2,0,0,0,0,0,0,1
111.01695940597864,3.9061614129683746,1901,2,356.3156866675539,14.107414857826257,0,1764,0,0,3,4307,562,189,1.6461286234387504,11.0,0,0,0,3,6,0,0,0,0,0,0,1
104.50669484701103,4.342078048238509,1393,4,536.4005644262502,20.0,0,2368,1,0,5,4771,400,113,1.0,18.29666201432475,0,0,0,4,5,0,0,0,0,0,0,1
99.76770804539424,4.1,4,6,454.5043528756321,11.134305651542375,1,3645,1,1,2,2370,299,78,2.4468872379631104,5.472816371357117,0,0,0,2,3,0,0,0,0,0,0,1
145.5884056578943,4.227730431537913,577,3,588.9244787962442,28.73528255191349,0,1818,1,1,1,3666,350,87,0.9096630394223921,9.638652157689569,0,0,0,5,8,0,0,0,0,0,0,1
234.47666756455988,3.797718296803878,3062,3,581.5101428837022,6.229014074464521,0,34,1,1,1,3316,78,216,1.458028148929043,14.541971851070958,0,0,0,5,4,0,0,0,0,0,0,1
213.18384369261858,4.279525088393773,3095,4,333.06809900102525,2.2284946963736485,0,2644,1,1,3,1887,200,102,1.0,9.8189964642491,0,0,0,2,0,0,0,0,0,0,0,1
79.83093749167605,3.365168403718788,2008,1,515.7303730145211,18.83707899070303,1,639,0,1,1,4462,201,110,0.16292100929697062,11.443815139454559,1,0,0,5,4,1,0,1,0,0,0,1
69.58391556596709,4.206365808276777,1084,2,361.8434669679184,3.1859669817862177,1,3428,0,0,3,934,82,8,0.4371933963572435,10.251226414571025,0,0,0,3,4,0,0,1,0,0,0,1
78.69617325994427,3.3817191482086795,0,1,76.76184799209867,20.746541031875743,2,5,0,1,1,657,34,43,0.0,4.57756838645957,0,0,1,8,4,0,0,0,0,0,0,1
15.99616080349784,3.144306572224381,1561,1,31.215328611219057,28.822992916828582,1,746,0,1,2,3105,118,62,0.0,15.936861472340961,0,0,0,4,5,0,0,0,0,0,0,1
138.59256823405775,4.166242800204775,1885,4,231.78035002559682,30.61040466700796,1,5,0,0,1,550,48,23,0.6104046670079576,5.493642003071618,0,0,0,6,5,0,0,0,0,0,1,1
135.03145778633024,4.520277281176893,2473,5,273.88083657976404,1.760398044133515,0,2548,1,0,3,1332,75,84,2.898613594115531,23.594454376462124,0,0,0,0,7,0,0,0,0,0,0,1
225.07203091614522,4.141340250779178,0,4,333.13402507791784,25.273713792854807,0,1146,0,0,1,1637,94,43,0.3966493730520543,5.173194984416434,0,0,0,2,5,0,0,0,0,0,0,1
90.54173679754823,4.154086936539633,2379,6,653.971816935152,10.59686982498477,2,2527,0,0,4,2054,295,74,4.0,12.31026042996294,0,0,0,5,4,0,0,0,0,0,0,1
84.44468327335451,3.1810007664527244,0,3,170.41986203850965,23.0,1,5,1,0,3,3726,125,160,0.0,13.864998722578793,0,0,0,4,3,0,0,0,0,0,0,1
122.51191611069018,3.7129960464540694,0,3,475.37549419324125,16.93501976772965,0,2340,0,1,3,2107,217,54,2.5487351742027617,12.259920929081396,0,1,0,3,5,0,0,0,1,0,0,1
238.43952160275848,4.703097655368586,1676,4,367.07063965006034,1.8097336671765847,0,3155,0,1,1,69,4,4,2.730088777607805,31.68142044172488,0,0,0,5,6,0,0,0,1,0,0,1
99.33381563569671,3.6300786105459033,3782,5,261.44220109528527,21.89449726178677,0,1800,1,0,3,4402,488,179,2.460157221091807,1.3804716632754197,1,0,0,4,6,0,0,0,0,0,0,1
194.96738584999977,4.1648055511566335,1083,3,297.0104888934291,26.296111023132678,0,2287,1,1,2,1349,194,44,2.1620138778915847,13.513958366325246,0,0,0,2,4,0,0,0,0,0,0,1
16.818717934076965,3.690164407627948,2094,1,253.12558881410038,30.256826263410478,0,956,1,1,2,2149,165,148,1.47541101906987,13.633881358759826,0,0,0,2,4,0,0,0,0,0,0,1
20.05663853169395,3.376796075342721,12,3,392.44756828769937,13.966323283647833,2,1574,0,1,1,3058,331,75,1.1535921506854427,5.611066561652526,0,0,0,1,5,1,0,0,0,0,0,1
76.38480964982558,3.5089527374553042,2058,1,64.28294805110258,1.7162189964243364,1,755,0,1,2,880,100,9,1.089527374553042,3.865708938170437,0,0,0,2,3,0,0,0,0,0,0,1
20.20272472741329,3.0082704986182653,4,1,253.35663810782899,53.597212900568806,2,5,1,0,1,2776,54,109,0.30934428176647244,5.917295013817347,0,0,0,0,7,1,0,0,0,0,0,1
256.21965936849614,4.127334428733013,759,5,830.3999530542994,11.923356023755268,0,3115,0,1,1,2733,345,194,0.37666744909500927,17.843318467194823,0,0,0,6,9,0,0,0,0,0,0,1
151.07209599120335,3.742271192610111,1660,4,472.37118654350184,20.10305076519852,0,2277,1,0,2,1234,117,51,1.8969492348014785,7.886440369494456,0,0,0,2,4,0,0,0,0,0,0,1
190.4928571107165,4.527808133977883,3381,2,649.6942315801075,13.084788869486843,2,2470,1,1,1,1837,182,116,1.3112325359115335,6.9668488038673,0,0,0,4,5,0,0,0,0,0,0,1
179.62376689810867,3.346078112793953,1365,3,321.1597348630619,20.218481933610626,0,1539,1,0,2,4120,412,178,0.0,7.836138549792031,1,0,0,3,3,0,0,0,0,0,0,1
137.18198177179912,3.2825587101213505,0,3,756.9935156074132,16.14542586638231,1,1790,0,0,1,3775,189,64,1.7616193481797433,11.982509639685212,0,0,0,6,4,0,0,0,0,0,0,1
76.63027028938262,3.988522335093314,2672,2,221.41122669245632,5.721191204976751,0,602,0,0,2,2896,273,63,2.7049255496889533,3.2458189534215167,0,0,0,8,2,0,0,0,0,0,0,1
112.76995006996432,3.4,0,4,418.29887743782115,8.77771875748601,0,1523,0,1,3,1412,129,95,0.0,4.017139417318454,0,1,0,8,5,0,0,0,0,0,0,1
85.98406006746524,3.845968151276113,0,2,358.3432183253549,6.516178153133573,2,538,0,1,1,589,30,33,2.0,14.459681512761131,0,0,0,6,2,0,0,0,0,0,0,1
104.12882467423236,3.5607467282956975,0,3,34.65514820133706,13.607467282956977,3,5,1,1,1,610,69,42,0.22780023110886627,1.2278002311088663,0,0,1,0,7,0,0,1,0,0,0,1
13.480310771810268,3.0699888096710612,0,1,193.99776193421226,33.822570365789204,0,773,0,0,1,66,4,3,0.13031249800659522,7.377877247368343,0,0,0,5,2,0,0,0,0,0,0,1
189.016996630747,4.997192731249066,1911,3,759.1391042497136,13.005217909852623,0,1879,1,0,1,3524,425,133,1.0023393906257783,16.983624265619554,0,0,0,8,3,0,0,0,0,0,0,1
55.0203813764243,3.9466693850076995,0,2,369.41990795330787,12.484509176893702,2,5,0,0,1,3075,170,61,0.9676993882070865,14.032300611792914,0,0,0,4,0,0,0,0,0,0,0,1
123.28483490513696,4.095796945153292,17,1,419.914496783482,21.031522911350308,1,259,0,0,1,646,88,4,0.005253818558384915,7.957969451532921,0,0,0,6,3,0,0,1,0,0,0,1
124.0713113694282,3.541237498405498,4826,4,356.63912520728525,2.4433124441924283,0,458,1,0,2,2170,94,61,3.5876250159450205,7.4123749840549795,0,0,0,3,2,0,0,0,0,0,0,1
78.61234818684214,3.6741613772762354,0,2,331.65004564631516,33.191296409336495,1,1616,0,1,1,1282,173,86,0.0,3.4270172159529455,0,0,0,4,5,0,0,0,0,0,0,1
97.60417558086434,3.2118267230015625,47,4,487.5572688862571,24.037151259083807,1,835,0,0,2,1225,100,17,0.8074302518167612,2.733127733649149,0,0,0,2,2,1,0,0,0,0,0,1
190.36823897529612,3.9449806160496568,1712,2,258.70839843684354,12.34111092812294,1,2079,0,0,2,2659,179,152,0.03790121423588233,5.772592714584706,0,0,0,1,4,1,0,0,0,0,0,1
62.20488179211829,3.3,0,4,318.33172196656574,18.939810176914015,2,5,1,0,1,4818,380,159,1.5800271175837122,3.1600542351674243,0,0,0,2,6,0,0,0,0,0,0,1
156.3583909199216,4.361887953510871,1083,2,186.56484765135633,4.713277210652313,0,1285,0,0,2,2906,123,115,1.9283193026630783,11.403837443097954,0,0,0,8,2,1,0,0,0,0,0,1
65.70864935861113,3.3786993325864305,0,1,343.3688018902053,30.192837375159886,1,5,1,0,1,2674,60,89,0.0,5.563902002240708,0,0,1,1,7,1,0,0,0,0,0,1
155.15768725522582,3.626011563558655,4489,6,783.9999950435267,4.040462542346203,0,216,1,0,2,2218,115,73,2.739884364413449,13.739884364413449,0,0,1,5,2,1,0,0,0,0,0,1
40.51019311903616,2.9418292069960694,1497,2,160.4299949736777,26.74902475802358,0,1843,1,0,2,445,6,16,0.0,12.072479754740426,0,0,0,8,6,0,0,0,0,0,0,1
6.186293247526704,3.7791962069728404,611,2,230.10117864525472,5.590544135032053,3,5,0,0,1,2308,301,39,1.483215172108637,5.30874689761977,0,0,0,6,4,1,0,0,0,0,0,1
231.37751936926588,3.9555797541337046,2012,3,597.8840491732591,11.722101229331477,0,1270,0,0,3,2735,258,129,0.3610506146657382,9.584240780013927,0,0,0,5,5,0,0,0,0,0,0,1
22.20243098698151,4.35542150732331,2856,4,474.5181709721795,6.4819283089223,1,2113,1,1,2,1485,140,82,3.2771075366165494,10.337354780300704,1,0,0,7,1,0,0,1,0,0,0,1
115.37175577750826,4.124103329273138,1880,2,214.78379557447428,7.345623426717811,1,1259,0,0,1,712,47,40,0.0,10.13744660982394,1,0,0,2,2,0,0,1,0,0,0,1
157.46374822386548,3.852983156378924,5134,2,362.58711582989537,11.009547377684356,1,2056,1,1,2,3913,267,71,0.0,16.0,0,0,0,7,4,0,0,0,0,0,0,1
74.26687018924835,3.9116539198920073,1468,3,384.4278999775015,25.533843204319716,2,1932,1,0,4,1510,109,21,1.0388463996400237,8.213655198020131,0,0,0,3,1,0,0,0,0,0,0,1
109.25951676689292,3.9323546688452176,628,4,344.32354668845215,23.2269105010882,0,2137,1,0,1,1208,143,23,0.1932723747279501,7.096636187363975,0,0,0,7,4,0,0,0,0,0,0,1
34.64127993526116,3.7646664919117163,0,1,314.71389080162487,14.706670161765674,2,967,0,1,1,4354,583,201,0.3533350808828366,3.8866858897112024,0,0,0,2,6,0,0,0,0,0,0,1
141.31615387493468,4.686507307804876,2347,1,215.3400766435725,29.93175211456925,1,2083,0,1,1,841,108,22,0.30682478854307527,5.852226480198473,0,0,0,0,9,0,0,0,0,0,0,1
189.8723276638726,2.636117064661097,2756,3,804.2124070675844,22.599124153950143,0,1690,0,1,2,1333,161,35,3.0,10.79361677336516,0,0,0,4,5,0,0,0,0,0,0,1
75.4973738540878,3.7873918600158842,641,4,289.9107296084949,17.310577748149726,0,2818,1,0,2,3973,166,46,1.6699174645500392,4.660165070899922,1,0,0,6,6,0,0,0,0,0,0,1
74.70830725285937,3.91324963131303,2609,2,267.8293940236315,1.7066470033616028,0,655,0,0,2,2853,292,37,2.9558345622899,0.4858198148111019,0,0,0,8,3,0,0,0,0,0,0,1
84.63594953431331,3.800048386848883,1803,2,124.11881403576717,21.647428840609102,2,540,0,0,2,161,6,4,0.41173624303006895,7.999516131511172,0,1,0,4,5,0,0,0,1,0,0,1
142.572647928347,3.001099050738081,1495,5,241.08598455774396,14.006465004341651,0,2007,0,1,1,3032,65,35,0.0025860017366605703,11.992241994790017,0,0,0,6,0,0,0,0,0,0,1,1
153.13724811316754,4.210935392993974,2993,2,544.474474195791,12.116131628743593,1,820,0,1,1,2078,253,64,0.8883868371256407,10.448711884432054,0,0,0,5,0,0,0,0,0,0,0,1
207.82922714065327,3.9053579763837334,1274,3,278.88429949076135,25.901848228779997,1,2332,1,0,2,2172,203,152,0.5267898819186666,13.053579763837334,0,0,0,1,4,0,0,0,0,0,0,1
43.925401246425196,3.05028388520447,1435,1,169.79764128178192,15.631387417100576,2,24,1,0,2,4228,425,257,0.9385645695167626,2.1899839955391127,0,0,0,3,5,1,0,0,0,0,0,1
66.07701243947562,3.8517909684854144,0,1,45.55078670273046,3.2899289969428245,1,1534,0,1,2,1192,91,57,0.12052257878646444,11.276864527281214,0,0,0,6,6,1,0,0,0,0,0,1
55.52674180330817,4.5848189371666255,2833,3,331.75905314166874,14.496692271042338,0,3223,0,0,3,2318,150,118,2.0,10.731023671458281,0,0,0,6,5,1,0,0,0,0,0,1
129.1378994779593,3.1688811666572434,0,3,286.2060109705182,24.77039611114252,0,557,0,0,1,1329,163,30,0.0,7.229603888857478,0,0,0,2,1,0,0,0,0,0,0,1
31.823605882840027,4.0193025851269,0,1,425.7614336147936,14.0,0,1685,0,0,3,2936,59,144,0.11528202124728437,9.96246180877444,0,0,0,8,8,0,0,0,0,0,0,1
96.05772015648638,4.198315099831358,0,3,365.033281827392,13.108813298652564,1,2311,0,1,3,1159,75,50,0.843525319461025,13.68705063892205,1,0,0,6,6,0,0,0,0,0,0,1
7.6789753411154145,3.7251239782449925,0,1,120.35928041266712,37.31615308326376,1,5,0,0,1,1603,88,63,0.2046581620409026,1.8419234583681234,1,0,0,4,2,0,0,0,0,0,0,1
98.27651361156168,4.023519364436066,2000,5,318.8986296135729,23.7253227406011,0,2998,1,0,1,3533,468,262,1.0,10.490129096240441,0,0,0,2,7,0,0,0,0,0,0,1
44.87414702940431,3.0603708761111226,0,3,111.61013963030389,33.0,0,641,0,0,1,4545,444,133,0.054882614646474925,11.824325786564785,0,0,0,4,8,0,0,0,0,0,0,1
156.16928278172148,4.172428157481922,1922,3,219.5819246617098,32.82057474014462,1,5,0,1,2,319,36,18,1.0,12.641149480289249,1,0,1,4,3,0,0,0,0,0,0,1
99.89224973465872,2.9432696271786494,1476,1,133.89073758351483,16.208350511074805,1,5,0,0,2,4032,403,201,0.0,6.208350511074804,0,0,0,3,5,1,0,0,0,0,0,1
12.347220731564256,3.757818660250329,833,4,259.36465190569817,22.843626794993423,0,2142,0,0,2,1913,164,122,0.0,7.156373205006577,1,0,0,3,5,0,0,0,0,0,0,1
75.54597133480283,3.650167350443228,0,2,112.84146512739537,21.79531418758961,2,5,0,0,1,4919,169,327,0.34983264955677185,10.40267760709165,0,0,0,0,1,1,0,0,0,0,0,1
128.4924733700706,3.454121100217078,0,1,750.4456516615409,6.270605501085388,0,1641,0,0,1,4026,150,195,1.0940917483719175,15.82348624728653,0,0,0,5,5,0,0,0,0,0,0,1
228.8482813826096,4.102588093697191,0,3,171.19661402998244,3.242708776014056,1,1009,0,1,1,2050,47,38,1.439322805996486,0.0,0,0,0,0,2,0,0,0,0,0,0,1
229.71816391422848,4.352802264287043,1907,3,267.59469058077957,12.0,1,1948,1,1,2,2751,144,142,0.5189381161559136,16.897700439274185,0,0,0,4,4,1,0,0,0,0,0,1
38.34817657537894,3.7610023008674065,1295,4,713.8149687739424,30.204945765268274,3,2953,1,0,1,4750,497,338,1.07770825337784,8.610023008674066,0,0,0,4,0,0,0,0,0,0,0,1
122.10100049020872,3.2,1493,2,225.9274637260335,30.743371684127496,1,899,1,0,2,2175,94,80,1.0605302652698003,10.288144071555699,0,0,0,5,6,0,0,0,0,0,0,1
93.22778862048547,4.385135377922977,29,3,451.0774121311121,19.91277486776287,1,1680,1,0,3,2637,63,101,1.0,6.701092767575789,0,0,0,5,4,0,0,0,0,0,0,1
118.000862598186,2.3044854496818505,824,2,614.6063306853652,19.14617460381779,1,647,0,0,1,1166,95,59,2.0224272484092536,12.59551455031815,0,0,0,7,7,0,0,0,0,0,0,1
100.02362972664204,3.314485551886693,0,1,353.3106939858366,23.15884415093545,3,1160,1,1,1,1451,158,77,0.4275722405665343,2.99300568396574,0,1,0,5,4,1,0,0,1,0,0,1
132.34193713325573,3.498011510299551,0,1,48.943171258432315,15.528414370783842,1,980,1,0,3,297,41,21,0.39204604119820474,15.275562608617054,0,0,0,4,8,1,0,0,0,0,0,1
130.11091812029989,4.392319701923842,0,3,328.7773973082129,9.6144238460926,2,974,1,0,2,1844,141,86,2.0,10.461598509619213,0,0,0,7,1,0,0,0,0,0,0,1
10.156375131772547,3.0676689649838917,1455,2,27.383448249194586,23.07517237379188,1,644,0,1,2,3037,126,78,0.0,11.721793074114043,0,0,0,3,5,0,0,0,0,0,0,1
95.17145091593721,3.942713460143915,1709,2,440.23551452111764,11.32998073669135,0,1419,0,0,2,591,37,23,0.737855766906525,8.359298097841275,0,0,0,3,3,0,0,0,0,0,0,1
62.891717543131,3.6,0,2,264.3100815171548,28.4436984173321,0,5,0,0,1,1328,95,80,1.0403362197574637,8.157142132061558,0,0,0,3,7,0,0,0,0,0,0,1
109.46046006244943,3.298771939658405,1571,3,266.60902339929186,9.731829433451356,0,2014,1,1,1,3052,204,116,0.8536341133097287,14.134085283274322,0,0,0,4,3,1,0,0,0,0,0,1
121.28089571967529,3.4766653778624494,0,2,257.57631740072384,17.726684709925706,3,1386,1,0,1,2017,98,151,0.12333462213755053,0.0,0,0,0,2,6,1,0,1,0,0,0,1
40.00516834163641,3.465995132777686,0,2,20.0,34.83501216805578,1,776,0,1,1,3192,180,192,0.8350121680557843,0.5824939159721079,0,1,0,4,0,0,0,0,0,0,0,1
178.86992284912034,4.423359995402911,1529,2,52.28342896546474,39.081371356331466,1,1838,0,1,2,3457,383,151,1.0761142988488248,9.146971540215011,0,0,0,2,8,0,0,0,1,0,0,1
248.8834599561357,4.2932389193392435,5193,4,474.8403057392654,3.1448802998733427,0,1660,1,1,2,579,48,43,3.9613652533671084,25.942047880050662,0,0,0,8,3,0,0,0,0,0,0,1
188.1270243445047,3.9782732030896697,2596,2,403.7683296455387,13.9969121935135,1,2874,0,0,1,4709,520,249,0.0002375235758845795,0.001900188607076636,0,0,0,6,2,0,0,0,0,0,0,1
50.85982927428013,3.2927364547883613,849,3,20.0,43.13750234566127,1,180,0,0,2,478,53,20,1.0,0.9273645478836123,1,1,0,5,1,0,0,0,0,0,0,1
158.27551285861043,3.6848108330240823,4182,1,474.11010260356636,20.696216660481646,0,5,1,0,4,4470,569,210,1.535855559678903,9.776397210883017,0,0,0,1,1,0,0,0,0,0,0,1
37.34433397169685,3.5662949547126264,0,1,25.190576974255535,29.78661836965455,1,615,0,0,2,2092,76,127,0.06741009057474712,5.7977697282757585,0,0,0,0,1,1,0,0,0,0,0,1
8.437758255143352,4.257982176551518,2044,3,195.39525791730236,22.439762354020232,3,2036,0,0,1,1986,224,128,0.929970294252529,8.840356468969652,0,0,0,3,6,0,0,0,0,0,0,1
170.7838682902474,3.7047427168142493,51,5,520.4538743185548,7.04742716814249,1,1800,1,0,2,2029,64,64,0.01897086725699615,10.018860203864664,0,0,1,5,2,0,0,0,0,0,0,1
148.81825923568135,3.4736580820113856,0,1,385.26838359772285,22.841948492068315,2,5,0,0,3,1928,38,66,0.0,0.0,0,0,0,5,7,0,0,0,0,0,0,1
80.5695297760072,3.4354173642454473,1626,3,618.9888543635076,4.0990193714766345,0,1669,1,0,2,348,21,24,0.0,5.468739536318291,1,1,0,1,6,0,0,0,0,0,0,1
76.77603265427706,4.6661629041143655,2095,3,54.03022575313808,21.11279031961878,0,993,0,0,1,1817,250,91,3.8496129071749565,16.360854855493564,0,0,0,8,2,0,0,0,0,0,0,1
99.33406553703406,4.335846928799554,0,1,335.794515986153,10.121312038860971,0,669,1,1,1,746,19,39,1.5202186731434952,7.6758988404381165,0,0,0,2,3,0,0,0,0,0,0,1
164.3314831493205,4.280757207227328,3486,3,309.72907253179807,16.39156785653183,0,13,0,1,2,1870,207,131,0.0,7.288641891590084,0,0,0,7,4,0,0,0,0,0,0,1
241.7184495492896,4.027168697106901,1115,3,614.1620524503111,1.0,1,1200,0,0,4,2540,161,110,1.3584348553450205,9.531930623897054,0,0,0,6,5,0,0,0,0,0,0,1
133.52566835345672,3.9601712616024365,2154,2,307.6403506348835,16.982873839756355,2,2193,0,0,2,1412,110,59,0.7965747679512711,2.788011687829449,0,0,0,1,3,0,0,0,0,0,0,1
179.2224748732157,4.1982614627548545,1064,2,436.0490881634653,5.567581383120044,0,1976,1,0,2,2141,145,114,1.8166013297771397,12.716209308439979,1,0,0,5,7,0,0,0,0,0,0,1
126.59201003357866,4.367274092765684,0,3,311.7463830806654,11.618072578745247,2,957,1,0,2,1862,147,102,2.0,10.336370463828422,0,0,0,7,1,0,0,0,0,0,0,1
249.88204010597758,4.738740404182739,3878,3,463.1274384959979,16.387404041827384,0,1435,1,0,1,3195,245,220,0.4774808083654769,11.387404041827384,0,0,0,5,4,0,0,0,0,0,0,1
123.8901794708601,4.2732271807184645,2017,1,413.0955373533819,10.858174457477162,0,284,1,0,1,1858,51,14,0.7322718071846451,10.38508767202405,0,0,0,9,7,0,0,0,0,0,0,1
34.02322565259259,4.198996091387106,872,4,404.5730583431896,12.993307275914042,0,2811,1,1,1,3193,406,20,0.013385448171916892,11.013385448171917,0,0,0,8,5,1,0,0,0,0,0,1
99.83943267950922,3.906537846692469,794,1,480.6708556458477,32.784541603096336,0,704,0,1,1,151,16,6,2.401932299612958,16.140418431914178,0,0,0,3,4,0,0,0,1,0,0,1
291.2007575406771,4.051498561772559,4042,4,425.7602301163906,10.841959729631649,0,2770,0,0,1,4425,487,147,3.3096804571541525,13.811988494180472,0,0,0,4,6,0,0,0,0,0,0,1
70.94018325321781,4.396975275184331,4648,2,749.314270228176,10.381040038610914,0,5,0,1,4,1313,194,16,0.14717817830809865,1.1774254264647892,0,0,0,6,6,0,0,0,0,0,0,1
5.0,2.6862213260936967,0,4,20.0,16.30269090409671,0,5,0,0,2,979,104,38,1.715553315234242,5.431106630468484,0,1,0,7,5,1,0,0,0,0,0,1
140.92760881849455,4.241089146552911,3307,1,504.0692263767715,19.272286638227627,2,2489,1,1,3,2175,222,86,0.41089146552910516,6.643565862116421,0,0,0,2,3,0,0,1,0,0,0,1
41.86801290829998,3.844546870860645,550,2,304.7672682948838,8.208906788116114,3,60,0,0,1,2279,292,50,1.0,5.336406125819359,0,0,0,7,4,1,0,0,0,0,0,1
217.22893735068908,4.1,5813,6,295.00083020165755,1.1793217958849314,0,1111,1,0,2,2595,114,154,1.2689826938273971,22.103391020575344,0,0,0,9,5,0,0,0,0,0,0,1
70.16656949100312,3.113530203166097,675,1,69.8273823922716,35.360805417762585,4,2719,1,1,1,423,39,30,0.09020135444064636,0.3157047405422623,0,0,0,0,3,0,0,0,0,0,0,1
202.99006071376087,4.257692121717151,1570,5,482.5443990124343,10.875740789432921,1,2160,1,0,2,4402,297,162,0.2189351973582303,8.189351973582303,0,0,0,7,6,1,0,1,0,0,0,1
109.3585123147831,3.2524671264863203,2444,2,361.03124596759915,13.133041124322848,1,22,1,1,1,1617,87,77,2.0,15.224232951347478,0,0,0,2,4,0,0,0,0,0,0,1
222.43156289692905,4.074662534378113,2325,3,199.68518136923637,2.6221877864842815,0,240,1,0,3,1087,106,72,3.7511248854062873,1.3688131302654198,0,0,0,3,8,0,0,0,0,0,0,1
103.0117164966782,4.0956415697559425,1666,5,40.670837229541206,1.5665959317274751,0,11,0,1,2,167,11,5,2.0,20.520572673153673,1,0,0,6,8,1,0,0,0,0,0,1
225.1494006000111,4.394604573350849,1910,4,408.3355334151215,7.060320335698499,0,460,0,0,3,2947,251,197,1.0,8.414074744996316,0,0,0,5,1,0,0,0,0,0,0,1
197.05273218507008,4.922305204519456,3563,5,558.8623345537741,7.215583638443528,0,1096,0,1,4,2637,108,92,2.0,14.669156135583677,0,0,0,6,6,0,0,0,0,0,0,1
134.77354794787124,3.8760240794374563,0,3,79.98373432236448,19.82831343459868,2,1066,1,0,2,784,48,25,2.5885542289732455,8.34879502334781,0,0,0,6,4,1,0,0,0,0,0,1
129.75073759066774,4.191165257540041,0,2,499.4173712299796,7.876313605560571,2,1327,0,0,2,2561,109,109,1.0,6.911652575400408,0,0,0,4,3,1,0,1,0,0,0,1
104.93501225755176,4.018939284692052,4493,2,45.12882174546385,16.420994890657514,0,5,0,0,3,3206,160,185,0.0,3.12662759044942,0,1,0,8,1,0,0,0,0,0,0,1
73.7974301020961,3.2814372035959565,1047,4,171.95010793113323,24.399201553557802,1,335,0,0,2,685,62,29,3.600798446442198,11.592813982020218,0,0,0,1,2,0,0,0,0,0,0,1
102.64737465328797,3.3614895868701082,802,2,290.7911223823543,18.21434875496878,0,5,0,0,3,1732,167,124,1.807447934350541,26.458460254421375,0,0,0,2,7,0,0,0,0,0,0,1
134.14798182523214,3.609733581167977,2608,4,374.22711689391946,30.729622745333973,0,2104,1,1,2,1508,204,55,4.0,7.978369819626717,0,0,0,5,3,0,0,1,0,0,0,1
211.814725382757,4.1203469760255365,1345,3,350.15142335642486,6.902885073446644,0,1458,1,0,3,3077,166,173,1.2456469446488874,2.7699415313191276,0,0,0,2,2,0,0,0,0,0,0,1
100.93239438705507,3.474005436206842,0,4,527.6525821982501,28.064986409482895,2,246,0,0,3,3305,175,130,2.805040771551318,15.8952310387908,0,0,0,4,1,0,0,0,0,0,0,1
103.55477589292424,3.811746945789657,1393,1,351.47783195355225,11.039505910637187,2,5,1,1,2,2547,169,144,0.40158023642548746,5.614222127829387,0,0,0,4,1,0,0,0,0,0,0,1
144.2265522640366,4.316217426471676,2578,1,312.3247963239534,29.486074999630347,0,17,0,0,2,148,16,7,0.48652279415026367,19.405211764531927,0,0,1,3,1,0,0,0,0,0,0,1
271.1118931893666,3.0844553566440154,243,3,357.79803580407724,12.152845979025095,0,1037,0,0,1,3822,128,140,1.769430804194981,0.0,0,0,0,4,2,1,0,0,0,0,0,1
145.08463284927552,3.066128503550125,739,1,163.8866579466037,14.032289786992505,1,5,0,0,1,1299,149,35,1.6612850355012492,25.104777908264367,0,0,0,7,5,0,0,0,0,0,0,1
124.74680416172802,3.224067752406999,0,1,825.7203909217759,8.249146574944891,1,1815,0,0,1,3874,143,56,2.638983713895012,16.95424104540507,0,0,0,8,4,0,0,0,0,0,0,1
51.391095286231675,3.8093890714295626,4140,4,319.8109407163771,18.61028964292157,0,2072,1,0,2,720,85,26,1.0469453571478131,7.845016428660634,0,0,0,8,5,0,0,0,0,0,0,1
77.56239832292687,4.16954563310525,1453,3,380.8681943173675,6.377268560877494,0,2463,1,0,1,4683,415,148,1.7681812229824991,10.768181222982498,0,0,0,7,6,0,0,0,0,0,0,1
28.5401430559602,3.0257123561986297,0,2,175.17164081815076,20.11019581227984,2,842,0,0,1,1585,22,100,0.07346387485322725,16.853072250293547,0,0,0,0,7,0,0,0,0,0,0,1
65.6923285135562,3.6,0,3,559.0860802430825,15.829081051933303,1,908,0,0,3,123,11,2,2.9572702629833256,10.042729737016675,0,0,0,2,4,0,0,0,0,0,0,1
174.63153388989025,4.24358512621457,3279,2,393.35758239451366,21.697908220085353,0,5,1,0,2,3270,115,252,1.8262056957939659,15.826205695793966,0,0,0,0,8,0,0,0,0,0,0,1
180.3922883126039,3.2996151564350624,0,2,383.0606866294926,2.199230312870125,1,474,1,0,1,1303,67,56,2.402309061389625,9.6092362455585,0,1,0,4,4,0,0,0,0,0,0,1
47.961365966405154,3.362977792299615,1282,2,191.81288700105,9.293775309065397,1,5,0,0,3,252,8,11,1.0,7.778667537976919,0,0,0,7,3,1,0,0,0,0,0,1
46.432519209781226,3.178367597696345,0,1,433.7836759769634,25.755139654451696,0,647,0,0,1,2435,91,76,2.3510279308903392,6.351027930890339,0,0,0,1,3,0,0,0,0,0,0,1
206.0874181714864,3.992695853329443,2613,4,370.02788039894966,19.810426233498667,0,1682,1,1,3,2437,125,47,2.4452188999708233,7.226094499854117,0,0,0,4,4,0,0,0,0,0,0,1
125.37550466465385,4.319454814486068,1279,3,327.6133337031733,12.262696334102156,0,1500,0,0,1,4789,178,172,1.402725927569659,4.832711130835907,0,0,0,2,4,0,0,1,0,0,0,1
219.52419771895353,4.369962198967678,892,5,621.3491809776331,1.0,0,3568,1,1,3,3916,500,86,2.474968499139732,27.22465349053705,0,0,0,2,5,0,0,0,0,0,0,1
142.19457137271831,3.769883316024236,0,1,29.368401246254983,25.31579937687251,2,947,1,0,3,256,36,18,1.4795332640969454,4.944433991079019,0,0,0,7,8,1,0,0,0,0,0,1
117.60221695628462,4.096950415137055,4411,2,649.6950415137055,21.18297509177671,0,1836,1,1,2,4528,100,161,2.0609916972589035,8.908512454111644,0,0,0,3,0,0,0,0,0,0,0,1
120.92785705160617,2.957932293218236,0,1,424.14913158241154,29.71796290779605,1,53,1,0,2,2615,165,131,0.5088136591313734,15.52644097739412,0,0,0,5,4,0,0,0,0,0,0,1
203.42934708317622,3.7010196364889167,175,5,496.58594266615984,23.915722843554658,0,2046,0,0,2,260,37,17,2.9926715516134488,1.0806129322520661,0,0,0,0,2,0,0,1,0,0,0,1
6.114869070737765,3.4794872296092407,0,1,81.97437125426399,40.38461688827722,1,5,0,0,2,1565,60,65,0.0,0.7179469636765727,1,0,0,4,1,0,0,0,0,0,0,1
74.47403179837666,3.302394972680306,0,2,417.62825018951787,10.6830962589219,2,319,0,0,2,4893,691,181,0.9267614964312398,15.828183942899837,0,0,0,6,1,0,0,0,0,0,0,1
238.83465367605777,3.941006449010298,1417,2,503.2664739071781,21.55693363685892,1,2886,1,0,4,4304,520,81,1.8777239798946743,16.01650093651905,0,0,0,5,6,0,0,0,0,0,0,1
192.44046357530985,3.55297975427088,1099,4,217.50949126242182,19.243614812276686,0,349,0,0,1,3138,113,108,2.2436148122766855,14.260430394455533,0,0,0,8,1,1,0,0,0,0,0,1
51.79890280289799,3.2721078718129397,0,1,189.5023943298366,28.511887756726452,1,1789,0,0,3,1125,126,64,1.9302696795323502,11.570358170730163,0,0,0,6,2,0,0,0,0,0,0,1
139.2912626579984,4.6,2495,5,537.3292652096324,8.31523567631648,0,2253,0,0,3,318,26,17,0.2101571175443202,13.630471352632961,0,0,0,6,2,0,0,0,0,0,1,1
228.85414034161127,4.5720253632835846,0,5,316.9619550746229,30.202536328358477,0,2460,1,0,3,1684,190,110,3.5803804492537714,19.60126816417924,0,0,0,6,2,0,0,0,0,1,0,1
109.48263838799761,3.720202468441595,1209,3,165.46340709203892,32.595950631168094,1,2247,0,1,1,1340,190,68,1.4574320977737072,10.202024684415951,1,0,0,3,6,0,0,0,0,0,0,1
149.31962351408873,4.2347018596482275,3377,4,736.7289022221089,3.8264907017588605,0,1462,1,0,2,3792,328,246,2.435320935678481,21.52052789472342,0,0,0,6,5,0,0,0,0,0,0,1
139.01539843273548,2.8456634373706837,2235,2,372.95602540841634,13.823984371407875,1,870,1,0,1,2253,276,116,2.45408125028737,19.543365626293166,0,0,0,1,2,0,0,0,0,0,0,1
159.19982143822543,4.324344511163405,2156,4,623.0466463433393,27.14628639005736,2,79,1,0,2,2588,194,35,0.0,13.0,0,0,0,2,5,0,0,0,0,0,0,1
99.57811311233841,3.226625998119942,1618,1,292.86313214263,26.778116682333817,2,1260,1,0,2,1037,104,51,2.0887533270664735,10.088235599325252,0,0,0,6,0,0,1,0,0,0,0,1
127.55713245406206,4.0852193533347005,38,2,614.7898720656684,3.4780646665299226,0,1417,0,0,1,2706,30,125,0.8521935333470078,5.295612933305985,0,0,0,7,5,0,0,0,1,0,0,1
148.22351394747224,4.682288815790727,1098,3,321.03814999971416,16.43324210530328,0,1067,0,1,2,4084,517,248,0.9645776315814549,22.85831052632582,0,0,0,2,7,0,0,0,0,0,0,1
135.34858603828752,3.2974308192219226,3730,3,146.2654030599034,34.74802405797245,1,1124,1,0,1,440,38,9,2.440523673509686,14.624583188888284,0,0,0,4,2,1,0,0,0,0,0,1
211.89396808187757,4.097384232478485,0,1,30.873241490602425,7.7525156284911105,0,1336,1,0,3,2720,298,142,0.0,0.9315894883189899,0,0,0,1,7,0,0,0,0,0,0,1
69.53989352560586,3.6323936727382735,0,2,616.1354095968537,13.881701236187622,0,182,1,1,1,4830,530,199,0.5295746909530945,8.737982400726061,1,0,0,3,6,0,0,0,0,0,0,1
167.3194416364168,4.571860903942247,619,5,525.3676887150558,21.095300566352794,0,2225,1,0,1,2672,227,36,0.5627819211550535,20.18609039422473,0,0,0,5,5,0,0,0,1,0,0,1
112.54704790874531,3.3252649093960884,0,3,118.18513016819243,18.189070838899642,1,1371,1,1,1,4141,197,106,2.5052981879217704,9.754999709119778,0,0,0,3,8,0,0,0,0,0,0,1
14.767268596484882,3.894917860181974,1537,2,238.58326453492188,21.030492838908156,2,2099,1,0,2,418,26,5,0.0,13.989776428732737,0,0,0,7,8,0,0,0,0,0,0,1
132.86507136185483,3.965285722134725,2107,3,351.71143038383656,18.738571364352246,0,722,0,1,2,4368,497,161,1.3042857071502498,11.131428685596003,0,0,0,5,4,0,0,1,0,0,0,1
184.53374565991655,3.7756082091634133,2562,2,641.0242015179365,13.658514928287788,1,1004,0,0,1,1551,34,120,0.04878358167317309,0.24391790836586547,0,0,0,3,1,0,0,0,0,0,0,1
92.7062387560361,3.52608201552061,0,1,319.28160814292346,28.0,1,1341,0,1,1,3244,172,60,0.892489650367277,4.260820155206097,1,1,0,2,3,1,0,0,0,0,0,1
73.67631472287935,3.4075756054815898,2648,1,325.8939013703975,14.643926465935152,1,2433,1,0,2,1341,154,29,0.15151210963180084,15.696975780736398,0,0,0,5,4,0,0,0,0,0,0,1
73.8104095328075,3.278106227989109,0,4,48.443882483702865,20.298846061143532,1,5,0,1,2,1299,131,87,0.0,0.8757508804356311,0,0,0,6,5,0,0,0,0,0,0,1
123.73700233353857,4.247239965484034,328,2,386.1460768245311,3.3214415187025175,1,591,1,1,3,2883,254,175,0.10552006903193256,25.628239102584878,0,0,1,1,3,0,0,0,0,0,0,1
7.101110484507174,2.9068197318839615,0,1,94.29836326992331,46.7357353894965,2,5,0,0,1,2735,78,63,1.0,11.965901340580192,0,0,0,8,8,0,0,0,0,0,0,1
148.4200673160212,3.8061517026239233,1727,3,402.38902142279636,5.353374577263171,1,2167,1,0,1,1519,161,26,2.87696594752153,4.24606810495694,0,0,0,2,2,0,0,0,0,0,0,1
53.90335315554623,3.6414531345687307,2088,3,490.8897169702161,17.18034388396223,0,563,1,1,1,2595,352,155,0.0,21.658125382749226,0,0,0,8,1,0,0,0,0,0,0,1
71.70321339233745,3.4323130775120214,1892,1,286.8086021209245,16.086775905956117,0,833,1,1,1,3756,377,200,1.54823706133085,6.709027265767016,0,0,0,4,6,0,0,0,0,0,0,1
89.314902227718,3.924207912897787,575,3,225.77861431391966,15.28045884166626,0,2904,1,0,1,4097,150,46,2.0,4.37394512222168,1,0,0,6,7,1,0,0,0,0,0,1
97.5752096931939,4.114263788383915,0,4,165.11501124757183,22.14417269696511,2,1073,1,1,2,1219,58,19,1.7139568257587223,12.856594709597871,0,1,0,7,0,0,0,0,0,0,0,1
202.69713729179853,5.0,2913,4,350.5490890005499,22.71676788882779,0,1127,1,0,1,3941,334,122,1.4473985439720072,14.972672060639388,0,0,0,8,4,0,0,0,0,0,0,1
193.9951963895091,4.510598982802341,3904,4,800.6589962597529,12.281105460013004,0,2325,1,0,2,311,41,19,1.5437789079973991,15.299537472041612,0,0,0,3,6,0,0,0,0,0,0,1
122.5693308668356,3.254202847877061,0,2,284.81812265628946,20.457971521229393,1,5,1,1,3,474,17,12,1.0,16.457971521229393,1,0,0,0,2,0,0,0,0,0,0,1
215.55355268604131,4.266954959476851,1440,5,519.4197459661208,7.605189270583315,1,2243,1,0,2,4319,286,194,0.4458909500961541,7.8626305673240875,0,0,0,6,6,0,0,0,0,0,0,1
110.51351239155957,3.560630156090207,0,3,343.86295596210806,24.493014461008936,1,1443,1,1,1,3088,295,86,0.4787396878195851,1.4362190634587553,0,0,0,0,5,1,0,0,0,0,0,1
198.97926492728757,4.113183919594845,1083,4,433.61437185819585,6.0547135675876245,2,5,0,0,3,4887,366,334,1.718467853543284,14.791035175690718,0,0,0,8,2,0,0,0,0,0,0,1
72.50559075652723,3.5566002548425315,35,1,90.01885787097866,14.81128808068065,1,5,0,0,3,2257,138,90,0.24528553225533456,9.735856596766004,0,0,0,7,1,1,0,0,0,0,0,1
144.1901634995337,4.042659340297474,1371,4,392.4554284114835,23.95457142386716,0,1487,0,1,1,4529,143,105,2.472021979107578,11.685318680594948,0,0,0,1,4,0,0,0,0,0,0,1
265.75472460898885,3.2481200315990217,919,6,397.2680179061123,11.764401158630793,0,1414,1,1,2,3737,413,88,1.6791997893398558,17.358399578679713,0,0,0,7,6,1,0,0,0,0,0,1
126.76445379294366,3.899392009129286,685,2,265.2569967017881,19.334008878745237,0,1819,0,0,2,2944,173,102,0.3340088787452379,13.331982242509524,0,1,0,2,5,0,0,0,0,0,0,1
206.75459435540526,4.471607009390306,2862,5,210.63503585329028,21.95476012520407,0,1500,0,0,1,1641,124,102,4.0,6.716070093903053,0,0,1,6,8,0,0,0,0,0,0,1
51.92305818321632,2.7069909649490262,0,1,194.8025009076917,24.06990964949026,1,19,0,0,1,1308,136,14,1.0472389488698481,0.06990964949026135,1,0,0,3,7,1,0,0,1,0,0,1
245.94853954905903,4.904749315554274,3953,5,661.1682770566848,19.84667275062867,1,1665,1,1,1,3198,226,205,1.423336375314336,12.518322686399824,0,0,0,4,0,0,0,0,0,0,0,1
144.07433476007125,3.783761257719953,0,3,130.66257424154557,12.88284254667299,0,1145,0,0,1,1979,176,107,0.6020185239208247,9.08687959451464,0,0,0,1,4,0,0,0,0,0,0,1
204.16446641927106,4.848622768171995,31,4,406.66946436127887,27.918563062364935,1,1197,1,1,3,2853,213,209,1.1892215397850059,8.378443079570012,0,0,0,2,6,0,0,0,0,0,0,1
71.64099672903117,4.076327426554069,1750,3,454.7723953793309,13.342919858784903,0,1494,1,0,1,591,46,17,1.0,6.8285400706075485,1,0,0,1,2,0,0,0,0,0,0,1
70.23485545622782,3.5077369423630187,0,2,205.99613033133934,16.65183759366417,0,1815,0,0,1,1072,39,19,1.9226305763698148,5.237910778082963,0,0,0,0,5,0,0,0,0,1,0,1
127.14210205788189,4.767264995615008,1862,2,877.2954163692268,10.51658012277977,0,2264,1,0,5,4201,489,271,0.0,21.08157936747463,0,0,0,4,5,1,0,0,0,0,0,1
67.61191964188195,3.187907148022813,0,1,404.8697126326998,9.604642598859343,1,756,1,0,5,2264,228,107,0.8790714802281316,8.395357401140657,0,0,0,2,4,0,0,0,0,0,0,1
5.0,3.7974274146226423,0,1,172.20396995660326,16.082322732075436,0,1361,0,0,1,1200,173,40,0.005145170754714767,4.015435512264144,0,0,0,7,3,1,0,0,0,0,0,1
193.92383119596394,2.94404246607352,1434,2,524.3265822413956,13.781114734429899,0,555,1,0,1,260,15,14,0.3017175226861408,4.2797876696324,0,0,0,6,2,0,0,0,0,0,0,1
77.97439595239634,4.168587548457477,1766,2,377.49637190264417,11.79924773865107,0,1438,1,0,2,592,40,21,0.7713748384750765,7.829001292199388,1,0,0,1,3,0,0,0,0,0,0,1
135.55311710273008,3.9182597381461264,19,1,44.10285435288688,1.9129869073063208,2,1821,0,0,3,471,44,12,0.09129869073063213,12.095584288767586,0,0,0,1,5,0,0,0,0,0,0,1
70.6903301617455,3.600336033444033,0,3,432.11201114801094,16.99551955407956,0,3606,0,0,2,1083,63,13,1.997759777039781,0.007840780360766408,0,0,0,6,8,1,0,1,0,0,0,1
179.82483267572465,4.0112363470079515,4070,2,561.4374849754489,9.786544290556598,1,1840,0,1,3,1432,140,70,1.3314547948807292,10.662056418210474,1,0,0,7,1,0,0,0,0,0,0,1
168.2834954558315,3.9592901252989083,77,4,378.86697557969654,22.32299384163428,0,2218,0,0,2,3320,204,128,2.0,6.053086430279477,0,0,0,0,5,0,0,0,0,0,0,1
171.86426732488326,3.958688330697908,2097,3,585.5503516719128,12.223935007906276,0,1498,1,1,2,2606,128,90,1.517376661395816,4.915078283260252,0,0,0,8,1,0,0,0,0,0,0,1
11.132190229136572,3.435193005211105,99,1,322.0772871867635,22.57939859376188,1,164,1,1,2,3126,316,69,0.0,9.672992175039335,0,0,0,2,4,0,0,0,0,0,0,1
124.08518648296925,3.824311597978814,0,1,474.9067230819162,3.438848509571555,3,5,1,0,1,1319,60,48,0.0,11.243115979788138,0,0,1,1,1,1,0,0,0,0,0,1
74.82646682181328,3.8611468612026347,0,3,455.1927284508853,25.73566423496707,0,2164,1,0,2,4516,466,109,0.673566423496707,7.958601459019758,0,0,0,4,3,1,0,0,0,0,0,1
50.31939708139975,3.8478754498470638,928,2,360.44761696023653,29.67953293692649,0,312,0,0,1,1986,113,23,0.0,8.0,0,0,0,3,2,0,0,0,0,0,0,1
61.74843737174284,3.91890930025382,4586,4,594.3575204285785,26.88415614321974,0,1873,0,0,2,4671,148,187,3.8841561432197422,7.158438567802577,0,0,0,3,0,0,0,0,0,0,0,1
169.05945871273835,3.27533907239736,0,2,339.8427881222508,10.287297963709573,1,498,1,0,1,1305,92,40,1.8699139140396037,10.493218552052806,0,0,0,3,1,0,0,0,0,0,0,1
162.69621752356534,3.6854841525556403,0,3,124.80947950229277,20.136086069790874,1,468,1,0,1,1926,234,110,1.9909275953472751,1.0996906064590262,0,0,0,3,8,1,0,1,0,0,0,1
17.803046118506174,3.4450564636001264,0,1,134.02223997102183,29.186794204998417,0,5,0,1,1,3977,386,227,0.0,5.269244056501107,0,0,0,1,4,0,0,0,0,0,0,1
96.80864947968709,3.5843961537161277,0,1,316.8068717867813,23.339666670422975,0,19,1,0,2,924,71,29,1.8715512819068088,15.687923074322555,0,0,0,4,5,0,0,0,0,0,0,1
150.70794516215076,3.641671474132791,41,2,121.81740701644978,18.29994231040651,0,213,0,1,1,1841,197,56,0.7166570517344184,5.416714741327908,0,0,0,0,2,1,0,0,1,0,0,1
104.55670388687952,3.9944716843785346,0,1,201.576162469021,26.963144562523564,1,2058,0,1,1,2923,405,102,4.907861406308912,7.239560343596827,1,0,0,1,3,0,0,0,0,0,0,1
68.16581321266646,2.9406555296644927,0,1,424.92294353825724,22.0841474577198,0,737,0,0,1,2443,69,99,2.135518432214975,7.432240783892512,0,0,0,4,4,0,1,0,0,0,0,1
108.04394327591534,3.2,0,2,288.96230855208313,22.918541967105377,1,14,0,1,2,440,8,7,1.1598784972587812,16.200607513706096,1,0,0,1,3,0,0,0,0,0,0,1
143.7891183360524,3.5058721806013535,2428,3,197.25234757322886,21.33342940543166,1,1851,0,0,1,358,39,18,1.3921512114451966,8.666570594568341,1,0,0,1,1,0,0,0,0,0,0,1
57.3564279798372,3.8153967881086,2075,4,425.02473821527883,14.820502676576167,1,1296,0,0,1,4342,299,181,1.6410053531523332,20.589550854947166,0,0,0,8,5,0,0,0,0,0,0,1
95.10499081953175,3.1985204663797924,724,1,180.85032001346843,28.34986851936402,4,2741,0,1,1,365,35,24,0.0,4.187119821141174,0,0,0,1,3,0,0,0,0,0,0,1
30.464671242064746,3.7155227927482977,0,2,221.2977885105101,15.944034909353721,0,5,1,0,4,4565,422,217,0.7888069818707443,17.62091170993191,0,0,0,7,9,0,0,0,0,0,0,1
143.2731595818294,4.534750695061513,3594,3,678.3475069506152,3.4725913333869682,2,2592,0,0,1,1469,186,39,2.0,9.652493049384866,0,0,0,0,4,0,0,0,0,0,0,1
84.02158966790951,4.120735365176391,1210,1,393.5819206192127,10.427683589729895,1,2292,0,0,1,3039,338,165,2.0,3.854270542704949,0,0,0,0,2,0,0,0,0,0,0,1
87.1819557339474,3.247297888256338,2386,5,33.28093215940282,23.26351055871831,2,1712,1,0,1,4209,178,295,0.10540422348732403,1.579108371209939,0,1,0,8,5,0,0,0,0,0,0,1
25.02562660818819,3.950086723920318,3470,2,451.909807122869,32.67418273976092,0,32,1,0,3,1900,52,28,1.0,1.1663775869322723,0,0,0,0,2,0,0,0,0,0,0,1
139.51623613787038,3.9854921462660675,758,5,570.8197489332383,12.564764387982033,0,3370,0,1,2,3288,303,200,2.3129528775964063,11.12228273442156,0,1,0,2,8,1,0,0,0,1,0,1
165.30503872109833,4.103999596778159,3294,1,396.78293663516286,19.542860023013148,0,2341,1,0,2,4162,179,273,2.7085720046026296,22.794292050628922,0,0,0,7,4,0,0,0,0,0,0,1
113.5661700934785,3.9,0,1,20.0,27.367869442175444,2,921,1,0,2,374,42,9,2.0,0.0,0,0,0,5,7,0,0,0,0,0,0,1
217.99149363812333,3.9463363684470387,1590,4,751.1060659087742,5.158409211175966,0,2782,1,1,2,78,7,4,1.9420795394412016,18.899511249382833,0,0,0,2,1,0,0,0,0,0,0,1
50.439773388782186,3.844816650654712,0,2,22.091443697219912,33.47713907569502,1,761,1,1,1,3103,211,144,0.0,2.2698051018835184,0,0,0,4,0,0,0,0,0,0,0,1
18.543906725340108,3.414758534080135,0,1,323.3944628384311,26.457951820767544,2,5,1,1,1,4418,399,166,1.0,2.0661947712189317,0,0,0,6,3,0,0,0,0,0,0,1
108.7649469496913,4.191133535475583,750,3,431.7782785526989,1.1280711542415887,1,1015,0,1,2,3918,475,192,0.029554881748058648,18.881780473007765,0,0,0,1,5,1,1,0,0,0,0,1
84.00366539484656,3.7323947742813246,0,4,342.39032424619234,15.760522571867543,1,15,0,1,2,3037,265,109,0.9718432284397367,8.0,0,0,0,2,5,1,0,0,0,0,0,1
112.1574483892978,3.9879595887750283,0,1,222.07086797175583,9.229791535051607,0,2070,1,0,2,2229,299,139,1.5540416929896785,7.337874921030965,0,0,0,5,8,1,0,0,0,0,0,1
97.49430550361718,3.752426356598092,0,2,478.8909922509781,23.303899224636247,2,1118,1,0,1,1444,189,69,0.7048527131961848,6.343674418765664,0,0,0,5,5,0,0,0,0,0,0,1
121.67245298407045,3.8594395859228543,0,1,64.61645548486001,21.037432846046997,1,884,1,0,2,496,52,12,2.0,0.0,0,0,0,1,3,0,0,0,0,0,0,1
48.23959993254563,3.184916321878313,0,3,464.5959571056467,25.767224520811244,1,5,0,0,1,3060,107,112,1.2327754791887564,13.150836781216865,0,0,0,2,6,0,0,1,0,0,0,1
225.190925082444,3.6065626144574012,2849,1,233.02199746941938,36.606243132555925,1,573,0,1,2,3653,118,148,0.1312522891480259,17.343738554259872,0,0,0,7,7,0,0,0,0,0,0,1
79.07430956347723,3.717848705259256,2772,2,607.8534303140726,10.713948210370237,2,1177,1,0,1,1395,143,93,1.643025894814882,15.608746000741379,0,0,0,4,6,0,0,0,0,0,0,1
77.25379669849974,2.8,376,3,288.4194817807986,34.281664707612755,2,5,0,0,1,3682,396,94,1.7436670584774492,7.3718335292387245,1,0,0,5,3,0,0,0,0,0,0,1
185.7094003125,4.800664207692803,2603,5,502.792217335645,5.349144559429753,0,1900,1,1,3,4887,520,72,2.6375712867141874,12.912713860142562,0,0,0,4,4,0,0,0,0,0,0,1
55.852737099743294,3.2777596246572203,1489,2,196.4079350735418,19.979930002492942,0,5,0,1,2,981,117,61,0.0,9.757526249065148,0,0,0,4,4,0,1,0,0,0,0,1
76.50864755220925,3.8986616762006765,2828,3,725.103977464409,8.0154421976845,0,1852,1,1,2,1442,179,54,1.0020589596912668,23.986616762006765,0,0,0,1,5,0,0,0,0,0,0,1
52.968881176931525,4.263575313310703,877,4,391.6898276119884,14.112567982937296,0,2831,0,1,1,3265,404,29,0.0,9.887432017062704,0,0,0,7,5,1,0,0,0,0,0,1
199.3032670012775,4.459438174969424,5525,4,464.4337095018345,13.629211664628313,1,2047,1,1,2,760,69,59,2.405618250305753,19.091012417991596,0,0,0,6,2,0,1,0,0,0,0,1
164.23004619799917,3.7445570920337365,495,3,280.50133147703673,12.27848182521085,0,1642,1,0,3,970,84,62,0.0,12.156072219385337,0,0,0,7,7,0,0,0,0,0,0,1
241.34845466161235,3.919172736949896,78,3,651.0503079627877,12.489031901531405,0,3942,0,0,3,1175,75,22,1.795612760612562,23.364902084900496,0,0,0,7,1,0,0,0,0,0,0,1
274.4898076266551,3.8874741353230604,1116,5,767.8070992572407,6.416839097846264,1,1901,1,0,3,2248,145,44,3.708419548923132,25.104727068000358,0,0,0,7,8,0,0,0,0,0,0,1
105.04946830576914,3.8054048192423724,2688,3,246.90644584478895,22.47297590378814,0,85,0,0,1,3580,261,57,3.0,11.988333333333333,1,0,0,2,5,0,0,0,0,0,0,1
167.37272389339418,4.0218554639400725,3331,1,412.97706568038575,20.129603828999482,0,2299,1,0,2,4172,161,265,2.8259207657998964,24.085128423798864,0,0,0,7,4,0,0,0,0,0,0,1
143.1640576233898,3.6282118740889917,3306,5,130.6895713308577,15.734136949210155,2,1141,1,0,3,1226,85,17,2.7016255690100075,11.927634673170125,0,0,0,4,6,0,0,0,0,0,0,1
142.38092935320532,3.880026417663764,0,3,277.6044910028399,18.880951035895507,0,1042,0,1,4,1793,62,47,0.0,9.559524482052247,0,0,0,2,1,0,0,0,0,0,0,1
87.16981659732838,3.450105058018485,2805,3,651.3420517162021,12.953303859781542,1,1321,1,1,1,1355,165,75,2.2271772199831954,17.182582240134437,0,0,0,4,7,0,0,0,0,1,0,1
129.43367869512284,4.053989263393713,8,5,354.9241485495737,4.2737690102046795,1,3314,1,1,2,4438,134,63,0.6901610490943018,15.779248437559925,0,0,0,1,3,0,0,0,1,0,0,1
135.3579279180947,3.378801075845627,2307,6,524.5602237768836,18.635967724631193,0,1225,1,0,2,2878,236,134,0.39400537922813417,3.364032275368805,0,0,0,2,7,0,0,0,0,0,0,1
130.35533910720628,4.4,0,3,259.0282265982454,11.263891354935414,0,2504,1,1,1,1872,106,66,0.13194567746770713,1.4514024521447784,0,0,0,3,5,0,0,0,0,0,0,1
46.62305738233228,4.3852946613760535,93,2,62.382412751365806,13.852946613760528,0,1331,0,0,4,1673,200,30,1.9264733068802637,15.669129880961187,0,0,0,7,4,0,0,0,0,0,0,1
45.526083416415844,3.51878138824851,1048,4,401.4490334662253,26.937395372504966,2,1162,0,1,2,1716,133,11,1.0626046274950325,6.18744868882471,1,0,0,8,5,0,0,0,0,0,0,1
57.21960058567342,3.4149839464210516,1343,3,271.88432024697386,19.70032107157897,1,2891,1,0,1,3449,62,164,0.2687299330263144,6.986978258684175,0,0,0,5,6,0,0,0,0,0,0,1
30.72033001496942,3.7728573532843455,0,3,237.49515673005305,16.004769620426003,0,5,1,1,4,4534,413,258,1.0,20.36667157663473,0,0,0,8,8,0,0,0,0,0,0,1
207.4952743180318,3.6711678894890016,0,1,699.631084728573,14.717761473479978,1,1633,1,0,2,1342,25,63,1.579330462228217,17.427919723722503,0,0,0,9,8,1,0,0,0,0,0,1
88.77824822139031,4.432588897313396,0,2,93.30355589253585,22.893561416810627,1,438,0,0,1,670,40,30,0.07095905545958292,0.9645204722702085,0,0,0,1,0,0,0,0,0,0,0,1
241.20769079422615,4.428028223531429,4031,2,569.9310071772574,18.441787490323847,0,3031,0,1,1,2468,342,77,2.0,9.0,1,0,0,2,5,0,0,0,0,0,0,1
186.84562889868891,4.198068886142819,1599,4,612.0220972757278,11.172871534760937,1,1356,1,1,5,3172,332,89,1.4422987623809103,14.230804950476358,0,0,0,8,1,1,0,0,0,0,0,1
5.0,3.024780796198052,691,1,397.26014604189123,19.743423885941567,2,5,0,1,1,1855,126,113,0.0,0.0,0,0,0,4,8,0,0,0,0,0,0,1
7.7713696190124395,4.22829709617525,2359,2,470.28360571853176,12.075543557371235,0,232,0,1,3,1977,179,48,1.6792572595618727,18.320742740438128,0,0,0,6,7,0,0,0,0,0,1,1
75.72357873177171,3.103135060124471,0,3,459.59902026763524,18.133659910788246,0,1224,1,1,1,1395,88,52,1.724422672614117,6.826731982157649,0,0,0,8,7,0,0,0,0,0,0,1
101.42736309614267,4.523751103609289,360,5,397.349690989399,5.237511036092893,1,1955,0,0,3,4696,437,287,0.0,17.21789384935711,0,0,0,5,5,0,0,0,1,0,0,1
227.54519684229808,3.999461284676931,0,4,362.42406261776375,30.99461284676931,0,1044,0,0,1,1667,141,22,0.20035914354871265,2.2003591435487126,0,0,0,2,6,0,0,0,0,0,0,1
247.03088409177045,3.9736245626981064,1120,4,622.1877186509469,1.395631559528407,1,1212,1,0,4,2629,126,139,0.131877186509469,6.263754373018938,0,0,1,5,5,0,0,0,0,0,0,1
133.52904394756007,3.3714924040202248,188,1,20.0,16.701519195955047,2,5,0,0,2,2829,177,106,2.144772120606743,5.719392321617981,0,1,0,5,4,0,0,0,0,0,0,1
91.40468607092426,2.950200229074706,0,1,536.0647525770904,31.931242841415433,3,5,0,0,2,2509,254,97,1.1255005726867653,12.311749140969852,0,0,0,5,2,0,0,0,0,0,0,1
245.27985822102642,4.241459738030754,1153,2,700.615998855787,9.487584281845228,0,1263,0,1,3,2414,223,32,2.6423376994874364,13.341610478769848,1,0,0,5,3,0,0,0,0,0,0,1
196.32309600985042,3.719737035947029,5222,3,205.48306359950712,8.345862446319664,1,21,0,1,2,3301,367,174,0.45676719421004186,24.25939683473975,0,0,0,3,6,1,0,0,0,0,0,1
127.68021643892914,3.4796228691396323,1898,3,71.75486494076095,25.11472016795485,1,1301,0,1,1,659,56,45,0.7962286913963224,1.2739659062341158,0,0,0,2,3,0,0,1,0,0,0,1
100.03592233973313,3.383331124348647,2795,4,501.0733622901195,23.29636502026432,1,1565,1,0,2,4484,219,205,1.2037012492762742,10.037012492762742,0,0,0,7,7,0,0,0,0,0,0,1
108.9213247483194,4.59088355095938,2078,4,398.03652212808544,27.35903917268855,0,2538,1,1,2,3033,326,19,0.27349347121857503,9.458631846499067,0,0,0,6,5,0,0,0,0,0,0,1
149.12998767132916,3.707560626712779,39,4,714.9390667563055,6.151212534255578,0,1872,1,1,1,2148,253,121,2.0,10.075606267127789,0,0,0,7,5,1,0,0,0,0,1,1
190.168082353257,3.7370450923157734,2110,4,563.5556763847366,15.536936346052826,0,1175,0,0,3,2814,288,142,0.0,8.648289115526042,0,0,0,2,8,0,0,0,0,0,0,1
228.4082249982235,3.777651923560029,0,3,466.81109366550066,25.137442268293377,1,1086,0,0,1,496,43,17,0.4696456062717439,3.9392912125434876,0,0,0,4,9,1,1,0,0,0,0,1
194.51752409942026,3.698213810752168,394,2,395.1780869672114,15.03572378495664,1,5,0,1,3,1305,144,49,0.0,0.30365217213142937,0,0,0,8,1,1,0,0,0,0,0,1
25.15155941072439,3.6032021721359726,873,3,295.613351722537,26.577584795048192,0,449,0,0,1,2011,88,56,0.0,6.780786967184165,0,0,0,4,5,1,0,0,0,0,0,1
45.683389425719874,4.423499215993913,2304,5,636.5257379459262,22.41251960015217,0,5,0,0,2,904,93,29,2.0,2.8233281066260885,0,0,0,3,1,0,0,0,0,0,0,1
180.437748756298,3.791183603495991,4265,1,347.5966521252695,14.027771195922046,0,1182,1,0,3,918,94,25,1.6161406350514826,20.471016209759465,0,0,0,4,5,0,0,0,0,0,0,1
98.31062166791915,2.342235357302089,0,3,406.6712272116431,14.642623899751555,2,1878,0,0,2,3812,266,154,2.0,0.0,1,0,0,8,2,0,0,0,0,0,0,1
170.87992426178243,3.537091774935331,0,1,653.1601904857728,18.66912987208989,1,1572,1,0,2,1389,33,66,1.5503970746827749,17.741835498706617,0,0,0,8,8,1,0,0,0,0,0,1
180.67757458763433,4.43104864538283,3357,2,632.6645615873781,11.879077231907472,2,2461,1,1,2,1872,188,117,0.9241945815313213,6.386291872296982,0,0,0,3,5,0,0,0,0,0,0,1
97.34160350845728,2.2016013857163537,855,2,179.0283322088278,30.996304494500723,2,1798,1,1,1,2171,118,53,0.0,0.002463670332851775,1,0,1,4,1,1,0,0,0,0,0,1
100.28193409066344,3.5393309060489706,0,2,218.21338187902057,17.393309060489706,2,1407,0,1,2,627,42,33,2.196654530244854,6.8200728185308765,0,0,0,3,3,0,0,0,0,0,0,1
64.74819918692509,3.5785387103474657,0,2,554.8538710347466,9.639258138221233,1,5,0,0,2,1923,224,88,0.0,10.429225793050685,0,0,0,1,5,0,0,0,0,0,0,1
96.61410562156634,3.6742619866810124,11,2,197.0968662599241,21.762300221983125,1,5,0,0,1,2371,82,74,1.5049200887932497,3.732779689223626,0,0,1,5,5,0,0,0,0,0,0,1
5.0,2.9908888708082384,0,1,158.38571079873174,32.649523964500816,2,82,0,0,2,4912,437,133,0.0,0.0,0,0,0,7,3,0,0,0,0,0,0,1
107.43780535896713,4.051905843311891,508,2,163.8946108791032,3.029861281993619,0,2972,0,1,3,4686,351,212,2.323379572668794,6.970138718006381,0,0,0,3,1,0,1,0,0,0,0,1
68.08236126911245,3.932165093815638,2128,2,572.4349766849464,5.608254690781901,1,44,1,0,1,2074,223,108,2.0,18.0,0,0,0,7,1,0,0,0,0,0,1,1
126.72152758496301,3.8863675201220382,64,3,403.7255102040816,24.01505226354791,2,1175,0,0,2,3429,349,179,1.3030389336045294,5.863675201220382,1,0,0,4,6,0,0,0,0,0,0,1
105.10691551244193,4.576296896862303,3316,1,471.39272102132315,15.65185092790415,2,5,0,1,2,413,26,17,2.674074536047925,13.414819896527176,0,0,0,4,6,0,0,0,0,0,0,1
129.22831593666342,3.563894424445751,518,2,415.2940746339017,23.478709983225542,1,22,1,1,1,3981,318,184,1.2292081833431325,12.812585709608422,0,0,0,7,5,0,0,0,0,0,0,1
60.05531461395628,3.7934545514396825,0,2,405.7579216461372,28.29974024691497,1,5,1,0,2,1166,91,51,1.1335065020566888,9.801039012340134,0,0,1,2,7,0,0,0,0,0,0,1
38.485693831780424,2.3172134518568055,1,1,20.0,33.64008237026679,2,5,0,0,1,2934,88,157,0.04694577779128828,12.921757037014519,0,1,0,3,5,0,0,0,0,0,0,1
27.648005106296132,3.1598322570670265,0,4,402.1109032906433,30.65377421599191,2,5,0,0,3,1797,36,127,0.0,0.0,0,0,0,6,8,0,0,0,0,0,0,1
143.93519131155108,3.567700701682095,2500,3,61.22590805904262,28.889415437006086,2,1506,1,0,1,4358,122,234,1.6062042100925695,8.495619647098657,0,0,0,7,2,0,0,0,0,0,0,1
88.91493835002711,3.7763196384515276,239,3,445.4201428125011,45.80456626359325,2,1334,0,1,1,3318,275,156,0.0,9.526392769030554,0,0,0,2,5,0,1,0,0,0,0,1
164.9079775740202,3.8813364748360093,3843,4,536.5315486944879,17.117026197023446,0,2020,1,0,2,2689,197,97,2.813364748360094,16.022274580600158,0,0,0,5,1,0,0,0,0,0,0,1
234.57095908968512,4.77469985187069,3157,3,428.89622281191373,7.20823177754753,2,131,1,0,4,3406,37,156,3.0253001481293103,12.898799407482759,0,0,0,8,1,1,0,0,0,0,0,1
109.40050782661035,3.266867423243839,0,1,343.6034154423195,31.993977302684833,1,1189,1,1,2,2875,59,72,0.0,10.879128489381927,0,0,0,6,2,0,0,0,0,0,0,1
108.97307653071394,3.337206456974203,0,1,298.04017839779203,28.54079014833841,0,42,0,0,1,369,21,4,1.656983857564493,10.97095157269348,0,0,0,7,2,0,0,0,0,0,0,1
118.88128237266184,4.132765194372346,3233,6,274.71661002992414,6.10175538016431,0,1065,1,0,1,1204,74,31,2.2429407323887767,4.129992450609203,0,0,0,6,3,0,0,0,0,0,0,1
60.51367365101822,3.0236756809806415,0,3,189.5208649815741,22.7158918282323,0,1960,0,0,1,1013,40,16,0.09470272392256596,6.857945914116151,0,0,0,0,7,0,0,0,0,0,0,1
226.51043888685413,3.709218134701536,4415,4,658.5883679289329,8.921813470153598,0,2043,1,0,4,810,27,22,3.7234559589539202,21.525098447754242,0,0,0,6,8,0,0,0,0,0,0,1
106.37298505927762,3.4481432226862294,0,1,26.518567773137708,27.691423697516942,0,824,0,1,1,2027,149,35,1.275714691873588,1.3785734593679404,0,0,0,2,6,0,0,0,0,0,0,1
36.52285681414175,3.65050301653923,0,1,440.56874559369476,28.76928230067049,1,119,1,1,2,4463,368,220,0.2508383608987169,21.979879338430795,0,0,1,1,9,0,0,0,0,0,0,1
73.57610472307965,3.658368829614058,1717,2,242.01277866106093,17.22748059333224,2,451,0,0,4,3922,459,168,0.2918441480702909,22.373402667367383,0,0,0,8,4,0,0,0,0,0,0,1
122.6690780183298,3.8719546831448657,1122,3,407.3006861575488,16.205584808985332,1,1777,0,1,1,4163,417,218,2.8972075955073344,10.20438556426625,0,0,0,2,5,0,0,0,1,0,0,1
93.76811997639933,4.285819099631167,896,3,471.73839291516845,26.709045018441643,1,364,0,1,1,2112,152,78,0.0,5.425427011064986,0,0,0,3,3,0,0,0,0,1,0,1
95.01320965836658,2.40918381847027,0,1,158.37550034402165,37.88979417835676,2,5,0,0,1,4002,145,285,0.0,3.92652945223784,0,0,0,1,0,0,0,0,0,0,0,1
147.1703122553091,3.3482356381551592,0,5,373.03499480501154,17.27063296017069,0,638,1,0,1,1280,127,55,1.035287236896817,3.8588510524127324,0,0,0,4,1,1,0,0,0,0,0,1
152.42773342914722,4.394825210040565,1955,2,406.12700166997917,13.841398319675474,0,612,1,1,3,3778,272,216,1.5793008401622628,18.951610081947152,0,0,0,3,8,0,0,0,0,0,0,1
185.22723610462654,2.7076099405869036,0,4,101.25207095560495,26.31153610594449,0,5,1,0,1,1574,106,55,1.3840662705793583,10.885850891196444,0,0,0,7,0,0,0,0,0,0,0,1
117.92680902794086,3.9551609471585913,1233,1,278.08213624129985,12.654828414757736,2,1125,1,1,1,3921,224,229,0.672585792621132,2.690343170484528,0,0,0,6,7,0,0,0,0,0,0,1
86.52999261660932,3.594123750423239,16,2,21.586587385725565,35.88247500846477,1,692,1,0,2,4465,497,66,0.0,0.940199932281816,0,0,0,2,4,0,0,0,0,0,0,1
100.19476868269172,4.792758372785365,2352,3,282.4666541234081,9.072416272146341,1,1438,1,1,4,2313,52,74,3.0,1.3759091707804885,0,0,0,0,0,0,0,0,0,0,0,1
168.50854254455083,3.626030455816488,2421,3,283.5469184044646,13.219086325505348,1,1170,0,1,2,3823,205,172,0.9315155880471098,15.328788970117774,0,0,0,4,7,0,0,0,0,0,0,1
99.82087798974831,3.7644531198525604,24,3,424.2472100640936,16.412667429098,0,3641,0,0,1,1126,65,22,2.0,1.8794642268864,0,0,0,6,8,0,0,1,0,0,0,1
102.09109990614684,2.3495051206642525,0,2,406.7953925842594,16.32013655104674,2,1876,0,1,2,3799,241,156,1.8349829311191574,0.7425768099637915,1,0,0,8,2,0,0,0,0,0,0,1
93.90800688676255,4.035097190620633,1308,4,251.735421406905,19.543196656555672,0,3070,0,0,2,3000,329,64,0.5264578593094984,9.105831437237994,0,0,1,8,1,1,0,0,0,0,0,1
168.31564717424277,3.9789006754641356,0,4,294.4131148289031,22.440424316708885,0,1047,0,1,3,1764,75,39,0.0,7.7797878416455575,0,0,0,2,2,0,0,0,0,0,0,1
168.76320472068548,4.210114768002598,698,1,152.86943836501027,26.677905297780665,1,145,0,0,1,1892,171,110,2.033715893341994,10.067431786683988,0,0,0,7,4,0,0,0,0,0,0,1
129.70590037619178,2.9090134454740855,0,1,24.5743235780985,13.045067227370428,2,1318,0,1,2,514,24,31,2.9549327726295713,17.909865545259144,0,0,0,7,3,0,0,0,0,0,0,1
20.055204017180564,3.6991409101377055,1529,2,222.5295546312919,22.205154539173765,2,2046,1,0,2,423,22,7,0.0,13.595938464227018,0,0,0,7,8,0,0,0,0,0,0,1
49.475323243183205,3.0079581822468042,0,1,62.28483039018354,17.76125453259587,1,99,0,0,1,253,18,6,1.0,7.840836355063915,0,0,0,4,1,0,1,0,0,0,0,1
90.1118447087076,3.9961195572643793,791,5,452.82178111228615,30.10720364004933,2,2002,0,0,1,4550,509,162,0.0,1.4284741759210684,0,0,0,7,3,0,0,0,0,0,0,1
84.84874217732293,3.1576568933909805,0,2,228.30508153816302,27.093963103856023,1,1255,0,1,1,3275,180,87,0.041183495279271676,0.20591747639635838,0,0,0,0,5,0,1,0,0,0,0,1
122.56251531871555,3.7547010317118916,0,5,310.04462550025295,20.558821707722046,1,2412,0,1,3,1316,112,40,0.9888436249367634,12.0,0,0,0,5,7,0,0,0,0,0,0,1
128.02330505581924,4.019380010257869,2986,1,129.84110097449758,34.32169964097458,0,1720,0,0,1,1726,93,121,2.096900051289346,5.048450025644673,0,0,0,3,6,0,0,0,0,0,0,1
64.37828011291077,4.251560066543881,866,4,283.13728585586153,6.745319800368356,1,3473,0,0,3,628,86,6,1.0,7.378900166359704,1,0,0,4,5,1,0,0,0,0,0,1
134.4652103599717,3.3896221302685037,0,1,339.27354911879524,25.518893486574807,1,2466,0,0,2,803,99,12,0.3113360919448853,2.0,0,0,0,4,6,0,0,0,0,0,0,1
105.60376761427071,2.8673127076722893,0,2,424.0716148563993,14.594776637376937,2,1897,1,0,2,3907,316,198,1.594776637376936,10.130584065576597,1,0,0,7,1,0,0,0,0,0,0,1
101.1888621717347,3.7466418327449897,1678,2,280.241618551434,22.782650400487213,1,1271,1,1,3,2566,282,138,0.383395418137526,7.233209163724948,0,0,0,1,5,0,0,0,0,0,0,1
171.33125672662544,3.532233495080636,45,4,354.90482281975864,24.323604371640148,1,2096,0,0,1,3783,175,147,1.387055825134394,15.709390775940758,0,0,0,1,1,0,0,0,0,0,0,1
105.8304360499293,4.401164113662686,3499,4,612.7464507715165,6.195343545349255,0,2095,0,1,4,4232,176,283,2.0,9.206984681976117,0,0,0,2,5,0,0,0,0,0,0,1
156.462281427122,4.674080726119784,1578,2,479.4939503527957,10.352018152994596,0,2659,1,0,4,1030,98,75,4.0,19.481614522395677,0,0,0,2,6,0,0,0,0,0,0,1
119.28496397319643,4.0526495373689615,2832,4,705.9517861927645,20.10495786472766,0,2264,1,0,3,2166,280,82,5.0,12.3574943395187,0,0,0,7,2,1,0,0,0,0,0,1
87.84548819080972,3.8250609320427897,0,2,366.8978495160461,25.377132621497637,1,1340,0,0,1,3221,189,38,1.0478319520442296,6.126523301069739,0,1,0,4,1,1,0,1,0,0,0,1
138.04134387418912,3.9216577274058384,804,4,760.5642134247167,19.43315454811677,1,2102,1,1,4,804,89,49,1.0,26.235299970715523,0,1,0,7,2,0,0,0,0,1,0,1
171.20385176781411,4.016322604235652,3242,2,468.79484515774504,14.796127774098528,0,2289,1,0,2,4359,125,200,3.387742014118842,21.347095830573895,0,0,0,5,3,0,0,0,0,0,0,1
26.332907631160747,3.645319534272212,0,3,64.85733506105846,24.71917205633273,1,873,1,1,1,3120,279,118,1.0312031048519188,6.665601725240584,0,0,0,2,0,0,0,0,0,0,0,1
40.261870094713665,3.4269021301291755,63,5,95.28632071722214,30.017539645102246,1,573,0,0,2,526,56,18,1.3216402365985014,7.7134390536059945,0,0,0,8,5,0,0,0,0,0,0,1
167.10600074341966,4.156186281778245,1199,2,261.97320481546615,5.022986926672374,0,1419,0,0,3,3131,152,106,1.8206695289451793,7.81098111630454,0,1,0,2,2,0,0,0,0,0,0,1
129.97417370742025,3.977980690105544,2087,2,308.617075813654,21.131848291062113,2,1883,1,0,2,1484,94,52,2.0,8.440386197889119,0,0,0,4,7,0,0,0,0,0,0,1
213.02708027969507,4.348682787393203,2029,2,472.85564740383506,12.135330213675449,0,541,1,0,2,3817,250,200,1.783832553418862,19.89281851495838,0,0,0,2,7,0,0,0,0,0,0,1
98.39578264569865,2.863367317985711,1635,2,123.81923371020304,21.77084597738782,0,968,1,0,2,2041,252,102,1.5572885056530454,12.458308045224364,0,0,0,2,5,0,0,0,0,0,0,1
70.91955387664964,3.1040754106092474,0,3,188.34183669958276,22.836983575630107,0,5,1,0,4,3732,135,146,0.08150821218494553,14.122262318277418,0,0,0,4,3,0,0,0,0,0,0,1
37.499693670597196,3.38360005190105,1220,3,189.13199325286345,5.787991176821453,2,5,0,0,3,251,6,10,1.0,9.016003114063016,0,0,0,7,1,1,0,0,0,0,0,1
261.8935118561026,4.449114226808369,2180,4,398.2596185584523,10.420891752656924,0,110,1,1,3,1113,139,45,3.4386072164895385,10.66646288669877,0,0,0,6,8,0,0,0,0,0,0,1
166.43086063588368,3.9973092158614643,1001,1,415.9086738710454,18.771704637607108,1,1614,1,0,1,1136,153,26,2.7248265598740584,6.624132799370292,0,0,1,2,7,0,0,0,0,0,0,1
174.43269147232164,4.0033606758449105,3966,2,584.5527913892599,25.033606758449107,0,5,1,1,3,4684,435,128,0.40672135168982126,17.25377081351857,0,0,0,3,3,0,0,0,0,0,0,1
164.3852745944892,3.549705814126546,1613,4,194.12176975463558,12.50294185873454,0,1094,1,0,2,2018,266,115,1.9508825576203617,19.104118602228354,0,0,0,2,8,0,0,0,0,0,0,1
68.80916009226175,3.5958557857152575,0,2,385.20182214257534,13.207210714237128,0,1867,1,0,1,974,35,55,0.0,17.25404142874634,0,0,0,3,5,0,0,0,0,0,0,1
252.1888295436353,3.892128989028879,5615,5,737.6433429939127,2.921289890288786,0,3698,1,1,2,2870,265,144,2.8472260658267285,19.677975904232483,0,0,0,4,3,0,0,0,0,0,0,1
186.64717341934127,2.697410462688797,0,4,99.12717972683276,26.78751174118946,0,5,1,0,1,1576,105,56,1.3160697512586488,11.03884305966804,0,0,0,7,0,0,0,0,0,0,0,1
118.0888324987087,4.123853925842668,3705,5,357.447455901677,20.284382224719963,0,895,0,1,4,2138,59,102,2.529817407303335,18.352323424058557,0,0,0,5,1,0,0,0,1,0,0,1
132.95980610305804,4.053432560643026,1824,2,162.5840929022537,32.95423252475965,1,141,0,1,2,177,9,6,0.7442790655949556,12.90846504951929,0,0,0,1,1,1,0,0,1,0,0,1
239.42965176024967,4.564083610513439,593,1,527.9628351921712,20.409839431295666,0,2566,1,1,1,2864,245,64,3.6154983369193636,13.84649501075809,0,0,0,5,5,0,0,0,0,0,0,1
85.5540513519314,3.5265378664174443,2804,3,322.54702462866027,25.62785932274139,0,5,1,0,2,3949,205,100,1.1326893320872222,1.1326893320872222,0,0,0,5,3,1,0,0,0,0,0,1
133.43565532891262,3.9738030053755833,1282,6,661.7846524814918,15.65070673834111,1,5,1,1,1,3874,119,265,0.0,14.480278234780974,0,0,0,0,8,1,0,0,0,0,0,1
43.19419888867167,3.480836272073401,3346,1,193.06061459772232,15.748433250495644,0,5,0,0,2,2571,74,136,0.8383274558531973,17.22160201438517,0,0,0,2,6,0,0,0,0,0,0,1
146.15383615353417,3.910430569645769,3792,2,179.14469328904693,26.853972024959234,0,5,0,0,4,1550,126,102,1.014096169835568,12.072021270457887,0,0,0,9,2,0,0,0,0,0,0,1
148.70413313878754,3.330652603847466,455,2,315.2208305966984,25.557679634831892,1,142,1,1,2,4011,323,150,0.0,7.831534828956859,0,0,0,4,4,0,0,0,1,0,0,1
82.892175806073,3.866462925071022,74,4,20.0,12.003056123934673,2,1747,0,0,1,4295,589,294,0.6646292507102178,17.68602211825293,0,0,0,6,2,1,1,0,0,0,0,1
137.4667840338023,3.9287606821403163,76,5,292.22837631467195,19.0,0,1201,1,1,1,2845,80,74,0.915042728561265,8.915042728561264,0,0,0,6,5,0,1,0,0,0,0,1
171.67927058311048,4.3026892612864795,798,3,290.8386443228112,18.0,1,1433,1,1,2,4422,455,202,2.4932768467837993,14.460472463798142,0,0,0,3,0,0,0,0,0,0,0,1
72.72181323701786,3.651084106268544,0,5,312.9071954089389,21.570685426866987,1,1223,0,0,1,3240,221,49,0.0,2.75542053134272,0,1,0,2,1,1,0,0,0,0,0,1
35.105464331302684,2.8209784083371496,0,3,172.4662841939229,20.773909111009345,1,5,0,0,1,1331,92,22,1.4032613611238318,1.2097840833714955,0,0,0,2,5,0,0,0,0,0,0,1
307.13890856525774,3.120561124922323,185,2,391.661683374767,10.779438875077677,0,1037,0,0,1,3714,163,123,1.5588777501553535,2.8672946239902024,0,0,0,5,2,1,0,0,0,0,0,1
103.41838776165982,3.618399788667653,0,4,392.59358858805325,19.347198309341223,0,1473,1,0,2,1926,91,98,0.5816002113323473,14.560802747320515,0,0,0,0,6,0,0,0,0,0,0,1
110.39519635519176,4.020357828034224,722,4,342.76063891623534,23.389265158973274,0,2159,1,0,1,1263,163,30,0.20357828034224268,5.778530317946544,0,0,1,6,4,0,0,0,0,0,0,1
176.69764320516006,3.3957285562338395,1911,3,156.77884924159673,26.489952938092536,1,2600,0,0,2,569,64,34,1.4786427811691993,13.0,0,0,0,4,7,1,0,1,0,0,0,1
137.59402160238392,3.7303226653686985,936,3,360.48386673156506,26.129033317108732,0,2777,1,0,2,3859,256,200,1.8258066634217465,1.0451600194695219,1,0,0,1,0,0,0,0,0,0,0,1
155.97323042667006,4.123531669107813,4493,1,366.5187931535895,12.627511176208369,1,2471,0,0,2,2226,243,160,2.0,11.529366617843724,0,0,0,8,8,0,0,0,0,0,0,1
91.73332213628304,3.1822703126057172,0,3,115.24278684764944,17.93868638173872,0,1426,0,0,1,2078,250,73,1.8318147322938816,1.2477220984408224,0,0,0,5,6,0,0,0,0,0,0,1
64.91194573772435,3.1076282955866654,0,1,108.38616996432384,18.76758474365711,2,5,1,0,2,1377,159,99,3.5387358760571477,18.69367938028574,0,0,0,3,1,0,1,0,0,0,0,1
191.66766009264865,4.740135372744161,1729,4,258.57834036093413,2.1137055453821647,0,3561,0,0,2,223,8,15,2.508378552109873,30.06023709129512,0,0,1,5,7,0,0,0,0,0,0,1
141.43220899759825,3.4795034345379667,2416,6,379.7150310251742,17.81596352887255,0,1718,0,0,4,1230,133,13,2.206050895997258,9.646497013342474,0,0,0,3,6,0,0,0,0,0,0,1
72.65088617438437,3.9136330225432836,0,6,264.33488830620377,6.342350574464053,1,5,0,0,2,542,53,8,0.7677238880667803,12.8386194403339,0,0,0,1,1,0,0,0,0,0,1,1
175.8108298261207,3.8961240944855855,4673,6,533.1385881880619,15.93217165349775,1,1485,0,1,3,149,9,8,0.8297385050564144,12.029069291358107,0,0,0,1,7,0,0,0,0,0,0,1
132.26515046777,3.6850492149550673,66,1,101.49507850449325,27.409310990629056,1,1882,1,0,2,3240,144,98,0.9133989532734232,16.173202093453153,0,0,1,7,5,0,0,0,0,0,0,1
169.41036247426482,4.00559834712349,2959,4,477.8064999951443,24.19594214932215,0,5,0,0,1,1097,69,78,0.0,8.2239338849396,0,0,0,6,6,0,0,0,0,0,0,1
188.86609650531489,3.8647766487639683,588,4,146.8780195482556,3.9402918904503963,0,2216,1,0,2,2807,75,54,3.1761167561801584,5.35524108482897,0,0,0,3,3,0,0,1,0,0,0,1
133.27643335813696,4.5029394445756505,2379,4,395.4391501535114,1.5291000236171313,0,1290,0,1,2,1490,74,34,0.058788891513014585,16.382127794834595,0,0,0,6,2,0,0,1,0,0,0,1
89.07888668861038,3.9309561976236465,917,4,479.7471492784201,4.626908980905909,0,3673,0,0,3,1248,42,57,1.2089696603019695,12.604484830150986,0,0,0,2,6,0,0,0,0,0,0,1
113.56529196808573,3.8181433859316485,2065,4,449.21372816229757,23.300980583021257,0,216,0,0,2,1229,78,27,1.3938112864388286,10.911396844101088,1,0,0,4,5,0,0,0,0,0,0,1
65.11198636028917,3.962048791269722,0,2,88.51609817195092,10.184064956791051,0,1142,1,0,1,3205,158,66,0.40227643474413566,2.011382173720678,0,0,0,4,0,0,1,0,0,0,0,1
232.91334939522554,3.779295609460563,5816,4,501.9743604613799,10.277482959338053,0,1233,1,0,2,2581,109,52,3.7929560946056315,24.414087810788736,0,0,0,3,4,0,0,0,0,0,0,1
95.63419902833303,3.306994396700735,4057,2,363.5350317413183,18.205102727153193,0,35,1,0,2,1722,73,58,1.6550093388321085,11.17013074364952,0,0,0,0,1,0,0,0,0,0,0,1
55.45077766494093,3.9823723415116623,1,3,260.73253275558284,18.0,1,341,0,0,3,3526,61,75,0.02360005097798279,0.007866683659327633,0,0,0,6,8,0,0,0,0,0,0,1
67.56437665063144,3.4257817929129675,718,2,79.93236043564255,35.59374565669626,2,49,0,0,2,1891,209,131,0.851563585825935,11.991644969500435,0,1,0,2,2,0,0,0,0,0,0,1
188.444979457777,3.9,0,2,523.4228238046989,22.78886499134813,1,5,0,0,1,1387,148,45,0.0,5.591510296662315,0,0,0,5,2,1,1,0,0,0,0,1
178.63359551422803,5.0,4682,3,306.7377332265796,12.009987025718647,0,1658,0,1,2,3765,499,200,0.6161528481322037,12.919235759338981,0,0,0,5,5,0,0,0,0,0,0,1
82.40877227062491,3.2068374385959504,561,1,426.7864038599034,15.42305421045329,1,148,0,1,1,1971,85,84,0.931625614040497,13.974384210607456,0,0,0,6,6,1,0,0,0,0,0,1
103.9534400683279,4.0,647,3,603.5276166286794,21.0,1,2273,1,0,4,543,76,24,0.8359980637812094,8.67199612756242,0,0,0,2,5,0,0,0,0,0,0,1
153.38475945667753,2.8178960469796053,1129,2,79.60821667118162,10.707376281877629,0,1102,1,1,3,4756,280,130,1.9431683758368394,3.1221288456328886,0,0,0,6,1,0,0,0,0,0,0,1
187.7196810724435,4.488000103517715,3158,2,324.8160084884526,14.895999171858282,0,1470,1,0,2,1089,107,60,1.552000414070859,2.4639977226102765,0,0,0,6,4,0,0,0,0,0,0,1
202.52092985319263,3.3,1326,5,356.1362778029711,2.78406945074277,1,1512,0,0,3,3634,337,55,1.5946898169142565,2.3787592676570264,0,0,1,6,3,1,0,0,0,0,0,1
123.5986380331563,3.080556615098603,1698,2,380.88791410928565,38.82411998760611,1,682,1,1,2,2124,150,110,0.796289232675983,11.611132301972052,0,0,0,4,5,1,0,0,0,0,0,1
87.83684444424054,4.373491893354739,2115,2,390.2523248070638,9.204756800642164,0,680,1,1,2,3853,405,160,0.7349189335473878,16.409513601284328,0,0,0,6,7,1,0,0,0,0,0,1
105.77107103630242,3.8864243185944676,959,4,249.61556892769386,18.03442180497705,1,1383,0,0,3,593,51,35,2.3728486371889344,3.135756814055328,0,0,0,6,3,1,0,1,0,0,0,1
111.39150005644083,3.8899078358353556,0,3,421.3095625024221,19.92430876876517,0,691,0,0,1,1894,164,128,0.5126152052058052,10.487384794794195,0,0,0,5,4,0,0,0,0,0,0,1
139.82082863597918,2.978243644506776,0,1,168.91274819154472,28.08725180845527,3,5,0,0,1,4010,163,245,0.826062349295394,2.347875301409212,0,0,0,4,3,0,0,0,0,0,0,1
101.96652070771552,3.2036991792799294,427,1,486.77016224687674,33.170406565760565,0,10,1,0,1,2965,344,226,0.20739835855985833,2.622195075679575,0,0,0,6,5,0,0,0,0,0,0,1
174.91237051413282,4.518582694408413,0,2,686.081572837441,10.598070870190876,0,3228,0,0,2,213,27,12,1.5628346111831735,14.497323110534612,0,0,0,5,2,0,0,0,0,0,0,1
169.18123226315038,3.816872071064263,565,3,44.543134923495145,6.389573570214209,1,2278,0,0,2,2900,103,55,3.7078198223393435,0.7791471404284174,0,0,0,3,4,1,0,0,0,0,0,1
144.81183099557515,3.0430124794481928,0,3,453.86707880077074,15.0,0,1124,1,1,1,785,89,24,0.4050207990803215,15.10041598160643,0,0,0,7,3,0,0,0,0,0,0,1
43.104189698617475,3.7539859595193015,0,2,66.81438401934508,24.89377599747673,0,618,0,0,1,2121,80,101,0.40708160016821815,4.371673599327128,0,0,0,3,3,1,0,0,0,0,0,1
159.13290184087748,3.295561982724047,2503,4,311.17816978659437,6.46760630853449,0,2879,0,0,2,4644,257,291,1.7382446980305022,4.055904295404505,0,0,0,8,6,0,0,0,0,0,0,1
86.30122551378342,2.6711165930908476,32,1,20.0,26.24028941719137,2,5,0,0,1,2917,129,139,1.012136162975039,11.3131063950416,0,1,0,4,5,0,0,0,0,0,0,1
11.06911067178924,4.3,2079,2,191.668797223871,23.857353571591638,4,2024,0,0,1,1932,213,121,1.0952615079546262,7.428430952272242,0,0,0,3,7,0,0,0,0,0,0,1
59.77085813307663,3.165212324553044,0,1,412.132056143026,10.73938377234781,1,746,1,0,4,2262,235,96,0.6521232455304379,7.260616227652189,0,0,0,2,3,0,0,0,0,0,0,1
142.02167936276203,4.168785194330355,3939,4,263.4650117049158,18.872888340178683,0,941,1,0,4,930,20,41,0.6878519433035529,11.872888340178683,0,0,0,4,3,0,0,1,0,0,0,1
86.83786295398826,4.419713783841133,484,4,426.4801405244827,4.197137838411333,1,2012,0,0,2,4666,400,234,0.0,14.786310492331378,0,0,0,3,5,0,0,0,1,0,0,1
101.885981318354,3.327812371469565,0,1,27.72187628530435,29.29583504707247,0,836,0,1,1,2054,168,30,1.1420137460772941,0.710068730386471,0,0,0,2,6,0,0,0,0,0,0,1
23.47280850875371,4.000903040412955,625,5,118.22338524485868,25.954847979352248,0,2541,1,0,1,4888,361,337,1.9909695958704496,5.027091212388651,0,0,0,3,3,0,0,0,0,0,0,1
99.9595453218805,3.863736430918862,396,1,113.43033223168257,18.353650533362423,1,980,1,1,1,4060,67,241,1.5884126333406055,7.649364233427871,0,0,0,2,4,1,0,0,0,0,0,1
169.1697952174422,3.5993569900500537,810,3,466.1421769156383,6.6180042785984945,0,3676,1,1,3,3880,374,165,1.1974279602002151,17.987139801001078,0,0,0,5,2,1,0,0,0,0,0,1
166.16549201280645,3.9,0,1,192.20251338488387,31.173278210748496,0,429,1,0,1,1696,51,45,0.793319552687124,9.0,0,0,0,5,5,0,0,0,0,0,0,1
82.03542593930563,3.957783285734998,1982,4,232.21337356600878,25.0,0,2965,1,0,1,3495,426,262,1.0,11.237027857108336,1,0,0,1,7,0,0,0,0,0,0,1
57.45306427167661,3.7061303846953795,0,2,76.55644322103382,28.837171158245877,1,715,0,0,2,3114,237,141,0.0,3.816088459138613,0,0,0,4,0,0,0,0,0,0,0,1
97.57194328498255,3.4883709669660754,1379,5,195.44112852794893,10.511774294410216,1,2403,1,0,2,3421,168,60,0.1162903303392474,15.72080636626828,0,0,0,3,7,0,0,0,0,0,0,1
243.98622871016278,4.065214624269714,1269,5,741.2677792861487,10.630365606742863,0,1369,1,1,2,2582,187,84,0.5579756262171425,7.557975626217143,1,0,0,3,1,0,0,1,0,0,0,1
79.57754370075754,3.802199573309745,686,3,313.2209106975019,6.3528850960866246,0,786,1,1,1,4929,614,183,0.0,5.639782992880891,0,0,0,3,0,0,0,0,0,0,0,1
243.8089823724619,4.234633272149421,1157,2,697.111746370036,9.077996328965256,0,1263,0,1,3,2408,226,31,2.756112130842985,13.614669114023163,1,0,0,5,3,0,0,0,0,0,0,1
267.7479091919573,4.3,5052,7,608.5474706933317,16.387808029187227,0,1424,1,1,3,289,22,19,2.4441454526080273,14.620363175190857,0,0,0,4,7,0,1,0,0,0,0,1
57.05885880817365,3.487453940946851,1224,4,190.20664450138455,4.603322250692269,2,26,0,1,3,242,5,7,1.1457565682447517,10.0,0,0,0,7,2,1,0,0,0,0,0,1
181.19428626608885,4.210459388340994,20,3,523.708314972985,18.955095483076363,0,1148,0,0,3,2127,59,94,1.651698494358787,12.101132329572525,0,0,0,3,1,0,0,0,0,0,0,1
124.76512172852934,3.476365311333116,2891,1,426.3079351801499,11.472693773337678,1,1394,0,1,1,3065,245,154,0.41211562888961306,3.763653113331161,0,0,0,3,6,0,0,0,0,0,0,1
113.25718185719165,3.7514166451485664,3852,4,701.2539211639496,11.21751589881632,0,88,1,0,2,1834,87,67,0.9485833548514337,1.9485833548514337,0,0,0,0,0,0,0,0,0,0,0,1
124.88362027517854,3.5,124,1,274.373610896229,22.21208326886871,0,5,1,0,1,1971,245,114,2.0101332199770194,18.75758334622626,0,0,0,2,3,0,0,0,0,0,0,1
22.635619215208497,4.084449551250253,1935,3,246.58738238117547,20.125994016670035,2,2072,0,0,1,2007,190,129,0.6407492520837544,12.311008974994946,0,0,0,5,5,0,0,0,0,0,0,1
13.376237665487116,3.1690378848836356,0,2,65.90238938061327,19.241282820155153,2,648,0,0,1,627,59,33,1.6206414100775763,0.0,0,0,0,2,7,1,0,0,0,0,0,1
78.17229866058817,3.0,0,2,262.22205386516646,24.577847369420468,1,1602,0,0,1,1629,73,34,0.6055381576448828,17.5606065717016,0,0,0,3,3,0,0,0,0,0,0,1
83.5694454228275,3.4783660265200007,2769,3,461.5592071332795,21.21633973479999,1,5,1,0,2,1800,131,104,2.0,21.567320530400018,1,0,0,4,4,0,0,0,0,0,0,1
73.95184134607804,4.746648807470031,2853,1,199.69702730094826,24.60321465539452,0,644,1,0,1,1613,105,26,0.4664880747003044,5.131368821703348,0,1,0,2,6,0,0,0,0,0,0,1
61.05205726215357,3.4345370989535087,0,3,43.13022503642688,11.054935382169589,0,192,0,0,1,2913,115,98,2.345370989535088,3.1271613193801175,0,0,0,4,7,1,0,0,0,0,0,1
77.01125243531267,2.7526927970561017,0,3,60.9514024184037,28.829987276541353,2,5,0,0,1,4043,186,291,1.4107711882244072,1.8838432176633892,0,0,0,1,3,0,0,0,0,0,0,1
146.68313091776506,3.189273729302517,2420,4,228.24862220903896,5.910055111638441,0,583,0,0,3,941,72,40,1.6608940604622433,13.785474586050341,0,0,0,0,5,0,0,0,1,0,0,1
162.55833005890216,4.0271567644651665,0,4,285.45988549391205,25.012755908831718,1,633,0,1,2,3684,306,164,0.0,10.172541157213297,0,0,0,5,4,0,0,0,0,0,0,1
112.00279761606859,3.676743900162455,1111,1,167.3490258927798,15.883719500812274,0,1033,0,0,3,2578,64,162,0.4418597504061371,10.162774259341154,0,0,0,6,8,1,0,0,0,0,0,1
210.24914749877732,3.815962335800885,132,2,259.49299414869466,20.46009416049779,1,1522,0,0,1,3420,125,142,0.920188320995575,11.993701098539141,0,0,0,3,3,0,0,0,0,0,0,1
210.49885348745613,3.8931624468121684,1593,4,764.7265606427237,4.444440957209056,0,2758,1,1,2,73,7,4,1.9316244681216836,19.692310106547577,0,0,0,2,1,0,0,0,0,0,0,1
5.064006764482053,2.398669298035716,0,3,20.0,19.172991255356898,0,5,0,0,1,897,83,28,0.9866929803571616,3.9467719214286463,1,1,0,6,8,1,0,0,0,0,0,1
194.54996233713578,3.9385145957351866,1549,4,183.61039523768832,10.090503745003655,0,3127,1,0,3,3605,102,89,1.0,24.278408680585226,0,0,0,4,4,0,0,0,0,0,0,1
42.154294172744194,3.7,364,1,262.6132145254341,14.30660726271706,1,1488,1,0,1,942,70,30,0.7688690875723534,2.7708744218201034,0,0,0,7,4,1,0,0,0,0,0,1
125.74744171403638,3.1431334790343204,0,2,163.7430992537838,23.62036204689832,0,577,1,0,2,1903,146,144,0.05169683724152696,8.20618421919829,1,0,0,7,6,1,0,0,0,0,0,1
120.95914020718891,4.328000593367383,3219,2,400.15953717344144,25.359997033163086,0,23,0,0,2,3203,174,232,1.6400029668369136,16.719994066326173,0,0,0,2,6,0,0,0,0,0,0,1
74.14478903018785,3.544940235394536,3107,4,320.439044682284,14.67410353091804,1,5,0,1,3,398,37,14,0.44940235394536,12.20239058421856,0,0,1,6,0,0,0,0,0,0,0,1
185.20069427216228,4.6559916500218215,0,5,667.8608036853997,15.729003526320396,0,3306,1,0,2,301,29,19,1.720041749890894,18.099947812636383,0,0,0,5,1,0,0,0,0,0,0,1
77.38646092501311,4.179700025800917,2755,2,525.786110394419,24.05177714708869,0,1606,0,0,2,4014,131,215,0.17711116844648278,12.609255571378627,0,0,0,1,5,0,0,0,0,0,0,1
189.22626844097584,4.23801462572559,1943,2,430.7312431866752,9.549634356860235,0,532,0,1,2,721,17,32,1.8966910428759842,9.72316269986811,0,0,0,1,5,1,0,0,0,0,0,1
172.89860740423882,3.2893692402578933,0,2,509.5971235769854,14.584670700442588,1,1017,1,0,1,609,50,18,0.41532929955741127,6.169341400885178,0,0,0,5,6,1,0,0,0,0,0,1
125.44965286809384,3.3558960670667024,101,4,182.02731451040984,28.505662926932764,2,5,1,0,1,2525,272,75,0.6882078658665954,0.0,0,0,0,8,2,1,0,0,0,0,0,1
134.14875287522946,3.3205242023071198,0,2,154.38448557243856,20.768547861572813,1,314,0,1,2,3785,133,222,0.0,10.410484046142397,0,0,0,7,5,0,0,0,0,0,1,1
106.45636954332704,3.6160823347263413,4882,2,515.2267587860609,21.24123502089512,0,2037,1,1,2,4386,144,118,2.080411673631707,10.798970815920732,0,0,0,5,2,0,0,0,0,0,0,1
155.87136879929193,3.862806452803403,0,3,342.1767051094696,10.743870943931936,0,1659,0,0,3,801,77,48,3.0579032079489523,12.545645095812825,0,1,0,7,1,1,0,0,1,0,0,1
105.87679961722141,3.6878341468701645,24,3,299.05346349922627,11.208557482225755,0,2017,0,1,4,851,46,43,0.9826202098145204,10.930480839258081,0,1,0,8,1,0,0,0,0,0,0,1
177.52517857417445,3.3231306570702785,2745,5,536.4149547434378,5.5238291989839,0,3211,0,0,1,3729,298,211,2.707477371718886,16.829909486875543,0,0,0,2,6,0,0,0,0,0,0,1
103.37828438449924,3.913451125964827,4670,5,646.1084068274058,23.38124820561797,0,1539,1,0,1,1498,19,70,2.026902251929654,11.29592477122619,0,0,0,2,5,0,0,0,0,0,0,1
29.09735913777709,3.3160224459390935,0,2,409.9725697258924,19.160224459390935,0,5,0,1,2,2254,90,76,0.0,2.320448918781872,0,0,0,6,3,1,0,0,0,0,0,1
182.04214832678872,3.7321817858257385,2898,6,283.8009690951598,5.76267373969248,0,2155,1,1,4,2930,254,130,0.5084491597949865,20.22042794071755,0,0,0,1,4,0,0,0,0,0,0,1
104.05487250629233,3.834788967354651,3193,4,449.13267848085536,19.73923944036544,1,5,0,1,3,367,21,14,1.9130798134551474,18.304429580274082,0,1,0,4,3,0,0,0,0,0,0,1
125.87118168715403,3.8916118606911763,57,3,577.9369511555066,14.510416274297391,0,2405,1,0,3,2842,170,159,1.7868319168620683,8.573465118790846,0,0,0,1,5,0,0,0,0,0,0,1
139.9117054791098,3.9806530067042205,140,3,336.3412071341769,18.806530067042203,1,1114,1,1,2,3855,103,228,1.0,4.209795100563308,0,0,0,4,5,0,0,0,0,0,0,1
187.32647104652654,4.786832639374016,2654,6,595.029660472266,14.491101858320214,0,2552,1,0,3,1361,169,81,1.1257415118066487,14.491101858320214,0,0,0,3,6,0,0,0,0,0,0,1
113.47448320186531,3.660185603854217,459,2,313.2747095003494,14.070997423265059,0,734,0,1,1,3590,293,195,0.8672853461807226,3.123434461108438,0,0,0,2,6,1,0,0,0,0,0,1
105.71467695408123,3.2430627086118182,1621,1,314.3258106645179,23.267898586975786,2,1258,0,0,2,979,91,49,1.7129152759212143,10.717711810196965,0,0,0,7,0,0,0,0,0,0,0,1
180.76509748615794,3.8060180208073158,1029,2,310.7362156304637,20.0,0,1836,0,0,3,1592,199,92,2.819459375780525,15.63891875156105,0,0,0,6,6,0,0,0,0,0,0,1
195.47840240248215,4.393159567336537,3025,3,701.0227907524755,15.66449459170671,0,734,1,0,2,2640,253,185,1.0,20.260584856778785,0,0,0,1,2,0,0,0,0,0,1,1
201.18292460926534,4.083761810533767,1419,4,544.8551966348579,23.188090526688395,2,2772,0,0,2,2936,229,69,0.6495275786492836,4.512854316013037,0,0,0,8,1,1,0,0,0,0,0,1
211.96726820442703,4.0,2179,4,311.6737299732938,11.623301832468798,0,2035,0,1,3,2670,310,179,4.4349527487031954,16.798065575984776,0,0,0,3,2,0,0,0,0,0,0,1
123.31945315637462,3.480751157538737,388,2,305.4992168266786,9.884193675903866,0,636,0,1,2,3677,250,258,0.26917052512912365,12.693271597934022,0,0,0,3,6,1,0,0,0,0,0,1
195.34952923352108,4.193698306875304,4277,1,597.3426543227391,25.156163844792175,1,3405,1,0,4,1855,189,43,1.7263559896683192,7.030129982298261,1,0,0,6,2,0,0,0,0,0,0,1
100.67283710610594,3.9469122586669654,989,1,717.3363663593136,5.691225866696573,0,323,1,0,1,4382,408,89,3.0617548266606853,12.481580599977569,0,0,0,3,5,0,0,0,0,0,0,1
58.63530225210508,3.9816734164101995,2817,4,477.20323987689574,8.293225337436809,0,303,1,0,1,2258,278,30,1.036653167179601,7.853387331281596,0,0,0,3,8,0,0,0,0,0,0,1
83.38585621859154,3.7255306524728433,365,1,159.04245219782746,25.787145673099023,1,134,0,0,1,795,49,44,0.25530652472843185,5.297758722555887,0,0,0,5,3,1,0,0,0,0,0,1
36.51556288643139,2.572204414591739,847,4,141.90007415906905,28.04530884665968,2,543,1,1,2,741,84,38,1.9848970511134403,13.95469115334032,0,0,0,4,3,0,0,0,0,0,0,1
72.58939778550267,3.1128212275596816,0,3,182.69217903925727,23.0,1,5,1,0,3,3729,135,149,0.0,13.97863128740053,0,0,0,4,3,0,0,0,0,0,0,1
153.12762287183753,4.326265819148373,1940,2,772.726090082753,18.988748274236684,0,2029,1,1,2,3526,461,132,0.6257032328602073,16.251406465720414,0,0,0,7,4,0,0,0,0,0,0,1
67.30913585952801,3.107006396344825,0,3,20.0,18.07006396344825,3,920,0,0,2,868,72,46,0.9824840091379378,18.75477612793113,0,0,1,3,6,1,0,0,0,0,0,1
195.92489994316634,3.5953178323378996,1742,4,428.120270766562,19.220736452111872,0,979,0,1,3,1591,50,55,3.5117054191552515,24.070232514931508,0,1,0,0,5,0,0,0,1,0,0,1
63.43654041982153,3.652210527792465,0,3,28.287017624256436,9.522105277924652,0,204,0,0,1,2955,160,133,2.661754382683411,3.8308771913417052,0,0,0,4,7,0,0,0,0,0,0,1
96.19520253914911,3.218765301573022,0,2,518.7078232808992,24.05226185168526,0,5,0,0,1,2979,115,69,1.8646088359550368,10.37530603146044,0,0,0,2,5,0,0,0,0,0,0,1
143.14052494440028,4.092592254190484,2120,3,571.1110705028581,6.4722095321431325,3,1667,1,0,1,4855,601,295,1.750780148932999,19.074077458095164,0,0,0,5,7,0,0,0,0,0,1,1
20.641956880099283,3.3017988371689158,674,1,671.233848831959,11.13109819076573,1,2837,0,0,1,4534,253,141,0.22621963815314605,2.2621963815314605,0,0,0,6,3,0,0,0,0,0,0,1
94.66992909761856,3.356857260187482,1037,2,93.0027973043841,20.249385911339566,1,80,0,0,1,1086,108,70,0.7955103716964032,5.633531314098566,0,0,0,3,0,0,0,0,0,0,0,1
12.213279406676165,4.018677796993504,1556,4,385.1295893308506,10.057188639084444,2,1851,1,0,2,4054,57,134,0.0,10.105455766928547,0,0,0,4,8,0,0,0,0,0,0,1
129.90345162031804,3.779878091490753,2558,2,311.3965018427214,14.396342744722583,0,935,0,1,2,1958,204,76,0.3993904574537639,11.988333333333333,0,0,0,2,6,0,0,0,0,0,0,1
10.560081489968383,3.2236498574647743,0,2,488.54466234083606,22.88175071267613,0,2271,1,1,1,3927,125,195,0.2364985746477406,7.11824928732387,1,0,0,4,0,0,0,0,0,0,0,1
45.56802116435568,3.878787218598314,2827,4,501.4113393496429,10.597416744321839,1,259,1,0,1,2172,263,39,1.1731611162881226,9.731611162881226,0,0,0,4,7,0,0,0,0,0,0,1
134.45899135535123,3.4998170898054557,4884,3,620.8984848420279,14.333943033981814,0,918,0,1,1,2019,104,71,2.3339430339818144,13.666056966018186,0,0,0,6,7,0,0,1,0,0,0,1
146.1754966815294,3.5234963787387974,0,1,119.78428413602742,20.187850975900282,3,1113,0,0,1,353,35,18,0.5771852367117482,1.7315557101352446,0,0,0,2,2,0,0,0,0,0,0,1
165.01638483538176,4.134857366724197,5230,3,190.0222728498457,20.485736672419705,1,259,1,0,1,471,47,15,1.302852665516059,13.67995298791862,0,0,0,6,2,0,0,0,0,0,0,1
233.838471236912,4.127429956194244,3700,5,776.4605671543616,12.68142510951439,0,2217,1,1,3,988,56,25,2.1592874452428052,17.883129529772532,0,0,0,6,8,0,0,0,0,0,0,1
100.22072358509713,4.202476961345271,3295,5,263.29977083730006,4.5554146957851325,0,871,0,1,1,1316,109,70,2.395046077309459,3.9504607730945915,0,0,0,7,3,0,0,0,0,0,0,1
226.17576954308464,4.572755378552753,2191,2,342.5054103714048,4.681888446381881,0,2466,1,1,3,3614,91,128,1.6818884463818806,19.045665339145643,0,0,0,1,7,1,0,0,0,0,0,1
18.22390752808782,3.320205199225119,1832,4,188.2054719793365,35.0616506856082,3,1562,0,0,1,2559,64,124,0.0,1.602735989668254,0,0,0,4,3,1,0,0,0,0,0,1
91.40892635119442,4.601332612528274,986,3,158.64685768000732,1.0,1,1319,0,0,2,1772,142,83,0.006663062641371509,21.973347749434513,0,0,1,8,8,1,0,0,0,0,0,1
203.07885015678957,3.599028894953771,0,1,196.88826337027967,31.563121828004885,0,1289,0,0,1,1511,135,42,0.24757223738442746,2.475722373844275,0,0,0,5,2,0,0,0,0,0,0,1
165.5806929060715,3.7547591523564745,0,2,20.0,17.17156068688922,1,884,0,0,1,2369,210,45,0.0,0.27144508586115224,0,0,0,1,7,0,0,0,0,0,0,1
182.78047986288598,3.471131440446936,1593,1,356.9426080268004,29.288685595530637,1,451,1,1,1,4679,197,299,1.0,10.309484764245106,0,1,0,5,3,1,0,0,0,0,0,1
163.7247091327418,4.032732889529725,2246,1,662.3561472937001,10.945960057675244,1,5,0,0,1,256,24,13,3.563561472937001,4.182192635314994,0,0,0,6,2,0,0,0,0,0,0,1
59.97521008777277,3.325255823895858,4474,1,329.8088394960473,12.80613977350059,1,138,1,0,2,4393,558,270,2.602046591166863,1.9515349433751474,0,1,0,5,5,0,0,0,0,0,0,1
98.39119875695224,4.246961827088843,0,1,417.8785110424024,15.060763458223139,0,1062,0,0,2,3537,302,218,1.5303817291115693,8.53038172911157,0,0,0,3,6,0,0,0,0,0,0,1
14.503959375283387,3.755404898528427,1590,1,20.0,14.297300676477153,2,16,1,0,1,3553,430,188,0.07432516911928821,0.0,0,0,0,8,4,0,0,0,0,0,0,1
104.25322595741021,3.5438172346411987,1527,4,558.3923681414523,19.010757542591804,0,121,1,1,2,4872,104,223,2.2473106143520494,6.741931843056149,0,0,0,0,4,0,0,0,0,0,0,1
86.16051396427687,3.870412694876533,2041,3,362.5803184858054,15.0,2,1324,0,0,5,3975,345,159,2.901375649588444,2.366984409877336,0,0,0,4,6,0,0,1,0,0,0,1
11.160391026365026,3.490102043137195,0,2,230.2608844749424,37.168367385619916,0,5,0,0,1,1338,54,56,1.8778911590413276,0.0,0,0,1,2,7,0,0,0,1,0,0,1
309.0538932444853,5.0,144,3,398.67115882683606,8.510847115580615,1,3685,0,0,1,1480,87,77,1.3656085664692028,12.828042832346014,0,0,0,6,6,0,0,0,0,0,0,1
169.33279827696768,4.026219874891886,619,2,783.8171674718903,22.29570813202742,2,1754,0,0,2,1441,181,34,2.0,8.13109937445943,0,0,0,5,2,0,0,0,0,0,0,1
159.9425888631702,4.362970576317208,3833,2,582.1613404516144,14.462248496731627,0,2237,0,0,3,3175,259,181,2.6243277481182736,18.116260725537558,0,0,0,3,0,0,0,0,0,0,0,1
66.93437890429925,3.2187477098241124,605,1,292.7023978691557,18.546960881595787,0,2388,0,1,1,1688,233,105,1.5937385491205616,12.593738549120562,0,0,0,3,2,0,0,0,0,0,0,1
119.2806049963691,4.029814931758878,1127,3,304.6045319813363,14.369432165317745,0,1162,1,1,1,875,64,37,1.0527760236168207,15.263880118084105,0,0,0,4,3,0,0,0,0,0,0,1
187.57820181935563,4.7343237544229835,1467,4,294.88577627414327,17.762152792754005,0,2492,0,0,3,3020,312,180,1.328381227885081,9.402662809608865,0,0,0,4,1,1,0,0,0,0,0,1
121.34393136139651,4.015104374164572,990,4,340.46368816018787,13.916660026733693,0,1448,0,0,3,601,53,29,2.630208748329144,1.8489562583542791,0,0,0,7,3,1,0,1,0,0,0,1
82.57060565943394,3.421966361099739,450,1,162.09081068119582,30.390168194501307,2,5,0,0,1,2797,168,82,0.6098318054986945,4.268822638490862,0,0,0,4,2,0,0,0,0,0,0,1
207.1653632823788,4.1,5684,6,345.3013555344735,1.8731221453030824,0,1155,1,0,3,2619,173,173,2.309683217954624,18.634389273484587,0,0,0,9,5,0,0,0,0,0,0,1
144.26850741628405,4.285874088730161,4130,5,743.8601280978842,9.511447665872687,0,3634,1,1,3,871,100,51,1.3804197042327977,9.815383253439226,0,0,0,4,2,0,0,0,0,0,0,1
126.2690745413307,4.129099832990886,0,2,496.9769771754211,22.612002226788185,0,2479,1,0,3,4294,259,214,1.806001113394093,6.581996659817721,0,0,0,5,1,0,0,0,0,0,0,1
142.55729773923719,3.5245688825189516,3214,3,597.842174300175,17.877319550320724,0,1968,0,1,2,571,36,30,1.2105435750437352,4.035145250145784,0,0,0,2,4,0,0,0,0,0,0,1
108.18028211030872,3.1634504892036213,0,4,521.5201291539934,17.63450489203621,0,1249,0,1,1,1462,69,73,1.5456868884954735,3.2741213309728403,0,0,0,8,7,0,0,0,0,0,0,1
193.83380396605804,4.6777677811004805,530,2,422.3370820873198,19.4444194527512,0,2666,1,0,1,2911,166,82,3.111161094497597,13.222322188995193,0,0,0,5,4,0,0,0,0,0,0,1
89.68850399053272,3.695599882886121,1238,3,287.0252275404625,12.396010540249122,2,1981,0,1,2,1382,156,56,1.985332942953736,0.10266939932384667,0,0,0,0,3,0,0,0,0,0,0,1
70.43389794037029,3.6348246830804603,351,3,419.73731876035106,23.56711073862072,0,60,0,0,2,753,27,44,0.587061707701151,0.0,0,1,0,3,7,1,0,0,0,0,0,1
113.10774074086514,4.049466684457184,4019,2,438.7715742949006,13.663111229714561,0,2320,0,0,3,3138,172,173,3.1684443851427195,20.810222993144645,0,0,0,3,1,0,0,0,0,0,0,1
169.60508258026394,3.864257596894719,1684,3,449.52478454591045,12.996063565260654,0,2231,1,0,2,1461,178,38,3.6425759689471895,1.4296961242112416,0,0,0,2,6,0,0,0,0,1,0,1
140.11016064400027,3.82780329837686,0,7,235.79672163961433,32.11213193507439,2,5,1,0,1,2358,78,51,0.481311344154268,5.79672163961433,0,0,0,7,7,0,0,0,0,0,0,1
111.05940151195047,3.5501335927392224,47,1,74.54853869525081,13.502226545653707,2,5,0,0,1,2856,213,121,1.999109381738517,8.0,1,0,0,3,4,0,0,0,0,0,0,1
169.86256256858132,4.02881816751013,3959,2,590.2552695222693,25.28818167510131,0,5,1,1,3,4709,419,127,0.4576363350202617,17.661090680162093,0,0,0,3,4,0,0,0,0,0,0,1
6.274658237574414,3.0194085761336034,0,1,20.0,30.17513551432185,2,214,0,0,1,2245,307,80,0.0970428806680177,6.290562558533489,0,0,1,7,2,0,0,0,0,0,0,1
120.6913570695961,4.3166008336470885,4269,4,659.4176723498163,20.916995831764556,2,1000,0,0,2,4644,593,113,2.1528326386274257,27.013175697843465,0,0,0,1,1,0,0,0,0,0,0,1
58.053741061497576,3.591423651595147,684,1,41.78392494832664,25.571182579757348,1,134,1,0,1,1733,219,72,0.2572904521455901,6.0,0,0,0,6,7,0,0,0,0,0,0,1
35.32093190278779,4.255870113504124,2748,4,402.1005260524702,6.813766288319586,0,1968,1,1,3,1555,84,77,2.108574641291476,6.0,0,0,0,4,7,0,0,1,0,0,0,1
44.65070690671472,4.034648994891961,0,1,156.9020779096228,20.069448495087897,1,667,0,0,1,737,39,44,0.8910816581532686,1.0891834184673144,0,0,0,4,7,1,1,0,0,0,0,1
114.01912183511661,3.685100814402981,2256,1,429.0858859835827,17.553024432089416,0,926,0,0,2,4556,253,207,1.1489918559701948,24.0,1,0,0,1,1,0,0,1,0,0,0,1
149.0468810136552,4.22662379726896,11,5,170.59215394957317,13.366881013655203,1,1095,1,0,5,923,85,25,1.0532475945379192,15.52662379726896,0,1,0,4,4,0,0,0,0,0,0,1
378.5054483036609,3.6968557270383986,3530,4,396.09432818884807,10.628159422737946,1,2591,1,1,2,2408,194,56,4.015721364808007,17.29323375322202,0,1,0,7,2,0,0,0,0,0,0,1
95.7810650146875,3.681356380032927,483,4,334.6631316747119,22.673736650576227,0,2418,1,1,3,958,35,69,1.5233045249588408,17.057214025782024,0,0,0,2,4,0,0,0,0,1,0,1
114.56792389172568,3.21549225905468,814,1,23.633808057089897,18.478885466543097,0,94,0,0,1,1228,98,92,1.1830959714550506,5.211269352363299,0,0,0,2,1,0,0,0,1,0,0,1
23.600180237590887,4.1944728145874075,0,2,160.86091920323287,22.05527185412592,2,1441,1,0,2,967,83,29,1.3517572847086399,8.2412135764568,0,1,0,6,2,0,0,0,0,0,0,1
222.01974574115917,3.525312428386418,5019,6,599.8375372390628,20.24062714840747,0,1755,0,1,3,1212,60,44,0.0,14.771869987049241,0,0,0,3,2,0,0,0,0,0,0,1
53.71851642746826,4.113803637160291,286,2,436.3550546669443,15.0,0,1344,1,1,3,1261,52,82,0.0,8.552145486411609,0,0,0,3,5,1,0,0,0,0,0,1
143.97648463941917,2.839382933757333,0,2,174.28965444833594,15.33974611976535,3,1959,0,1,1,1641,161,64,0.5212341324853343,5.739604808388317,0,0,0,3,3,0,0,0,0,0,0,1
180.0996758000676,4.1,807,2,288.6138669241817,15.691114444621755,2,1228,0,0,4,4466,419,236,3.0,14.691114444621755,0,0,0,4,3,0,0,0,0,0,0,1
117.53585487147299,3.7276551633847865,2793,3,536.2765516338478,29.308620915380335,0,1961,1,1,2,4899,510,105,0.5691379084619667,8.861724183076067,0,0,0,6,5,0,0,0,0,0,0,1
117.50358036216593,4.296714289840123,1697,1,453.06114353378007,8.929571391438898,1,514,0,1,4,2478,273,70,2.1032857101598776,0.5164285507993878,0,0,0,6,1,0,0,0,0,0,0,1
163.54523109542498,4.142768162033098,1977,3,418.5951567911738,18.50103810961385,1,1727,1,1,3,2942,314,145,2.8574394598896724,13.058368987311436,0,0,0,0,1,1,0,0,0,0,0,1
151.27726014137482,4.081864012013322,1163,3,240.19648384426335,7.7707794894337745,1,1272,0,0,1,776,87,27,0.09067993993338508,9.773300150166538,0,0,0,5,4,0,0,0,0,0,0,1
117.05424233706677,3.1524910697098427,44,2,490.348749759378,11.964079244294044,2,919,0,1,1,2403,149,90,0.6546930814313482,9.035920755705956,0,0,0,8,3,0,1,0,0,0,0,1
94.32405306019838,3.6140223526811615,185,3,422.08100022101263,18.479701964251177,0,1081,1,0,4,1846,34,47,0.0,7.900372544686027,0,0,0,2,4,0,0,0,0,0,0,1
102.5921208269788,3.916869539230165,1825,5,497.73992709105187,33.1138349370849,1,2262,0,0,1,3010,239,225,2.0,6.197154126572878,0,0,0,0,5,0,0,0,0,0,0,1
186.01503786873334,4.94791832294436,3148,4,395.78547218809365,13.875099376661598,0,2941,0,1,4,1593,122,47,2.9583664588872,21.208167705564,0,0,0,5,6,0,0,0,0,0,0,1
43.12960898040785,3.4027208384073493,0,1,80.40812576110243,20.827810926319856,1,585,0,0,3,1580,223,29,0.0,10.823253241325355,0,0,1,1,3,1,1,0,0,0,0,1
197.8320302092722,4.8336683922568575,2826,4,898.0824244951871,6.827637331633417,0,2529,1,0,4,2305,220,144,5.0,17.833738210374335,0,0,0,7,0,1,0,0,0,0,0,1
200.6554471628097,3.5234703514825947,1632,4,493.0191360429748,13.964386905672459,0,1636,1,0,4,174,12,10,0.6173517574129742,9.704110544477846,0,0,0,2,7,0,0,0,0,0,0,1
116.27312957845498,4.333840692792751,0,3,241.36935559330857,10.538305508364306,0,1409,0,0,2,1992,284,58,2.0461694491635694,6.815322203345723,0,0,0,1,5,0,0,0,0,0,0,1
57.96355124970201,3.7690672242276593,5120,1,360.56858428175997,17.010288103832824,0,1098,1,0,3,2251,228,102,2.3299039653890583,14.340192069221883,0,0,0,6,7,0,0,0,0,0,0,1
193.97613585404656,4.880329991617382,2970,5,52.14518404425769,7.7888176322659675,0,2126,1,1,4,3213,302,165,1.8592117548439784,15.492758858046075,0,0,0,6,6,0,0,0,0,0,0,1
110.1337411365119,3.572582149337328,0,5,287.51589695938367,27.048423626763682,1,5,0,1,2,2287,105,102,0.0,3.725821493373281,0,0,0,5,5,1,0,1,0,0,0,1
268.59041982991977,4.464745642610238,3678,5,740.6207754726622,11.838135893474405,0,2021,1,1,3,998,62,28,2.5809320532627975,14.926698086539016,0,0,0,5,6,0,0,0,0,0,0,1
152.8291533843826,3.373112098253517,3647,3,139.25894957070258,8.226548209577917,0,962,0,0,1,473,14,17,0.15018813689821015,16.550822663601814,0,0,0,7,0,1,0,0,0,0,0,1
74.15980382289706,3.251782742546193,66,4,474.258913712731,14.28236421409137,0,1272,1,1,2,1345,98,68,1.435271571817259,9.953098997279186,0,0,0,7,7,0,0,0,0,0,1,1
168.91462468716063,3.4598672895258185,2672,3,552.9962082721662,12.201611484329344,0,2120,0,1,4,3453,230,89,2.0,6.798388515670656,0,0,0,3,3,0,0,0,0,0,0,1
136.13392983588437,2.8860351431975473,0,2,447.9293609784786,30.627603818601262,1,1826,0,1,1,3737,73,202,0.04654952267484225,8.79052714796321,1,0,0,0,7,0,0,0,0,0,0,1
146.15070111387126,3.81158700779783,1952,2,287.53155506858957,29.762218109169623,0,1380,0,1,1,549,57,36,4.115870077978301,6.585392124765282,0,0,0,1,7,0,0,1,0,0,0,1
172.9913949867335,3.9179848324128947,5520,3,408.2172266116085,2.432556878451645,0,1945,1,1,3,782,64,47,2.567443121548355,13.432556878451646,0,0,0,3,6,1,0,0,0,0,0,1
78.18481501006893,4.067201768796752,1173,1,375.781992224901,9.739335925032996,1,2290,0,1,1,3015,355,176,1.876777345827834,5.985781233377328,0,0,0,0,2,0,0,0,0,0,0,1
19.520942712047955,3.5124673653755285,727,2,257.398009757321,15.610068485770016,0,747,0,1,2,4158,430,212,0.0,12.984089447035876,0,0,0,7,4,1,0,0,0,0,0,1
192.93621295083557,4.235583179649411,1052,1,334.7049461716251,22.244171677434213,0,1654,1,0,1,1072,124,25,2.734852964940097,9.20131342745587,0,0,0,2,6,0,0,0,0,0,0,1
176.89781983008885,3.5815414870462967,1861,3,376.7648437828698,19.661266165833297,0,1894,0,0,4,4015,328,186,2.6308297409259342,21.15414870462967,0,0,0,7,7,1,0,1,0,0,0,1
94.45496847708485,3.9818886843118757,1134,1,344.24030590711703,25.9527828922031,0,16,0,1,3,2058,196,142,0.8858348676609302,19.68499079403442,0,0,0,5,5,1,0,0,0,0,0,1
34.33823527042563,4.158681451629567,2498,2,404.62858871184375,11.305483869634603,0,867,1,1,4,904,32,61,3.0,12.239556451112977,0,0,0,6,5,0,0,1,0,0,0,1
163.4975102931324,3.688862932071554,632,2,192.73156933194915,24.778426698211145,1,2971,1,0,1,3640,437,73,0.37045689309481933,1.0,0,0,0,2,3,0,0,0,0,0,0,1
69.80250326039095,4.034201991337102,0,1,235.64984350565007,21.822475108286227,0,5,0,1,1,4067,339,114,0.0,10.424267424199641,0,0,0,4,4,0,0,0,0,0,0,1
196.2356932006482,3.8150945149607276,0,1,44.198063236192624,23.575472574803637,2,5,1,0,1,3734,88,114,0.9643276146352393,10.698109700785448,0,0,0,7,5,0,0,0,0,0,0,1
149.74050706335066,3.847776622447405,0,1,28.007584558064593,29.216649336711072,2,932,0,0,2,249,33,17,2.0,1.043452096488381,0,0,0,8,8,1,0,0,0,0,0,1
177.7472925359987,4.944724593051284,3867,4,565.5558571631618,23.36850271299144,0,1114,0,0,2,2389,214,85,3.631497287008562,7.184251356495719,0,0,0,5,6,0,0,0,0,0,0,1
68.94254452182192,4.462649031696161,146,1,38.30197446888099,14.49403873215355,2,338,0,0,2,2925,278,101,1.0,10.517883803539348,1,0,0,5,3,0,0,0,0,0,0,1
46.01463980239949,3.3894003223384876,0,1,45.27196131938149,24.41701772861682,1,620,1,0,1,4552,573,50,0.0,0.0,0,0,0,3,3,0,0,0,0,1,0,1
157.24825788513002,3.980708634618751,2833,2,646.8662174561869,13.969227758500603,0,2337,1,0,1,1028,119,56,0.22460868882243834,12.876956555887809,0,0,0,5,1,0,0,0,0,0,0,1
100.88069809635839,4.596640780701523,733,1,20.219641261823504,40.94831970310035,1,759,0,0,2,1539,114,30,3.9896639406200705,3.0361762078297536,0,0,0,4,4,1,0,0,1,0,0,1
165.36708766549242,4.7448059176826805,0,5,182.6862274772909,31.18992602896649,0,2460,0,0,2,1617,147,118,2.5519408231731906,17.74186685213968,0,0,0,5,3,1,0,0,0,0,0,1
67.0115596603519,3.1878598637330144,0,1,581.9330543505599,29.757977895673438,1,2124,1,0,1,4098,118,107,1.9392993186650735,7.9696496593325366,1,0,0,4,5,0,0,0,0,0,0,1
222.15145310274207,3.8122462829477763,1400,3,193.7836592791938,23.716001398600913,0,1560,1,0,3,4105,497,81,2.3741542764925887,13.37415427649259,0,0,0,5,2,0,0,0,0,0,0,1
165.23775704460414,3.3,0,3,379.9247294167427,20.7624631022831,0,5,1,0,1,4667,461,140,1.2062561496194837,15.906157755707746,0,0,0,6,6,0,0,0,0,0,0,1
145.99241942185466,4.0052482787920045,1256,2,185.5311138362522,17.12036451946284,2,2847,0,0,1,2079,248,141,0.6466059134228601,13.578724181880062,0,0,0,3,3,0,0,0,0,0,0,1
88.7932365770457,3.6873867214136884,1532,5,616.0379137588395,29.951359343035737,0,455,1,0,1,500,20,28,1.382843930804981,3.4468281995832806,0,0,0,5,0,0,0,0,1,0,0,1
29.5974703529607,3.1196137404447,0,2,429.1717587804102,25.506094656009203,0,1367,1,0,1,1321,67,73,1.3607725191105997,6.6392274808894,0,0,0,5,7,0,0,0,0,0,0,1
74.57243684769999,3.790589110478776,1641,1,124.39866096747267,13.25861348509375,1,486,0,1,2,1703,211,93,0.15769962011993877,0.5646533712734376,0,0,0,0,5,0,0,0,0,0,0,1
81.89190533807806,3.792950230226511,2317,2,131.0389032594797,12.380331798489927,0,2116,1,0,1,3374,348,48,0.0,2.757979618482789,0,0,0,5,2,0,0,0,0,0,0,1
130.66172546965024,3.789645940555702,4565,2,116.20975842773235,14.783185289683587,0,5,0,0,3,3273,263,193,0.0,11.970799435708635,0,1,0,5,3,0,0,0,0,0,0,1
104.76481647626683,4.00938820756837,4164,4,191.9460055060581,17.0,0,5,1,0,1,3208,82,73,0.7443550021907277,5.954840017525822,0,0,0,7,1,0,1,0,0,0,0,1
187.08916691952663,3.784053784180668,122,5,462.8671632926682,17.052608457799714,0,2087,0,0,2,323,40,19,2.39587899633041,7.645331040365491,0,0,0,0,2,0,0,1,0,0,0,1
92.41997639453228,3.4731958067585635,1374,5,185.57727439306626,12.484545121386752,1,2393,1,0,2,3457,163,69,0.26804193241436547,14.05153874344198,0,0,0,3,7,0,0,0,0,0,0,1
165.2473340362395,3.6958219825969394,2586,2,615.8719353011737,14.744128695736146,1,1030,1,0,1,1516,57,116,0.14882573914722919,3.422992000386273,0,0,0,4,2,0,1,0,0,0,0,1
87.27450617152027,4.168569867812246,2130,2,326.5720528751017,29.04282202577553,3,2095,0,0,1,1391,26,68,2.0,3.642876652346928,0,0,0,5,9,0,0,0,0,0,0,1
219.6711459107746,3.9333290169620905,4130,1,516.9054771891392,19.381069539600393,0,42,1,0,4,4456,559,169,0.38094004846311647,13.047649878842208,0,0,0,1,2,1,0,0,0,0,0,1
60.04314245345995,3.193337545919838,588,1,284.63467082954844,19.49984202800609,0,2381,0,1,1,1674,233,103,1.466687729599188,12.466687729599188,0,0,0,3,2,0,0,0,0,0,0,1
5.0,2.9898223807741746,0,5,54.28164601333138,21.952072224301297,2,910,0,1,1,3192,375,138,1.1497039679569578,6.896477261448915,0,0,0,7,0,0,1,0,0,0,0,1
35.30461941057223,3.7847889625826605,1609,1,457.65754736599877,15.304220748346792,0,2571,1,0,2,211,25,6,0.423944812913302,9.728165561260095,0,0,0,5,2,0,0,0,0,0,0,1
139.1835485161095,4.423508099585718,1794,2,604.1384915191172,19.835805609942753,0,2428,1,1,4,4125,435,201,0.30596760165712533,10.154312534400248,0,0,0,6,1,1,1,0,0,0,0,1
198.0829031301213,4.170570675440596,5025,2,323.88486985351466,13.236230643168243,0,3539,1,0,3,1705,40,46,2.52952883039603,1.1761779240099242,0,0,0,4,3,0,0,0,0,0,0,1
244.76752058021668,4.095407699720842,3891,3,587.9264362413531,5.837393887911055,1,2080,1,0,5,4319,450,97,2.0,12.169634745114736,0,0,0,6,0,0,0,0,0,0,0,1
21.735646663758317,3.2581324103100453,494,1,369.8070926976306,16.310243759432275,0,76,0,0,1,883,62,33,0.0,0.9457839312663643,0,1,0,8,3,1,1,0,0,0,0,1
59.943904457105354,3.5606074305527984,1947,4,69.78830347136747,20.252493287101373,1,1095,0,1,1,734,51,51,1.6060743055279825,0.5353581018426609,0,0,0,1,2,0,0,0,0,0,0,1
110.44786840617468,3.9,1943,3,117.0019646462707,13.178445965227771,1,993,1,1,1,3686,393,38,0.0,8.0,0,0,0,4,8,0,0,0,0,0,0,1
102.70151948924877,3.1687728213951205,0,1,385.07048748829214,21.750912855804817,3,1294,1,0,1,4451,223,303,0.0,11.988333333333333,0,0,0,7,4,0,0,0,0,0,0,1
186.76141084556554,3.323024616842787,0,2,103.34911297088891,17.16483046301473,0,1428,1,0,1,4164,70,74,2.46049233685574,11.227559963129545,0,0,0,3,4,0,0,0,0,0,0,1
172.76083737956472,2.8030930822592133,1141,2,134.90732344879834,9.175255341926295,0,1022,1,0,2,4882,300,149,1.0,1.6185584935552793,0,0,0,6,2,0,0,0,0,0,0,1
82.92365925441501,4.2637960793315965,2144,2,358.355135157379,24.39717665963537,2,1865,1,0,1,1485,99,73,2.72407841336806,1.63796079331597,0,0,0,6,5,0,0,0,0,0,0,1
12.3674287504791,2.451376769529143,0,1,119.57756441547421,19.908328495851443,1,5,0,0,1,3777,408,192,0.0,7.431161523542852,1,0,0,6,3,0,0,1,0,0,0,1
89.90496039198302,3.9264030972040835,1642,4,341.28061944081674,13.79209291612251,0,1494,0,0,2,3705,157,99,1.8960464580612553,9.952170346224603,0,0,1,5,2,0,0,0,0,1,0,1
5.0,2.129227307054277,0,2,20.0,43.29854463069735,2,5,0,0,1,1299,131,69,0.0,0.058454614108553904,0,0,0,6,2,0,0,0,0,0,0,1
150.1372084311026,3.82835487870542,1861,4,79.27150700700722,20.55951832879812,0,3119,1,1,4,4227,584,128,0.2835487870542037,7.724030458256083,0,0,0,8,7,0,0,0,0,0,0,1
186.1216804394629,4.162729872999937,0,4,293.0137309779758,20.960114411997242,2,2092,0,0,1,867,78,28,0.0,13.783735173997618,0,0,0,5,2,0,0,0,1,0,0,1
84.4252179223295,3.282067158173016,8,2,479.27220777542175,12.0,0,5,0,0,3,4181,560,208,2.0,9.611812332417234,1,1,0,4,4,0,0,0,0,0,0,1
197.73009581248422,3.9972476264737873,428,3,464.6728217827569,20.813459921398014,0,3176,0,0,3,1017,128,32,3.703364980349504,11.703364980349503,0,0,0,8,3,0,0,0,0,0,0,1
46.58445993891169,2.790098123254331,15,2,127.80769743863777,9.541735734236216,1,5,0,0,1,3931,372,125,0.0,8.885433933559055,0,0,0,6,3,0,0,0,0,0,0,1
121.63986376528831,3.41205364020406,1591,5,502.6275643825031,10.421554452187108,1,3455,1,0,2,2714,331,130,2.0,15.325254512536626,0,0,0,1,3,0,0,0,0,0,0,1
218.87916744101233,4.307161795979033,2039,3,484.0663150856612,11.898067405594473,0,533,1,0,2,3818,254,188,1.7245168513986182,18.765820176573744,0,0,0,2,7,0,0,0,0,0,0,1
42.41532215716133,3.687343126587534,1245,1,20.094926550593495,35.81014689881301,0,5,0,0,2,1515,201,43,2.952536724703253,2.0632843670623298,0,0,0,3,3,0,0,0,0,0,0,1
112.07409130538034,3.968218004894844,2719,3,395.7225985904514,4.751990269216426,0,728,1,0,2,2774,304,82,2.317819951051559,3.4109002447422054,0,0,0,5,4,0,0,0,0,0,0,1
100.45633358857484,3.05438788286423,28,1,142.80605856788492,33.91801997102696,2,1905,0,0,3,3350,108,164,0.0,16.368363514073096,1,0,0,6,3,0,0,0,0,0,0,1
173.18980474476135,4.080965823064012,2854,4,301.46963732438144,8.238632922560466,1,1209,1,0,2,2252,149,159,3.6032194102133723,10.809658230640117,0,0,0,5,4,0,0,0,0,0,0,1
227.62384052521446,3.0372271327554206,86,1,510.67292084854466,9.360589929287944,1,1864,1,0,2,4327,276,282,0.3372271327554204,11.744542655108408,0,0,0,2,2,1,0,0,0,0,0,1
144.7770076759125,3.4228177699714237,734,1,138.62374779518728,32.85027686903294,0,1046,0,0,3,1381,99,24,1.2834256230109782,9.338673546307717,0,0,0,7,4,0,0,0,0,0,0,1
176.7764155253971,3.8227377272550616,1988,1,424.93020905522474,14.726227274493827,0,308,0,1,2,3474,185,54,1.0,12.819018180404939,0,0,0,7,3,1,0,0,1,0,0,1
127.27428995086056,3.5,122,1,273.7552276381633,22.026568291449,0,5,1,0,1,1970,243,114,2.026511542269217,18.7946863417102,0,0,0,2,3,0,0,0,0,0,0,1
159.7068791435175,3.8645289837525714,2943,3,191.96594227463996,13.773550812371415,0,1736,0,0,3,3249,300,113,1.3547101624742832,14.354710162474284,0,0,0,9,2,0,0,0,0,0,0,1
